session,equity,exposure,n_held
2017-02-01,np.float64(99734.94556526691),np.float64(1.0),1
2017-02-02,np.float64(99787.51834570985),np.float64(1.0),1
2017-02-03,np.float64(100479.72662154169),np.float64(1.0),1
2017-02-06,np.float64(100313.2461501391),np.float64(1.0),1
2017-02-07,np.float64(100308.8650851022),np.float64(1.0),1
2017-02-08,np.float64(100431.53490613568),np.float64(1.0),1
2017-02-09,np.float64(101014.21655604478),np.float64(1.0),1
2017-02-10,np.float64(101417.27453944054),np.float64(1.0),1
2017-02-13,np.float64(101938.75271078399),np.float64(1.0),1
2017-02-14,np.float64(102389.73954568355),np.float64(1.0),1
2017-02-15,np.float64(102906.83665199009),np.float64(1.0),1
2017-02-16,np.float64(102841.12067643645),np.float64(1.0),1
2017-02-17,np.float64(102972.55262754376),np.float64(1.0),1
2017-02-21,np.float64(103585.90173271122),np.float64(1.0),1
2017-02-22,np.float64(103520.18575715757),np.float64(1.0),1
2017-02-23,np.float64(103585.90173271122),np.float64(1.0),1
2017-02-24,np.float64(103730.47687892927),np.float64(1.0),1
2017-02-27,np.float64(103870.67096011041),np.float64(1.0),1
2017-02-28,np.float64(103612.18812293268),np.float64(1.0),1
2017-03-01,np.float64(105032.00368009464),np.float64(1.0),1
2017-03-02,np.float64(104400.77982957658),np.float64(1.0),1
2017-03-03,np.float64(104457.73367505641),np.float64(1.0),1
2017-03-06,np.float64(104176.99502749118),np.float64(1.0),1
2017-03-07,np.float64(103831.24137477821),np.float64(1.0),1
2017-03-08,np.float64(103651.61770826488),np.float64(1.0),1
2017-03-09,np.float64(103756.76326915073),np.float64(1.0),1
2017-03-10,np.float64(104120.3916672143),np.float64(1.0),1
2017-03-13,np.float64(104181.72657773105),np.float64(1.0),1
2017-03-14,np.float64(103804.95498455674),np.float64(1.0),1
2017-03-15,np.float64(104654.88160171738),np.float64(1.0),1
2017-03-16,np.float64(104484.02006527787),np.float64(1.0),1
2017-03-17,np.float64(104328.01822523055),np.float64(0.9956616091958811),1
2017-03-20,np.float64(104169.94939869882),np.float64(0.9956550260656463),1
2017-03-21,np.float64(102864.3920176995),np.float64(0.9955998795501323),1
2017-03-22,np.float64(103079.06420450812),np.float64(0.9956090432293574),1
2017-03-23,np.float64(102943.2511883639),np.float64(0.995603250240736),1
2017-03-24,np.float64(102916.96479814242),np.float64(0.9956021272511483),1
2017-03-27,np.float64(102783.34231451666),np.float64(0.9955964098394924),1
2017-03-28,np.float64(103521.55177323607),np.float64(0.9956278117249272),1
2017-03-29,np.float64(103652.98372434339),np.float64(0.9956333556582994),1
2017-03-30,np.float64(103963.68885676109),np.float64(0.9956464057801576),1
2017-03-31,np.float64(103705.55650478632),np.float64(0.9956355692970087),1
2017-04-03,np.float64(103569.7434886421),np.float64(0.9956298461342629),1
2017-04-04,np.float64(103635.45946419575),np.float64(0.995632617279642),1
2017-04-05,np.float64(103302.49852139055),np.float64(0.9956185404868347),1
2017-04-06,np.float64(103569.7434886421),np.float64(0.9956298461342629),1
2017-04-07,np.float64(103482.12218790388),np.float64(0.9956261457988036),1
2017-04-10,np.float64(103534.6949683468),np.float64(0.9956283667516608),1
2017-04-11,np.float64(103420.78727738713),np.float64(0.9956235518332855),1
2017-04-12,np.float64(103031.22297430506),np.float64(0.995607004344759),1
2017-04-13,np.float64(102338.66421327025),np.float64(0.9955772755257285),1
2017-04-17,np.float64(103219.25828568925),np.float64(0.9956150070985054),1
2017-04-18,np.float64(102908.20266806861),np.float64(0.9956017527937961),1
2017-04-19,np.float64(102746.10326170293),np.float64(0.9955948138127687),1
2017-04-20,np.float64(103539.07603338372),np.float64(0.9956285517292587),1
2017-04-21,np.float64(103228.02041576308),np.float64(0.9956153793024672),1
2017-04-24,np.float64(104353.95413024907),np.float64(0.9956626874501051),1
2017-04-25,np.float64(104949.7789752689),np.float64(0.9956873114045629),1
2017-04-26,np.float64(104914.7304549736),np.float64(0.9956858706788124),1
2017-04-27,np.float64(104984.87130621454),np.float64(0.9956887529674622),1
2017-04-28,np.float64(104774.53637379248),np.float64(0.9956800981369601),1
2017-05-01,np.float64(104997.9706906749),np.float64(0.9956892908319752),1
2017-05-02,np.float64(105054.92453615474),np.float64(0.9956916278139392),1
2017-05-03,np.float64(104949.7789752689),np.float64(0.9956873114045629),1
2017-05-04,np.float64(105046.16240608093),np.float64(0.9956912684431956),1
2017-05-05,np.float64(105457.98251955051),np.float64(0.9957080943133311),1
2017-05-08,np.float64(105453.60145451358),np.float64(0.9957079160063061),1
2017-05-09,np.float64(105352.83695866466),np.float64(0.9957038108517393),1
2017-05-10,np.float64(105536.8416902149),np.float64(0.9957113013083254),1
2017-05-11,np.float64(105361.24860353553),np.float64(0.995704153843284),1
2017-05-12,np.float64(105181.97542222515),np.float64(0.9956968319613376),1
2017-05-15,np.float64(105698.80966462947),np.float64(0.9957178731121344),1
2017-05-16,np.float64(105637.60618606383),np.float64(0.9957153921674154),1
2017-05-17,np.float64(103814.73264550613),np.float64(0.9956401591243719),1
2017-05-18,np.float64(104178.71152877265),np.float64(0.9956553915071672),1
2017-05-19,np.float64(104840.25234934613),np.float64(0.9956828059381992),1
2017-05-22,np.float64(105387.88547895994),np.float64(0.9957052396219616),1
2017-05-23,np.float64(105611.31979584237),np.float64(0.9957143257393692),1
2017-05-24,np.float64(105843.51624279862),np.float64(0.9957237275277022),1
2017-05-25,np.float64(106360.48191715406),np.float64(0.995744512372247),1
2017-05-26,np.float64(106356.10085211715),np.float64(0.9957443370784189),1
2017-05-30,np.float64(106268.47955137894),np.float64(0.99574082816663),1
2017-05-31,np.float64(106220.28783597292),np.float64(0.9957388957975785),1
2017-06-01,np.float64(107043.9280629121),np.float64(0.9957716824945524),1
2017-06-02,np.float64(107411.93752601257),np.float64(0.9957861693466736),1
2017-06-05,np.float64(107337.4594203851),np.float64(0.9957832455013899),1
2017-06-06,np.float64(107022.02273772754),np.float64(0.9957708170402508),1
2017-06-07,np.float64(107205.67698407483),np.float64(0.9957780620615126),1
2017-06-08,np.float64(107232.31385949923),np.float64(0.9957791108054115),1
2017-06-09,np.float64(107140.66197892708),np.float64(0.9957755001087326),1
2017-06-12,np.float64(107065.83338809664),np.float64(0.9957725475947156),1
2017-06-13,np.float64(107560.89373726753),np.float64(0.9957920048899382),1
2017-06-14,np.float64(107464.5103064555),np.float64(0.9957882307974086),1
2017-06-15,np.float64(107249.70668769578),np.float64(0.9957797953126504),1
2017-06-16,np.float64(107273.1050798449),np.float64(0.990948868092086),1
2017-06-19,np.float64(108153.69915226391),np.float64(0.9910225629649315),1
2017-06-20,np.float64(107456.7593261922),np.float64(0.9909643373731211),1
2017-06-21,np.float64(107404.53703095223),np.float64(0.9909599440480863),1
2017-06-22,np.float64(107356.34531554622),np.float64(0.9909558860131149),1
2017-06-23,np.float64(107500.92046176425),np.float64(0.9909680492029411),1
2017-06-26,np.float64(107544.73111213336),np.float64(0.9909717285616082),1
2017-06-27,np.float64(106716.70982015728),np.float64(0.9909016776671108),1
2017-06-28,np.float64(107636.73347790848),np.float64(0.9909794454655345),1
2017-06-29,np.float64(106725.47195023109),np.float64(0.9909024246367168),1
2017-06-30,np.float64(106900.71455170751),np.float64(0.9909173383141462),1
2017-07-03,np.float64(107132.91099866378),np.float64(0.9909370237847704),1
2017-07-05,np.float64(107316.91573021402),np.float64(0.9909525630918236),1
2017-07-06,np.float64(106370.60568224135),np.float64(0.9908720739341311),1
2017-07-07,np.float64(107036.52756785174),np.float64(0.9909288628255087),1
2017-07-10,np.float64(107146.0541937745),np.float64(0.990938135505268),1
2017-07-11,np.float64(107071.57608814703),np.float64(0.9909318321470316),1
2017-07-12,np.float64(107842.64353464327),np.float64(0.9909966689203303),1
2017-07-13,np.float64(108052.93465641497),np.float64(0.9910141910783211),1
2017-07-14,np.float64(108530.47074543822),np.float64(0.9910537288046362),1
2017-07-17,np.float64(108534.85181047513),np.float64(0.9910540899254677),1
2017-07-18,np.float64(108600.43635407768),np.float64(0.9910594924215261),1
2017-07-19,np.float64(109165.72517579024),np.float64(0.9911057887199881),1
2017-07-20,np.float64(109200.77369608551),np.float64(0.991108643360427),1
2017-07-21,np.float64(109108.77133031041),np.float64(0.9911011460177678),1
2017-07-24,np.float64(109091.24707016275),np.float64(0.9910997165187347),1
2017-07-25,np.float64(109345.34884230356),np.float64(0.9911203994085795),1
2017-07-26,np.float64(109367.2541674881),np.float64(0.9911221779165977),1
2017-07-27,np.float64(109283.66344658386),np.float64(0.9911153872991842),1
2017-07-28,np.float64(109135.05772053186),np.float64(0.9911032894055406),1
2017-07-31,np.float64(109091.24707016275),np.float64(0.9910997165187347),1
2017-08-01,np.float64(109314.6813870452),np.float64(0.9911179082998794),1
2017-08-02,np.float64(109367.2541674881),np.float64(0.9911221779165977),1
2017-08-03,np.float64(109174.48730586405),np.float64(0.9911065025519287),1
2017-08-04,np.float64(109354.11097237738),np.float64(0.9911211108972899),1
2017-08-07,np.float64(109551.25889903835),np.float64(0.9911370893040672),1
2017-08-08,np.float64(109301.53819193447),np.float64(0.9911168402539385),1
2017-08-09,np.float64(109301.53819193447),np.float64(0.9911168402539385),1
2017-08-10,np.float64(107763.7405533285),np.float64(0.990990076817455),1
2017-08-11,np.float64(107917.12164027075),np.float64(0.9910028824945339),1
2017-08-14,np.float64(108964.19618409235),np.float64(0.9910893388998272),1
2017-08-15,np.float64(108977.33937920308),np.float64(0.9910904135687268),1
2017-08-16,np.float64(109165.72517579024),np.float64(0.9911057887199881),1
2017-08-17,np.float64(107492.15833169043),np.float64(0.990967312971304),1
2017-08-18,np.float64(107303.77253510329),np.float64(0.990951454908712),1
2017-08-21,np.float64(107395.7749008784),np.float64(0.990959206494433),1
2017-08-22,np.float64(108473.51689995838),np.float64(0.9910490315793424),1
2017-08-23,np.float64(108118.51920001753),np.float64(0.9910196418575344),1
2017-08-24,np.float64(107888.64471753083),np.float64(0.9910005077291381),1
2017-08-25,np.float64(108096.74530678408),np.float64(0.9910178329468329),1
2017-08-28,np.float64(108131.79382707935),np.float64(0.9910207443168667),1
2017-08-29,np.float64(108245.57008608793),np.float64(0.9910301823577907),1
2017-08-30,np.float64(108749.52399728373),np.float64(0.9910717492034866),1
2017-08-31,np.float64(109310.30032200828),np.float64(0.9911175523131034),1
2017-09-01,np.float64(109538.11570392763),np.float64(0.9911360258663425),1
2017-09-05,np.float64(108802.09677772666),np.float64(0.9910760633020451),1
2017-09-06,np.float64(109135.05772053186),np.float64(0.9911032894055406),1
2017-09-07,np.float64(109128.61755492761),np.float64(0.9911027643710368),1
2017-09-08,np.float64(108981.72044424),np.float64(0.9910907717340912),1
2017-09-11,np.float64(110120.79735383671),np.float64(0.9911829277704066),1
2017-09-12,np.float64(110536.99853234322),np.float64(0.991216126390793),1
2017-09-13,np.float64(110572.04705263849),np.float64(0.9912189106548153),1
2017-09-14,np.float64(110532.6174673063),np.float64(0.9912157782336387),1
2017-09-15,np.float64(110701.10183785678),np.float64(0.986343244124603),1
2017-09-18,np.float64(110911.3929596285),np.float64(0.9863691377180037),1
2017-09-19,np.float64(111020.91958555125),np.float64(0.9863825851147622),1
2017-09-20,np.float64(111069.11130095727),np.float64(0.9863884935673917),1
2017-09-21,np.float64(110775.57994348428),np.float64(0.9863524260156582),1
2017-09-22,np.float64(110797.48526866881),np.float64(0.9863551242226201),1
2017-09-25,np.float64(110587.19414689712),np.float64(0.9863291773102691),1
2017-09-26,np.float64(110631.00479726621),np.float64(0.9863345910515093),1
2017-09-27,np.float64(111055.96810584654),np.float64(0.9863868826797658),1
2017-09-28,np.float64(111183.01899191695),np.float64(0.9864024386399601),1
2017-09-29,np.float64(111546.64738998051),np.float64(0.9864467650233218),1
2017-10-02,np.float64(112037.32667411449),np.float64(0.9865061228448039),1
2017-10-03,np.float64(112287.04738121838),np.float64(0.9865361325442604),1
2017-10-04,np.float64(112422.8603973626),np.float64(0.9865523976387587),1
2017-10-05,np.float64(113080.02015289917),np.float64(0.98663054781125),1
2017-10-06,np.float64(112979.25565705023),np.float64(0.9866186237982819),1
2017-10-09,np.float64(112777.3761801494),np.float64(0.9865946701887964),1
2017-10-10,np.float64(113040.59056756698),np.float64(0.9866258844248215),1
2017-10-11,np.float64(113220.21423408031),np.float64(0.9866471024351586),1
2017-10-12,np.float64(113058.11482771463),np.float64(0.9866279574425871),1
2017-10-13,np.float64(113176.4035837112),np.float64(0.9866419335208964),1
2017-10-16,np.float64(113360.40831526145),np.float64(0.9866636161124912),1
2017-10-17,np.float64(113417.36216074128),np.float64(0.9866703131325304),1
2017-10-18,np.float64(113531.26985170096),np.float64(0.9866836870149355),1
2017-10-19,np.float64(113587.87321197784),np.float64(0.9866903228294828),1
2017-10-20,np.float64(114135.8568267946),np.float64(0.9867542246146949),1
2017-10-23,np.float64(113737.17990843576),np.float64(0.9867077948991335),1
2017-10-24,np.float64(113908.04144487526),np.float64(0.9867277331454364),1
2017-10-25,np.float64(113369.17044533526),np.float64(0.9866646468612378),1
2017-10-26,np.float64(113439.26748592583),np.float64(0.9866728871188749),1
2017-10-27,np.float64(114407.26380583121),np.float64(0.9867856474086918),1
2017-10-30,np.float64(114017.56807079802),np.float64(0.9867404826421282),1
2017-10-31,np.float64(114157.76215197916),np.float64(0.9867567662992169),1
2017-11-01,np.float64(114324.24262338175),np.float64(0.9867760512709675),1
2017-11-02,np.float64(114376.81540382467),np.float64(0.9867821295985609),1
2017-11-03,np.float64(114740.44380188824),np.float64(0.986824018865158),1
2017-11-06,np.float64(114898.16214321702),np.float64(0.9868421052631579),1
2017-11-07,np.float64(114849.970427811),np.float64(0.9868365841340174),1
2017-11-08,np.float64(115029.59409432435),np.float64(0.9868571393749561),1
2017-11-09,np.float64(114626.88659613153),np.float64(0.9868109658402945),1
2017-11-10,np.float64(114587.10652559639),np.float64(0.9868063871339716),1
2017-11-13,np.float64(114692.25208648221),np.float64(0.9868184825440771),1
2017-11-14,np.float64(114433.76924930452),np.float64(0.9867887081509704),1
2017-11-15,np.float64(113851.08759939543),np.float64(0.9867210937127218),1
2017-11-16,np.float64(114779.87338722045),np.float64(0.9868285451244853),1
2017-11-17,np.float64(114486.34202974744),np.float64(0.986794774851447),1
2017-11-20,np.float64(114665.96569626076),np.float64(0.9868154607711435),1
2017-11-21,np.float64(115388.841427351),np.float64(0.9868980578690625),1
2017-11-22,np.float64(115327.50651683426),np.float64(0.9868910898310596),1
2017-11-24,np.float64(115581.60828897505),np.float64(0.986919909271748),1
2017-11-27,np.float64(115520.27337845831),np.float64(0.9869129644630932),1
2017-11-28,np.float64(116659.35028805502),np.float64(0.9870407479623013),1
2017-11-29,np.float64(116615.53963768594),np.float64(0.9870358793722162),1
2017-11-30,np.float64(117553.08755558477),np.float64(0.9871392750766992),1
2017-12-01,np.float64(117373.46388907143),np.float64(0.987119593536356),1
2017-12-04,np.float64(117220.12661277958),np.float64(0.9871027444976992),1
2017-12-05,np.float64(116821.44969442072),np.float64(0.9870587299944346),1
2017-12-06,np.float64(116834.59288953146),np.float64(0.987060185810152),1
2017-12-07,np.float64(117189.45915752121),np.float64(0.9870993693988728),1
2017-12-08,np.float64(117820.33252283631),np.float64(0.9871684463066335),1
2017-12-11,np.float64(118197.1041160106),np.float64(0.987209348873275),1
2017-12-12,np.float64(118398.63310770849),np.float64(0.9872311201298941),1
2017-12-13,np.float64(118372.34671748703),np.float64(0.9872282846048052),1
2017-12-14,np.float64(117912.33488861143),np.float64(0.9871784582642245),1
2017-12-15,np.float64(118872.37212766423),np.float64(0.982301642835646),1
2017-12-18,np.float64(119617.15318393902),np.float64(0.982411839415253),1
2017-12-19,np.float64(119187.80881032179),np.float64(0.9823484824506044),1
2017-12-20,np.float64(119122.09283476815),np.float64(0.9823387446541288),1
2017-12-21,np.float64(119314.8596963922),np.float64(0.9823672784409013),1
2017-12-22,np.float64(119292.95437120764),np.float64(0.982364040609282),1
2017-12-26,np.float64(119143.99815995268),np.float64(0.9823419917798548),1
2017-12-27,np.float64(119231.61946069091),np.float64(0.9823549683514697),1
2017-12-28,np.float64(119455.05377757334),np.float64(0.9823879724435369),1
2017-12-29,np.float64(119051.99579417756),np.float64(0.9823283458218826),1
2018-01-02,np.float64(119853.73069593217),np.float64(0.9824465564261254),1
2018-01-03,np.float64(120598.51175220698),np.float64(0.9825549613480127),1
2018-01-04,np.float64(121080.42890626712),np.float64(0.9826243950579489),1
2018-01-05,np.float64(121882.16380802172),np.float64(0.9827386909359174),1
2018-01-08,np.float64(122105.59812490418),np.float64(0.9827702764558154),1
2018-01-09,np.float64(122377.2241571926),np.float64(0.9828085192046272),1
2018-01-10,np.float64(122180.07623053165),np.float64(0.9827807792907264),1
2018-01-11,np.float64(123060.67030295065),np.float64(0.9829039961044406),1
2018-01-12,np.float64(123871.1673347791),np.float64(0.9830158563598301),1
2018-01-16,np.float64(123485.63361153097),np.float64(0.9829628302713511),1
2018-01-17,np.float64(124602.80519594315),np.float64(0.9831155831878663),1
2018-01-18,np.float64(124414.41939935599),np.float64(0.9830900171455504),1
2018-01-19,np.float64(124944.52826882215),np.float64(0.9831617620392075),1
2018-01-22,np.float64(125943.41109723775),np.float64(0.9832953095317938),1
2018-01-23,np.float64(126193.13180434164),np.float64(0.9833283660623358),1
2018-01-24,np.float64(126140.55902389872),np.float64(0.9833214176695475),1
2018-01-25,np.float64(126219.41819456311),np.float64(0.9833318380881269),1
2018-01-26,np.float64(127647.64539659592),np.float64(0.983518335239535),1
2018-01-29,np.float64(126806.4809095091),np.float64(0.9834090049357119),1
2018-01-30,np.float64(125487.78033339905),np.float64(0.9832346568462694),1
2018-01-31,np.float64(125610.45015443256),np.float64(0.98325102970093),1
2018-02-01,np.float64(125509.6856585836),np.float64(0.9832375829176055),1
2018-02-02,np.float64(122806.56853080983),np.float64(0.9828686223867448),1
2018-02-05,np.float64(117812.15438873191),np.float64(0.9821423713893935),1
2018-02-06,np.float64(119980.78158200259),np.float64(0.9824651442410258),1
2018-02-07,np.float64(119371.81354187203),np.float64(0.9823756912417902),1
2018-02-08,np.float64(115034.55915533066),np.float64(0.9817111856268463),1
2018-02-09,np.float64(116773.84197498413),np.float64(0.9819835875628713),1
2018-02-12,np.float64(118342.26325819807),np.float64(0.9822223638371758),1
2018-02-13,np.float64(118662.08100589254),np.float64(0.9822702780782605),1
2018-02-14,np.float64(120248.02654925414),np.float64(0.9825041145433879),1
2018-02-15,np.float64(121676.25375128695),np.float64(0.9827094800010051),1
2018-02-16,np.float64(121777.01824713589),np.float64(0.982723787056275),1
2018-02-20,np.float64(121023.47506078728),np.float64(0.9826162180698191),1
2018-02-21,np.float64(120379.45850036145),np.float64(0.9825232167921483),1
2018-02-22,np.float64(120506.50938643185),np.float64(0.982541642691326),1
2018-02-23,np.float64(122429.79693763553),np.float64(0.9828159014266675),1
2018-02-26,np.float64(123858.02413966837),np.float64(0.9830140540873072),1
2018-02-27,np.float64(122311.50818163896),np.float64(0.9827992825027954),1
2018-02-28,np.float64(121010.33186567656),np.float64(0.9826143299794872),1
2018-03-01,np.float64(119393.7188670566),np.float64(0.9823789247972751),1
2018-03-02,np.float64(119989.5437120764),np.float64(0.9824664247083251),1
2018-03-05,np.float64(121321.38748329719),np.float64(0.9826589050576178),1
2018-03-06,np.float64(121632.44310091782),np.float64(0.9827032521484104),1
2018-03-07,np.float64(121632.44310091782),np.float64(0.9827032521484104),1
2018-03-08,np.float64(122158.17090534708),np.float64(0.9827776915510666),1
2018-03-09,np.float64(124230.41466780574),np.float64(0.9830649708083554),1
2018-03-12,np.float64(124134.03123699373),np.float64(0.9830518216646587),1
2018-03-13,np.float64(123336.67740027602),np.float64(0.982942254135308),1
2018-03-14,np.float64(122692.66083985017),np.float64(0.9828527176402545),1
2018-03-15,np.float64(122596.27740903813),np.float64(0.9828392366933786),1
2018-03-16,np.float64(122721.91540163415),np.float64(0.9789414144081984),1
2018-03-19,np.float64(121140.35092330947),np.float64(0.978666481153656),1
2018-03-20,np.float64(121280.54500449059),np.float64(0.9786911416057748),1
2018-03-21,np.float64(121048.34855753432),np.float64(0.9786502666887124),1
2018-03-22,np.float64(118117.41604784122),np.float64(0.9781205003804992),1
2018-03-23,np.float64(115622.3995093207),np.float64(0.9776483625107018),1
2018-03-26,np.float64(118743.90834811942),np.float64(0.9782359365172767),1
2018-03-27,np.float64(116825.00186195264),np.float64(0.9778784513735427),1
2018-03-28,np.float64(116426.32494359379),np.float64(0.977802700886357),1
2018-03-29,np.float64(117994.74622680774),np.float64(0.9780977539923045),1
2018-04-02,np.float64(115405.53678999364),np.float64(0.9776063607400575),1
2018-04-03,np.float64(116811.85866684192),np.float64(0.9778759623468886),1
2018-04-04,np.float64(118148.0835030996),np.float64(0.9781261795972565),1
2018-04-05,np.float64(118941.05627478039),np.float64(0.9782720110244799),1
2018-04-06,np.float64(116360.60896804012),np.float64(0.9777901647095627),1
2018-04-09,np.float64(116855.66931721101),np.float64(0.9778842569250125),1
2018-04-10,np.float64(118722.00302293486),np.float64(0.9782319208430479),1
2018-04-11,np.float64(118117.41604784122),np.float64(0.9781205003804992),1
2018-04-12,np.float64(119077.00072287573),np.float64(0.9782968168178032),1
2018-04-13,np.float64(118730.7651530087),np.float64(0.9782335272905495),1
2018-04-16,np.float64(119720.88585135047),np.float64(0.9784135412873242),1
2018-04-17,np.float64(120930.05980153775),np.float64(0.9786293832673497),1
2018-04-18,np.float64(121035.20536242361),np.float64(0.9786479483243189),1
2018-04-19,np.float64(120378.04560688704),np.float64(0.9785313846354116),1
2018-04-20,np.float64(119409.83023372984),np.float64(0.9783573098260285),1
2018-04-23,np.float64(119370.40064839763),np.float64(0.978350160965889),1
2018-04-24,np.float64(117823.88469036824),np.float64(0.9780659925933811),1
2018-04-25,np.float64(118082.36752754594),np.float64(0.9781140062349082),1
2018-04-26,np.float64(119225.82550217958),np.float64(0.9783239080242065),1
2018-04-27,np.float64(119374.78171343452),np.float64(0.9783509555168945),1
2018-04-30,np.float64(118476.66338086787),np.float64(0.9781868438414136),1
2018-05-01,np.float64(118665.04917745503),np.float64(0.9782214731516233),1
2018-05-02,np.float64(117880.83853584807),np.float64(0.9780765899566516),1
2018-05-03,np.float64(117626.73676370725),np.float64(0.9780292301684209),1
2018-05-04,np.float64(119085.63142099846),np.float64(0.9782983897499875),1
2018-05-07,np.float64(119523.7379246895),np.float64(0.9783779355938189),1
2018-05-08,np.float64(119510.59472957875),np.float64(0.9783755577041278),1
2018-05-09,np.float64(120640.90950910168),np.float64(0.9785781624990139),1
2018-05-10,np.float64(121749.31896344002),np.float64(0.9787731875506326),1
2018-05-11,np.float64(122029.70712580228),np.float64(0.9788219604853193),1
2018-05-14,np.float64(122165.5201419465),np.float64(0.9788455043904996),1
2018-05-15,np.float64(121324.35565485968),np.float64(0.9786988363092812),1
2018-05-16,np.float64(121815.03493899366),np.float64(0.9787846388520972),1
2018-05-17,np.float64(121753.70002847692),np.float64(0.9787739513553124),1
2018-05-18,np.float64(121460.1686710039),np.float64(0.9787226546138322),1
2018-05-21,np.float64(122345.14380845985),np.float64(0.9788765628203344),1
2018-05-22,np.float64(122003.42073558082),np.float64(0.9788173975459571),1
2018-05-23,np.float64(122349.52487349675),np.float64(0.9788773192037546),1
2018-05-24,np.float64(122117.32842654048),np.float64(0.9788371560959118),1
2018-05-25,np.float64(121841.32132921512),np.float64(0.9787892159139325),1
2018-05-29,np.float64(120487.57223280979),np.float64(0.9785509002166498),1
2018-05-30,np.float64(122007.80180061772),np.float64(0.9788181581723894),1
2018-05-31,np.float64(121227.97222404767),np.float64(0.978681900620272),1
2018-06-01,np.float64(122454.6704343826),np.float64(0.9788954561691465),1
2018-06-04,np.float64(123015.44675910713),np.float64(0.9789916630182557),1
2018-06-05,np.float64(123146.87871021446),np.float64(0.9790140847535684),1
2018-06-06,np.float64(124128.2372784824),np.float64(0.979179999521969),1
2018-06-07,np.float64(124101.95088826094),np.float64(0.9791755895779427),1
2018-06-08,np.float64(124474.34141639834),np.float64(0.9792378900738278),1
2018-06-11,np.float64(124632.0597577271),np.float64(0.9792641639358374),1
2018-06-12,np.float64(124802.92129416662),np.float64(0.9792925523483244),1
2018-06-13,np.float64(124382.3390506232),np.float64(0.9792225328836811),1
2018-06-14,np.float64(124675.8704080962),np.float64(0.9792714504337053),1
2018-06-15,np.float64(123952.99467700596),np.float64(0.9791505645651452),1
2018-06-18,np.float64(123760.2278153819),np.float64(0.9791180898331059),1
2018-06-19,np.float64(123273.92959628487),np.float64(0.9790357136505768),1
2018-06-20,np.float64(123506.1260432411),np.float64(0.9790751273457453),1
2018-06-21,np.float64(122730.67753170796),np.float64(0.9789429178470275),1
2018-06-22,np.float64(122958.4929136273),np.float64(0.9789819320468531),1
2018-06-25,np.float64(121341.87991500733),np.float64(0.9787019126349012),1
2018-06-26,np.float64(121565.31423188976),np.float64(0.9787410580410674),1
2018-06-27,np.float64(120785.48465531971),np.float64(0.9786038035377347),1
2018-06-28,np.float64(121271.78287441678),np.float64(0.9786896019979241),1
2018-06-29,np.float64(121460.1686710039),np.float64(0.9787226546138322),1
2018-07-02,np.float64(121679.22192284944),np.float64(0.9787609591955334),1
2018-07-03,np.float64(121258.63967930604),np.float64(0.9786872921689539),1
2018-07-05,np.float64(122196.18759720487),np.float64(0.978850813513152),1
2018-07-06,np.float64(123221.35681584194),np.float64(0.9790267691716985),1
2018-07-09,np.float64(124334.14733521717),np.float64(0.9792144795708657),1
2018-07-10,np.float64(124732.82425357605),np.float64(0.9792809152286869),1
2018-07-11,np.float64(123900.42189656307),np.float64(0.9791417178415045),1
2018-07-12,np.float64(124943.11537534776),np.float64(0.9793157874148457),1
2018-07-13,np.float64(125061.40413134433),np.float64(0.9793353514825328),1
2018-07-16,np.float64(124986.92602571685),np.float64(0.9793230376836102),1
2018-07-17,np.float64(125442.55678955554),np.float64(0.9793981402674158),1
2018-07-18,np.float64(125718.5638868809),np.float64(0.9794433703378882),1
2018-07-19,np.float64(125236.64673282074),np.float64(0.9793642673538794),1
2018-07-20,np.float64(125131.50117193491),np.float64(0.9793469275500486),1
2018-07-23,np.float64(125359.31655385425),np.float64(0.9793844603614689),1
2018-07-24,np.float64(125933.23607368952),np.float64(0.9794784122123017),1
2018-07-25,np.float64(127067.93191824932),np.float64(0.9796616666340503),1
2018-07-26,np.float64(126699.92245514886),np.float64(0.9796025924136615),1
2018-07-27,np.float64(125893.80648835731),np.float64(0.9794719849088513),1
2018-07-30,np.float64(125210.36034259928),np.float64(0.9793599351331321),1
2018-07-31,np.float64(125775.51773236073),np.float64(0.979452678819622),1
2018-08-01,np.float64(125644.08578125342),np.float64(0.9794311849745597),1
2018-08-02,np.float64(126301.24553678998),np.float64(0.9795382068601821),1
2018-08-03,np.float64(126840.11653632998),np.float64(0.9796251372984592),1
2018-08-06,np.float64(127295.74730016869),np.float64(0.9796980652198761),1
2018-08-07,np.float64(127698.80528356443),np.float64(0.9797621445734248),1
2018-08-08,np.float64(127637.47037304769),np.float64(0.9797524194742983),1
2018-08-09,np.float64(127484.13309675582),np.float64(0.9797280657859302),1
2018-08-10,np.float64(126638.58754463212),np.float64(0.9795927133302531),1
2018-08-13,np.float64(126165.43252064576),np.float64(0.9795161804002673),1
2018-08-14,np.float64(126927.73783706818),np.float64(0.9796392025611252),1
2018-08-15,np.float64(126020.85737442772),np.float64(0.9794926807092207),1
2018-08-16,np.float64(127041.64552802786),np.float64(0.9796574583969396),1
2018-08-17,np.float64(127453.46564149745),np.float64(0.9797231880163664),1
2018-08-20,np.float64(127742.61593393354),np.float64(0.979769085355104),1
2018-08-21,np.float64(128001.09877111125),np.float64(0.9798099392560964),1
2018-08-22,np.float64(127974.81238088978),np.float64(0.9798057921602309),1
2018-08-23,np.float64(127790.80764933956),np.float64(0.979776714718271),1
2018-08-24,np.float64(128548.73190072506),np.float64(0.9798959513543006),1
2018-08-27,np.float64(129516.9472738823),np.float64(0.9800462409447455),1
2018-08-28,np.float64(129564.91993603644),np.float64(0.9800536290166274),1
2018-08-29,np.float64(130270.49046023088),np.float64(0.9801616624736352),1
2018-08-30,np.float64(129775.43011105999),np.float64(0.9800859842478388),1
2018-08-31,np.float64(129753.52478587544),np.float64(0.9800826223122652),1
2018-09-04,np.float64(129565.13898928829),np.float64(0.9800536627395675),1
2018-09-05,np.float64(129227.79698144618),np.float64(0.9800015939307067),1
2018-09-06,np.float64(128829.12006308735),np.float64(0.9799397065026169),1
2018-09-07,np.float64(128553.11296576196),np.float64(0.9798966364963605),1
2018-09-10,np.float64(128798.45260782895),np.float64(0.9799349300620552),1
2018-09-11,np.float64(129254.08337166766),np.float64(0.980005661004582),1
2018-09-12,np.float64(129275.9886968522),np.float64(0.9800090489693692),1
2018-09-13,np.float64(129985.72123283171),np.float64(0.9801182011765274),1
2018-09-14,np.float64(130038.29401327463),np.float64(0.9801262391275963),1
2018-09-17,np.float64(129372.37212766423),np.float64(0.9800239423845075),1
2018-09-18,np.float64(130038.29401327463),np.float64(0.9801262391275963),1
2018-09-19,np.float64(130182.86915949268),np.float64(0.9801483100183562),1
2018-09-20,np.float64(131181.75198790824),np.float64(0.9802994706175799),1
2018-09-21,np.float64(131108.41777836194),np.float64(0.9758688687268208),1
2018-09-24,np.float64(130687.8355348185),np.float64(0.9757912094306165),1
2018-09-25,np.float64(130521.3550634159),np.float64(0.9757603310286559),1
2018-09-26,np.float64(130129.24974261243),np.float64(0.9756872920831692),1
2018-09-27,np.float64(130512.5929333421),np.float64(0.9757587036674359),1
2018-09-28,np.float64(130464.40121793607),np.float64(0.9757497492734171),1
2018-10-01,np.float64(130959.46156710696),np.float64(0.9758414214401205),1
2018-10-02,np.float64(130920.03198177477),np.float64(0.975834145527333),1
2018-10-03,np.float64(130985.74795732842),np.float64(0.9758462696150795),1
2018-10-04,np.float64(130008.77045409738),np.float64(0.9756647614666465),1
2018-10-05,np.float64(129255.22726774879),np.float64(0.9755228898102918),1
2018-10-08,np.float64(129250.84620271188),np.float64(0.975522060138264),1
2018-10-09,np.float64(129110.65212153074),np.float64(0.9754954809038497),1
2018-10-10,np.float64(125075.69122253619),np.float64(0.9747049613757528),1
2018-10-11,np.float64(122565.3409563865),np.float64(0.9741868752149576),1
2018-10-12,np.float64(124085.57052419442),np.float64(0.9745031237148434),1
2018-10-15,np.float64(123419.64863858404),np.float64(0.9743655530109864),1
2018-10-16,np.float64(125938.76103480757),np.float64(0.974878310581807),1
2018-10-17,np.float64(126017.62020547195),np.float64(0.9748940312055576),1
2018-10-18,np.float64(124252.05099559702),np.float64(0.9745372859837897),1
2018-10-19,np.float64(124159.9171978708),np.float64(0.9745183911858898),1
2018-10-22,np.float64(123656.22615057719),np.float64(0.9744145965074505),1
2018-10-23,np.float64(122994.68533000372),np.float64(0.9742769825221328),1
2018-10-24,np.float64(119354.02028433111),np.float64(0.9734923513016862),1
2018-10-25,np.float64(121456.93150204814),np.float64(0.9739513060201499),1
2018-10-26,np.float64(119358.40134936804),np.float64(0.9734933242682442),1
2018-10-29,np.float64(118688.09839872073),np.float64(0.9733436251560791),1
2018-10-30,np.float64(120523.76464918621),np.float64(0.9737496214988184),1
2018-10-31,np.float64(121754.84392455805),np.float64(0.9740150425358943),1
2018-11-01,np.float64(122928.96935445006),np.float64(0.9742632313844097),1
2018-11-02,np.float64(122241.14214365512),np.float64(0.9741184155763987),1
2018-11-05,np.float64(122972.78000481919),np.float64(0.9742724004425656),1
2018-11-06,np.float64(123691.27467087249),np.float64(0.9744218462551466),1
2018-11-07,np.float64(126271.72197761276),np.float64(0.9749445529776699),1
2018-11-08,np.float64(126043.90659569342),np.float64(0.9748992670421042),1
2018-11-09,np.float64(124878.54329587522),np.float64(0.9746650276586549),1
2018-11-12,np.float64(122538.83551291317),np.float64(0.9741812917742714),1
2018-11-13,np.float64(122346.28770454098),np.float64(0.9741406584557037),1
2018-11-14,np.float64(121518.26641256489),np.float64(0.973964453790946),1
2018-11-15,np.float64(122771.25101312128),np.float64(0.9742301685914211),1
2018-11-16,np.float64(123086.68769577885),np.float64(0.9742962094467267),1
2018-11-19,np.float64(121067.0167137631),np.float64(0.9738674122291411),1
2018-11-20,np.float64(118889.6273904186),np.float64(0.9733888101941899),1
2018-11-21,np.float64(119275.16111366672),np.float64(0.9734748256813216),1
2018-11-23,np.float64(118525.99899235503),np.float64(0.9733071691668886),1
2018-11-26,np.float64(120326.61672252524),np.float64(0.9737066118319921),1
2018-11-27,np.float64(120703.38831569956),np.float64(0.9737886857645325),1
2018-11-28,np.float64(123362.69479310421),np.float64(0.9743537181500893),1
2018-11-29,np.float64(123183.07112659086),np.float64(0.9743163211349297),1
2018-11-30,np.float64(123943.18591049484),np.float64(0.9744738331745547),1
2018-12-03,np.float64(125509.41666119033),np.float64(0.9747923739541468),1
2018-12-04,np.float64(121623.41197345074),np.float64(0.9739869619747299),1
2018-12-06,np.float64(121351.78594116229),np.float64(0.973928736063576),1
2018-12-07,np.float64(118674.95520361),np.float64(0.9733406729751837),1
2018-12-10,np.float64(118854.57887012333),np.float64(0.9733809629338247),1
2018-12-11,np.float64(118872.10313027097),np.float64(0.9733848871424333),1
2018-12-12,np.float64(119494.21436551223),np.float64(0.9735234508446495),1
2018-12-13,np.float64(119428.4983899586),np.float64(0.9735088820249751),1
2018-12-14,np.float64(117321.20610720465),np.float64(0.9730330556136844),1
2018-12-17,np.float64(114955.430987273),np.float64(0.9724780776927474),1
2018-12-18,np.float64(114929.14459705155),np.float64(0.9724717829274644),1
2018-12-19,np.float64(113146.05112702897),np.float64(0.9720379597085852),1
2018-12-20,np.float64(111424.29256752317),np.float64(0.9716058826354118),1
2018-12-21,np.float64(109205.4710740181),np.float64(0.965270373511373),1
2018-12-24,np.float64(106471.68649098597),np.float64(0.9643786498935912),1
2018-12-26,np.float64(111527.2164903288),np.float64(0.9659933661014117),1
2018-12-27,np.float64(112535.08050207006),np.float64(0.9662979294634668),1
2018-12-28,np.float64(112324.78938029835),np.float64(0.9662348334518183),1
2018-12-31,np.float64(113354.33966397232),np.float64(0.9665415084048993),1
2019-01-02,np.float64(113420.05563952596),np.float64(0.9665608943715462),1
2019-01-03,np.float64(110756.36809708441),np.float64(0.9657566848202289),1
2019-01-04,np.float64(114366.36568749863),np.float64(0.9668375820275822),1
2019-01-07,np.float64(115198.76804451163),np.float64(0.9670772067679598),1
2019-01-08,np.float64(116219.55619811176),np.float64(0.9673663766668485),1
2019-01-09,np.float64(116789.09465291013),np.float64(0.9675255191232814),1
2019-01-10,np.float64(117253.48754682264),np.float64(0.9676541372008173),1
2019-01-11,np.float64(117179.00944119516),np.float64(0.9676335784113407),1
2019-01-14,np.float64(116539.37394580623),np.float64(0.9674559327675907),1
2019-01-15,np.float64(117801.12067643645),np.float64(0.967804506450049),1
2019-01-16,np.float64(118120.9384241309),np.float64(0.9678916771953074),1
2019-01-17,np.float64(119014.67569166065),np.float64(0.9681327937174645),1
2019-01-18,np.float64(120512.99993428403),np.float64(0.9685289950214221),1
2019-01-22,np.float64(118988.38930143918),np.float64(0.9681257537547882),1
2019-01-23,np.float64(119168.01296795253),np.float64(0.968173798266359),1
2019-01-24,np.float64(119277.53959387529),np.float64(0.9682030226828223),1
2019-01-25,np.float64(120232.61177192174),np.float64(0.9684556031427662),1
2019-01-28,np.float64(119356.39876453966),np.float64(0.9682240310517647),1
2019-01-29,np.float64(119242.49107357998),np.float64(0.9681936767106375),1
2019-01-30,np.float64(120959.8685680489),np.float64(0.9686452600700244),1
2019-01-31,np.float64(121998.18098179669),np.float64(0.9689121166365496),1
2019-02-01,np.float64(122116.46973779326),np.float64(0.9689422300770832),1
2019-02-04,np.float64(122962.01528991698),np.float64(0.9691557981383686),1
2019-02-05,np.float64(123465.83776916169),np.float64(0.9692816629324933),1
2019-02-06,np.float64(123321.26262294363),np.float64(0.9692456504235499),1
2019-02-07,np.float64(122155.89932312546),np.float64(0.9689522549305385),1
2019-02-08,np.float64(122317.99872949116),np.float64(0.9689934003146767),1
2019-02-11,np.float64(122383.7147050448),np.float64(0.9690100498252088),1
2019-02-12,np.float64(123860.13362248363),np.float64(0.969379451563689),1
2019-02-13,np.float64(124250.04841076866),np.float64(0.9694755433142632),1
2019-02-14,np.float64(124035.37622396005),np.float64(0.9694227136130331),1
2019-02-15,np.float64(125314.64721473791),np.float64(0.9697348609662833),1
2019-02-19,np.float64(125533.70046658342),np.float64(0.9697876728972488),1
2019-02-20,np.float64(125774.65904361352),np.float64(0.9698455535498605),1
2019-02-21,np.float64(125349.69573503318),np.float64(0.9697433232791228),1
2019-02-22,np.float64(126094.47679130798),np.float64(0.9699220353069687),1
2019-02-25,np.float64(126282.86258789511),np.float64(0.9699669049054424),1
2019-02-26,np.float64(126173.33596197235),np.float64(0.9699408342341183),1
2019-02-27,np.float64(126103.2389213818),np.float64(0.969924125237737),1
2019-02-28,np.float64(125871.04247442553),np.float64(0.969868643761445),1
2019-03-01,np.float64(126642.1099209218),np.float64(0.9700521001799209),1
2019-03-04,np.float64(126190.86022212),np.float64(0.9699450085827184),1
2019-03-05,np.float64(126050.66614093886),np.float64(0.9699115812948217),1
2019-03-06,np.float64(125297.12295459026),np.float64(0.9697306280345341),1
2019-03-07,np.float64(124328.90758143304),np.float64(0.9694949043251981),1
2019-03-08,np.float64(124048.51941907078),np.float64(0.9694259533392533),1
2019-03-11,np.float64(125796.56436879806),np.float64(0.9698508044321763),1
2019-03-12,np.float64(126217.14661234146),np.float64(0.9699512679322101),1
2019-03-13,np.float64(127045.16790431754),np.float64(0.9701471115865532),1
2019-03-14,np.float64(126988.21405883771),np.float64(0.9701337226527341),1
2019-03-15,np.float64(127589.78642307944),np.float64(0.9660403642320351),1
2019-03-18,np.float64(128062.9414470658),np.float64(0.9661658351301325),1
2019-03-19,np.float64(128102.37103239798),np.float64(0.9661762492003806),1
2019-03-20,np.float64(127659.88346367002),np.float64(0.9660590112016413),1
2019-03-21,np.float64(129009.25149503844),np.float64(0.9664140158598871),1
2019-03-22,np.float64(126713.57341569735),np.float64(0.9658055363932824),1
2019-03-25,np.float64(126564.6172044424),np.float64(0.965765292304079),1
2019-03-26,np.float64(127458.35447197215),np.float64(0.9660053458826584),1
2019-03-27,np.float64(126805.57578147248),np.float64(0.9658303458035061),1
2019-03-28,np.float64(127313.77932575409),np.float64(0.9659667421893608),1
2019-03-29,np.float64(128076.08464217652),np.float64(0.9661693071993447),1
2019-04-01,np.float64(129517.45503932006),np.float64(0.9665458013105277),1
2019-04-02,np.float64(129626.98166524283),np.float64(0.9665740679989774),1
2019-04-03,np.float64(129828.5106569407),np.float64(0.9666259540934773),1
2019-04-04,np.float64(130148.32840463518),np.float64(0.9667079652289572),1
2019-04-05,np.float64(130735.39111958117),np.float64(0.9668574619501694),1
2019-04-08,np.float64(130858.06094061467),np.float64(0.9668885306453796),1
2019-04-09,np.float64(130214.04438018882),np.float64(0.9667247669384315),1
2019-04-10,np.float64(130634.62662373224),np.float64(0.9668318975862327),1
2019-04-11,np.float64(130608.34023351078),np.float64(0.9668252221344094),1
2019-04-12,np.float64(131440.74259052376),np.float64(0.9670353150077791),1
2019-04-15,np.float64(131375.0266149701),np.float64(0.9670188255235226),1
2019-04-16,np.float64(131458.48590392325),np.float64(0.967039764341977),1
2019-04-17,np.float64(131151.59229808766),np.float64(0.9669626376720447),1
2019-04-18,np.float64(131379.40768000702),np.float64(0.9670199253356843),1
2019-04-22,np.float64(131515.22069615123),np.float64(0.9670539831686037),1
2019-04-23,np.float64(132649.91654071104),np.float64(0.9673358054973942),1
2019-04-24,np.float64(132352.00411820112),np.float64(0.9672622813420297),1
2019-04-25,np.float64(132316.95559790585),np.float64(0.9672536096748829),1
2019-04-26,np.float64(132877.7319226304),np.float64(0.9673918074010845),1
2019-04-29,np.float64(133039.83132899605),np.float64(0.9674315381239075),1
2019-04-30,np.float64(133079.26091432828),np.float64(0.9674411877187267),1
2019-05-01,np.float64(132181.1425817616),np.float64(0.9672199635287609),1
2019-05-02,np.float64(131878.8490942148),np.float64(0.967144824932884),1
2019-05-03,np.float64(133127.4526297343),np.float64(0.9674529739054555),1
2019-05-06,np.float64(132623.63015048957),np.float64(0.9673293313587963),1
2019-05-07,np.float64(130529.48106284639),np.float64(0.9668051796470866),1
2019-05-08,np.float64(130389.28698166525),np.float64(0.9667694886984889),1
2019-05-09,np.float64(129924.89408775275),np.float64(0.9666507122821765),1
2019-05-10,np.float64(130520.71893277255),np.float64(0.966802951209057),1
2019-05-13,np.float64(127436.66820003944),np.float64(0.965999560912572),1
2019-05-14,np.float64(128483.52369060919),np.float64(0.9662765890117248),1
2019-05-15,np.float64(129258.97220214234),np.float64(0.9664789019994359),1
2019-05-16,np.float64(130367.38165648069),np.float64(0.9667639050536625),1
2019-05-17,np.float64(129605.07634005827),np.float64(0.9665684184833044),1
2019-05-20,np.float64(128737.62546274999),np.float64(0.9663431521354732),1
2019-05-21,np.float64(129841.65385205144),np.float64(0.966629332374514),1
2019-05-22,np.float64(129464.88225887714),np.float64(0.9665322163119404),1
2019-05-23,np.float64(127962.17695121684),np.float64(0.966139192237312),1
2019-05-24,np.float64(128295.13789402203),np.float64(0.9662270702867992),1
2019-05-28,np.float64(127138.53672427767),np.float64(0.9659198321273992),1
2019-05-29,np.float64(126240.41839171102),np.float64(0.9656773739358526),1
2019-05-30,np.float64(126555.85507436859),np.float64(0.9657629220545028),1
2019-05-31,np.float64(124974.29059604391),np.float64(0.9653296477701521),1
2019-06-03,np.float64(124641.32965323872),np.float64(0.9652370310338099),1
2019-06-04,np.float64(127217.39589494206),np.float64(0.9659409576484462),1
2019-06-05,np.float64(128260.08937372676),np.float64(0.9662178414517169),1
2019-06-06,np.float64(129096.87279577664),np.float64(0.9664368115136717),1
2019-06-07,np.float64(130323.57100611158),np.float64(0.966752732132877),1
2019-06-10,np.float64(130915.23383934634),np.float64(0.9669029909845529),1
2019-06-11,np.float64(130906.25265602069),np.float64(0.9669007202732655),1
2019-06-12,np.float64(130639.00768876915),np.float64(0.9668330099003599),1
2019-06-13,np.float64(131199.78401349366),np.float64(0.9669747728075943),1
2019-06-14,np.float64(131046.44673720183),np.float64(0.9669361300323592),1
2019-06-17,np.float64(131151.59229808766),np.float64(0.9669626376720447),1
2019-06-18,np.float64(132400.19583360714),np.float64(0.9672741973880044),1
2019-06-19,np.float64(132702.48932115396),np.float64(0.9673487460800068),1
2019-06-20,np.float64(133959.85498674726),np.float64(0.9676552152503536),1
2019-06-21,np.float64(133763.42555475235),np.float64(0.9629187616195268),1
2019-06-24,np.float64(133614.46934349742),np.float64(0.9628774226776822),1
2019-06-25,np.float64(132352.7226128672),np.float64(0.9625235252311897),1
2019-06-26,np.float64(132234.4338568706),np.float64(0.9624900010918999),1
2019-06-27,np.float64(132676.92142559856),np.float64(0.9626150997755405),1
2019-06-28,np.float64(133369.12970143044),np.float64(0.9628091337126625),1
2019-07-01,np.float64(134455.6338305842),np.float64(0.9631096642939168),1
2019-07-02,np.float64(134832.40542375852),np.float64(0.9632127495315718),1
2019-07-03,np.float64(135866.3367724694),np.float64(0.9634926974008948),1
2019-07-05,np.float64(135634.14032551312),np.float64(0.9634301993754633),1
2019-07-08,np.float64(135016.41015530875),np.float64(0.9632628843865805),1
2019-07-09,np.float64(135178.50956167447),np.float64(0.9633069377250276),1
2019-07-10,np.float64(135783.0965367681),np.float64(0.96347031702697),1
2019-07-11,np.float64(136094.15215438875),np.float64(0.9635538089545715),1
2019-07-12,np.float64(136676.8338042978),np.float64(0.9637091866154387),1
2019-07-15,np.float64(136760.07403999913),np.float64(0.9637312753418534),1
2019-07-16,np.float64(136295.6811460866),np.float64(0.9636076988802893),1
2019-07-17,np.float64(135419.4681387045),np.float64(0.9633722275108626),1
2019-07-18,np.float64(135897.00422772777),np.float64(0.9635009358905909),1
2019-07-19,np.float64(135191.6527567852),np.float64(0.9633105049872577),1
2019-07-22,np.float64(135432.61133381526),np.float64(0.9633757820901885),1
2019-07-23,np.float64(136383.30244682485),np.float64(0.9636310796072827),1
2019-07-24,np.float64(137005.4136820661),np.float64(0.9637962228186481),1
2019-07-25,np.float64(136378.92138178795),np.float64(0.963629911284466),1
2019-07-26,np.float64(137250.7533241331),np.float64(0.9638609381045028),1
2019-07-29,np.float64(137044.84326739833),np.float64(0.9638066391166107),1
2019-07-30,np.float64(136738.1687148146),np.float64(0.963725465126497),1
2019-07-31,np.float64(135252.9876673019),np.float64(0.963327143044075),1
2019-08-01,np.float64(134201.5320584434),np.float64(0.9630398148701881),1
2019-08-02,np.float64(133158.8385796587),np.float64(0.962750400029832),1
2019-08-05,np.float64(129404.26584302644),np.float64(0.9616696293799054),1
2019-08-06,np.float64(131016.4977766095),np.float64(0.9621413062189944),1
2019-08-07,np.float64(131204.88357319665),np.float64(0.962195664258051),1
2019-08-08,np.float64(133583.80188823902),np.float64(0.9628689002747933),1
2019-08-09,np.float64(132711.96994589386),np.float64(0.9626249729274106),1
2019-08-12,np.float64(131104.1190773477),np.float64(0.9621666084598139),1
2019-08-13,np.float64(133071.21727892052),np.float64(0.9627258728746131),1
2019-08-14,np.float64(129391.12264791569),np.float64(0.9616657358860596),1
2019-08-15,np.float64(129667.12974524105),np.float64(0.961747333504415),1
2019-08-16,np.float64(131489.65280059582),np.float64(0.9622775377078038),1
2019-08-19,np.float64(133027.4066285514),np.float64(0.9627135971805085),1
2019-08-20,np.float64(132019.761670062),np.float64(0.9624290075452449),1
2019-08-21,np.float64(133066.83621388362),np.float64(0.9627246456689488),1
2019-08-22,np.float64(133031.7876935883),np.float64(0.962714825113761),1
2019-08-23,np.float64(129767.89424109),np.float64(0.9617770366191711),1
2019-08-26,np.float64(131112.8812074215),np.float64(0.9621691368238829),1
2019-08-27,np.float64(130565.2480778077),np.float64(0.9620104618755171),1
2019-08-28,np.float64(131502.79599570655),np.float64(0.9622813079217997),1
2019-08-29,np.float64(133141.31431951106),np.float64(0.9627454971814291),1
2019-08-30,np.float64(133085.5433615912),np.float64(0.9627298852730539),1
2019-09-03,np.float64(132339.57941775647),np.float64(0.9625198032863104),1
2019-09-04,np.float64(133750.28235964166),np.float64(0.9629151177696418),1
2019-09-05,np.float64(135406.3249435938),np.float64(0.9633686722414874),1
2019-09-06,np.float64(135537.7568947011),np.float64(0.9634041939071047),1
2019-09-09,np.float64(135603.47287025474),np.float64(0.9634219289182196),1
2019-09-10,np.float64(135555.28115484872),np.float64(0.9634089249247444),1
2019-09-11,np.float64(136527.87759304288),np.float64(0.9636695921958929),1
2019-09-12,np.float64(136987.8894219185),np.float64(0.9637915914281483),1
2019-09-13,np.float64(136825.7900155528),np.float64(0.9637486948255832),1
2019-09-16,np.float64(136484.06694267376),np.float64(0.9636579303306677),1
2019-09-17,np.float64(136808.26575540515),np.float64(0.9637440512662262),1
2019-09-18,np.float64(136873.98173095883),np.float64(0.9637614584827807),1
2019-09-19,np.float64(136860.83853584807),np.float64(0.9637579783768074),1
2019-09-20,np.float64(136157.07257234232),np.float64(0.9591186425577893),1
2019-09-23,np.float64(136253.45600315437),np.float64(0.9591475613507662),1
2019-09-24,np.float64(135210.76252436967),np.float64(0.9588325230315027),1
2019-09-25,np.float64(135951.16251560755),np.float64(0.9590567241271223),1
2019-09-26,np.float64(135683.917548356),np.float64(0.9589760816706137),1
2019-09-27,np.float64(134987.32820748724),np.float64(0.9587643816198874),1
2019-09-30,np.float64(135592.13423583272),np.float64(0.9589483122786929),1
2019-10-01,np.float64(134071.68561477296),np.float64(0.9584827629592982),1
2019-10-02,np.float64(131811.05605572715),np.float64(0.9577707203122503),1
2019-10-03,np.float64(132814.31994917963),np.float64(0.9580897153692098),1
2019-10-04,np.float64(134501.0299883902),np.float64(0.9586152912539374),1
2019-10-07,np.float64(133975.30218396094),np.float64(0.958452894963641),1
2019-10-08,np.float64(132030.10930757268),np.float64(0.9578407835810546),1
2019-10-09,np.float64(133107.85130665265),np.float64(0.9581821365345955),1
2019-10-10,np.float64(134058.54241966223),np.float64(0.9584786925797684),1
2019-10-11,np.float64(135355.33767058773),np.float64(0.9588764946554117),1
2019-10-14,np.float64(135258.9542397757),np.float64(0.9588471906839711),1
2019-10-15,np.float64(136507.55777529516),np.float64(0.9592236060564675),1
2019-10-16,np.float64(136323.55304374493),np.float64(0.9591685675157777),1
2019-10-17,np.float64(136652.13292151323),np.float64(0.9592667466426449),1
2019-10-18,np.float64(136161.45363737922),np.float64(0.9591199579365618),1
2019-10-21,np.float64(137011.38025453986),np.float64(0.959373550271708),1
2019-10-22,np.float64(136555.7494907012),np.float64(0.9592379964016529),1
2019-10-23,np.float64(136923.75895380168),np.float64(0.9593475522827778),1
2019-10-24,np.float64(137182.2417909794),np.float64(0.9594241508270717),1
2019-10-25,np.float64(137694.8264002979),np.float64(0.9595751990279359),1
2019-10-28,np.float64(138461.51278175725),np.float64(0.9597990384455171),1
2019-10-29,np.float64(138373.89148101903),np.float64(0.9597735823388439),1
2019-10-30,np.float64(138842.66543996846),np.float64(0.9599093986385498),1
2019-10-31,np.float64(138457.13171672032),np.float64(0.9597977664053923),1
2019-11-01,np.float64(139701.35418720293),np.float64(0.9601558196446971),1
2019-11-04,np.float64(140227.08199163218),np.float64(0.9603052001577903),1
2019-11-05,np.float64(140082.50684541414),np.float64(0.9602642322909202),1
2019-11-06,np.float64(140095.65004052487),np.float64(0.9602679601364865),1
2019-11-07,np.float64(140595.09145473264),np.float64(0.960409101807746),1
2019-11-08,np.float64(140910.5281373902),np.float64(0.9604977284118349),1
2019-11-11,np.float64(140660.8074302863),np.float64(0.9604275984632485),1
2019-11-12,np.float64(140923.67133250093),np.float64(0.9605014125768718),1
2019-11-13,np.float64(141006.91156820222),np.float64(0.9605247296731078),1
2019-11-14,np.float64(141177.77310464176),np.float64(0.9605725049368132),1
2019-11-15,np.float64(142172.2748680204),np.float64(0.9608483021230251),1
2019-11-18,np.float64(142246.7529736479),np.float64(0.9608688013205746),1
2019-11-19,np.float64(142216.08551838953),np.float64(0.960860363074786),1
2019-11-20,np.float64(141734.16836432938),np.float64(0.960727282515203),1
2019-11-21,np.float64(141510.73404744695),np.float64(0.9606652739837485),1
2019-11-22,np.float64(141826.1707301045),np.float64(0.9607527586519443),1
2019-11-25,np.float64(142838.1967536308),np.float64(0.9610308301377133),1
2019-11-26,np.float64(143127.34704606692),np.float64(0.9611095568597146),1
2019-11-27,np.float64(143753.8393463451),np.float64(0.9612790449463812),1
2019-11-29,np.float64(143276.30325732185),np.float64(0.9611499890381873),1
2019-12-02,np.float64(142106.55889246677),np.float64(0.9608301967516713),1
2019-12-03,np.float64(141164.629909531),np.float64(0.9605688340225008),1
2019-12-04,np.float64(142036.4618518762),np.float64(0.960810865889353),1
2019-12-05,np.float64(142294.9446890539),np.float64(0.960882054072416),1
2019-12-06,np.float64(143495.35650916738),np.float64(0.9612092956348776),1
2019-12-09,np.float64(143083.5363956978),np.float64(0.9610976490214682),1
2019-12-10,np.float64(142947.72337955356),np.float64(0.9610606883375441),1
2019-12-11,np.float64(143276.30325732185),np.float64(0.9611499890381873),1
2019-12-12,np.float64(144481.09614247223),np.float64(0.9614739498748952),1
2019-12-13,np.float64(144573.09850824738),np.float64(0.9614984667994964),1
2019-12-16,np.float64(145536.93281636768),np.float64(0.9617534474280953),1
2019-12-17,np.float64(145563.00015333729),np.float64(0.9617602965983705),1
2019-12-18,np.float64(145567.60027162603),np.float64(0.9617615050208398),1
2019-12-19,np.float64(146141.51979146132),np.float64(0.9619116732872502),1
2019-12-20,np.float64(146824.9624323673),np.float64(0.9574043163066449),1
2019-12-23,np.float64(147004.58609888062),np.float64(0.95745636361405),1
2019-12-24,np.float64(146991.4429037699),np.float64(0.9574525595877564),1
2019-12-26,np.float64(147736.22396004468),np.float64(0.9576670535470753),1
2019-12-27,np.float64(147696.79437471248),np.float64(0.9576557522149672),1
2019-12-30,np.float64(146943.25118836388),np.float64(0.9574386056693354),1
2019-12-31,np.float64(147258.68787102145),np.float64(0.9575297746538689),1
2020-01-02,np.float64(148581.7695121684),np.float64(0.957907960858242),1
2020-01-03,np.float64(147512.78964316225),np.float64(0.9576029327817152),1
2020-01-06,np.float64(148082.32809796062),np.float64(0.9577659958592724),1
2020-01-07,np.float64(147648.60265930646),np.float64(0.9576419312786253),1
2020-01-08,np.float64(148384.62158550744),np.float64(0.9578520362067716),1
2020-01-09,np.float64(149335.312698517),np.float64(0.9581203564981053),1
2020-01-10,np.float64(148919.11152001048),np.float64(0.9580033106951656),1
2020-01-13,np.float64(149917.9943484261),np.float64(0.9582831288182617),1
2020-01-14,np.float64(149698.94109658056),np.float64(0.9582220848574812),1
2020-01-15,np.float64(150023.13990931195),np.float64(0.9583123665999896),1
2020-01-16,np.float64(151206.02746927776),np.float64(0.9586384897299906),1
2020-01-17,np.float64(151709.84994852246),np.float64(0.9587758496882043),1
2020-01-21,np.float64(151394.41326586492),np.float64(0.958689957422174),1
2020-01-22,np.float64(151420.6996560864),np.float64(0.958697128779206),1
2020-01-23,np.float64(151617.84758274734),np.float64(0.9587508346954695),1
2020-01-24,np.float64(150286.00381152658),np.float64(0.9583852820659127),1
2020-01-27,np.float64(147985.94466714858),np.float64(0.9577384887995636),1
2020-01-28,np.float64(149462.3635845874),np.float64(0.9581559564022392),1
2020-01-29,np.float64(149348.45589362772),np.float64(0.958124042055632),1
2020-01-30,np.float64(149786.56239731878),np.float64(0.9582465238672851),1
2020-01-31,np.float64(147214.87722065233),np.float64(0.9575171356582126),1
2020-02-03,np.float64(148253.1896344001),np.float64(0.9578146704736619),1
2020-02-04,np.float64(150417.4357626339),np.float64(0.9584216442306119),1
2020-02-05,np.float64(152073.47834658602),np.float64(0.9588744222460388),1
2020-02-06,np.float64(152551.01443560928),np.float64(0.9590031591648466),1
2020-02-07,np.float64(151810.61444437143),np.float64(0.9588032122724226),1
2020-02-10,np.float64(152910.26176863594),np.float64(0.9590994771330601),1
2020-02-11,np.float64(153138.07715055527),np.float64(0.9591603226680897),1
2020-02-12,np.float64(154088.76826356485),np.float64(0.9594122937801647),1
2020-02-13,np.float64(153970.4795075683),np.float64(0.9593811120283584),1
2020-02-14,np.float64(154158.86530415545),np.float64(0.9594307492746622),1
2020-02-18,np.float64(153777.71264594424),np.float64(0.9593301945356851),1
2020-02-19,np.float64(154474.30198681296),np.float64(0.9595135917261387),1
2020-02-20,np.float64(153891.6203369039),np.float64(0.959360297562881),1
2020-02-21,np.float64(152340.72331383757),np.float64(0.958946567129173),1
2020-02-24,np.float64(147508.40857812532),np.float64(0.9576016735700495),1
2020-02-25,np.float64(143201.82164684232),np.float64(0.9563266054430407),1
2020-02-26,np.float64(142772.47727322511),np.float64(0.9561952711229539),1
2020-02-27,np.float64(136678.41580688264),np.float64(0.954242155784901),1
2020-02-28,np.float64(136038.78031149373),np.float64(0.9540270087416428),1
2020-03-02,np.float64(141585.20864822235),np.float64(0.9558279447565982),1
2020-03-03,np.float64(137826.25484655317),np.float64(0.9546232344118993),1
2020-03-04,np.float64(143403.35063854023),np.float64(0.9563879809627193),1
2020-03-05,np.float64(138785.70808963658),np.float64(0.9549369330304633),1
2020-03-06,np.float64(136560.12705088608),np.float64(0.9542025202149422),1
2020-03-09,np.float64(127311.69875796806),np.float64(0.950875609083282),1
2020-03-10,np.float64(132608.40638759284),np.float64(0.9528377587181153),1
2020-03-11,np.float64(126404.8182953276),np.float64(0.9505231703791069),1
2020-03-12,np.float64(118076.41366016079),np.float64(0.9470333704743268),1
2020-03-13,np.float64(124630.48695537884),np.float64(0.9498187818178306),1
2020-03-16,np.float64(111866.25397034019),np.float64(0.9440929732060567),1
2020-03-17,np.float64(117616.40183128518),np.float64(0.946826211644962),1
2020-03-18,np.float64(109511.4315130008),np.float64(0.9428908053556454),1
2020-03-19,np.float64(111640.62912093931),np.float64(0.943979985536602),1
2020-03-20,np.float64(107371.5261440056),np.float64(0.9360175416705401),1
2020-03-23,np.float64(104427.45043920177),np.float64(0.9342137132680545),1
2020-03-24,np.float64(112891.6680905128),np.float64(0.939146136172146),1
2020-03-25,np.float64(114990.1982431929),np.float64(0.9402566975078154),1
2020-03-26,np.float64(121185.02420538432),np.float64(0.9433106999620988),1
2020-03-27,np.float64(118148.94613480537),np.float64(0.9418539528110479),1
2020-03-30,np.float64(121461.03130270969),np.float64(0.9434395202840165),1
2020-03-31,np.float64(119620.98398720729),np.float64(0.9425694893296143),1
2020-04-01,np.float64(114661.61836542463),np.float64(0.9400854942114534),1
2020-04-02,np.float64(117242.0656721649),np.float64(0.9414041866467184),1
2020-04-03,np.float64(115498.40178747453),np.float64(0.9405195735095931),1
2020-04-06,np.float64(122854.20998444722),np.float64(0.9440809216212529),1
2020-04-07,np.float64(123046.97684607128),np.float64(0.9441685251164406),1
2020-04-08,np.float64(126911.07620862631),np.float64(0.9458684426725207),1
2020-04-09,np.float64(128759.88565420255),np.float64(0.946645695106245),1
2020-04-13,np.float64(127625.18980964272),np.float64(0.946171330224652),1
2020-04-14,np.float64(131204.51994479858),np.float64(0.9476398053956547),1
2020-04-15,np.float64(128553.97559746774),np.float64(0.9465602353770016),1
2020-04-16,np.float64(129084.0844669339),np.float64(0.9467796961519362),1
2020-04-17,np.float64(132404.93176491206),np.float64(0.94811451427295),1
2020-04-20,np.float64(130310.78267726884),np.float64(0.9472806926937618),1
2020-04-21,np.float64(126547.44781056275),np.float64(0.945712898077855),1
2020-04-22,np.float64(129119.1329872292),np.float64(0.9467941424454978),1
2020-04-23,np.float64(129105.98979211846),np.float64(0.946788726004572),1
2020-04-24,np.float64(130805.84302643972),np.float64(0.9474802192445582),1
2020-04-27,np.float64(132650.27140697904),np.float64(0.9482104776385861),1
2020-04-28,np.float64(132032.54123677468),np.float64(0.9479681741112629),1
2020-04-29,np.float64(135300.81575430988),np.float64(0.9492250349047837),1
2020-04-30,np.float64(134196.78736500844),np.float64(0.948807312513424),1
2020-05-01,np.float64(130779.55663621826),np.float64(0.9474696628893694),1
2020-05-04,np.float64(131112.51757902346),np.float64(0.9476030639626855),1
2020-05-05,np.float64(132234.07022847253),np.float64(0.9480474722935652),1
2020-05-06,np.float64(131441.09745679173),np.float64(0.9477340471876562),1
2020-05-07,np.float64(132913.13530919366),np.float64(0.9483129023982616),1
2020-05-08,np.float64(135020.4275919476),np.float64(0.9491195938288595),1
2020-05-11,np.float64(135068.61930735363),np.float64(0.9491377476684894),1
2020-05-12,np.float64(132409.31282994896),np.float64(0.9481162310229474),1
2020-05-13,np.float64(130192.49392127227),np.float64(0.94723279360918),1
2020-05-14,np.float64(131747.7720093755),np.float64(0.9478557087341827),1
2020-05-15,np.float64(132295.4051389893),np.float64(0.9480715585695372),1
2020-05-18,np.float64(136085.02639591685),np.float64(0.9495176333559833),1
2020-05-19,np.float64(134888.9956408403),np.float64(0.9490700174269859),1
2020-05-20,np.float64(137000.66898863114),np.float64(0.9498550317455059),1
2020-05-21,np.float64(136036.83468051083),np.float64(0.9494997497301841),1
2020-05-22,np.float64(136321.60390791003),np.float64(0.9496052423068597),1
2020-05-26,np.float64(137951.3601016407),np.float64(0.9502006055451885),1
2020-05-27,np.float64(139857.12339269675),np.float64(0.9508791970646373),1
2020-05-28,np.float64(139646.83227092505),np.float64(0.9508052271178535),1
2020-05-29,np.float64(140268.94350616634),np.float64(0.9510234124136157),1
2020-06-01,np.float64(140689.52574970975),np.float64(0.9511698247565276),1
2020-06-02,np.float64(141841.7458544172),np.float64(0.9515664859037307),1
2020-06-03,np.float64(143598.55293421829),np.float64(0.9521590290646841),1
2020-06-04,np.float64(143269.97305645002),np.float64(0.9520493090720933),1
2020-06-05,np.float64(146801.11147619985),np.float64(0.9532027099236702),1
2020-06-08,np.float64(148444.0108650413),np.float64(0.9537206374494612),1
2020-06-09,np.float64(147475.79549188408),np.float64(0.9534168018937221),1
2020-06-10,np.float64(146639.01206983416),np.float64(0.9531509787176711),1
2020-06-11,np.float64(138604.13879214035),np.float64(0.950435143877039),1
2020-06-12,np.float64(140220.75179076032),np.float64(0.9510065799138581),1
2020-06-15,np.float64(141416.7825458369),np.float64(0.9514209411810607),1
2020-06-16,np.float64(143887.70322665438),np.float64(0.9522551681399919),1
2020-06-17,np.float64(143410.16713763116),np.float64(0.9520961844310083),1
2020-06-18,np.float64(143453.97778800025),np.float64(0.952110814191351),1
2020-06-19,np.float64(142641.8343081203),np.float64(0.9476419123778794),1
2020-06-22,np.float64(143575.00116098224),np.float64(0.9479822141814881),1
2020-06-23,np.float64(144157.68281089133),np.float64(0.9481924687352126),1
2020-06-24,np.float64(140744.83314713807),np.float64(0.9469362143370701),1
2020-06-25,np.float64(142081.05798339576),np.float64(0.9474352614958894),1
2020-06-26,np.float64(138939.83435193094),np.float64(0.9462468507025338),1
2020-06-29,np.float64(140898.17042342992),np.float64(0.9469939628254914),1
2020-06-30,np.float64(142817.0769095967),np.float64(0.9477061579686853),1
2020-07-01,np.float64(143531.19051061312),np.float64(0.9479663365661812),1
2020-07-02,np.float64(144240.92304659262),np.float64(0.9482223664301419),1
2020-07-06,np.float64(146352.59639438346),np.float64(0.9489694488291894),1
2020-07-07,np.float64(144933.13132242448),np.float64(0.9484696591377031),1
2020-07-08,np.float64(145980.2058662461),np.float64(0.9488392716329808),1
2020-07-09,np.float64(145296.75972048804),np.float64(0.9485986220638928),1
2020-07-10,np.float64(146628.6034917088),np.float64(0.949065506446654),1
2020-07-13,np.float64(145388.76208626316),np.float64(0.948631148982111),1
2020-07-14,np.float64(147193.76088147028),np.float64(0.9492610718378298),1
2020-07-15,np.float64(148529.98571772798),np.float64(0.9497175360032829),1
2020-07-16,np.float64(148039.306433594),np.float64(0.9495508737563919),1
2020-07-17,np.float64(148407.3158966945),np.float64(0.9496759737607321),1
2020-07-20,np.float64(149533.24961118048),np.float64(0.9500548962942743),1
2020-07-21,np.float64(149809.25670850583),np.float64(0.9501469146608447),1
2020-07-22,np.float64(150650.42119559264),np.float64(0.9504252719639721),1
2020-07-23,np.float64(148954.94902630828),np.float64(0.9498609901308784),1
2020-07-24,np.float64(148061.21175877858),np.float64(0.9495583375918051),1
2020-07-27,np.float64(149095.14310748942),np.float64(0.9499081358143221),1
2020-07-28,np.float64(148232.07329521806),np.float64(0.9496164797991428),1
2020-07-29,np.float64(149857.44842391185),np.float64(0.9501629466013725),1
2020-07-30,np.float64(149406.19872511007),np.float64(0.9500124243638267),1
2020-07-31,np.float64(150466.41646404238),np.float64(0.9503646472429326),1
2020-08-03,np.float64(151460.9182274211),np.float64(0.9506905560411923),1
2020-08-04,np.float64(152043.59987733018),np.float64(0.9508795262325401),1
2020-08-05,np.float64(152932.956079823),np.float64(0.9511651781883662),1
2020-08-06,np.float64(153936.2199732755),np.float64(0.9514834542476024),1
2020-08-07,np.float64(154045.74659919826),np.float64(0.9515179495431558),1
2020-08-10,np.float64(154479.4720378524),np.float64(0.9516540705327207),1
2020-08-11,np.float64(153279.06021773894),np.float64(0.9512754472223711),1
2020-08-12,np.float64(155246.15841931175),np.float64(0.9518928279106742),1
2020-08-13,np.float64(155027.10516746622),np.float64(0.9518248524913314),1
2020-08-14,np.float64(155044.62942761387),np.float64(0.9518302975933043),1
2020-08-17,np.float64(155513.40338656327),np.float64(0.9519754985959631),1
2020-08-18,np.float64(155809.12527655473),np.float64(0.9520666479191872),1
2020-08-19,np.float64(155167.29924864735),np.float64(0.9518683788694629),1
2020-08-20,np.float64(155684.26492300277),np.float64(0.9520282048864844),1
2020-08-21,np.float64(156183.70633721058),np.float64(0.9521816082200041),1
2020-08-24,np.float64(157695.17377494468),np.float64(0.9526399351324271),1
2020-08-25,np.float64(158242.80690455847),np.float64(0.9528038347816401),1
2020-08-26,np.float64(159758.65540732953),np.float64(0.9532516492440264),1
2020-08-27,np.float64(160078.47315502397),np.float64(0.9533450468880227),1
2020-08-28,np.float64(161055.45065825502),np.float64(0.9536280602192598),1
2020-08-31,np.float64(160727.13364438896),np.float64(0.9535333363450093),1
2020-09-01,np.float64(161979.85538104313),np.float64(0.9538927007823553),1
2020-09-02,np.float64(164214.19854986746),np.float64(0.9545200492695728),1
2020-09-03,np.float64(158847.39387965214),np.float64(0.952983467484881),1
2020-09-04,np.float64(157454.21519791463),np.float64(0.952567458102681),1
2020-09-08,np.float64(153476.2081443999),np.float64(0.9513380363667977),1
2020-09-09,np.float64(156323.9004183917),np.float64(0.9522244926124815),1
2020-09-10,np.float64(153852.9797375742),np.float64(0.9514572049756628),1
2020-09-11,np.float64(153835.45547742656),np.float64(0.9514516751934311),1
2020-09-14,np.float64(155741.21876848262),np.float64(0.9520457479507284),1
2020-09-15,np.float64(156477.23769468357),np.float64(0.9522713094293183),1
2020-09-16,np.float64(155933.98563010668),np.float64(0.9521050293872395),1
2020-09-17,np.float64(154615.28505399663),np.float64(0.9516965372687678),1
2020-09-18,np.float64(152967.6646294714),np.float64(0.9473406590661139),1
2020-09-21,np.float64(151368.57589099908),np.float64(0.9467843549682052),1
2020-09-22,np.float64(152761.75457273662),np.float64(0.9472696786829045),1
2020-09-23,np.float64(149362.0481040941),np.float64(0.9460694566937791),1
2020-09-24,np.float64(149747.58182734222),np.float64(0.9462083039653271),1
2020-09-25,np.float64(152069.54629690477),np.float64(0.9470296545249333),1
2020-09-28,np.float64(154492.27526231625),np.float64(0.9478603290041097),1
2020-09-29,np.float64(153694.92142559856),np.float64(0.9475898336206048),1
2020-09-30,np.float64(154522.94271757462),np.float64(0.9478706769239675),1
2020-10-01,np.float64(155683.9249523559),np.float64(0.9482594210927761),1
2020-10-02,np.float64(154330.17585595057),np.float64(0.947805564537798),1
2020-10-05,np.float64(156888.7178375063),np.float64(0.9486567516478358),1
2020-10-06,np.float64(154798.94981489997),np.float64(0.947963623698897),1
2020-10-07,np.float64(157339.96753630808),np.float64(0.9488040036507261),1
2020-10-08,np.float64(158610.4763970121),np.float64(0.9492140961520027),1
2020-10-09,np.float64(159959.84442838054),np.float64(0.9496425091411597),1
2020-10-12,np.float64(162426.38404416112),np.float64(0.9504072170849188),1
2020-10-13,np.float64(161466.93080107775),np.float64(0.9501125316272505),1
2020-10-14,np.float64(160485.5722328098),np.float64(0.9498074730861265),1
2020-10-15,np.float64(160314.71069637028),np.float64(0.9497539784802413),1
2020-10-16,np.float64(160218.32726555824),np.float64(0.9497237517014366),1
2020-10-19,np.float64(157944.55451140171),np.float64(0.9489999738927232),1
2020-10-20,np.float64(158457.13912072024),np.float64(0.9491649511768171),1
2020-10-21,np.float64(158172.36989332104),np.float64(0.9490734291392581),1
2020-10-22,np.float64(159044.20183566623),np.float64(0.9493525931117767),1
2020-10-23,np.float64(159473.54620928346),np.float64(0.9494889491388586),1
2020-10-26,np.float64(156752.90482136206),np.float64(0.9486122671043098),1
2020-10-27,np.float64(156279.74979737573),np.float64(0.9484566847974378),1
2020-10-28,np.float64(151184.57115944885),np.float64(0.9467195869141423),1
2020-10-29,np.float64(152665.37114192458),np.float64(0.9472363880339619),1
2020-10-30,np.float64(151180.19009441193),np.float64(0.9467180428960088),1
2020-11-02,np.float64(152713.5628573306),np.float64(0.9472530386111869),1
2020-11-03,np.float64(155223.9131234803),np.float64(0.9481060859664334),1
2020-11-04,np.float64(158614.85746204903),np.float64(0.9492154988979452),1
2020-11-05,np.float64(161475.69293115154),np.float64(0.9501152386630836),1
2020-11-06,np.float64(161471.31186611464),np.float64(0.9501138851818909),1
2020-11-09,np.float64(163416.5047425029),np.float64(0.9507076937162723),1
2020-11-10,np.float64(163179.92723050973),np.float64(0.9506362299561216),1
2020-11-11,np.float64(164336.5284002541),np.float64(0.9509836523748104),1
2020-11-12,np.float64(162855.72841777833),np.float64(0.9505379609188844),1
2020-11-13,np.float64(164941.11537534776),np.float64(0.9511633204052673),1
2020-11-16,np.float64(166903.8325118836),np.float64(0.9517376187092039),1
2020-11-17,np.float64(166132.7650653874),np.float64(0.9515136198424597),1
2020-11-18,np.float64(164130.6183435193),np.float64(0.9509221589190354),1
2020-11-19,np.float64(164879.78046483098),np.float64(0.9511451532694036),1
2020-11-20,np.float64(163736.32249019737),np.float64(0.9508039738460234),1
2020-11-23,np.float64(164691.39466824383),np.float64(0.9510892696014256),1
2020-11-24,np.float64(167149.1721539506),np.float64(0.9518084576801579),1
2020-11-25,np.float64(166864.40292655144),np.float64(0.9517262144453342),1
2020-11-27,np.float64(167398.8928610545),np.float64(0.951880348394719),1
2020-11-30,np.float64(166741.73310551792),np.float64(0.9516907000211746),1
2020-12-01,np.float64(168332.05971391642),np.float64(0.952147104851722),1
2020-12-02,np.float64(168761.40408753365),np.float64(0.9522688469728208),1
2020-12-03,np.float64(168695.68811198),np.float64(0.9522502531408112),1
2020-12-04,np.float64(170058.19933845915),np.float64(0.9526328254978648),1
2020-12-07,np.float64(169786.57330617073),np.float64(0.9525570470813493),1
2020-12-08,np.float64(170237.82300497248),np.float64(0.9526828042006363),1
2020-12-09,np.float64(168739.4987623491),np.float64(0.9522626506380197),1
2020-12-10,np.float64(168783.30941271823),np.float64(0.9522750416992551),1
2020-12-11,np.float64(168463.49166502376),np.float64(0.9521844387530518),1
2020-12-14,np.float64(167920.23960044683),np.float64(0.9520297468443926),1
2020-12-15,np.float64(169961.81590764713),np.float64(0.9526059641068988),1
2020-12-16,np.float64(170180.86915949266),np.float64(0.9526669687176504),1
2020-12-17,np.float64(171114.0360123546),np.float64(0.9529250984238248),1
2020-12-18,np.float64(170474.40051696566),np.float64(0.948687986859675),1
2020-12-21,np.float64(169817.24076142907),np.float64(0.948489419329899),1
2020-12-22,np.float64(169663.90348513724),np.float64(0.9484428655728657),1
2020-12-23,np.float64(169747.14372083853),np.float64(0.9484681480484805),1
2020-12-24,np.float64(170421.8277365227),np.float64(0.9486721578122066),1
2020-12-28,np.float64(171819.38748329718),np.float64(0.9490896527595531),1
2020-12-29,np.float64(171556.52358108255),np.float64(0.9490116464426881),1
2020-12-30,np.float64(171736.14724759586),np.float64(0.9490649765957294),1
2020-12-31,np.float64(172708.74368579002),np.float64(0.9493518133897741),1
2021-01-04,np.float64(170395.5413463013),np.float64(0.9486642396256254),1
2021-01-05,np.float64(171460.1401502705),np.float64(0.9489829841982562),1
2021-01-06,np.float64(172340.73422268953),np.float64(0.9492436612918647),1
2021-01-07,np.float64(174846.7034238023),np.float64(0.9499711203692918),1
2021-01-08,np.float64(175793.013471775),np.float64(0.9502404304547631),1
2021-01-11,np.float64(174658.31762721515),np.float64(0.949917159410148),1
2021-01-12,np.float64(174640.79336706753),np.float64(0.9499121338676587),1
2021-01-13,np.float64(175096.4241309062),np.float64(0.9500424710394096),1
2021-01-14,np.float64(174605.74484677223),np.float64(0.9499020797563565),1
2021-01-15,np.float64(173330.8549210313),np.float64(0.949533597561722),1
2021-01-19,np.float64(174632.0312369937),np.float64(0.9499096207181805),1
2021-01-20,np.float64(176892.6607960395),np.float64(0.9505497591587395),1
2021-01-21,np.float64(177045.99807233136),np.float64(0.9505925873803606),1
2021-01-22,np.float64(176463.31642242227),np.float64(0.9504294441657446),1
2021-01-25,np.float64(177216.8596087709),np.float64(0.9506402229521134),1
2021-01-26,np.float64(176870.75547085496),np.float64(0.9505436347793688),1
2021-01-27,np.float64(172883.98628726642),np.float64(0.9494031525575725),1
2021-01-28,np.float64(174141.35195285972),np.float64(0.9497684807122464),1
2021-01-29,np.float64(170908.1259556198),np.float64(0.948818204924399),1
2021-02-01,np.float64(173484.19219732314),np.float64(0.9495782032436352),1
2021-02-02,np.float64(175775.48921162734),np.float64(0.9502354695831111),1
2021-02-03,np.float64(176033.97204880504),np.float64(0.9503085422796097),1
2021-02-04,np.float64(177904.68681956583),np.float64(0.9508310610822338),1
2021-02-05,np.float64(178570.60870517622),np.float64(0.9510144208901832),1
2021-02-08,np.float64(179836.73650084334),np.float64(0.9513593003875794),1
2021-02-09,np.float64(179744.73413506823),np.float64(0.9513344036390942),1
2021-02-10,np.float64(179683.39922455148),np.float64(0.9513177916425997),1
2021-02-11,np.float64(179919.97673654463),np.float64(0.9513818040771299),1
2021-02-12,np.float64(180804.95187400057),np.float64(0.9516197726403454),1
2021-02-16,np.float64(180651.61459770869),np.float64(0.9515787074535978),1
2021-02-17,np.float64(180682.28205296706),np.float64(0.9515869260669884),1
2021-02-18,np.float64(179968.16845195065),np.float64(0.9513948230142099),1
2021-02-19,np.float64(179630.82644410856),np.float64(0.9513035437593041),1
2021-02-22,np.float64(178329.65012814614),np.float64(0.9509482316982635),1
2021-02-23,np.float64(178522.4169897702),np.float64(0.9510011973458952),1
2021-02-24,np.float64(180415.0370857155),np.float64(0.9515152128075685),1
2021-02-25,np.float64(176266.16849576132),np.float64(0.9503740011253158),1
2021-02-26,np.float64(175232.23714705044),np.float64(0.9500811904143245),1
2021-03-01,np.float64(179359.20041182011),np.float64(0.9512297966352938),1
2021-03-02,np.float64(178101.83474622678),np.float64(0.9508854881148221),1
2021-03-03,np.float64(175841.20518718098),np.float64(0.9502540677533229),1
2021-03-04,np.float64(173773.29867910888),np.float64(0.9496620899418584),1
2021-03-05,np.float64(176787.51523515367),np.float64(0.9505203482962005),1
2021-03-08,np.float64(175981.39926836215),np.float64(0.950293697426077),1
2021-03-09,np.float64(178351.5554533307),np.float64(0.9509542562879162),1
2021-03-10,np.float64(179341.67615167247),np.float64(0.951225031085258),1
2021-03-11,np.float64(181124.769621695),np.float64(0.9517051991415325),1
2021-03-12,np.float64(181361.3471336882),np.float64(0.9517681974816413),1
2021-03-15,np.float64(182447.85126284198),np.float64(0.9520554250495737),1
2021-03-16,np.float64(182176.22523055354),np.float64(0.9519839393513326),1
2021-03-17,np.float64(182767.66901053645),np.float64(0.9521393213210414),1
2021-03-18,np.float64(180279.2240695713),np.float64(0.9514786868838537),1
2021-03-19,np.float64(179980.34255547525),np.float64(0.948287730868802),1
2021-03-22,np.float64(181285.89993647457),np.float64(0.9486601444689557),1
2021-03-23,np.float64(180006.6289456967),np.float64(0.9482952824178399),1
2021-03-24,np.float64(179130.4159383146),np.float64(0.9480423697795746),1
2021-03-25,np.float64(180046.05853102892),np.float64(0.9483066056069761),1
2021-03-26,np.float64(182757.9377888765),np.float64(0.9490736652801057),1
2021-03-29,np.float64(182692.2218133228),np.float64(0.9490553466361357),1
2021-03-30,np.float64(182223.4478543734),np.float64(0.9489242903581107),1
2021-03-31,np.float64(182941.9425204267),np.float64(0.9491248874679751),1
2021-04-01,np.float64(184817.0383562244),np.float64(0.9496410504392195),1
2021-04-05,np.float64(187336.15075244792),np.float64(0.9503182280880065),1
2021-04-06,np.float64(187231.0051915621),np.float64(0.9502903276995631),1
2021-04-07,np.float64(187436.91524829686),np.float64(0.9503449365871992),1
2021-04-08,np.float64(188282.46080042058),np.float64(0.9505679293069174),1
2021-04-09,np.float64(189583.637116383),np.float64(0.9509071982470704),1
2021-04-12,np.float64(189649.35309193665),np.float64(0.9509242095434827),1
2021-04-13,np.float64(190183.84302643975),np.float64(0.9510621314384733),1
2021-04-14,np.float64(189566.11285623536),np.float64(0.950902659909409),1
2021-04-15,np.float64(191502.5436025498),np.float64(0.9513991211945969),1
2021-04-16,np.float64(192111.51164268033),np.float64(0.9515531795415522),1
2021-04-19,np.float64(191213.3933101137),np.float64(0.9513256276067474),1
2021-04-20,np.float64(189881.54953889293),np.float64(0.9509842218206274),1
2021-04-21,np.float64(191590.16490328798),np.float64(0.9514213481821884),1
2021-04-22,np.float64(189925.360189262),np.float64(0.9509955284366487),1
2021-04-23,np.float64(191883.696260761),np.float64(0.9514956606844497),1
2021-04-26,np.float64(192264.84891897222),np.float64(0.9515918174076825),1
2021-04-27,np.float64(192225.41933364),np.float64(0.9515818878438771),1
2021-04-28,np.float64(192172.84655319707),np.float64(0.9515686420871248),1
2021-04-29,np.float64(193338.20985301526),np.float64(0.951860566415559),1
2021-04-30,np.float64(192129.03590282798),np.float64(0.9515575984191105),1
2021-05-03,np.float64(192523.3317561499),np.float64(0.9516568104880793),1
2021-05-04,np.float64(191393.01697662703),np.float64(0.9513713088409567),1
2021-05-05,np.float64(191449.97082210684),np.float64(0.9513857752362779),1
2021-05-06,np.float64(192904.48441436113),np.float64(0.9517523299636623),1
2021-05-07,np.float64(194240.70925061882),np.float64(0.952084236365996),1
2021-05-10,np.float64(192409.42406519025),np.float64(0.9516281909902679),1
2021-05-11,np.float64(190775.28680642263),np.float64(0.9512138491921239),1
2021-05-12,np.float64(186919.94957394144),np.float64(0.9502076052675574),1
2021-05-13,np.float64(189053.5282469168),np.float64(0.9507695413100246),1
2021-05-14,np.float64(191813.5992201704),np.float64(0.9514779350870174),1
2021-05-17,np.float64(191331.68206611028),np.float64(0.9513557200143254),1
2021-05-18,np.float64(189815.83356333923),np.float64(0.9509672521104608),1
2021-05-19,np.float64(189272.58149876233),np.float64(0.9508265178249561),1
2021-05-20,np.float64(191187.10691989222),np.float64(0.9513189353482205),1
2021-05-21,np.float64(191112.62881426475),np.float64(0.9512999639516274),1
2021-05-24,np.float64(192948.29506473025),np.float64(0.9517632850322333),1
2021-05-25,np.float64(192580.28560162976),np.float64(0.9516711075410557),1
2021-05-26,np.float64(192891.3412192504),np.float64(0.9517490424727002),1
2021-05-27,np.float64(192952.67612976715),np.float64(0.9517643802654774),1
2021-05-28,np.float64(193395.1636984951),np.float64(0.9518747432223076),1
2021-06-01,np.float64(193167.34831657578),np.float64(0.9518179858362984),1
2021-06-02,np.float64(193482.78499923332),np.float64(0.9518965373969016),1
2021-06-03,np.float64(192799.33885347526),np.float64(0.9517260174858417),1
2021-06-04,np.float64(194380.90333179996),np.float64(0.9521187948351749),1
2021-06-07,np.float64(194302.04416113556),np.float64(0.9520993618325732),1
2021-06-08,np.float64(194319.5684212832),np.float64(0.9521036816406672),1
2021-06-09,np.float64(194043.56132395787),np.float64(0.9520355540320378),1
2021-06-10,np.float64(194893.48794111848),np.float64(0.9522447260250899),1
2021-06-11,np.float64(195200.16249370223),np.float64(0.952319753254026),1
2021-06-14,np.float64(195616.3636722087),np.float64(0.9524211996489729),1
2021-06-15,np.float64(195274.6405993297),np.float64(0.9523379385874753),1
2021-06-16,np.float64(194236.32818558192),np.float64(0.9520831556099977),1
2021-06-17,np.float64(194174.99327506518),np.float64(0.9520680199052742),1
2021-06-18,np.float64(191689.1222098092),np.float64(0.9483018567559973),1
2021-06-21,np.float64(194291.47484173402),np.float64(0.9489943050440461),1
2021-06-22,np.float64(195277.2144750389),np.float64(0.9492517766347666),1
2021-06-23,np.float64(195053.78015815644),np.float64(0.9491936444898197),1
2021-06-24,np.float64(196149.0464173841),np.float64(0.9494773394042788),1
2021-06-25,np.float64(196810.58723795754),np.float64(0.9496471615811093),1
2021-06-28,np.float64(197187.35883113186),np.float64(0.9497433722067011),1
2021-06-29,np.float64(197288.12332698077),np.float64(0.9497690406741043),1
2021-06-30,np.float64(197445.84166830956),np.float64(0.9498091648090129),1
2021-07-01,np.float64(198484.15408205736),np.float64(0.9500717236388408),1
2021-07-02,np.float64(199925.52447920092),np.float64(0.9504316833774227),1
2021-07-06,np.float64(199579.42034128497),np.float64(0.9503457236153227),1
2021-07-07,np.float64(200249.72329193226),np.float64(0.9505119331232598),1
2021-07-08,np.float64(198698.82626886596),np.float64(0.950125665639764),1
2021-07-09,np.float64(200714.11618584476),np.float64(0.9506264338222029),1
2021-07-12,np.float64(201397.5623316028),np.float64(0.9507939838814782),1
2021-07-13,np.float64(200744.78364110313),np.float64(0.9506339765418903),1
2021-07-14,np.float64(201029.55286850233),np.float64(0.9507039061823802),1
2021-07-15,np.float64(200376.77417800267),np.float64(0.9505433115241368),1
2021-07-16,np.float64(198882.8310004162),np.float64(0.9501718089567062),1
2021-07-19,np.float64(196092.09257190424),np.float64(0.9494626653816446),1
2021-07-20,np.float64(198760.1611793827),np.float64(0.9501410562382467),1
2021-07-21,np.float64(200289.15287726445),np.float64(0.9505216755078464),1
2021-07-22,np.float64(200687.82979562331),np.float64(0.9506199667991229),1
2021-07-23,np.float64(202650.5469321592),np.float64(0.9510982237731764),1
2021-07-26,np.float64(203123.70195614552),np.float64(0.9512121352511612),1
2021-07-27,np.float64(202243.10788372654),np.float64(0.9509997062346506),1
2021-07-28,np.float64(202164.24871306214),np.float64(0.9509805924568523),1
2021-07-29,np.float64(202961.60254977984),np.float64(0.9511731698320165),1
2021-07-30,np.float64(202024.054631881),np.float64(0.9509465755631064),1
2021-08-02,np.float64(201620.99664848525),np.float64(0.9508485134829616),1
2021-08-03,np.float64(203180.65580162537),np.float64(0.9512258110437668),1
2021-08-04,np.float64(202229.96468861582),np.float64(0.9509965216402091),1
2021-08-05,np.float64(203447.90076887692),np.float64(0.9512898798126312),1
2021-08-06,np.float64(203767.7185165714),np.float64(0.9513663313773917),1
2021-08-09,np.float64(203610.0001752426),np.float64(0.9513286592515565),1
2021-08-10,np.float64(203850.95875227268),np.float64(0.9513861903864635),1
2021-08-11,np.float64(204332.8759063328),np.float64(0.9515008455963658),1
2021-08-12,np.float64(204915.55755624193),np.float64(0.9516387539506368),1
2021-08-13,np.float64(205270.42382423166),np.float64(0.9517223596381058),1
2021-08-16,np.float64(205730.43565310727),np.float64(0.9518303081075006),1
2021-08-17,np.float64(204446.7835972925),np.float64(0.9515278669394969),1
2021-08-18,np.float64(202317.585989354),np.float64(0.9510177444542991),1
2021-08-19,np.float64(202615.49841186393),np.float64(0.9510897647218699),1
2021-08-20,np.float64(204148.8711747826),np.float64(0.9514571320365743),1
2021-08-23,np.float64(205857.48653917765),np.float64(0.9518600374223755),1
2021-08-24,np.float64(206168.54215679833),np.float64(0.951932668317638),1
2021-08-25,np.float64(206580.3622702679),np.float64(0.9520284910462365),1
2021-08-26,np.float64(205419.38003548663),np.float64(0.9517573673106798),1
2021-08-27,np.float64(207167.4249852139),np.float64(0.9521644307785012),1
2021-08-30,np.float64(208034.8758625222),np.float64(0.9523638925577614),1
2021-08-31,np.float64(207741.34450504917),np.float64(0.952296584380299),1
2021-09-01,np.float64(207846.49006593504),np.float64(0.9523207166251587),1
2021-09-02,np.float64(208455.45810606558),np.float64(0.9524600037420105),1
2021-09-03,np.float64(208407.26639065956),np.float64(0.9524490106801573),1
2021-09-07,np.float64(207697.53385468005),np.float64(0.9522865220669708),1
2021-09-08,np.float64(207456.57527765),np.float64(0.9522311033764207),1
2021-09-09,np.float64(206611.02972552628),np.float64(0.9520356114991304),1
2021-09-10,np.float64(205060.13270245996),np.float64(0.9516728504574845),1
2021-09-13,np.float64(205559.57411666776),np.float64(0.9517902693615461),1
2021-09-14,np.float64(204503.73744277234),np.float64(0.9515413663229845),1
2021-09-15,np.float64(206129.11257146613),np.float64(0.9519234737165814),1
2021-09-16,np.float64(205818.0569538455),np.float64(0.951850815011133),1
2021-09-17,np.float64(203915.8497732799),np.float64(0.9483333980376442),1
2021-09-20,np.float64(200691.38590611378),np.float64(0.9475032822336464),1
2021-09-21,np.float64(200511.76223960044),np.float64(0.9474562543046123),1
2021-09-22,np.float64(202364.9527502136),np.float64(0.9479374323425651),1
2021-09-23,np.float64(204695.67934984996),np.float64(0.9485302324039536),1
2021-09-24,np.float64(205015.49709754443),np.float64(0.9486105236276902),1
2021-09-27,np.float64(204459.10183785678),np.float64(0.9484706772682258),1
2021-09-28,np.float64(200551.19182493267),np.float64(0.9474665847249191),1
2021-09-29,np.float64(200871.0095726271),np.float64(0.9475502260556801),1
2021-09-30,np.float64(198544.66403802764),np.float64(0.9469356726603657),1
2021-10-01,np.float64(200779.007206852),np.float64(0.947526192152164),1
2021-10-04,np.float64(198325.6107861821),np.float64(0.946877062411217),1
2021-10-05,np.float64(200279.5657926442),np.float64(0.9473953371011424),1
2021-10-06,np.float64(201068.15749928806),np.float64(0.9476016532150849),1
2021-10-07,np.float64(202715.43795316643),np.float64(0.9480274460079076),1
2021-10-08,np.float64(202364.9527502136),np.float64(0.9479374323425651),1
2021-10-11,np.float64(200976.15513351295),np.float64(0.947577666429868),1
2021-10-12,np.float64(200507.38117456355),np.float64(0.9474551062293354),1
2021-10-13,np.float64(201190.82732032158),np.float64(0.9476336014699243),1
2021-10-14,np.float64(204397.76692734004),np.float64(0.9484552145435284),1
2021-10-15,np.float64(205874.18584477887),np.float64(0.948824866017952),1
2021-10-18,np.float64(206452.48642965106),np.float64(0.9489682143031896),1
2021-10-19,np.float64(207963.95386738516),np.float64(0.9493391097441338),1
2021-10-20,np.float64(208739.40237891834),np.float64(0.9495273104934612),1
2021-10-21,np.float64(209256.36805327373),np.float64(0.9496520027463662),1
2021-10-22,np.float64(209050.45799653896),np.float64(0.949602411087633),1
2021-10-25,np.float64(210115.0568005082),np.float64(0.9498577626730741),1
2021-10-26,np.float64(210294.68046702154),np.float64(0.9499005917760064),1
2021-10-27,np.float64(209409.70532956562),np.float64(0.9496888693507743),1
2021-10-28,np.float64(211328.6118157324),np.float64(0.9501457045805131),1
2021-10-29,np.float64(211736.0508641651),np.float64(0.9502416381100329),1
2021-11-01,np.float64(212082.155002081),np.float64(0.9503228404862812),1
2021-11-02,np.float64(212897.03309894635),np.float64(0.950512983245027),1
2021-11-03,np.float64(214132.4934393551),np.float64(0.9507985038850004),1
2021-11-04,np.float64(215091.94668243852),np.float64(0.9510179753052009),1
2021-11-05,np.float64(215801.679218418),np.float64(0.95117906828988),1
2021-11-08,np.float64(215976.92181989443),np.float64(0.9512186813513465),1
2021-11-09,np.float64(215297.8567391733),np.float64(0.9510648215285523),1
2021-11-10,np.float64(213650.57628529496),np.float64(0.9506875233980974),1
2021-11-11,np.float64(213716.2922608486),np.float64(0.9507026865729428),1
2021-11-12,np.float64(215249.66502376727),np.float64(0.9510538655524119),1
2021-11-15,np.float64(215319.76206435784),np.float64(0.9510697998964788),1
2021-11-16,np.float64(216130.2590961863),np.float64(0.9512532900848333),1
2021-11-17,np.float64(215630.8176819785),np.float64(0.9511403835624738),1
2021-11-18,np.float64(216327.40702284727),np.float64(0.9512977149356813),1
2021-11-19,np.float64(215959.39755974678),np.float64(0.9512147229382002),1
2021-11-22,np.float64(215381.09697487458),np.float64(0.951083733939378),1
2021-11-23,np.float64(215652.72300716303),np.float64(0.9511453465686048),1
2021-11-24,np.float64(216200.35613677686),np.float64(0.9512690948696386),1
2021-11-26,np.float64(211613.3810431316),np.float64(0.9502127937651343),1
2021-11-29,np.float64(214079.9206589122),np.float64(0.9507864212037066),1
2021-11-30,np.float64(210119.43786554513),np.float64(0.9498588081565622),1
2021-12-01,np.float64(207902.61895686842),np.float64(0.9493241638950333),1
2021-12-02,np.float64(210925.55383233662),np.float64(0.9500504379264244),1
2021-12-03,np.float64(209181.88994764627),np.float64(0.9496340766082166),1
2021-12-06,np.float64(211534.52187246722),np.float64(0.9501942333062615),1
2021-12-07,np.float64(215692.15259249523),np.float64(0.9511542774393074),1
2021-12-08,np.float64(216235.40465707213),np.float64(0.9512769934194629),1
2021-12-09,np.float64(214846.6070403715),np.float64(0.9509620412945508),1
2021-12-10,np.float64(216769.89459157523),np.float64(0.9513971298279116),1
2021-12-13,np.float64(214951.75260125735),np.float64(0.95098602864804),1
2021-12-14,np.float64(213536.6685943353),np.float64(0.9506612184529927),1
2021-12-15,np.float64(216708.55968105848),np.float64(0.9513833737829392),1
2021-12-16,np.float64(214890.4176907406),np.float64(0.9509720388779086),1
2021-12-17,np.float64(212724.6079603952),np.float64(0.947102640282744),1
2021-12-20,np.float64(210582.26715734598),np.float64(0.9465644934880229),1
2021-12-21,np.float64(214122.16770716963),np.float64(0.9474478974854107),1
2021-12-22,np.float64(216150.60081925918),np.float64(0.9479410648624454),1
2021-12-23,np.float64(217425.49074500013),np.float64(0.9482463161543904),1
2021-12-27,np.float64(220343.2800595825),np.float64(0.9489316392814409),1
2021-12-28,np.float64(220172.418523143),np.float64(0.94889200843833),1
2021-12-29,np.float64(220439.66349039454),np.float64(0.9489539680390431),1
2021-12-30,np.float64(219861.36290552234),np.float64(0.9488197018371588),1
2021-12-31,np.float64(219335.63510109307),np.float64(0.9486970272623193),1
2022-01-03,np.float64(220540.42798624345),np.float64(0.9489772908725145),1
2022-01-04,np.float64(220470.3309456529),np.float64(0.9489610685495498),1
2022-01-05,np.float64(216452.894306806),np.float64(0.9480137692589891),1
2022-01-06,np.float64(216260.12744518192),np.float64(0.9479674305156156),1
2022-01-07,np.float64(215449.63041335347),np.float64(0.9477716899007693),1
2022-01-10,np.float64(215195.52864121267),np.float64(0.9477100189811367),1
2022-01-11,np.float64(217044.33808678892),np.float64(0.9481554312488275),1
2022-01-12,np.float64(217609.49547655036),np.float64(0.948290077676294),1
2022-01-13,np.float64(214766.18426759544),np.float64(0.9476054847909728),1
2022-01-14,np.float64(214849.42450329676),np.float64(0.9476257842719025),1
2022-01-18,np.float64(211243.80797791944),np.float64(0.9467318345768059),1
2022-01-19,np.float64(209167.18315042387),np.float64(0.9462029849113525),1
2022-01-20,np.float64(206976.65063196863),np.float64(0.9456336254662764),1
2022-01-21,np.float64(203134.45659459816),np.float64(0.9446053107058525),1
2022-01-24,np.float64(203949.3346914635),np.float64(0.9448266397876891),1
2022-01-25,np.float64(201596.7027666426),np.float64(0.9441827671109352),1
2022-01-26,np.float64(201119.16667761933),np.float64(0.9440502350229484),1
2022-01-27,np.float64(200181.6187597205),np.float64(0.9437881950515157),1
2022-01-28,np.float64(204873.7394142516),np.float64(0.9450755858697891),1
2022-01-31,np.float64(208361.06718363237),np.float64(0.9459948527808404),1
2022-02-01,np.float64(209692.91095485314),np.float64(0.9463378611286676),1
2022-02-02,np.float64(211620.57957109375),np.float64(0.9468266738008202),1
2022-02-03,np.float64(206910.934656415),np.float64(0.9456163584264956),1
2022-02-04,np.float64(207830.95831416617),np.float64(0.945857103295538),1
2022-02-07,np.float64(207200.08494885106),np.float64(0.9456922514738783),1
2022-02-08,np.float64(208812.31688243413),np.float64(0.9461115595287001),1
2022-02-09,np.float64(211703.81980679504),np.float64(0.9468475811241263),1
2022-02-10,np.float64(208102.58434645462),np.float64(0.945927773346343),1
2022-02-11,np.float64(204220.96072375195),np.float64(0.9449000236404993),1
2022-02-14,np.float64(203590.08735843684),np.float64(0.9447292829724946),1
2022-02-15,np.float64(206691.88140456946),np.float64(0.9455587223284886),1
2022-02-16,np.float64(206910.934656415),np.float64(0.9456163584264956),1
2022-02-17,np.float64(202731.3986112024),np.float64(0.9444951784228875),1
2022-02-18,np.float64(201491.55720575675),np.float64(0.9441536396658918),1
2022-02-22,np.float64(199449.98089855645),np.float64(0.943581994556738),1
2022-02-23,np.float64(196164.1821208736),np.float64(0.9426369789513379),1
2022-02-24,np.float64(198757.7726227246),np.float64(0.9433855091073469),1
2022-02-25,np.float64(203033.69209874922),np.float64(0.9445778186286423),1
2022-02-28,np.float64(202543.01281461524),np.float64(0.9444435532402563),1
2022-03-01,np.float64(199629.60456506978),np.float64(0.9436327586155917),1
2022-03-02,np.float64(203095.02700926596),np.float64(0.9445945561853669),1
2022-03-03,np.float64(202139.95483121948),np.float64(0.9443327761827749),1
2022-03-04,np.float64(200589.0578081532),np.float64(0.9439023731855034),1
2022-03-07,np.float64(195007.58095112923),np.float64(0.9422967555768343),1
2022-03-08,np.float64(193614.4022693917),np.float64(0.9418815440581914),1
2022-03-09,np.float64(198503.6708505838),np.float64(0.9433130376895488),1
2022-03-10,np.float64(197658.12529846007),np.float64(0.9430705411629191),1
2022-03-11,np.float64(195287.9691134915),np.float64(0.9423796040325769),1
2022-03-14,np.float64(193942.98214716),np.float64(0.941980008848915),1
2022-03-15,np.float64(197960.4187860069),np.float64(0.943157474726515),1
2022-03-16,np.float64(202100.5252458873),np.float64(0.9443219155699732),1
2022-03-17,np.float64(204488.2056910035),np.float64(0.9449720336194024),1
2022-03-18,np.float64(206598.13055573808),np.float64(0.9426372953950982),1
2022-03-21,np.float64(206541.17671025824),np.float64(0.9426214775970861),1
2022-03-22,np.float64(208819.3305294517),np.float64(0.9432474593949419),1
2022-03-23,np.float64(206282.69387308054),np.float64(0.9425495793540232),1
2022-03-24,np.float64(209213.62638277365),np.float64(0.9433544184482932),1
2022-03-25,np.float64(210177.46069089393),np.float64(0.94361418443235),1
2022-03-28,np.float64(211557.49617752072),np.float64(0.9439820013513046),1
2022-03-29,np.float64(214050.3221835228),np.float64(0.9446343859046711),1
2022-03-30,np.float64(212849.91036340935),np.float64(0.9443221398836397),1
2022-03-31,np.float64(209717.44886201833),np.float64(0.9434905030587559),1
2022-04-01,np.float64(210278.2251867429),np.float64(0.9436412042926977),1
2022-04-04,np.float64(211978.07842106416),np.float64(0.9440931457475835),1
2022-04-05,np.float64(209450.2038947668),np.float64(0.9434184005810373),1
2022-04-06,np.float64(207474.34356312017),np.float64(0.9428795516039876),1
2022-04-07,np.float64(208460.08319642502),np.float64(0.9431496555442371),1
2022-04-08,np.float64(207934.35539199578),np.float64(0.9430059188023436),1
2022-04-11,np.float64(204582.84063875928),np.float64(0.9420722309945847),1
2022-04-12,np.float64(203868.72703774288),np.float64(0.9418693209733942),1
2022-04-13,np.float64(206068.0216862719),np.float64(0.9424897301482501),1
2022-04-14,np.float64(203649.67378589735),np.float64(0.9418067934277515),1
2022-04-18,np.float64(203728.53295656174),np.float64(0.9418293188341931),1
2022-04-19,np.float64(206825.94593765744),np.float64(0.942700479471923),1
2022-04-20,np.float64(206681.37079143937),np.float64(0.9426603980338774),1
2022-04-21,np.float64(203767.9625418939),np.float64(0.9418405749993343),1
2022-04-22,np.float64(198501.92236752753),np.float64(0.9402976686893163),1
2022-04-25,np.float64(199584.04543164442),np.float64(0.9406213682593552),1
2022-04-26,np.float64(194147.14372083853),np.float64(0.9389585274968857),1
2022-04-27,np.float64(194659.72833015703),np.float64(0.9391192639758875),1
2022-04-28,np.float64(199277.37087906068),np.float64(0.9405299885144209),1
2022-04-29,np.float64(192350.90705570523),np.float64(0.9383885019499197),1
2022-05-02,np.float64(193437.41118485903),np.float64(0.9387345629658563),1
2022-05-03,np.float64(194269.81354187202),np.float64(0.9389970715525527),1
2022-05-04,np.float64(199825.0040086745),np.float64(0.9406929698623737),1
2022-05-05,np.float64(193143.87982738603),np.float64(0.9386414545178181),1
2022-05-06,np.float64(192061.75676326914),np.float64(0.9382957454169232),1
2022-05-09,np.float64(186291.89410965805),np.float64(0.9363846312710857),1
2022-05-10,np.float64(186694.95209305378),np.float64(0.9365219712577613),1
2022-05-11,np.float64(183917.35685965256),np.float64(0.9355633000748413),1
2022-05-12,np.float64(183737.73319313923),np.float64(0.9355003061753444),1
2022-05-13,np.float64(187847.17219776128),np.float64(0.9369113338447425),1
2022-05-16,np.float64(187133.05859674484),np.float64(0.9366705828256051),1
2022-05-17,np.float64(190738.67512212216),np.float64(0.9378677264723265),1
2022-05-18,np.float64(183527.44207136755),np.float64(0.9354264005358649),1
2022-05-19,np.float64(182475.98646250903),np.float64(0.9350543172022877),1
2022-05-20,np.float64(182550.4645681365),np.float64(0.9350808141571704),1
2022-05-23,np.float64(185744.26098004423),np.float64(0.9361970729406979),1
2022-05-24,np.float64(184416.79827386036),np.float64(0.9357378088876975),1
2022-05-25,np.float64(185941.4089067052),np.float64(0.9362647212115085),1
2022-05-26,np.float64(189419.97454601212),np.float64(0.9374351751266073),1
2022-05-27,np.float64(193779.13425773804),np.float64(0.9388426025310281),1
2022-05-31,np.float64(192758.34610413792),np.float64(0.9385187320055589),1
2022-06-01,np.float64(191295.07038180978),np.float64(0.938048442590078),1
2022-06-02,np.float64(194690.3957854154),np.float64(0.9391288538544256),1
2022-06-03,np.float64(191711.27156031632),np.float64(0.9381829381311825),1
2022-06-06,np.float64(192258.90468993012),np.float64(0.9383590187715531),1
2022-06-07,np.float64(193989.42537950975),np.float64(0.9389088992257744),1
2022-06-08,np.float64(192009.18398282622),np.float64(0.9382788505780342),1
2022-06-09,np.float64(187724.50237672776),np.float64(0.9368701081374505),1
2022-06-10,np.float64(182624.942673764),np.float64(0.9351072895000763),1
2022-06-13,np.float64(176140.96641913647),np.float64(0.9327185050932807),1
2022-06-14,np.float64(175645.9060699656),np.float64(0.932528871294768),1
2022-06-15,np.float64(177981.01373463887),np.float64(0.9334140912768198),1
2022-06-16,np.float64(172482.77711331623),np.float64(0.931291531054095),1
2022-06-17,np.float64(172827.51041598213),np.float64(0.927431316082791),1
2022-06-21,np.float64(176862.47131497666),np.float64(0.9290869064402046),1
2022-06-22,np.float64(176564.55889246674),np.float64(0.9289672567685912),1
2022-06-23,np.float64(178172.4097610129),np.float64(0.9296082654301063),1
2022-06-24,np.float64(183438.4499353793),np.float64(0.9316290288105152),1
2022-06-27,np.float64(182785.67124487963),np.float64(0.9313848569739741),1
2022-06-28,np.float64(179307.1056055727),np.float64(0.9300537202180694),1
2022-06-29,np.float64(179171.29258942849),np.float64(0.9300007004787576),1
2022-06-30,np.float64(177817.54349302314),np.float64(0.9294677863094669),1
2022-07-01,np.float64(179565.58844275045),np.float64(0.9301544071759931),1
2022-07-05,np.float64(179881.02512540796),np.float64(0.9302768873657923),1
2022-07-06,np.float64(180446.18251516944),np.float64(0.9304952601337454),1
2022-07-07,np.float64(182960.91384635607),np.float64(0.9314505775473566),1
2022-07-08,np.float64(182820.71976517493),np.float64(0.9313980111680721),1
2022-07-11,np.float64(180875.52688878667),np.float64(0.9306602435868117),1
2022-07-12,np.float64(179385.9647762371),np.float64(0.9300844690317882),1
2022-07-13,np.float64(178509.751768855),np.float64(0.929741289474115),1
2022-07-14,np.float64(178106.69378545927),np.float64(0.9295822930120581),1
2022-07-15,np.float64(181269.8227421086),np.float64(0.9308110705585078),1
2022-07-18,np.float64(179876.64406037107),np.float64(0.9302751891937332),1
2022-07-19,np.float64(184397.90317846267),np.float64(0.9319847744502963),1
2022-07-20,np.float64(185493.1694376903),np.float64(0.9323863783577834),1
2022-07-21,np.float64(187254.35758252832),np.float64(0.9330223064632929),1
2022-07-22,np.float64(185633.36351887143),np.float64(0.9324374415362001),1
2022-07-25,np.float64(185843.65464064313),np.float64(0.9325138918526589),1
2022-07-26,np.float64(183793.31620336903),np.float64(0.9317610387871893),1
2022-07-27,np.float64(188240.09721583317),np.float64(0.9333730424012943),1
2022-07-28,np.float64(190430.6297342884),np.float64(0.9341394554380487),1
2022-07-29,np.float64(193037.36343125015),np.float64(0.9350288216092305),1
2022-08-01,np.float64(192502.87349674705),np.float64(0.9348484272065295),1
2022-08-02,np.float64(191315.60487174432),np.float64(0.9344441088118062),1
2022-08-03,np.float64(194115.10543033012),np.float64(0.9353895465900414),1
2022-08-04,np.float64(193992.43560929663),np.float64(0.9353486906013436),1
2022-08-05,np.float64(193685.7610567129),np.float64(0.9352463242153191),1
2022-08-08,np.float64(193475.46993494118),np.float64(0.9351759425637114),1
2022-08-09,np.float64(192756.97526888788),np.float64(0.9349343132300132),1
2022-08-10,np.float64(196542.2154607785),np.float64(0.9361874244361594),1
2022-08-11,np.float64(196542.2154607785),np.float64(0.9361874244361594),1
2022-08-12,np.float64(199657.15270202188),np.float64(0.9371829919146766),1
2022-08-15,np.float64(200428.2201485181),np.float64(0.9374246552392572),1
2022-08-16,np.float64(200796.2296116186),np.float64(0.9375393402563678),1
2022-08-17,np.float64(199460.00477536087),np.float64(0.9371209030617408),1
2022-08-18,np.float64(200003.2568399378),np.float64(0.9372916962766622),1
2022-08-19,np.float64(197484.14444371426),np.float64(0.9364917876779209),1
2022-08-22,np.float64(193633.18827626997),np.float64(0.9352287431342544),1
2022-08-23,np.float64(193195.0817725789),np.float64(0.9350818620199695),1
2022-08-24,np.float64(193773.3823574511),np.float64(0.9352756048173854),1
2022-08-25,np.float64(196331.9243390068),np.float64(0.9361190747872491),1
2022-08-26,np.float64(190110.81198659394),np.float64(0.9340286602086578),1
2022-08-29,np.float64(188936.68655670193),np.float64(0.9336186888626756),1
2022-08-30,np.float64(187000.2558103875),np.float64(0.9329312950871435),1
2022-08-31,np.float64(185672.79310420362),np.float64(0.9324517891615021),1
2022-09-01,np.float64(186216.04516878055),np.float64(0.9326488490064967),1
2022-09-02,np.float64(184384.75998335195),np.float64(0.9319799262330143),1
2022-09-06,np.float64(183736.3623578892),np.float64(0.9317398863533284),1
2022-09-07,np.float64(186811.87001380033),np.float64(0.932863661315263),1
2022-09-08,np.float64(187950.94692339707),np.float64(0.9332705411657902),1
2022-09-09,np.float64(190675.9693763554),np.float64(0.9342241971204013),1
2022-09-12,np.float64(192590.49479748527),np.float64(0.9348780686774614),1
2022-09-13,np.float64(184761.53157652626),np.float64(0.9321186349314232),1
2022-09-14,np.float64(185418.69133206282),np.float64(0.9323592196370615),1
2022-09-15,np.float64(183455.97419552694),np.float64(0.9316355598089792),1
2022-09-16,np.float64(182157.60088497514),np.float64(0.9273087850436929),1
2022-09-19,np.float64(183467.53933101136),np.float64(0.9278277924795998),1
2022-09-20,np.float64(181513.58432454927),np.float64(0.9270508740647238),1
2022-09-21,np.float64(178578.27074981926),np.float64(0.9258518000747953),1
2022-09-22,np.float64(177189.47313311868),np.float64(0.9252706321221066),1
2022-09-23,np.float64(174442.5453549758),np.float64(0.9240938768984934),1
2022-09-26,np.float64(172847.83768154038),np.float64(0.9233935610681402),1
2022-09-27,np.float64(172440.3986331077),np.float64(0.9232125567627127),1
2022-09-28,np.float64(175572.86013449868),np.float64(0.9245825504482219),1
2022-09-29,np.float64(172181.91579593),np.float64(0.9230972819610831),1
2022-09-30,np.float64(169724.1383102232),np.float64(0.9219836526867353),1
2022-10-03,np.float64(173855.4826400298),np.float64(0.9238375625503215),1
2022-10-04,np.float64(178832.3725219601),np.float64(0.9259571567769199),1
2022-10-05,np.float64(178446.83879871195),np.float64(0.9257971874929594),1
2022-10-06,np.float64(176742.6044993538),np.float64(0.9250816895034307),1
2022-10-07,np.float64(172181.91579593),np.float64(0.9230972819610831),1
2022-10-10,np.float64(170968.36078070579),np.float64(0.9225514167569345),1
2022-10-11,np.float64(169969.4779522902),np.float64(0.9220962640976534),1
2022-10-12,np.float64(169452.51227793476),np.float64(0.9218585954031964),1
2022-10-13,np.float64(173575.09447766753),np.float64(0.9237145319626567),1
2022-10-14,np.float64(169921.2862368842),np.float64(0.9220741696635021),1
2022-10-17,np.float64(173947.4850058049),np.float64(0.9238778455381919),1
2022-10-18,np.float64(175835.7240367133),np.float64(0.9246952950295229),1
2022-10-19,np.float64(174683.50393200587),np.float64(0.9241985818706213),1
2022-10-20,np.float64(173329.75483560053),np.float64(0.9236065536790612),1
2022-10-21,np.float64(177220.14058837705),np.float64(0.9252835638325673),1
2022-10-24,np.float64(179226.66837528202),np.float64(0.9261200498681975),1
2022-10-25,np.float64(181877.21272261287),np.float64(0.9271967217682755),1
2022-10-26,np.float64(180606.7038619088),np.float64(0.9266845746103691),1
2022-10-27,np.float64(179712.9665943791),np.float64(0.9263199669295923),1
2022-10-28,np.float64(183673.44938774614),np.float64(0.9279087022866227),1
2022-10-31,np.float64(182442.3701123743),np.float64(0.9274222467418118),1
2022-11-01,np.float64(181701.97012113643),np.float64(0.9271265065919356),1
2022-11-02,np.float64(177474.24236051785),np.float64(0.9253905403638412),1
2022-11-03,np.float64(175783.1512562704),np.float64(0.9246727730887541),1
2022-11-04,np.float64(178122.63998598058),np.float64(0.9256621318721915),1
2022-11-07,np.float64(179699.82339926835),np.float64(0.9263145779924631),1
2022-11-08,np.float64(180597.94173183502),np.float64(0.9266810175416256),1
2022-11-09,np.float64(177150.04354778645),np.float64(0.9252539990582441),1
2022-11-10,np.float64(186157.5132636744),np.float64(0.9288706800509311),1
2022-11-11,np.float64(187831.08010777418),np.float64(0.9295044392320092),1
2022-11-14,np.float64(186345.89906026155),np.float64(0.9289425880117013),1
2022-11-15,np.float64(187822.31797770038),np.float64(0.9295011505319244),1
2022-11-16,np.float64(186490.4742064796),np.float64(0.9289976746630264),1
2022-11-17,np.float64(185960.3653370134),np.float64(0.9287952715200468),1
2022-11-18,np.float64(186744.57597862039),np.float64(0.9290942869292714),1
2022-11-21,np.float64(186113.70261330527),np.float64(0.9288539364059252),1
2022-11-22,np.float64(188440.04814790474),np.float64(0.9297322546242294),1
2022-11-23,np.float64(189544.0765372062),np.float64(0.9301415398267232),1
2022-11-25,np.float64(189504.646951874),np.float64(0.9301270046152608),1
2022-11-28,np.float64(186692.0031981775),np.float64(0.929074319761843),1
2022-11-29,np.float64(186394.09077566757),np.float64(0.9289609597238182),1
2022-11-30,np.float64(191848.5167466211),np.float64(0.9309806635651868),1
2022-12-01,np.float64(191717.08479551377),np.float64(0.9309333472497867),1
2022-12-02,np.float64(191511.174738779),np.float64(0.93085908777952),1
2022-12-05,np.float64(188304.2351317605),np.float64(0.9296815745403191),1
2022-12-06,np.float64(185780.74167050008),np.float64(0.9287264266317788),1
2022-12-07,np.float64(185487.2103130271),np.float64(0.9286136370291566),1
2022-12-08,np.float64(186836.57834439553),np.float64(0.9291292024335441),1
2022-12-09,np.float64(185539.78309347),np.float64(0.9286338643870014),1
2022-12-12,np.float64(188023.84696939826),np.float64(0.9295767130857077),1
2022-12-13,np.float64(189346.92861054523),np.float64(0.9300688032331912),1
2022-12-14,np.float64(188220.99489605922),np.float64(0.9296504764031923),1
2022-12-15,np.float64(183940.6943549977),np.float64(0.9280134427659609),1
2022-12-16,np.float64(181934.77991719788),np.float64(0.9229300727771143),1
2022-12-19,np.float64(180510.93378020197),np.float64(0.9223221554844782),1
2022-12-20,np.float64(180738.74916212133),np.float64(0.9224200659098685),1
2022-12-21,np.float64(183231.57516812338),np.float64(0.9234755241575333),1
2022-12-22,np.float64(180817.60833278572),np.float64(0.922453900497766),1
2022-12-23,np.float64(181777.06157586913),np.float64(0.9228632032778356),1
2022-12-27,np.float64(181115.5207552956),np.float64(0.9225814541511611),1
2022-12-28,np.float64(179038.89592780007),np.float64(0.9216834969023455),1
2022-12-29,np.float64(182009.25802282535),np.float64(0.9229616097562918),1
2022-12-30,np.float64(181566.7704540974),np.float64(0.9227738632324516),1
