session,ticker,side,shares,price,notional,cost,lambda,slot
2023-01-03,AAPL,buy,np.float64(153.51550506601166),np.float64(130.28),np.float64(20000.0),np.float64(0.0),1.0,
2023-01-03,JNJ,buy,np.float64(113.53315168029064),np.float64(176.16),np.float64(20000.0),np.float64(0.0),1.0,
2023-01-03,NVDA,buy,np.float64(134.6710659214868),np.float64(148.51),np.float64(20000.0),np.float64(0.0),1.0,
2023-01-03,PEP,buy,np.float64(110.7481034387286),np.float64(180.59),np.float64(20000.0),np.float64(0.0),1.0,
2023-01-03,WMT,buy,np.float64(140.30164854437038),np.float64(142.55),np.float64(20000.0),np.float64(0.0),1.0,
2023-01-09,AAPL,sell,np.float64(153.51550506601166),np.float64(130.465),np.float64(20028.40036843721),np.float64(0.0),,
2023-01-09,JNJ,sell,np.float64(113.53315168029064),np.float64(179.3),np.float64(20356.494096276114),np.float64(0.0),,
2023-01-09,NVDA,sell,np.float64(134.6710659214868),np.float64(152.84),np.float64(20583.12571544004),np.float64(0.0),,
2023-01-09,WMT,sell,np.float64(140.30164854437038),np.float64(146.32),np.float64(20528.937215012273),np.float64(0.0),,
2023-01-09,ADBE,buy,np.float64(59.88807623467089),np.float64(338.9),np.float64(20296.069035929962),np.float64(0.0),np.float64(0.9999999999999998),
2023-01-09,KO,buy,np.float64(320.6330021473928),np.float64(63.3),np.float64(20296.069035929962),np.float64(0.0),np.float64(0.9999999999999998),
2023-01-09,MSFT,buy,np.float64(89.62715405577374),np.float64(226.45),np.float64(20296.069035929962),np.float64(0.0),np.float64(0.9999999999999998),
2023-01-09,PEP,buy,np.float64(1.7328821294933376),np.float64(180.44),np.float64(312.68125144577783),np.float64(0.0),np.float64(0.9999999999999998),
2023-01-09,TSLA,buy,np.float64(170.61255073915572),np.float64(118.96),np.float64(20296.069035929962),np.float64(0.0),np.float64(0.9999999999999998),
2023-01-17,ADBE,sell,np.float64(59.88807623467089),np.float64(344.38),np.float64(20624.255693695963),np.float64(0.0),,
2023-01-17,MSFT,sell,np.float64(89.62715405577374),np.float64(237.97),np.float64(21328.57385065248),np.float64(0.0),,
2023-01-17,TSLA,sell,np.float64(170.61255073915572),np.float64(125.695),np.float64(21445.144565158178),np.float64(0.0),,
2023-01-17,AVGO,buy,np.float64(35.83377106971907),np.float64(574.9),np.float64(20600.834987981492),np.float64(0.0),1.0,
2023-01-17,JNJ,buy,np.float64(118.39560337920398),np.float64(174.0),np.float64(20600.834987981492),np.float64(0.0),1.0,
2023-01-17,KO,buy,np.float64(13.091847811808476),np.float64(61.73),np.float64(808.1597654229372),np.float64(0.0),1.0,
2023-01-17,PEP,buy,np.float64(4.469539484185062),np.float64(176.15),np.float64(787.3093801391988),np.float64(0.0),1.0,
2023-01-17,WMT,buy,np.float64(141.79114177150177),np.float64(145.29),np.float64(20600.834987981492),np.float64(0.0),1.0,
2023-01-23,AVGO,sell,np.float64(35.83377106971907),np.float64(572.0),np.float64(20496.917051879307),np.float64(0.0),,
2023-01-23,KO,sell,np.float64(333.72484995920126),np.float64(60.28),np.float64(20116.93395554065),np.float64(0.0),,
2023-01-23,CSCO,buy,np.float64(428.33261574252344),np.float64(46.895),np.float64(20086.658015245637),np.float64(0.0),np.float64(0.9999999999999997),
2023-01-23,JNJ,buy,np.float64(0.390073825087235),np.float64(169.1),np.float64(65.96148382225144),np.float64(0.0),np.float64(0.9999999999999997),
2023-01-23,JPM,buy,np.float64(148.66342016242191),np.float64(135.115),np.float64(20086.658015245637),np.float64(0.0),np.float64(0.9999999999999997),
2023-01-23,PEP,buy,np.float64(1.1993368101048854),np.float64(170.01),np.float64(203.89925108593155),np.float64(0.0),np.float64(0.9999999999999997),
2023-01-23,WMT,buy,np.float64(1.215109226972124),np.float64(140.46),np.float64(170.67424202050455),np.float64(0.0),np.float64(0.9999999999999997),
2023-01-30,CSCO,sell,np.float64(428.33261574252344),np.float64(48.14),np.float64(20619.93212184508),np.float64(0.0),,
2023-01-30,JPM,sell,np.float64(148.66342016242191),np.float64(139.23),np.float64(20698.407989214),np.float64(0.0),,
2023-01-30,INTC,buy,np.float64(733.53455401693),np.float64(27.715),np.float64(20329.910164579214),np.float64(0.0),np.float64(0.9999999999999998),
2023-01-30,JNJ,buy,np.float64(2.276135244819826),np.float64(167.93),np.float64(382.23139166259347),np.float64(0.0),np.float64(0.9999999999999998),
2023-01-30,KO,buy,np.float64(335.8095501251935),np.float64(60.54),np.float64(20329.910164579214),np.float64(0.0),np.float64(0.9999999999999998),
2023-01-30,PEP,buy,np.float64(1.592806087654309),np.float64(169.78),np.float64(270.4266175619486),np.float64(0.0),np.float64(0.9999999999999998),
2023-01-30,WMT,buy,np.float64(0.041245234140920684),np.float64(142.12),np.float64(5.861772676107647),np.float64(0.0),np.float64(0.9999999999999998),
2023-02-06,INTC,sell,np.float64(733.53455401693),np.float64(29.55),np.float64(21675.94607120028),np.float64(0.0),,
2023-02-06,JNJ,buy,np.float64(3.586716019407515),np.float64(164.55),np.float64(590.1941209935067),np.float64(0.0),1.0,
2023-02-06,KO,buy,np.float64(7.239711615812173),np.float64(59.79),np.float64(432.8623575094098),np.float64(0.0),1.0,
2023-02-06,PEP,buy,np.float64(1.0945852576500241),np.float64(169.74),np.float64(185.7949016335151),np.float64(0.0),1.0,
2023-02-06,WMT,buy,np.float64(1.578898912602571),np.float64(141.82),np.float64(223.9194437852966),np.float64(0.0),1.0,
2023-02-06,XOM,buy,np.float64(182.54641651383702),np.float64(112.36),np.float64(20510.915359494727),np.float64(0.0),1.0,
2023-02-13,JNJ,sell,np.float64(124.64852846851855),np.float64(161.33),np.float64(20109.5470978261),np.float64(0.0),,
2023-02-13,KO,sell,np.float64(343.04926174100564),np.float64(59.9),np.float64(20548.650778286235),np.float64(0.0),,
2023-02-13,PEP,sell,np.float64(120.83725320781622),np.float64(176.26),np.float64(21298.774250409686),np.float64(0.0),,
2023-02-13,WMT,sell,np.float64(144.62639514521737),np.float64(144.71),np.float64(20928.885641464407),np.float64(0.0),,
2023-02-13,XOM,sell,np.float64(182.54641651383702),np.float64(117.72),np.float64(21489.364152008893),np.float64(0.0),,
2023-02-13,AMZN,buy,np.float64(213.67672796938768),np.float64(97.85),np.float64(20908.267831804584),np.float64(0.0),1.0,
2023-02-13,GOOGL,buy,np.float64(220.69102630150502),np.float64(94.74),np.float64(20908.267831804584),np.float64(0.0),1.0,
2023-02-13,INTC,buy,np.float64(750.2069548548469),np.float64(27.87),np.float64(20908.267831804584),np.float64(0.0),1.0,
2023-02-13,META,buy,np.float64(117.3204715192581),np.float64(178.215),np.float64(20908.267831804584),np.float64(0.0),1.0,
2023-02-13,NFLX,buy,np.float64(59.823370048081784),np.float64(349.5),np.float64(20908.267831804584),np.float64(0.0),1.0,
2023-02-21,AMZN,sell,np.float64(213.67672796938768),np.float64(95.335),np.float64(20370.870860961575),np.float64(0.0),,
2023-02-21,GOOGL,sell,np.float64(220.69102630150502),np.float64(93.0),np.float64(20524.265446039968),np.float64(0.0),,
2023-02-21,INTC,sell,np.float64(750.2069548548469),np.float64(27.11),np.float64(20338.110546114898),np.float64(0.0),,
2023-02-21,META,sell,np.float64(117.3204715192581),np.float64(174.31),np.float64(20450.13139052188),np.float64(0.0),,
2023-02-21,NFLX,sell,np.float64(59.823370048081784),np.float64(342.85),np.float64(20510.44242098484),np.float64(0.0),,
2023-02-21,ADBE,buy,np.float64(58.266617631919246),np.float64(350.78),np.float64(20438.764132924633),np.float64(0.0),np.float64(0.9999999999999999),
2023-02-21,AMD,buy,np.float64(264.9224126108183),np.float64(77.15),np.float64(20438.764132924633),np.float64(0.0),np.float64(0.9999999999999999),
2023-02-21,MSFT,buy,np.float64(80.31579744154602),np.float64(254.48),np.float64(20438.764132924633),np.float64(0.0),np.float64(0.9999999999999999),
2023-02-21,MU,buy,np.float64(350.33877499013767),np.float64(58.34),np.float64(20438.764132924633),np.float64(0.0),np.float64(0.9999999999999999),
2023-02-21,XOM,buy,np.float64(184.44873326346567),np.float64(110.81),np.float64(20438.764132924633),np.float64(0.0),np.float64(0.9999999999999999),
2023-02-27,AMD,sell,np.float64(264.9224126108183),np.float64(79.64),np.float64(21098.42094032557),np.float64(0.0),,
2023-02-27,MSFT,sell,np.float64(80.31579744154602),np.float64(252.46),np.float64(20276.52622209271),np.float64(0.0),,
2023-02-27,MU,sell,np.float64(350.33877499013767),np.float64(59.17),np.float64(20729.545316166445),np.float64(0.0),,
2023-02-27,XOM,sell,np.float64(184.44873326346567),np.float64(110.8),np.float64(20436.919645591996),np.float64(0.0),,
2023-02-27,ADBE,buy,np.float64(4.651479588133776),np.float64(322.02),np.float64(1497.8694569708382),np.float64(0.0),np.float64(0.9999999999999997),
2023-02-27,CSCO,buy,np.float64(413.90981954650596),np.float64(48.95),np.float64(20260.885666801467),np.float64(0.0),np.float64(0.9999999999999997),
2023-02-27,GOOGL,buy,np.float64(225.44659693781534),np.float64(89.87),np.float64(20260.885666801467),np.float64(0.0),np.float64(0.9999999999999997),
2023-02-27,INTC,buy,np.float64(792.9896542779439),np.float64(25.55),np.float64(20260.885666801467),np.float64(0.0),np.float64(0.9999999999999997),
2023-02-27,NFLX,buy,np.float64(62.55869844938236),np.float64(323.87),np.float64(20260.885666801467),np.float64(0.0),np.float64(0.9999999999999997),
2023-03-06,ADBE,sell,np.float64(62.91809722005302),np.float64(344.33),np.float64(21664.588415780854),np.float64(0.0),,
2023-03-06,CSCO,sell,np.float64(413.90981954650596),np.float64(49.455),np.float64(20469.91012567245),np.float64(0.0),,
2023-03-06,GOOGL,sell,np.float64(225.44659693781534),np.float64(94.015),np.float64(21195.36181110871),np.float64(0.0),,
2023-03-06,INTC,sell,np.float64(792.9896542779439),np.float64(26.47),np.float64(20990.436148737175),np.float64(0.0),,
2023-03-06,NFLX,sell,np.float64(62.55869844938236),np.float64(317.0),np.float64(19831.10740845421),np.float64(0.0),,
2023-03-06,COST,buy,np.float64(43.71334001080895),np.float64(476.52),np.float64(20830.280781950678),np.float64(0.0),np.float64(0.9999999999999999),
2023-03-06,JNJ,buy,np.float64(134.6843448981681),np.float64(154.66),np.float64(20830.280781950678),np.float64(0.0),np.float64(0.9999999999999999),
2023-03-06,KO,buy,np.float64(351.50659436298815),np.float64(59.26),np.float64(20830.280781950678),np.float64(0.0),np.float64(0.9999999999999999),
2023-03-06,PEP,buy,np.float64(120.95157810910857),np.float64(172.22),np.float64(20830.280781950678),np.float64(0.0),np.float64(0.9999999999999999),
2023-03-06,WMT,buy,np.float64(148.25822620605464),np.float64(140.5),np.float64(20830.280781950678),np.float64(0.0),np.float64(0.9999999999999999),
2023-03-13,COST,sell,np.float64(43.71334001080895),np.float64(466.8),np.float64(20405.38711704562),np.float64(0.0),,
2023-03-13,JNJ,sell,np.float64(134.6843448981681),np.float64(152.09),np.float64(20484.142015562385),np.float64(0.0),,
2023-03-13,KO,sell,np.float64(351.50659436298815),np.float64(59.29),np.float64(20840.825979781566),np.float64(0.0),,
2023-03-13,PEP,sell,np.float64(120.95157810910857),np.float64(172.76),np.float64(20895.594634129597),np.float64(0.0),,
2023-03-13,WMT,sell,np.float64(148.25822620605464),np.float64(136.68),np.float64(20263.93435784355),np.float64(0.0),,
2023-03-13,CRM,buy,np.float64(120.33904573609675),np.float64(171.0),np.float64(20577.976820872544),np.float64(0.0),1.0,
2023-03-13,JPM,buy,np.float64(156.83238183730313),np.float64(131.21),np.float64(20577.976820872544),np.float64(0.0),1.0,
2023-03-13,ORCL,buy,np.float64(246.97523788853272),np.float64(83.32),np.float64(20577.976820872544),np.float64(0.0),1.0,
2023-03-13,QCOM,buy,np.float64(180.88938836913275),np.float64(113.76),np.float64(20577.976820872544),np.float64(0.0),1.0,
2023-03-13,TSLA,buy,np.float64(122.88660727283474),np.float64(167.455),np.float64(20577.976820872544),np.float64(0.0),1.0,
2023-03-20,CRM,sell,np.float64(120.33904573609675),np.float64(184.21),np.float64(22167.655615046384),np.float64(0.0),,
2023-03-20,ORCL,sell,np.float64(246.97523788853272),np.float64(85.28),np.float64(21062.048287134072),np.float64(0.0),,
2023-03-20,QCOM,sell,np.float64(180.88938836913275),np.float64(120.77),np.float64(21846.01143334016),np.float64(0.0),,
2023-03-20,TSLA,sell,np.float64(122.88660727283474),np.float64(178.08),np.float64(21883.64702314641),np.float64(0.0),,
2023-03-20,JNJ,buy,np.float64(140.19217751450927),np.float64(152.47),np.float64(21375.10130563723),np.float64(0.0),np.float64(0.9999999999999998),
2023-03-20,JPM,buy,np.float64(11.488756091960845),np.float64(126.99),np.float64(1458.9571361181077),np.float64(0.0),np.float64(0.9999999999999998),
2023-03-20,KO,buy,np.float64(355.3042105325337),np.float64(60.16),np.float64(21375.10130563723),np.float64(0.0),np.float64(0.9999999999999998),
2023-03-20,PEP,buy,np.float64(121.10538983363868),np.float64(176.5),np.float64(21375.10130563723),np.float64(0.0),np.float64(0.9999999999999998),
2023-03-20,XOM,buy,np.float64(214.54482892338882),np.float64(99.63),np.float64(21375.10130563723),np.float64(0.0),np.float64(0.9999999999999998),
2023-03-27,KO,sell,np.float64(355.3042105325337),np.float64(61.14),np.float64(21723.299431959113),np.float64(0.0),,
2023-03-27,PEP,sell,np.float64(121.10538983363868),np.float64(179.575),np.float64(21747.500379375666),np.float64(0.0),,
2023-03-27,XOM,sell,np.float64(214.54482892338882),np.float64(104.74),np.float64(22471.425381435743),np.float64(0.0),,
2023-03-27,AMAT,buy,np.float64(180.37481746345213),np.float64(120.75),np.float64(21780.259208711846),np.float64(0.0),np.float64(0.9999999999999998),
2023-03-27,CSCO,buy,np.float64(429.5909114144348),np.float64(50.7),np.float64(21780.259208711846),np.float64(0.0),np.float64(0.9999999999999998),
2023-03-27,INTC,buy,np.float64(741.5818593364605),np.float64(29.37),np.float64(21780.259208711846),np.float64(0.0),np.float64(0.9999999999999998),
2023-03-27,JNJ,buy,np.float64(1.0546396626103869),np.float64(154.2),np.float64(162.62543597452165),np.float64(0.0),np.float64(0.9999999999999998),
2023-03-27,JPM,buy,np.float64(3.4610153061003874),np.float64(126.79),np.float64(438.82213066046813),np.float64(0.0),np.float64(0.9999999999999998),
2023-04-03,AMAT,sell,np.float64(180.37481746345213),np.float64(121.63),np.float64(21938.989048079682),np.float64(0.0),,
2023-04-03,CSCO,sell,np.float64(429.5909114144348),np.float64(52.06),np.float64(22364.502848235476),np.float64(0.0),,
2023-04-03,INTC,sell,np.float64(741.5818593364605),np.float64(32.94),np.float64(24427.70644654301),np.float64(0.0),,
2023-04-03,JPM,sell,np.float64(171.78215323536438),np.float64(129.91),np.float64(22316.219526806184),np.float64(0.0),,
2023-04-03,COST,buy,np.float64(45.49188809315571),np.float64(496.5),np.float64(22586.72243825181),np.float64(0.0),1.0,
2023-04-03,GOOGL,buy,np.float64(220.59500379189188),np.float64(102.39),np.float64(22586.72243825181),np.float64(0.0),1.0,
2023-04-03,JNJ,buy,np.float64(4.520994621859453),np.float64(154.95),np.float64(700.5281166571222),np.float64(0.0),1.0,
2023-04-03,MU,buy,np.float64(377.6728106053308),np.float64(59.805),np.float64(22586.72243825181),np.float64(0.0),1.0,
2023-04-03,PEP,buy,np.float64(124.1710964169973),np.float64(181.9),np.float64(22586.72243825181),np.float64(0.0),1.0,
2023-04-10,COST,sell,np.float64(45.49188809315571),np.float64(483.9),np.float64(22013.524648278046),np.float64(0.0),,
2023-04-10,GOOGL,sell,np.float64(220.59500379189188),np.float64(106.98),np.float64(23599.253505656594),np.float64(0.0),,
2023-04-10,JNJ,sell,np.float64(145.7678117989791),np.float64(164.63),np.float64(23997.754856465926),np.float64(0.0),,
2023-04-10,PEP,sell,np.float64(124.1710964169973),np.float64(183.83),np.float64(22826.372654336614),np.float64(0.0),,
2023-04-10,AMAT,buy,np.float64(205.54167438568675),np.float64(112.47),np.float64(23117.272118158187),np.float64(0.0),1.0,
2023-04-10,AMD,buy,np.float64(253.14577439945455),np.float64(91.32),np.float64(23117.272118158187),np.float64(0.0),1.0,
2023-04-10,AVGO,buy,np.float64(37.4035630097212),np.float64(618.05),np.float64(23117.272118158187),np.float64(0.0),1.0,
2023-04-10,MU,buy,np.float64(0.18387651722862994),np.float64(61.18),np.float64(11.24956532404758),np.float64(0.0),1.0,
2023-04-10,QCOM,buy,np.float64(189.34615544400185),np.float64(122.09),np.float64(23117.272118158187),np.float64(0.0),1.0,
2023-04-17,AMAT,sell,np.float64(205.54167438568675),np.float64(109.22),np.float64(22449.261676404705),np.float64(0.0),,
2023-04-17,AMD,sell,np.float64(253.14577439945455),np.float64(90.23),np.float64(22841.343224062784),np.float64(0.0),,
2023-04-17,AVGO,sell,np.float64(37.4035630097212),np.float64(618.61),np.float64(23138.218113443636),np.float64(0.0),,
2023-04-17,MU,sell,np.float64(377.85668712255944),np.float64(62.22),np.float64(23510.243072765647),np.float64(0.0),,
2023-04-17,CSCO,buy,np.float64(452.910892344623),np.float64(50.56),np.float64(22899.17471694414),np.float64(0.0),np.float64(0.9999999999999999),
2023-04-17,INTC,buy,np.float64(716.71908347243),np.float64(31.95),np.float64(22899.17471694414),np.float64(0.0),np.float64(0.9999999999999999),
2023-04-17,MSFT,buy,np.float64(78.98173599470265),np.float64(289.93),np.float64(22899.17471694414),np.float64(0.0),np.float64(0.9999999999999999),
2023-04-17,QCOM,buy,np.float64(2.873895902796967),np.float64(119.13),np.float64(342.36721890020266),np.float64(0.0),np.float64(0.9999999999999999),
2023-04-17,WMT,buy,np.float64(154.05795692239062),np.float64(148.64),np.float64(22899.17471694414),np.float64(0.0),np.float64(0.9999999999999999),
2023-04-24,MSFT,sell,np.float64(78.98173599470265),np.float64(282.09),np.float64(22279.95790674567),np.float64(0.0),,
2023-04-24,QCOM,sell,np.float64(192.2200513467988),np.float64(117.82),np.float64(22647.366449679834),np.float64(0.0),,
2023-04-24,WMT,sell,np.float64(154.05795692239062),np.float64(151.71),np.float64(23372.13264469588),np.float64(0.0),,
2023-04-24,CSCO,buy,np.float64(19.79329669240244),np.float64(47.05),np.float64(931.2746093775347),np.float64(0.0),np.float64(0.9999999999999998),
2023-04-24,GOOGL,buy,np.float64(210.83261061894058),np.float64(105.49),np.float64(22240.73209419204),np.float64(0.0),np.float64(0.9999999999999998),
2023-04-24,INTC,buy,np.float64(21.439963795809046),np.float64(30.13),np.float64(645.9861091677266),np.float64(0.0),np.float64(0.9999999999999998),
2023-04-24,NFLX,buy,np.float64(67.35533644516063),np.float64(330.2),np.float64(22240.73209419204),np.float64(0.0),np.float64(0.9999999999999998),
2023-04-24,TSLA,buy,np.float64(135.07884660912262),np.float64(164.65),np.float64(22240.73209419204),np.float64(0.0),np.float64(0.9999999999999998),
2023-05-01,CSCO,sell,np.float64(472.70418903702546),np.float64(47.2),np.float64(22311.637722547603),np.float64(0.0),,
2023-05-01,GOOGL,sell,np.float64(210.83261061894058),np.float64(106.84),np.float64(22525.356118527612),np.float64(0.0),,
2023-05-01,INTC,sell,np.float64(738.1590472682391),np.float64(31.11),np.float64(22964.127960514918),np.float64(0.0),,
2023-05-01,NFLX,sell,np.float64(67.35533644516063),np.float64(329.435),np.float64(22189.205261811494),np.float64(0.0),,
2023-05-01,TSLA,sell,np.float64(135.07884660912262),np.float64(163.17),np.float64(22040.815401210537),np.float64(0.0),,
2023-05-01,AVGO,buy,np.float64(35.764131672661506),np.float64(626.5),np.float64(22406.228492922433),np.float64(0.0),np.float64(0.9999999999999999),
2023-05-01,COST,buy,np.float64(44.88876789126001),np.float64(499.15),np.float64(22406.228492922433),np.float64(0.0),np.float64(0.9999999999999999),
2023-05-01,JPM,buy,np.float64(157.5019576333645),np.float64(142.26),np.float64(22406.228492922433),np.float64(0.0),np.float64(0.9999999999999999),
2023-05-01,KO,buy,np.float64(349.2786982528828),np.float64(64.15),np.float64(22406.228492922433),np.float64(0.0),np.float64(0.9999999999999999),
2023-05-01,WMT,buy,np.float64(148.34632211945467),np.float64(151.04),np.float64(22406.228492922433),np.float64(0.0),np.float64(0.9999999999999999),
2023-05-08,AVGO,sell,np.float64(35.764131672661506),np.float64(629.78),np.float64(22523.53484480876),np.float64(0.0),,
2023-05-08,COST,sell,np.float64(44.88876789126001),np.float64(497.37),np.float64(22326.326486075992),np.float64(0.0),,
2023-05-08,JPM,sell,np.float64(157.5019576333645),np.float64(137.49),np.float64(21654.944155011286),np.float64(0.0),,
2023-05-08,KO,sell,np.float64(349.2786982528828),np.float64(63.81),np.float64(22287.473735516454),np.float64(0.0),,
2023-05-08,WMT,sell,np.float64(148.34632211945467),np.float64(151.27),np.float64(22440.34814700991),np.float64(0.0),,
2023-05-08,ADBE,buy,np.float64(64.00170765245953),np.float64(348.0),np.float64(22272.594263055915),np.float64(0.0),1.0,
2023-05-08,CSCO,buy,np.float64(479.59935966959335),np.float64(46.44),np.float64(22272.594263055915),np.float64(0.0),1.0,
2023-05-08,MU,buy,np.float64(363.6341920498925),np.float64(61.25),np.float64(22272.594263055915),np.float64(0.0),1.0,
2023-05-08,QCOM,buy,np.float64(205.51413391516414),np.float64(108.375),np.float64(22272.594263055915),np.float64(0.0),1.0,
2023-05-08,XOM,buy,np.float64(201.56193903218022),np.float64(110.5),np.float64(22272.594263055915),np.float64(0.0),1.0,
2023-05-15,CSCO,sell,np.float64(479.59935966959335),np.float64(46.8),np.float64(22445.25003253697),np.float64(0.0),,
2023-05-15,MU,sell,np.float64(363.6341920498925),np.float64(62.23),np.float64(22628.95577126481),np.float64(0.0),,
2023-05-15,ADBE,buy,np.float64(0.8801953961256453),np.float64(337.35),np.float64(296.93391688298647),np.float64(0.0),np.float64(0.9999999999999999),
2023-05-15,INTC,buy,np.float64(757.3671278006992),np.float64(28.9),np.float64(21887.909993440207),np.float64(0.0),np.float64(0.9999999999999999),
2023-05-15,JNJ,buy,np.float64(136.11884324278736),np.float64(160.8),np.float64(21887.909993440207),np.float64(0.0),np.float64(0.9999999999999999),
2023-05-15,QCOM,buy,np.float64(5.433340963789321),np.float64(103.76),np.float64(563.76345840278),np.float64(0.0),np.float64(0.9999999999999999),
2023-05-15,XOM,buy,np.float64(5.886738756088298),np.float64(105.51),np.float64(621.1098061548763),np.float64(0.0),np.float64(0.9999999999999999),
2023-05-22,ADBE,sell,np.float64(64.88190304858517),np.float64(371.25),np.float64(24087.406506787247),np.float64(0.0),,
2023-05-22,INTC,sell,np.float64(757.3671278006992),np.float64(29.85),np.float64(22607.408764850872),np.float64(0.0),,
2023-05-22,QCOM,sell,np.float64(210.94747487895347),np.float64(103.672),np.float64(21869.346615650862),np.float64(0.0),,
2023-05-22,XOM,sell,np.float64(207.44867778826853),np.float64(105.84),np.float64(21956.368057110343),np.float64(0.0),,
2023-05-22,COST,buy,np.float64(45.146595010148346),np.float64(497.0),np.float64(22437.85772004373),np.float64(0.0),1.0,
2023-05-22,JNJ,buy,np.float64(5.8929144790083825),np.float64(158.0),np.float64(931.0804876833245),np.float64(0.0),1.0,
2023-05-22,KO,buy,np.float64(357.3760885568803),np.float64(62.785),np.float64(22437.85772004373),np.float64(0.0),1.0,
2023-05-22,PEP,buy,np.float64(117.35895036374146),np.float64(191.19),np.float64(22437.85772004373),np.float64(0.0),1.0,
2023-05-22,WMT,buy,np.float64(149.88548911184856),np.float64(149.7),np.float64(22437.85772004373),np.float64(0.0),1.0,
2023-05-30,COST,sell,np.float64(45.146595010148346),np.float64(509.785),np.float64(23015.056937248475),np.float64(0.0),,
2023-05-30,AAPL,buy,np.float64(123.9255958415356),np.float64(176.96),np.float64(21929.87344011814),np.float64(0.0),1.0,
2023-05-30,JNJ,buy,np.float64(0.4177638740874979),np.float64(153.97),np.float64(64.32310369325205),np.float64(0.0),1.0,
2023-05-30,KO,buy,np.float64(7.574376414298594),np.float64(60.09),np.float64(455.14427873520253),np.float64(0.0),1.0,
2023-05-30,PEP,buy,np.float64(3.0984577827974467),np.float64(182.055),np.float64(564.0897316471892),np.float64(0.0),1.0,
2023-05-30,WMT,buy,np.float64(0.011116767291129658),np.float64(146.3),np.float64(1.626383054692269),np.float64(0.0),1.0,
2023-06-05,AAPL,sell,np.float64(123.9255958415356),np.float64(182.63),np.float64(22632.531568539645),np.float64(0.0),,
2023-06-05,WMT,sell,np.float64(0.05545093350145304),np.float64(149.37),np.float64(8.282705937112041),np.float64(0.0),,
2023-06-05,JNJ,buy,np.float64(0.356911030783353),np.float64(156.75),np.float64(55.94580407529059),np.float64(0.0),np.float64(0.9999999999999989),
2023-06-05,KO,buy,np.float64(1.9638516555422039),np.float64(61.0),np.float64(119.79495098807443),np.float64(0.0),np.float64(0.9999999999999989),
2023-06-05,PEP,buy,np.float64(1.281908221315231),np.float64(183.85),np.float64(235.67882648880524),np.float64(0.0),np.float64(0.9999999999999989),
2023-06-05,XOM,buy,np.float64(208.80467687498796),np.float64(107.19),np.float64(22381.77331422996),np.float64(0.0),np.float64(0.9999999999999989),
2023-06-12,JNJ,sell,np.float64(142.78643262666657),np.float64(160.0),np.float64(22845.82922026665),np.float64(0.0),,
2023-06-12,WMT,sell,np.float64(149.84115494563824),np.float64(153.43),np.float64(22990.128403309274),np.float64(0.0),,
2023-06-12,XOM,sell,np.float64(208.80467687498796),np.float64(105.81),np.float64(22093.622860142477),np.float64(0.0),,
2023-06-12,GOOGL,buy,np.float64(183.0469955973468),np.float64(122.785),np.float64(22475.425354420226),np.float64(0.0),np.float64(0.9999999999999998),
2023-06-12,KO,buy,np.float64(4.02850156803429),np.float64(60.59),np.float64(244.08691000719767),np.float64(0.0),np.float64(0.9999999999999998),
2023-06-12,MSFT,buy,np.float64(68.40168407821604),np.float64(328.58),np.float64(22475.425354420226),np.float64(0.0),np.float64(0.9999999999999998),
2023-06-12,MU,buy,np.float64(341.36429760662554),np.float64(65.84),np.float64(22475.425354420226),np.float64(0.0),np.float64(0.9999999999999998),
2023-06-12,PEP,buy,np.float64(1.4204477530304445),np.float64(182.49),np.float64(259.2175104505258),np.float64(0.0),np.float64(0.9999999999999998),
2023-06-20,GOOGL,sell,np.float64(183.0469955973468),np.float64(122.93),np.float64(22501.967168781845),np.float64(0.0),,
2023-06-20,KO,sell,np.float64(370.9428181947554),np.float64(61.59),np.float64(22846.368172614984),np.float64(0.0),,
2023-06-20,MSFT,sell,np.float64(68.40168407821604),np.float64(339.31),np.float64(23209.375424579484),np.float64(0.0),,
2023-06-20,MU,sell,np.float64(341.36429760662554),np.float64(67.315),np.float64(22978.93769339),np.float64(0.0),,
2023-06-20,PEP,sell,np.float64(0.2032887752796312),np.float64(186.54),np.float64(37.921488140662404),np.float64(0.0),,
2023-06-20,COST,buy,np.float64(43.943482921676676),np.float64(521.95),np.float64(22936.300910969145),np.float64(0.0),np.float64(0.9999999999999999),
2023-06-20,CRM,buy,np.float64(109.9271550969046),np.float64(208.65),np.float64(22936.300910969145),np.float64(0.0),np.float64(0.9999999999999999),
2023-06-20,WMT,buy,np.float64(148.26309573994277),np.float64(154.7),np.float64(22936.300910969145),np.float64(0.0),np.float64(0.9999999999999999),
2023-06-20,XOM,buy,np.float64(219.10872096837164),np.float64(104.68),np.float64(22936.300910969145),np.float64(0.0),np.float64(0.9999999999999999),
2023-06-26,COST,sell,np.float64(43.943482921676676),np.float64(524.4),np.float64(23043.962444127246),np.float64(0.0),,
2023-06-26,CRM,sell,np.float64(109.9271550969046),np.float64(209.02),np.float64(22976.973958355),np.float64(0.0),,
2023-06-26,PEP,sell,np.float64(122.95647534560496),np.float64(186.16),np.float64(22889.57745033782),np.float64(0.0),,
2023-06-26,WMT,sell,np.float64(148.26309573994277),np.float64(155.65),np.float64(23077.15085192209),np.float64(0.0),,
2023-06-26,XOM,sell,np.float64(219.10872096837164),np.float64(102.2),np.float64(22392.911282967583),np.float64(0.0),,
2023-06-26,AMD,buy,np.float64(206.18400358307298),np.float64(110.95),np.float64(22876.11519754195),np.float64(0.0),1.0,
2023-06-26,AVGO,buy,np.float64(27.72862448186903),np.float64(825.0),np.float64(22876.11519754195),np.float64(0.0),1.0,
2023-06-26,INTC,buy,np.float64(689.2472189678201),np.float64(33.19),np.float64(22876.11519754195),np.float64(0.0),1.0,
2023-06-26,ORCL,buy,np.float64(193.88181369219382),np.float64(117.99),np.float64(22876.11519754195),np.float64(0.0),1.0,
2023-06-26,QCOM,buy,np.float64(199.68675975507986),np.float64(114.56),np.float64(22876.11519754195),np.float64(0.0),1.0,
2023-07-03,AMD,sell,np.float64(206.18400358307298),np.float64(115.16),np.float64(23744.149852626684),np.float64(0.0),,
2023-07-03,AVGO,sell,np.float64(27.72862448186903),np.float64(868.62),np.float64(24085.637797441075),np.float64(0.0),,
2023-07-03,INTC,sell,np.float64(689.2472189678201),np.float64(33.54),np.float64(23117.351724180688),np.float64(0.0),,
2023-07-03,ORCL,sell,np.float64(193.88181369219382),np.float64(118.01),np.float64(22879.99283381579),np.float64(0.0),,
2023-07-03,QCOM,sell,np.float64(199.68675975507986),np.float64(119.27),np.float64(23816.639835988375),np.float64(0.0),,
2023-07-03,GOOGL,buy,np.float64(197.32266360961526),np.float64(119.24),np.float64(23528.754408810524),np.float64(0.0),1.0,
2023-07-03,JNJ,buy,np.float64(143.1711963539645),np.float64(164.34),np.float64(23528.754408810524),np.float64(0.0),1.0,
2023-07-03,KO,buy,np.float64(391.42828828498625),np.float64(60.11),np.float64(23528.754408810524),np.float64(0.0),1.0,
2023-07-03,MU,buy,np.float64(370.88200518301585),np.float64(63.44),np.float64(23528.754408810524),np.float64(0.0),1.0,
2023-07-03,PEP,buy,np.float64(127.66551496912926),np.float64(184.3),np.float64(23528.754408810524),np.float64(0.0),1.0,
2023-07-10,GOOGL,sell,np.float64(197.32266360961526),np.float64(118.3),np.float64(23343.271105017484),np.float64(0.0),,
2023-07-10,KO,sell,np.float64(391.42828828498625),np.float64(59.97),np.float64(23473.954448450626),np.float64(0.0),,
2023-07-10,PEP,sell,np.float64(127.66551496912926),np.float64(184.07),np.float64(23499.391340367623),np.float64(0.0),,
2023-07-10,AMAT,buy,np.float64(165.6087424873391),np.float64(139.78),np.float64(23148.790024880258),np.float64(0.0),1.0,
2023-07-10,JNJ,buy,np.float64(2.0260063361205543),np.float64(159.43),np.float64(323.00619016769997),np.float64(0.0),1.0,
2023-07-10,MU,buy,np.float64(9.698184293026195),np.float64(60.825),np.float64(589.8920596233183),np.float64(0.0),1.0,
2023-07-10,ORCL,buy,np.float64(202.56204081974323),np.float64(114.28),np.float64(23148.790024880258),np.float64(0.0),1.0,
2023-07-10,XOM,buy,np.float64(224.8110131580097),np.float64(102.97),np.float64(23148.790024880258),np.float64(0.0),1.0,
2023-07-17,AMAT,sell,np.float64(165.6087424873391),np.float64(142.98),np.float64(23678.73800083974),np.float64(0.0),,
2023-07-17,MU,sell,np.float64(380.58018947604205),np.float64(63.8),np.float64(24281.016088571483),np.float64(0.0),,
2023-07-17,ORCL,sell,np.float64(202.56204081974323),np.float64(118.85),np.float64(24074.49855142648),np.float64(0.0),,
2023-07-17,AAPL,buy,np.float64(122.93225203979304),np.float64(191.9),np.float64(23590.699166436287),np.float64(0.0),1.0,
2023-07-17,CSCO,buy,np.float64(469.9342463433523),np.float64(50.2),np.float64(23590.699166436287),np.float64(0.0),1.0,
2023-07-17,JNJ,buy,np.float64(2.4754055505176886),np.float64(159.75),np.float64(395.44603669520075),np.float64(0.0),1.0,
2023-07-17,WMT,buy,np.float64(152.789502373292),np.float64(154.4),np.float64(23590.699166436287),np.float64(0.0),1.0,
2023-07-17,XOM,buy,np.float64(9.409590162445898),np.float64(100.72),np.float64(947.7339211615508),np.float64(0.0),1.0,
2023-07-24,AAPL,sell,np.float64(122.93225203979304),np.float64(193.41),np.float64(23776.32686701637),np.float64(0.0),,
2023-07-24,CSCO,sell,np.float64(469.9342463433523),np.float64(52.69),np.float64(24760.835439831233),np.float64(0.0),,
2023-07-24,JNJ,sell,np.float64(147.67260824060273),np.float64(171.5),np.float64(25325.852313263367),np.float64(0.0),,
2023-07-24,WMT,sell,np.float64(152.789502373292),np.float64(158.45),np.float64(24209.496651048117),np.float64(0.0),,
2023-07-24,XOM,sell,np.float64(234.2206033204556),np.float64(104.36),np.float64(24443.262162522748),np.float64(0.0),,
2023-07-24,AMAT,buy,np.float64(178.0752520838399),np.float64(137.6),np.float64(24503.15468673637),np.float64(0.0),1.0,
2023-07-24,AMZN,buy,np.float64(188.04462366552602),np.float64(130.305),np.float64(24503.15468673637),np.float64(0.0),1.0,
2023-07-24,GOOGL,buy,np.float64(201.40682793635023),np.float64(121.66),np.float64(24503.15468673637),np.float64(0.0),1.0,
2023-07-24,META,buy,np.float64(82.84250012420168),np.float64(295.78),np.float64(24503.15468673637),np.float64(0.0),1.0,
2023-07-24,TSLA,buy,np.float64(95.7715641459307),np.float64(255.85),np.float64(24503.15468673637),np.float64(0.0),1.0,
2023-07-31,AMAT,sell,np.float64(178.0752520838399),np.float64(151.93),np.float64(27054.973049097796),np.float64(0.0),,
2023-07-31,AMZN,sell,np.float64(188.04462366552602),np.float64(133.2),np.float64(25047.543872248065),np.float64(0.0),,
2023-07-31,GOOGL,sell,np.float64(201.40682793635023),np.float64(132.73),np.float64(26732.728271991764),np.float64(0.0),,
2023-07-31,META,sell,np.float64(82.84250012420168),np.float64(323.69),np.float64(26815.28886520284),np.float64(0.0),,
2023-07-31,TSLA,sell,np.float64(95.7715641459307),np.float64(267.48),np.float64(25616.977977753544),np.float64(0.0),,
2023-07-31,CSCO,buy,np.float64(506.4333026091589),np.float64(51.84),np.float64(26253.5024072588),np.float64(0.0),1.0,
2023-07-31,KO,buy,np.float64(420.3923523980592),np.float64(62.45),np.float64(26253.5024072588),np.float64(0.0),1.0,
2023-07-31,MSFT,buy,np.float64(77.92206579383473),np.float64(336.92),np.float64(26253.5024072588),np.float64(0.0),1.0,
2023-07-31,PEP,buy,np.float64(138.57747377808815),np.float64(189.45),np.float64(26253.5024072588),np.float64(0.0),1.0,
2023-07-31,WMT,buy,np.float64(164.12542140071767),np.float64(159.96),np.float64(26253.5024072588),np.float64(0.0),1.0,
2023-08-07,CSCO,sell,np.float64(506.4333026091589),np.float64(52.97),np.float64(26825.772039207146),np.float64(0.0),,
2023-08-07,KO,sell,np.float64(420.3923523980592),np.float64(60.79),np.float64(25555.651102278018),np.float64(0.0),,
2023-08-07,MSFT,sell,np.float64(77.92206579383473),np.float64(328.37),np.float64(25587.26874472151),np.float64(0.0),,
2023-08-07,WMT,sell,np.float64(164.12542140071767),np.float64(159.5),np.float64(26178.00471341447),np.float64(0.0),,
2023-08-07,AAPL,buy,np.float64(142.56007350927945),np.float64(182.13),np.float64(25964.466188245064),np.float64(0.0),1.0,
2023-08-07,CRM,buy,np.float64(120.59108349935006),np.float64(215.31),np.float64(25964.466188245064),np.float64(0.0),1.0,
2023-08-07,META,buy,np.float64(82.89265456132894),np.float64(313.23),np.float64(25964.466188245064),np.float64(0.0),1.0,
2023-08-07,PEP,buy,np.float64(1.5588938182258893),np.float64(185.28),np.float64(288.83184664089276),np.float64(0.0),1.0,
2023-08-07,QCOM,buy,np.float64(212.45778731891878),np.float64(122.21),np.float64(25964.466188245064),np.float64(0.0),1.0,
2023-08-14,AAPL,sell,np.float64(142.56007350927945),np.float64(177.97),np.float64(25371.416282446462),np.float64(0.0),,
2023-08-14,CRM,sell,np.float64(120.59108349935006),np.float64(207.9),np.float64(25070.88625951488),np.float64(0.0),,
2023-08-14,META,sell,np.float64(82.89265456132894),np.float64(300.98),np.float64(24949.031169868787),np.float64(0.0),,
2023-08-14,PEP,sell,np.float64(140.13636759631405),np.float64(184.39),np.float64(25839.744821084343),np.float64(0.0),,
2023-08-14,AMD,buy,np.float64(235.05383750901206),np.float64(106.75),np.float64(25091.997154087036),np.float64(0.0),1.0,
2023-08-14,AVGO,buy,np.float64(30.190219525329415),np.float64(831.13),np.float64(25091.997154087036),np.float64(0.0),1.0,
2023-08-14,MU,buy,np.float64(389.80887298566154),np.float64(64.37),np.float64(25091.997154087036),np.float64(0.0),1.0,
2023-08-14,NVDA,buy,np.float64(61.976972667309774),np.float64(404.86),np.float64(25091.997154087036),np.float64(0.0),1.0,
2023-08-14,QCOM,buy,np.float64(7.879384740152491),np.float64(113.88),np.float64(897.3043342085657),np.float64(0.0),1.0,
2023-08-21,AMD,sell,np.float64(235.05383750901206),np.float64(106.2),np.float64(24962.71754345708),np.float64(0.0),,
2023-08-21,AVGO,sell,np.float64(30.190219525329415),np.float64(834.06),np.float64(25180.45449729625),np.float64(0.0),,
2023-08-21,MU,sell,np.float64(389.80887298566154),np.float64(63.68),np.float64(24823.02903172693),np.float64(0.0),,
2023-08-21,NVDA,sell,np.float64(61.976972667309774),np.float64(444.94),np.float64(27576.03421859281),np.float64(0.0),,
2023-08-21,QCOM,sell,np.float64(220.33717205907126),np.float64(109.84),np.float64(24201.83497896839),np.float64(0.0),,
2023-08-21,INTC,buy,np.float64(777.570983251788),np.float64(32.6),np.float64(25348.81405400829),np.float64(0.0),np.float64(0.9999999999999999),
2023-08-21,JPM,buy,np.float64(169.38733079858528),np.float64(149.65),np.float64(25348.81405400829),np.float64(0.0),np.float64(0.9999999999999999),
2023-08-21,META,buy,np.float64(89.42957859942949),np.float64(283.45),np.float64(25348.81405400829),np.float64(0.0),np.float64(0.9999999999999999),
2023-08-21,PEP,buy,np.float64(142.6254096326354),np.float64(177.73),np.float64(25348.81405400829),np.float64(0.0),np.float64(0.9999999999999999),
2023-08-21,TSLA,buy,np.float64(114.41515123370259),np.float64(221.5512),np.float64(25348.81405400829),np.float64(0.0),np.float64(0.9999999999999999),
2023-08-28,INTC,sell,np.float64(777.570983251788),np.float64(33.5),np.float64(26048.627938934897),np.float64(0.0),,
2023-08-28,META,sell,np.float64(89.42957859942949),np.float64(288.0),np.float64(25755.718636635695),np.float64(0.0),,
2023-08-28,PEP,sell,np.float64(142.6254096326354),np.float64(180.82),np.float64(25789.526569773134),np.float64(0.0),,
2023-08-28,TSLA,sell,np.float64(114.41515123370259),np.float64(242.58),np.float64(27754.827386271576),np.float64(0.0),,
2023-08-28,COST,buy,np.float64(48.63626452894123),np.float64(536.0),np.float64(26069.0377875125),np.float64(0.0),np.float64(0.9999999999999998),
2023-08-28,JNJ,buy,np.float64(157.99416840916666),np.float64(165.0),np.float64(26069.0377875125),np.float64(0.0),np.float64(0.9999999999999998),
2023-08-28,JPM,buy,np.float64(7.268071976453755),np.float64(147.57),np.float64(1072.5493815652806),np.float64(0.0),np.float64(0.9999999999999998),
2023-08-28,KO,buy,np.float64(430.5373705617259),np.float64(60.55),np.float64(26069.0377875125),np.float64(0.0),np.float64(0.9999999999999998),
2023-08-28,XOM,buy,np.float64(240.37840283552327),np.float64(108.45),np.float64(26069.0377875125),np.float64(0.0),np.float64(0.9999999999999998),
2023-09-05,COST,sell,np.float64(0.6847367174428333),np.float64(545.73),np.float64(373.6813688100774),np.float64(0.0),,
2023-09-05,XOM,sell,np.float64(240.37840283552327),np.float64(114.1),np.float64(27427.175763533203),np.float64(0.0),,
2023-09-05,JNJ,buy,np.float64(4.989060742359384),np.float64(160.56),np.float64(801.0435927932227),np.float64(0.0),np.float64(0.9999999999999996),
2023-09-05,JPM,buy,np.float64(1.1686477316816841),np.float64(147.16),np.float64(171.97820019427664),np.float64(0.0),np.float64(0.9999999999999996),
2023-09-05,KO,buy,np.float64(11.126549650409574),np.float64(59.25),np.float64(659.2480667867673),np.float64(0.0),np.float64(0.9999999999999996),
2023-09-05,PEP,buy,np.float64(149.30868840081598),np.float64(175.265),np.float64(26168.587272569013),np.float64(0.0),np.float64(0.9999999999999996),
2023-09-11,COST,sell,np.float64(47.9515278114984),np.float64(552.81),np.float64(26508.08408947443),np.float64(0.0),,
2023-09-11,JNJ,sell,np.float64(162.98322915152605),np.float64(161.06),np.float64(26250.078887144784),np.float64(0.0),,
2023-09-11,JPM,sell,np.float64(177.82405050672074),np.float64(144.75),np.float64(25740.031310847826),np.float64(0.0),,
2023-09-11,PEP,sell,np.float64(149.30868840081598),np.float64(176.83),np.float64(26402.255369916293),np.float64(0.0),,
2023-09-11,AAPL,buy,np.float64(145.15868561978348),np.float64(180.07),np.float64(26138.72451955441),np.float64(0.0),1.0,
2023-09-11,AVGO,buy,np.float64(30.087047802703143),np.float64(868.77),np.float64(26138.72451955441),np.float64(0.0),1.0,
2023-09-11,KO,buy,np.float64(5.916979095303049),np.float64(58.4),np.float64(345.55157916569806),np.float64(0.0),1.0,
2023-09-11,NVDA,buy,np.float64(56.6410776622051),np.float64(461.48),np.float64(26138.72451955441),np.float64(0.0),1.0,
2023-09-11,QCOM,buy,np.float64(234.9125956641899),np.float64(111.27),np.float64(26138.72451955441),np.float64(0.0),1.0,
2023-09-18,AAPL,sell,np.float64(145.15868561978348),np.float64(176.48),np.float64(25617.604838179388),np.float64(0.0),,
2023-09-18,AVGO,sell,np.float64(30.087047802703143),np.float64(842.58),np.float64(25350.744737601617),np.float64(0.0),,
2023-09-18,KO,sell,np.float64(447.58089930743853),np.float64(57.98),np.float64(25950.740541845284),np.float64(0.0),,
2023-09-18,NVDA,sell,np.float64(56.6410776622051),np.float64(427.48),np.float64(24212.92787903944),np.float64(0.0),,
2023-09-18,QCOM,sell,np.float64(234.9125956641899),np.float64(112.89),np.float64(26519.2829245304),np.float64(0.0),,
2023-09-18,ADBE,buy,np.float64(48.77904283802054),np.float64(524.23),np.float64(25571.43762697551),np.float64(0.0),np.float64(0.9999999999999999),
2023-09-18,AMAT,buy,np.float64(185.46154356669211),np.float64(137.88),np.float64(25571.43762697551),np.float64(0.0),np.float64(0.9999999999999999),
2023-09-18,CRM,buy,np.float64(119.18082413765617),np.float64(214.56),np.float64(25571.43762697551),np.float64(0.0),np.float64(0.9999999999999999),
2023-09-18,NFLX,buy,np.float64(64.65597377237802),np.float64(395.5),np.float64(25571.43762697551),np.float64(0.0),np.float64(0.9999999999999999),
2023-09-18,ORCL,buy,np.float64(225.45792300278177),np.float64(113.42),np.float64(25571.43762697551),np.float64(0.0),np.float64(0.9999999999999999),
2023-09-25,ADBE,sell,np.float64(48.77904283802054),np.float64(511.45),np.float64(24948.041459505603),np.float64(0.0),,
2023-09-25,AMAT,sell,np.float64(185.46154356669211),np.float64(135.89),np.float64(25202.36915527779),np.float64(0.0),,
2023-09-25,CRM,sell,np.float64(119.18082413765617),np.float64(205.0),np.float64(24432.068948219516),np.float64(0.0),,
2023-09-25,NFLX,sell,np.float64(64.65597377237802),np.float64(382.9),np.float64(24756.77235744354),np.float64(0.0),,
2023-09-25,ORCL,sell,np.float64(225.45792300278177),np.float64(108.45),np.float64(24450.911749651685),np.float64(0.0),,
2023-09-25,AMZN,buy,np.float64(191.38862657714614),np.float64(129.36),np.float64(24758.032734019627),np.float64(0.0),1.0,
2023-09-25,CSCO,buy,np.float64(463.113219865687),np.float64(53.46),np.float64(24758.032734019627),np.float64(0.0),1.0,
2023-09-25,GOOGL,buy,np.float64(190.69577704705864),np.float64(129.83),np.float64(24758.032734019627),np.float64(0.0),1.0,
2023-09-25,INTC,buy,np.float64(728.1774333535185),np.float64(34.0),np.float64(24758.032734019627),np.float64(0.0),1.0,
2023-09-25,TSLA,buy,np.float64(101.72583093935256),np.float64(243.38),np.float64(24758.032734019627),np.float64(0.0),1.0,
2023-10-02,AMZN,sell,np.float64(191.38862657714614),np.float64(127.28),np.float64(24359.94439073916),np.float64(0.0),,
2023-10-02,CSCO,sell,np.float64(463.113219865687),np.float64(53.84),np.float64(24934.015757568588),np.float64(0.0),,
2023-10-02,GOOGL,sell,np.float64(190.69577704705864),np.float64(131.21),np.float64(25021.192906344564),np.float64(0.0),,
2023-10-02,INTC,sell,np.float64(728.1774333535185),np.float64(35.61),np.float64(25930.398401718794),np.float64(0.0),,
2023-10-02,TSLA,sell,np.float64(101.72583093935256),np.float64(244.81),np.float64(24903.5006722629),np.float64(0.0),,
2023-10-02,AAPL,buy,np.float64(146.18508600471208),np.float64(171.22),np.float64(25029.810425726802),np.float64(0.0),1.0,
2023-10-02,JNJ,buy,np.float64(161.04626448157768),np.float64(155.42),np.float64(25029.810425726802),np.float64(0.0),1.0,
2023-10-02,KO,buy,np.float64(447.6803867953283),np.float64(55.91),np.float64(25029.810425726802),np.float64(0.0),1.0,
2023-10-02,PEP,buy,np.float64(148.03531124749705),np.float64(169.08),np.float64(25029.810425726802),np.float64(0.0),1.0,
2023-10-02,WMT,buy,np.float64(156.9365504152411),np.float64(159.49),np.float64(25029.810425726802),np.float64(0.0),1.0,
2023-10-09,AAPL,sell,np.float64(146.18508600471208),np.float64(176.81),np.float64(25846.985056493144),np.float64(0.0),,
2023-10-09,JNJ,sell,np.float64(161.04626448157768),np.float64(157.18),np.float64(25313.25185121438),np.float64(0.0),,
2023-10-09,COST,buy,np.float64(44.28567936230026),np.float64(555.0),np.float64(24578.552046076642),np.float64(0.0),np.float64(0.9999999999999997),
2023-10-09,KO,buy,np.float64(16.416139754457387),np.float64(52.96),np.float64(869.3987613960632),np.float64(0.0),np.float64(0.9999999999999997),
2023-10-09,PEP,buy,np.float64(5.580639040482013),np.float64(160.0),np.float64(892.902246477122),np.float64(0.0),np.float64(0.9999999999999997),
2023-10-09,WMT,buy,np.float64(1.552952074291058),np.float64(155.08),np.float64(240.8318076810573),np.float64(0.0),np.float64(0.9999999999999997),
2023-10-09,XOM,buy,np.float64(222.55117752695259),np.float64(110.44),np.float64(24578.552046076642),np.float64(0.0),np.float64(0.9999999999999997),
2023-10-16,COST,sell,np.float64(44.28567936230026),np.float64(569.69),np.float64(25229.108675908836),np.float64(0.0),,
2023-10-16,KO,sell,np.float64(464.09652654978566),np.float64(53.02),np.float64(24606.397837669636),np.float64(0.0),,
2023-10-16,PEP,sell,np.float64(153.61595028797908),np.float64(161.0),np.float64(24732.16799636463),np.float64(0.0),,
2023-10-16,WMT,sell,np.float64(158.48950248953216),np.float64(160.54),np.float64(25443.90472966949),np.float64(0.0),,
2023-10-16,XOM,sell,np.float64(222.55117752695259),np.float64(110.5),np.float64(24591.90511672826),np.float64(0.0),,
2023-10-16,AMD,buy,np.float64(236.3943926320259),np.float64(105.42),np.float64(24920.69687126817),np.float64(0.0),1.0,
2023-10-16,CRM,buy,np.float64(121.06829028016017),np.float64(205.84),np.float64(24920.69687126817),np.float64(0.0),1.0,
2023-10-16,NFLX,buy,np.float64(69.96068855806455),np.float64(356.21),np.float64(24920.69687126817),np.float64(0.0),1.0,
2023-10-16,QCOM,buy,np.float64(228.44162500016657),np.float64(109.09),np.float64(24920.69687126817),np.float64(0.0),1.0,
2023-10-16,TSLA,buy,np.float64(99.66285491408986),np.float64(250.05),np.float64(24920.69687126817),np.float64(0.0),1.0,
2023-10-23,AMD,sell,np.float64(236.3943926320259),np.float64(100.812),np.float64(23831.391510019796),np.float64(0.0),,
2023-10-23,CRM,sell,np.float64(121.06829028016017),np.float64(199.9),np.float64(24201.55122700402),np.float64(0.0),,
2023-10-23,NFLX,sell,np.float64(69.96068855806455),np.float64(403.32),np.float64(28216.544909238593),np.float64(0.0),,
2023-10-23,QCOM,sell,np.float64(228.44162500016657),np.float64(107.94),np.float64(24657.989002517977),np.float64(0.0),,
2023-10-23,AMAT,buy,np.float64(182.93795222333222),np.float64(133.2),np.float64(24367.33523614785),np.float64(0.0),np.float64(0.9999999999999999),
2023-10-23,JPM,buy,np.float64(170.472472618916),np.float64(142.94),np.float64(24367.33523614785),np.float64(0.0),np.float64(0.9999999999999999),
2023-10-23,NVDA,buy,np.float64(59.10241634807502),np.float64(412.29),np.float64(24367.33523614785),np.float64(0.0),np.float64(0.9999999999999999),
2023-10-23,ORCL,buy,np.float64(238.80179572861474),np.float64(102.04),np.float64(24367.33523614785),np.float64(0.0),np.float64(0.9999999999999999),
2023-10-23,TSLA,buy,np.float64(16.372074781852294),np.float64(210.0),np.float64(3438.135704188982),np.float64(0.0),np.float64(0.9999999999999999),
2023-10-30,AMAT,sell,np.float64(182.93795222333222),np.float64(131.96),np.float64(24140.492175390922),np.float64(0.0),,
2023-10-30,NVDA,sell,np.float64(59.10241634807502),np.float64(410.87),np.float64(24283.409804933584),np.float64(0.0),,
2023-10-30,ORCL,sell,np.float64(238.80179572861474),np.float64(101.14),np.float64(24152.413619992094),np.float64(0.0),,
2023-10-30,TSLA,sell,np.float64(116.03492969594215),np.float64(209.28),np.float64(24283.790086766774),np.float64(0.0),,
2023-10-30,ADBE,buy,np.float64(46.5479722738208),np.float64(516.11),np.float64(24023.873970241653),np.float64(0.0),np.float64(0.9999999999999999),
2023-10-30,GOOGL,buy,np.float64(194.98315047676044),np.float64(123.21),np.float64(24023.873970241653),np.float64(0.0),np.float64(0.9999999999999999),
2023-10-30,JNJ,buy,np.float64(164.44571134397737),np.float64(146.09),np.float64(24023.873970241653),np.float64(0.0),np.float64(0.9999999999999999),
2023-10-30,JPM,buy,np.float64(5.6040003380003025),np.float64(136.44),np.float64(764.6098061167612),np.float64(0.0),np.float64(0.9999999999999999),
2023-10-30,XOM,buy,np.float64(227.19759760016697),np.float64(105.74),np.float64(24023.873970241653),np.float64(0.0),np.float64(0.9999999999999999),
2023-11-06,ADBE,sell,np.float64(46.5479722738208),np.float64(566.0),np.float64(26346.15230698257),np.float64(0.0),,
2023-11-06,GOOGL,sell,np.float64(194.98315047676044),np.float64(129.05),np.float64(25162.575569025936),np.float64(0.0),,
2023-11-06,JPM,sell,np.float64(176.0764729569163),np.float64(143.17),np.float64(25208.868633241702),np.float64(0.0),,
2023-11-06,XOM,sell,np.float64(227.19759760016697),np.float64(108.17),np.float64(24575.964132410063),np.float64(0.0),,
2023-11-06,COST,buy,np.float64(45.05098421361635),np.float64(560.49),np.float64(25250.62614188983),np.float64(0.0),np.float64(0.9999999999999999),
2023-11-06,CSCO,buy,np.float64(476.6967366790604),np.float64(52.97),np.float64(25250.62614188983),np.float64(0.0),np.float64(0.9999999999999999),
2023-11-06,JNJ,buy,np.float64(1.9176180926403126),np.float64(151.78),np.float64(291.05607410094666),np.float64(0.0),np.float64(0.9999999999999999),
2023-11-06,KO,buy,np.float64(444.7098651266261),np.float64(56.78),np.float64(25250.62614188983),np.float64(0.0),np.float64(0.9999999999999999),
2023-11-06,WMT,buy,np.float64(153.49924706316006),np.float64(164.5),np.float64(25250.62614188983),np.float64(0.0),np.float64(0.9999999999999999),
2023-11-13,COST,sell,np.float64(45.05098421361635),np.float64(575.0),np.float64(25904.315922829403),np.float64(0.0),,
2023-11-13,WMT,sell,np.float64(1.8740057924224962),np.float64(166.38),np.float64(311.7970837432549),np.float64(0.0),,
2023-11-13,CSCO,buy,np.float64(4.008439438037874),np.float64(52.48),np.float64(210.36290170822758),np.float64(0.0),1.0,
2023-11-13,JNJ,buy,np.float64(4.960321786644226),np.float64(147.25),np.float64(730.4073830833622),np.float64(0.0),1.0,
2023-11-13,KO,buy,np.float64(0.8466103701121176),np.float64(56.62),np.float64(47.9350791557481),np.float64(0.0),1.0,
2023-11-13,XOM,buy,np.float64(242.4546625913053),np.float64(104.05),np.float64(25227.407642625316),np.float64(0.0),1.0,
2023-11-20,JNJ,sell,np.float64(171.3236512232619),np.float64(147.91),np.float64(25340.481252432666),np.float64(0.0),,
2023-11-20,KO,sell,np.float64(445.5564754967382),np.float64(57.05),np.float64(25418.996927088912),np.float64(0.0),,
2023-11-20,XOM,sell,np.float64(242.4546625913053),np.float64(105.38),np.float64(25549.87234387175),np.float64(0.0),,
2023-11-20,AMAT,buy,np.float64(165.48856233367874),np.float64(148.88),np.float64(24637.937160238092),np.float64(0.0),np.float64(0.9999999999999997),
2023-11-20,COST,buy,np.float64(42.67491800366871),np.float64(577.34),np.float64(24637.937160238092),np.float64(0.0),np.float64(0.9999999999999997),
2023-11-20,CSCO,buy,np.float64(37.33387266839576),np.float64(47.56),np.float64(1775.5989841089024),np.float64(0.0),np.float64(0.9999999999999997),
2023-11-20,PEP,buy,np.float64(148.42130819420538),np.float64(166.0),np.float64(24637.937160238092),np.float64(0.0),np.float64(0.9999999999999997),
2023-11-20,WMT,buy,np.float64(6.777337874421896),np.float64(155.54),np.float64(1054.1471329875817),np.float64(0.0),np.float64(0.9999999999999997),
2023-11-27,COST,sell,np.float64(42.67491800366871),np.float64(592.52),np.float64(25285.742415533783),np.float64(0.0),,
2023-11-27,CSCO,sell,np.float64(518.0390487854941),np.float64(48.33),np.float64(25036.827227802925),np.float64(0.0),,
2023-11-27,PEP,sell,np.float64(148.42130819420538),np.float64(169.7),np.float64(25187.096000556652),np.float64(0.0),,
2023-11-27,AAPL,buy,np.float64(131.64073743725012),np.float64(189.92),np.float64(25001.208854082543),np.float64(0.0),np.float64(0.9999999999999997),
2023-11-27,AMAT,buy,np.float64(1.7436039143650606),np.float64(149.5),np.float64(260.66878519757654),np.float64(0.0),np.float64(0.9999999999999997),
2023-11-27,NVDA,buy,np.float64(52.303784213561805),np.float64(478.0),np.float64(25001.208854082543),np.float64(0.0),np.float64(0.9999999999999997),
2023-11-27,QCOM,buy,np.float64(196.4422790451995),np.float64(127.27),np.float64(25001.208854082543),np.float64(0.0),np.float64(0.9999999999999997),
2023-11-27,WMT,buy,np.float64(1.9129633625837565),np.float64(155.95),np.float64(298.3266363949368),np.float64(0.0),np.float64(0.9999999999999997),
2023-12-04,AAPL,sell,np.float64(131.64073743725012),np.float64(189.98),np.float64(25009.107298328778),np.float64(0.0),,
2023-12-04,AMAT,sell,np.float64(167.2321662480438),np.float64(150.04),np.float64(25091.51422385649),np.float64(0.0),,
2023-12-04,NVDA,sell,np.float64(52.303784213561805),np.float64(460.77),np.float64(24100.01465208287),np.float64(0.0),,
2023-12-04,QCOM,sell,np.float64(196.4422790451995),np.float64(129.33),np.float64(25405.879948915655),np.float64(0.0),,
2023-12-04,WMT,sell,np.float64(160.3155425077432),np.float64(153.32),np.float64(24579.578977287187),np.float64(0.0),,
2023-12-04,AVGO,buy,np.float64(27.012349870461232),np.float64(920.64),np.float64(24868.64978474143),np.float64(0.0),np.float64(0.9999999999999999),
2023-12-04,GOOGL,buy,np.float64(191.47405131460908),np.float64(129.88),np.float64(24868.64978474143),np.float64(0.0),np.float64(0.9999999999999999),
2023-12-04,META,buy,np.float64(78.37829677815698),np.float64(317.29),np.float64(24868.64978474143),np.float64(0.0),np.float64(0.9999999999999999),
2023-12-04,NFLX,buy,np.float64(53.94618057819351),np.float64(460.99),np.float64(24868.64978474143),np.float64(0.0),np.float64(0.9999999999999999),
2023-12-04,XOM,buy,np.float64(243.49994893509674),np.float64(102.13),np.float64(24868.64978474143),np.float64(0.0),np.float64(0.9999999999999999),
2023-12-11,AVGO,sell,np.float64(27.012349870461232),np.float64(957.01),np.float64(25851.088949530105),np.float64(0.0),,
2023-12-11,GOOGL,sell,np.float64(191.47405131460908),np.float64(132.38),np.float64(25347.33491302795),np.float64(0.0),,
2023-12-11,META,sell,np.float64(78.37829677815698),np.float64(329.4),np.float64(25817.810958724906),np.float64(0.0),,
2023-12-11,NFLX,sell,np.float64(53.94618057819351),np.float64(459.36),np.float64(24780.717510398972),np.float64(0.0),,
2023-12-11,CRM,buy,np.float64(100.87859778832367),np.float64(250.0),np.float64(25219.64944708092),np.float64(0.0),1.0,
2023-12-11,JNJ,buy,np.float64(163.23397700376),np.float64(154.5),np.float64(25219.64944708092),np.float64(0.0),1.0,
2023-12-11,ORCL,buy,np.float64(221.67222859348615),np.float64(113.77),np.float64(25219.64944708092),np.float64(0.0),1.0,
2023-12-11,PEP,buy,np.float64(150.6190244092267),np.float64(167.44),np.float64(25219.64944708092),np.float64(0.0),1.0,
2023-12-11,XOM,buy,np.float64(9.201949332247153),np.float64(99.8),np.float64(918.3545433582658),np.float64(0.0),1.0,
2023-12-18,CRM,sell,np.float64(100.87859778832367),np.float64(259.82),np.float64(26210.277277362256),np.float64(0.0),,
2023-12-18,JNJ,sell,np.float64(1.401071753806089),np.float64(155.21),np.float64(217.46034690824308),np.float64(0.0),,
2023-12-18,PEP,sell,np.float64(150.6190244092267),np.float64(168.06),np.float64(25313.033242214642),np.float64(0.0),,
2023-12-18,XOM,sell,np.float64(252.7018982673439),np.float64(102.13),np.float64(25808.44487004383),np.float64(0.0),,
2023-12-18,ADBE,buy,np.float64(42.463627981886226),np.float64(591.52),np.float64(25118.08522384534),np.float64(0.0),np.float64(0.9999999999999998),
2023-12-18,KO,buy,np.float64(427.17832013342417),np.float64(58.8),np.float64(25118.08522384534),np.float64(0.0),np.float64(0.9999999999999998),
2023-12-18,MSFT,buy,np.float64(67.98777973702894),np.float64(369.45),np.float64(25118.08522384534),np.float64(0.0),np.float64(0.9999999999999998),
2023-12-18,ORCL,buy,np.float64(21.22580084124306),np.float64(103.41),np.float64(2194.960064992945),np.float64(0.0),np.float64(0.9999999999999998),
2023-12-26,ADBE,sell,np.float64(42.463627981886226),np.float64(598.92),np.float64(25432.316070911296),np.float64(0.0),,
2023-12-26,MSFT,sell,np.float64(67.98777973702894),np.float64(375.0),np.float64(25495.417401385854),np.float64(0.0),,
2023-12-26,ORCL,sell,np.float64(242.8980294347292),np.float64(106.52),np.float64(25873.498095387353),np.float64(0.0),,
2023-12-26,AAPL,buy,np.float64(130.8685554964867),np.float64(193.61),np.float64(25337.46102967479),np.float64(0.0),np.float64(0.9999999999999998),
2023-12-26,JNJ,buy,np.float64(1.6345852640770313),np.float64(155.0),np.float64(253.36071593193986),np.float64(0.0),np.float64(0.9999999999999998),
2023-12-26,KO,buy,np.float64(9.223006591942633),np.float64(58.06),np.float64(535.4877627281893),np.float64(0.0),np.float64(0.9999999999999998),
2023-12-26,PEP,buy,np.float64(151.13308100014785),np.float64(167.65),np.float64(25337.46102967479),np.float64(0.0),np.float64(0.9999999999999998),
2023-12-26,QCOM,buy,np.float64(175.74711125528745),np.float64(144.17),np.float64(25337.46102967479),np.float64(0.0),np.float64(0.9999999999999998),
2024-01-02,JNJ,sell,np.float64(163.46749051403094),np.float64(156.93),np.float64(25652.953286366876),np.float64(0.0),,
2024-01-02,KO,sell,np.float64(436.4013267253668),np.float64(58.8),np.float64(25660.398011451565),np.float64(0.0),,
2024-01-02,PEP,sell,np.float64(151.13308100014785),np.float64(169.52),np.float64(25620.079891145066),np.float64(0.0),,
2024-01-02,QCOM,sell,np.float64(175.74711125528745),np.float64(142.19),np.float64(24989.48174938932),np.float64(0.0),,
2024-01-02,AAPL,buy,np.float64(4.226248777646696),np.float64(187.15),np.float64(790.9424587365793),np.float64(0.0),1.0,
2024-01-02,AMZN,buy,np.float64(166.84038946749416),np.float64(151.54),np.float64(25282.992619904064),np.float64(0.0),1.0,
2024-01-02,CRM,buy,np.float64(97.04073316920267),np.float64(260.54),np.float64(25282.992619904064),np.float64(0.0),1.0,
2024-01-02,TSLA,buy,np.float64(101.09961860166372),np.float64(250.08),np.float64(25282.992619904064),np.float64(0.0),1.0,
2024-01-02,XOM,buy,np.float64(250.52509532207753),np.float64(100.92),np.float64(25282.992619904064),np.float64(0.0),1.0,
2024-01-08,AAPL,sell,np.float64(0.36146952639468566),np.float64(182.085),np.float64(65.81817871357634),np.float64(0.0),,
2024-01-08,AMZN,sell,np.float64(166.84038946749416),np.float64(146.74),np.float64(24482.158750460094),np.float64(0.0),,
2024-01-08,CRM,sell,np.float64(97.04073316920267),np.float64(252.21),np.float64(24474.643312604607),np.float64(0.0),,
2024-01-08,TSLA,sell,np.float64(101.09961860166372),np.float64(236.14),np.float64(23873.66393659687),np.float64(0.0),,
2024-01-08,XOM,sell,np.float64(250.52509532207753),np.float64(100.73),np.float64(25235.392851792873),np.float64(0.0),,
2024-01-08,AMAT,buy,np.float64(163.73836519750387),np.float64(149.83),np.float64(24532.919257542006),np.float64(0.0),1.0,
2024-01-08,AVGO,buy,np.float64(23.220936353565552),np.float64(1056.5),np.float64(24532.919257542006),np.float64(0.0),1.0,
2024-01-08,INTC,buy,np.float64(521.2007490448694),np.float64(47.07),np.float64(24532.919257542006),np.float64(0.0),1.0,
2024-01-08,QCOM,buy,np.float64(179.08547527222427),np.float64(136.99),np.float64(24532.919257542006),np.float64(0.0),1.0,
2024-01-16,AAPL,sell,np.float64(134.7333347477387),np.float64(182.16),np.float64(24543.02425764808),np.float64(0.0),,
2024-01-16,AMAT,sell,np.float64(163.73836519750387),np.float64(151.3),np.float64(24773.614654382338),np.float64(0.0),,
2024-01-16,AVGO,sell,np.float64(23.220936353565552),np.float64(1112.34),np.float64(25829.576343525103),np.float64(0.0),,
2024-01-16,INTC,sell,np.float64(521.2007490448694),np.float64(46.98),np.float64(24486.011190127963),np.float64(0.0),,
2024-01-16,QCOM,sell,np.float64(179.08547527222427),np.float64(140.0),np.float64(25071.9665381114),np.float64(0.0),,
2024-01-16,JNJ,buy,np.float64(154.36552947180155),np.float64(161.57),np.float64(24940.838596758975),np.float64(0.0),np.float64(0.9999999999999999),
2024-01-16,JPM,buy,np.float64(151.2757845378721),np.float64(164.87),np.float64(24940.838596758975),np.float64(0.0),np.float64(0.9999999999999999),
2024-01-16,PEP,buy,np.float64(149.105270501339),np.float64(167.27),np.float64(24940.838596758975),np.float64(0.0),np.float64(0.9999999999999999),
2024-01-16,TSLA,buy,np.float64(115.9499702313295),np.float64(215.1),np.float64(24940.838596758975),np.float64(0.0),np.float64(0.9999999999999999),
2024-01-16,XOM,buy,np.float64(249.85813060267458),np.float64(99.82),np.float64(24940.838596758975),np.float64(0.0),np.float64(0.9999999999999999),
2024-01-22,JNJ,sell,np.float64(154.36552947180155),np.float64(162.0),np.float64(25007.21577443185),np.float64(0.0),,
2024-01-22,JPM,sell,np.float64(5.421016721680165),np.float64(170.46),np.float64(924.066510377601),np.float64(0.0),,
2024-01-22,KO,buy,np.float64(416.0723574922276),np.float64(59.755),np.float64(24862.40372194806),np.float64(0.0),np.float64(0.9999999999999991),
2024-01-22,PEP,buy,np.float64(0.7043445983722545),np.float64(165.96),np.float64(116.89302954585936),np.float64(0.0),np.float64(0.9999999999999991),
2024-01-22,TSLA,buy,np.float64(1.181866770216165),np.float64(212.26),np.float64(250.86304064608316),np.float64(0.0),np.float64(0.9999999999999991),
2024-01-22,XOM,buy,np.float64(7.2504911341204545),np.float64(96.7),np.float64(701.122492669448),np.float64(0.0),np.float64(0.9999999999999991),
2024-01-29,JPM,sell,np.float64(145.85476781619195),np.float64(172.24),np.float64(25122.025208660903),np.float64(0.0),,
2024-01-29,KO,sell,np.float64(1.0754161745450963),np.float64(59.34),np.float64(63.81519579750602),np.float64(0.0),,
2024-01-29,PEP,sell,np.float64(149.80961509971124),np.float64(167.53),np.float64(25097.604817654625),np.float64(0.0),,
2024-01-29,XOM,sell,np.float64(257.10862173679504),np.float64(102.98),np.float64(26477.045866455155),np.float64(0.0),,
2024-01-29,COST,buy,np.float64(35.69491012870166),np.float64(689.9),np.float64(24625.918497791274),np.float64(0.0),np.float64(0.9999999999999998),
2024-01-29,INTC,buy,np.float64(563.3932394827561),np.float64(43.71),np.float64(24625.918497791274),np.float64(0.0),np.float64(0.9999999999999998),
2024-01-29,JNJ,buy,np.float64(154.87025028483288),np.float64(159.01),np.float64(24625.918497791274),np.float64(0.0),np.float64(0.9999999999999998),
2024-01-29,TSLA,buy,np.float64(15.529470426086089),np.float64(185.63),np.float64(2882.7355951943605),np.float64(0.0),np.float64(0.9999999999999998),
2024-02-05,COST,sell,np.float64(35.69491012870166),np.float64(710.64),np.float64(25366.230933860545),np.float64(0.0),,
2024-02-05,INTC,sell,np.float64(563.3932394827561),np.float64(42.62),np.float64(24011.819866755064),np.float64(0.0),,
2024-02-05,KO,sell,np.float64(414.9969413176825),np.float64(60.38),np.float64(25057.51531676167),np.float64(0.0),,
2024-02-05,TSLA,sell,np.float64(132.66130742763175),np.float64(184.26),np.float64(24444.172506615425),np.float64(0.0),,
2024-02-05,AAPL,buy,np.float64(130.92785259572858),np.float64(188.15),np.float64(24634.075465886333),np.float64(0.0),1.0,
2024-02-05,CSCO,buy,np.float64(493.2734374426579),np.float64(49.94),np.float64(24634.075465886333),np.float64(0.0),1.0,
2024-02-05,GOOGL,buy,np.float64(172.48337393842834),np.float64(142.82),np.float64(24634.075465886333),np.float64(0.0),1.0,
2024-02-05,JNJ,buy,np.float64(2.425423464521138),np.float64(156.61),np.float64(379.84556877865543),np.float64(0.0),1.0,
2024-02-05,QCOM,buy,np.float64(173.65060951562336),np.float64(141.86),np.float64(24634.075465886333),np.float64(0.0),1.0,
2024-02-12,AAPL,sell,np.float64(130.92785259572858),np.float64(188.415),np.float64(24668.7713468242),np.float64(0.0),,
2024-02-12,CSCO,sell,np.float64(493.2734374426579),np.float64(50.03),np.float64(24678.470075256177),np.float64(0.0),,
2024-02-12,GOOGL,sell,np.float64(172.48337393842834),np.float64(148.42),np.float64(25599.982359941532),np.float64(0.0),,
2024-02-12,QCOM,sell,np.float64(173.65060951562336),np.float64(150.38),np.float64(26113.57865895944),np.float64(0.0),,
2024-02-12,ADBE,buy,np.float64(40.16663952756491),np.float64(626.0),np.float64(25144.316344255636),np.float64(0.0),1.0,
2024-02-12,JNJ,buy,np.float64(3.288796452815043),np.float64(156.58),np.float64(514.9597485817794),np.float64(0.0),1.0,
2024-02-12,JPM,buy,np.float64(143.86266360141684),np.float64(174.78),np.float64(25144.316344255636),np.float64(0.0),1.0,
2024-02-12,KO,buy,np.float64(421.4602136147442),np.float64(59.66),np.float64(25144.316344255636),np.float64(0.0),1.0,
2024-02-12,PEP,buy,np.float64(149.79337748275725),np.float64(167.86),np.float64(25144.316344255636),np.float64(0.0),1.0,
2024-02-20,JNJ,sell,np.float64(160.58447020216906),np.float64(156.56),np.float64(25141.104654851588),np.float64(0.0),,
2024-02-20,JPM,sell,np.float64(143.86266360141684),np.float64(179.19),np.float64(25778.750690737885),np.float64(0.0),,
2024-02-20,KO,sell,np.float64(421.4602136147442),np.float64(59.595),np.float64(25116.92143037068),np.float64(0.0),,
2024-02-20,PEP,sell,np.float64(149.79337748275725),np.float64(167.74),np.float64(25126.3411389577),np.float64(0.0),,
2024-02-20,ADBE,buy,np.float64(6.005979785941922),np.float64(531.495),np.float64(3192.148226329202),np.float64(0.0),1.0,
2024-02-20,CSCO,buy,np.float64(511.5804941011531),np.float64(47.97),np.float64(24540.516302032313),np.float64(0.0),1.0,
2024-02-20,GOOGL,buy,np.float64(175.72243243730844),np.float64(139.655),np.float64(24540.516302032313),np.float64(0.0),1.0,
2024-02-20,MSFT,buy,np.float64(60.85833821553495),np.float64(403.24),np.float64(24540.516302032313),np.float64(0.0),1.0,
2024-02-20,MU,buy,np.float64(309.3277406193019),np.float64(79.335),np.float64(24540.516302032313),np.float64(0.0),1.0,
2024-02-26,ADBE,sell,np.float64(0.015257656967505783),np.float64(556.56),np.float64(8.491801561835018),np.float64(0.0),,
2024-02-26,GOOGL,sell,np.float64(175.72243243730844),np.float64(142.14),np.float64(24977.18654663902),np.float64(0.0),,
2024-02-26,MSFT,sell,np.float64(60.85833821553495),np.float64(411.455),np.float64(25040.46755047293),np.float64(0.0),,
2024-02-26,MU,sell,np.float64(309.3277406193019),np.float64(89.68),np.float64(27740.511778738997),np.float64(0.0),,
2024-02-26,AAPL,buy,np.float64(140.96433935230206),np.float64(182.24),np.float64(25689.341203563527),np.float64(0.0),1.0,
2024-02-26,CSCO,buy,np.float64(14.301618561355156),np.float64(48.85),np.float64(698.6340667221993),np.float64(0.0),1.0,
2024-02-26,INTC,buy,np.float64(590.5595678980121),np.float64(43.5),np.float64(25689.341203563527),np.float64(0.0),1.0,
2024-02-26,TSLA,buy,np.float64(133.596865170126),np.float64(192.29),np.float64(25689.341203563527),np.float64(0.0),1.0,
2024-03-04,ADBE,sell,np.float64(46.15736165653933),np.float64(572.85),np.float64(26441.244624948555),np.float64(0.0),,
2024-03-04,INTC,sell,np.float64(590.5595678980121),np.float64(44.27),np.float64(26144.072070845),np.float64(0.0),,
2024-03-04,TSLA,sell,np.float64(133.596865170126),np.float64(198.73),np.float64(26549.705015259136),np.float64(0.0),,
2024-03-04,AAPL,buy,np.float64(5.959087133586378),np.float64(176.15),np.float64(1049.6931985812405),np.float64(0.0),np.float64(0.9999999999999998),
2024-03-04,CSCO,buy,np.float64(9.171878974648116),np.float64(48.37),np.float64(443.64378600372936),np.float64(0.0),np.float64(0.9999999999999998),
2024-03-04,GOOGL,buy,np.float64(190.77518484069913),np.float64(135.66),np.float64(25880.561575489242),np.float64(0.0),np.float64(0.9999999999999998),
2024-03-04,KO,buy,np.float64(436.9502207578802),np.float64(59.23),np.float64(25880.561575489242),np.float64(0.0),np.float64(0.9999999999999998),
2024-03-04,PEP,buy,np.float64(157.3764765916038),np.float64(164.45),np.float64(25880.561575489242),np.float64(0.0),np.float64(0.9999999999999998),
2024-03-11,CSCO,sell,np.float64(535.0539916371564),np.float64(49.72),np.float64(26602.884464199415),np.float64(0.0),,
2024-03-11,GOOGL,sell,np.float64(190.77518484069913),np.float64(136.13),np.float64(25970.22591236437),np.float64(0.0),,
2024-03-11,KO,sell,np.float64(436.9502207578802),np.float64(59.78),np.float64(26120.884196906078),np.float64(0.0),,
2024-03-11,PEP,sell,np.float64(157.3764765916038),np.float64(163.92),np.float64(25797.15204289569),np.float64(0.0),,
2024-03-11,AAPL,buy,np.float64(3.3021823875186467),np.float64(172.94),np.float64(571.0794220974748),np.float64(0.0),np.float64(0.9999999999999999),
2024-03-11,AVGO,buy,np.float64(20.329765165984846),np.float64(1277.93),np.float64(25980.016798567016),np.float64(0.0),np.float64(0.9999999999999999),
2024-03-11,COST,buy,np.float64(36.09288117498648),np.float64(719.81),np.float64(25980.016798567016),np.float64(0.0),np.float64(0.9999999999999999),
2024-03-11,CRM,buy,np.float64(85.84462331009456),np.float64(302.64),np.float64(25980.016798567016),np.float64(0.0),np.float64(0.9999999999999999),
2024-03-11,TSLA,buy,np.float64(148.08069080661755),np.float64(175.445),np.float64(25980.016798567016),np.float64(0.0),np.float64(0.9999999999999999),
2024-03-18,AAPL,sell,np.float64(150.22560887340708),np.float64(175.57),np.float64(26375.11014990408),np.float64(0.0),,
2024-03-18,COST,sell,np.float64(36.09288117498648),np.float64(726.1),np.float64(26207.041021157685),np.float64(0.0),,
2024-03-18,ADBE,buy,np.float64(52.06621048545622),np.float64(495.55),np.float64(25801.410606067828),np.float64(0.0),1.0,
2024-03-18,AMD,buy,np.float64(133.48894433643494),np.float64(193.285),np.float64(25801.410606067828),np.float64(0.0),1.0,
2024-03-18,AVGO,buy,np.float64(0.24585055840296557),np.float64(1253.98),np.float64(308.2916832261508),np.float64(0.0),1.0,
2024-03-18,CRM,buy,np.float64(0.26915616413221066),np.float64(299.62),np.float64(80.64456989729297),np.float64(0.0),1.0,
2024-03-18,TSLA,buy,np.float64(3.674459211426357),np.float64(170.02),np.float64(624.7315551267093),np.float64(0.0),1.0,
2024-03-25,ADBE,sell,np.float64(52.06621048545622),np.float64(496.79),np.float64(25865.972707069795),np.float64(0.0),,
2024-03-25,AVGO,sell,np.float64(20.575615724387813),np.float64(1345.03),np.float64(27674.82041777334),np.float64(0.0),,
2024-03-25,CRM,sell,np.float64(86.11377947422677),np.float64(303.7),np.float64(26152.75482632267),np.float64(0.0),,
2024-03-25,TSLA,sell,np.float64(151.7551500180439),np.float64(168.76),np.float64(25610.19911704509),np.float64(0.0),,
2024-03-25,AAPL,buy,np.float64(150.66632372002877),np.float64(170.565),np.float64(25698.401505306705),np.float64(0.0),np.float64(0.9999999999999999),
2024-03-25,AMD,buy,np.float64(15.142643317160823),np.float64(172.9),np.float64(2618.1630295371065),np.float64(0.0),np.float64(0.9999999999999999),
2024-03-25,JNJ,buy,np.float64(165.3693790560277),np.float64(155.4),np.float64(25698.401505306705),np.float64(0.0),np.float64(0.9999999999999999),
2024-03-25,KO,buy,np.float64(424.90743229673785),np.float64(60.48),np.float64(25698.401505306705),np.float64(0.0),np.float64(0.9999999999999999),
2024-03-25,WMT,buy,np.float64(422.1850091228307),np.float64(60.87),np.float64(25698.401505306705),np.float64(0.0),np.float64(0.9999999999999999),
2024-04-01,AAPL,sell,np.float64(150.66632372002877),np.float64(171.19),np.float64(25792.567957631723),np.float64(0.0),,
2024-04-01,AMD,sell,np.float64(148.63158765359577),np.float64(180.1),np.float64(26768.548936412597),np.float64(0.0),,
2024-04-01,JNJ,sell,np.float64(165.3693790560277),np.float64(157.72),np.float64(26082.058464716687),np.float64(0.0),,
2024-04-01,KO,sell,np.float64(424.90743229673785),np.float64(61.18),np.float64(25995.836707914423),np.float64(0.0),,
2024-04-01,CRM,buy,np.float64(86.24812885204902),np.float64(301.69),np.float64(26020.19799337467),np.float64(0.0),1.0,
2024-04-01,META,buy,np.float64(53.407631349291194),np.float64(487.2),np.float64(26020.19799337467),np.float64(0.0),1.0,
2024-04-01,MSFT,buy,np.float64(61.37562918592917),np.float64(423.95),np.float64(26020.19799337467),np.float64(0.0),1.0,
2024-04-01,ORCL,buy,np.float64(207.26619398896503),np.float64(125.54),np.float64(26020.19799337467),np.float64(0.0),1.0,
2024-04-01,WMT,buy,np.float64(9.255846346820551),np.float64(60.31),np.float64(558.2200931767475),np.float64(0.0),1.0,
2024-04-08,CRM,sell,np.float64(86.24812885204902),np.float64(301.1),np.float64(25969.311597351963),np.float64(0.0),,
2024-04-08,META,sell,np.float64(53.407631349291194),np.float64(529.28),np.float64(28267.591120552843),np.float64(0.0),,
2024-04-08,MSFT,sell,np.float64(61.37562918592917),np.float64(425.17),np.float64(26095.076260981506),np.float64(0.0),,
2024-04-08,ORCL,sell,np.float64(207.26619398896503),np.float64(125.0),np.float64(25908.27424862063),np.float64(0.0),,
2024-04-08,WMT,sell,np.float64(431.44085546965124),np.float64(59.6),np.float64(25713.874985991213),np.float64(0.0),,
2024-04-08,INTC,buy,np.float64(682.9923820574439),np.float64(38.64),np.float64(26390.825642699634),np.float64(0.0),1.0,
2024-04-08,JNJ,buy,np.float64(173.63527628593744),np.float64(151.99),np.float64(26390.825642699634),np.float64(0.0),1.0,
2024-04-08,KO,buy,np.float64(444.28999398484234),np.float64(59.4),np.float64(26390.825642699634),np.float64(0.0),1.0,
2024-04-08,PEP,buy,np.float64(156.02025209990916),np.float64(169.15),np.float64(26390.825642699634),np.float64(0.0),1.0,
2024-04-08,TSLA,buy,np.float64(155.84519689795462),np.float64(169.34),np.float64(26390.825642699634),np.float64(0.0),1.0,
2024-04-15,KO,sell,np.float64(2.903127862747593),np.float64(58.61),np.float64(170.1523240356364),np.float64(0.0),,
2024-04-15,PEP,sell,np.float64(156.02025209990916),np.float64(169.21),np.float64(26400.18685782563),np.float64(0.0),,
2024-04-15,TSLA,sell,np.float64(155.84519689795462),np.float64(170.24),np.float64(26531.086319907798),np.float64(0.0),,
2024-04-15,AMD,buy,np.float64(157.3294667847471),np.float64(164.43),np.float64(25869.684223415967),np.float64(0.0),np.float64(0.9999999999999998),
2024-04-15,INTC,buy,np.float64(34.81239661669516),np.float64(36.04),np.float64(1254.6387740656935),np.float64(0.0),np.float64(0.9999999999999998),
2024-04-15,JNJ,buy,np.float64(0.7239892220222135),np.float64(148.37),np.float64(107.41828087143583),np.float64(0.0),np.float64(0.9999999999999998),
2024-04-15,JPM,buy,np.float64(140.21509064182095),np.float64(184.5),np.float64(25869.684223415967),np.float64(0.0),np.float64(0.9999999999999998),
2024-04-22,AMD,sell,np.float64(157.3294667847471),np.float64(148.15),np.float64(23308.360504160282),np.float64(0.0),,
2024-04-22,INTC,sell,np.float64(717.8047786741391),np.float64(34.415),np.float64(24703.2514580705),np.float64(0.0),,
2024-04-22,JNJ,sell,np.float64(174.35926550795966),np.float64(148.51),np.float64(25894.09452058709),np.float64(0.0),,
2024-04-22,JPM,sell,np.float64(140.21509064182095),np.float64(185.99),np.float64(26078.60470847228),np.float64(0.0),,
2024-04-22,KO,sell,np.float64(441.3868661220948),np.float64(60.14),np.float64(26545.00612858278),np.float64(0.0),,
2024-04-22,AVGO,buy,np.float64(20.666282943221386),np.float64(1224.5),np.float64(25305.863463974587),np.float64(0.0),1.0,
2024-04-22,MU,buy,np.float64(235.1846046837787),np.float64(107.6),np.float64(25305.863463974587),np.float64(0.0),1.0,
2024-04-22,NFLX,buy,np.float64(45.95551422651834),np.float64(550.66),np.float64(25305.863463974587),np.float64(0.0),1.0,
2024-04-22,NVDA,buy,np.float64(32.40021441152129),np.float64(781.04),np.float64(25305.863463974587),np.float64(0.0),1.0,
2024-04-22,TSLA,buy,np.float64(180.0360235057953),np.float64(140.56),np.float64(25305.863463974587),np.float64(0.0),1.0,
2024-04-29,AVGO,sell,np.float64(20.666282943221386),np.float64(1344.08),np.float64(27777.137578325),np.float64(0.0),,
2024-04-29,MU,sell,np.float64(235.1846046837787),np.float64(113.81),np.float64(26766.359859060856),np.float64(0.0),,
2024-04-29,NFLX,sell,np.float64(45.95551422651834),np.float64(559.18),np.float64(25697.404445184522),np.float64(0.0),,
2024-04-29,NVDA,sell,np.float64(32.40021441152129),np.float64(875.95),np.float64(28380.967813772077),np.float64(0.0),,
2024-04-29,TSLA,sell,np.float64(180.0360235057953),np.float64(188.42),np.float64(33922.387548961946),np.float64(0.0),,
2024-04-29,CSCO,buy,np.float64(594.0581673069573),np.float64(47.99),np.float64(28508.851449060883),np.float64(0.0),1.0,
2024-04-29,INTC,buy,np.float64(894.8164296629279),np.float64(31.86),np.float64(28508.851449060883),np.float64(0.0),1.0,
2024-04-29,JNJ,buy,np.float64(195.0790437187689),np.float64(146.14),np.float64(28508.851449060883),np.float64(0.0),1.0,
2024-04-29,META,buy,np.float64(64.85770190431542),np.float64(439.56),np.float64(28508.851449060883),np.float64(0.0),1.0,
2024-04-29,XOM,buy,np.float64(242.09282820194363),np.float64(117.76),np.float64(28508.851449060883),np.float64(0.0),1.0,
2024-05-06,INTC,sell,np.float64(894.8164296629279),np.float64(31.115),np.float64(27842.213208962003),np.float64(0.0),,
2024-05-06,JNJ,sell,np.float64(195.0790437187689),np.float64(149.87),np.float64(29236.496282131895),np.float64(0.0),,
2024-05-06,META,sell,np.float64(64.85770190431542),np.float64(455.58),np.float64(29547.871833568017),np.float64(0.0),,
2024-05-06,AVGO,buy,np.float64(22.241027861365637),np.float64(1286.225),np.float64(28606.966060985014),np.float64(0.0),1.0,
2024-05-06,CSCO,buy,np.float64(11.764917423771518),np.float64(47.22),np.float64(555.539400750491),np.float64(0.0),1.0,
2024-05-06,GOOGL,buy,np.float64(170.8286519824735),np.float64(167.46),np.float64(28606.966060985014),np.float64(0.0),1.0,
2024-05-06,JPM,buy,np.float64(149.2044336357639),np.float64(191.73),np.float64(28606.966060985014),np.float64(0.0),1.0,
2024-05-06,XOM,buy,np.float64(3.1027324476236378),np.float64(116.67),np.float64(361.99579466424984),np.float64(0.0),1.0,
2024-05-13,AVGO,sell,np.float64(22.241027861365637),np.float64(1348.0),np.float64(29980.90555712088),np.float64(0.0),,
2024-05-13,CSCO,sell,np.float64(605.8230847307289),np.float64(48.31),np.float64(29267.313223341513),np.float64(0.0),,
2024-05-13,GOOGL,sell,np.float64(170.8286519824735),np.float64(164.26),np.float64(28060.314374641097),np.float64(0.0),,
2024-05-13,JPM,sell,np.float64(149.2044336357639),np.float64(198.8),np.float64(29661.841406789867),np.float64(0.0),,
2024-05-13,XOM,sell,np.float64(245.19556064956728),np.float64(118.42),np.float64(29036.058292121757),np.float64(0.0),,
2024-05-13,AAPL,buy,np.float64(157.47451436246138),np.float64(185.435),np.float64(29201.286570803026),np.float64(0.0),1.0,
2024-05-13,ADBE,buy,np.float64(60.05529485604439),np.float64(486.24),np.float64(29201.286570803026),np.float64(0.0),1.0,
2024-05-13,INTC,buy,np.float64(972.403815211556),np.float64(30.03),np.float64(29201.286570803026),np.float64(0.0),1.0,
2024-05-13,JNJ,buy,np.float64(194.62334424688768),np.float64(150.04),np.float64(29201.286570803026),np.float64(0.0),1.0,
2024-05-13,TSLA,buy,np.float64(171.77227394590014),np.float64(170.0),np.float64(29201.286570803026),np.float64(0.0),1.0,
2024-05-20,AAPL,sell,np.float64(157.47451436246138),np.float64(189.325),np.float64(29813.862431673),np.float64(0.0),,
2024-05-20,ADBE,sell,np.float64(60.05529485604439),np.float64(483.0),np.float64(29006.707415469442),np.float64(0.0),,
2024-05-20,INTC,sell,np.float64(972.403815211556),np.float64(31.85),np.float64(30971.061514488058),np.float64(0.0),,
2024-05-20,JNJ,sell,np.float64(194.62334424688768),np.float64(153.1),np.float64(29796.834004198503),np.float64(0.0),,
2024-05-20,TSLA,sell,np.float64(171.77227394590014),np.float64(177.56),np.float64(30499.88496183403),np.float64(0.0),,
2024-05-20,AMZN,buy,np.float64(163.1004483829111),np.float64(184.34),np.float64(30065.936654905836),np.float64(0.0),1.0,
2024-05-20,CSCO,buy,np.float64(626.3736803105382),np.float64(48.0),np.float64(30065.936654905836),np.float64(0.0),1.0,
2024-05-20,KO,buy,np.float64(477.7679430304439),np.float64(62.93),np.float64(30065.936654905836),np.float64(0.0),1.0,
2024-05-20,META,buy,np.float64(63.976884040655044),np.float64(469.95),np.float64(30065.936654905836),np.float64(0.0),1.0,
2024-05-20,PEP,buy,np.float64(165.11580347578578),np.float64(182.09),np.float64(30065.936654905836),np.float64(0.0),1.0,
2024-05-28,AMZN,sell,np.float64(163.1004483829111),np.float64(179.93),np.float64(29346.6636775372),np.float64(0.0),,
2024-05-28,KO,sell,np.float64(0.7830440846817782),np.float64(61.79),np.float64(48.38429399248707),np.float64(0.0),,
2024-05-28,META,sell,np.float64(63.976884040655044),np.float64(476.575),np.float64(30489.783511675178),np.float64(0.0),,
2024-05-28,PEP,sell,np.float64(165.11580347578578),np.float64(176.23),np.float64(29098.358046537727),np.float64(0.0),,
2024-05-28,CRM,buy,np.float64(107.9197982638544),np.float64(273.1),np.float64(29472.89690585864),np.float64(0.0),1.0,
2024-05-28,CSCO,buy,np.float64(12.23129684881867),np.float64(46.152),np.float64(564.4988121666793),np.float64(0.0),1.0,
2024-05-28,JNJ,buy,np.float64(200.7827297898947),np.float64(146.79),np.float64(29472.89690585864),np.float64(0.0),1.0,
2024-05-28,XOM,buy,np.float64(259.6273511791635),np.float64(113.52),np.float64(29472.89690585864),np.float64(0.0),1.0,
2024-06-03,CSCO,sell,np.float64(638.604977159357),np.float64(46.72),np.float64(29835.62453288516),np.float64(0.0),,
2024-06-03,JNJ,sell,np.float64(200.7827297898947),np.float64(147.25),np.float64(29565.256961561994),np.float64(0.0),,
2024-06-03,KO,sell,np.float64(476.98489894576215),np.float64(62.71),np.float64(29911.723012888746),np.float64(0.0),,
2024-06-03,XOM,sell,np.float64(259.6273511791635),np.float64(116.3),np.float64(30194.660942136714),np.float64(0.0),,
2024-06-03,ADBE,buy,np.float64(64.71576411731452),np.float64(447.58),np.float64(28965.48170362763),np.float64(0.0),1.0,
2024-06-03,CRM,buy,np.float64(15.537203286003354),np.float64(234.62),np.float64(3645.338634962107),np.float64(0.0),1.0,
2024-06-03,MSFT,buy,np.float64(69.70815643734464),np.float64(415.525),np.float64(28965.48170362763),np.float64(0.0),1.0,
2024-06-03,ORCL,buy,np.float64(246.45181403580045),np.float64(117.53),np.float64(28965.48170362763),np.float64(0.0),1.0,
2024-06-03,PEP,buy,np.float64(167.7019552085898),np.float64(172.72),np.float64(28965.48170362763),np.float64(0.0),1.0,
2024-06-10,ADBE,sell,np.float64(64.71576411731452),np.float64(453.84),np.float64(29370.60238700202),np.float64(0.0),,
2024-06-10,CRM,sell,np.float64(123.45700154985775),np.float64(241.79),np.float64(29850.668404740103),np.float64(0.0),,
2024-06-10,MSFT,sell,np.float64(69.70815643734464),np.float64(424.7),np.float64(29605.054038940267),np.float64(0.0),,
2024-06-10,ORCL,sell,np.float64(246.45181403580045),np.float64(125.73),np.float64(30986.38657872119),np.float64(0.0),,
2024-06-10,CSCO,buy,np.float64(648.7673675076177),np.float64(45.8),np.float64(29713.54543184889),np.float64(0.0),np.float64(0.9999999999999999),
2024-06-10,JNJ,buy,np.float64(202.78131052923558),np.float64(146.53),np.float64(29713.54543184889),np.float64(0.0),np.float64(0.9999999999999999),
2024-06-10,JPM,buy,np.float64(149.13443802373462),np.float64(199.24),np.float64(29713.54543184889),np.float64(0.0),np.float64(0.9999999999999999),
2024-06-10,PEP,buy,np.float64(6.970582748313906),np.float64(170.11),np.float64(1185.7658313156787),np.float64(0.0),np.float64(0.9999999999999999),
2024-06-10,XOM,buy,np.float64(262.8121831934273),np.float64(113.06),np.float64(29713.54543184889),np.float64(0.0),np.float64(0.9999999999999999),
2024-06-17,CSCO,sell,np.float64(648.7673675076177),np.float64(45.4),np.float64(29454.03848484584),np.float64(0.0),,
2024-06-17,JNJ,sell,np.float64(2.8580799728593242),np.float64(145.02),np.float64(414.47875766405923),np.float64(0.0),,
2024-06-17,JPM,buy,np.float64(0.7149877323419093),np.float64(193.48),np.float64(138.3358264535126),np.float64(0.0),np.float64(0.9999999999999992),
2024-06-17,KO,buy,np.float64(464.85276407384424),np.float64(62.37),np.float64(28992.866895285664),np.float64(0.0),np.float64(0.9999999999999992),
2024-06-17,PEP,buy,np.float64(2.66471138731112),np.float64(163.49),np.float64(435.653664711495),np.float64(0.0),np.float64(0.9999999999999992),
2024-06-17,XOM,buy,np.float64(2.7632211785218312),np.float64(109.17),np.float64(301.6608560592283),np.float64(0.0),np.float64(0.9999999999999992),
2024-06-24,JNJ,sell,np.float64(199.92323055637627),np.float64(149.0),np.float64(29788.561352900066),np.float64(0.0),,
2024-06-24,JPM,sell,np.float64(149.84942575607653),np.float64(197.81),np.float64(29641.7149088095),np.float64(0.0),,
2024-06-24,PEP,sell,np.float64(177.33724934421483),np.float64(167.5),np.float64(29703.989265155982),np.float64(0.0),,
2024-06-24,XOM,sell,np.float64(265.5754043719491),np.float64(111.64),np.float64(29648.8381440844),np.float64(0.0),,
2024-06-24,AAPL,buy,np.float64(142.56131261309588),np.float64(207.72),np.float64(29612.835855992278),np.float64(0.0),1.0,
2024-06-24,KO,buy,np.float64(5.266871677739797),np.float64(62.99),np.float64(331.76024698082983),np.float64(0.0),1.0,
2024-06-24,META,buy,np.float64(59.32058464742043),np.float64(499.2),np.float64(29612.835855992278),np.float64(0.0),1.0,
2024-06-24,MU,buy,np.float64(207.8969099690556),np.float64(142.44),np.float64(29612.835855992278),np.float64(0.0),1.0,
2024-06-24,QCOM,buy,np.float64(143.11940387604406),np.float64(206.91),np.float64(29612.835855992278),np.float64(0.0),1.0,
2024-07-01,AAPL,sell,np.float64(142.56131261309588),np.float64(212.09),np.float64(30235.828792111504),np.float64(0.0),,
2024-07-01,KO,sell,np.float64(470.11963575158404),np.float64(64.03),np.float64(30101.760277173926),np.float64(0.0),,
2024-07-01,META,sell,np.float64(59.32058464742043),np.float64(504.95),np.float64(29953.929217714947),np.float64(0.0),,
2024-07-01,AVGO,buy,np.float64(18.153226281447164),np.float64(1608.2),np.float64(29194.01850582333),np.float64(0.0),1.0,
2024-07-01,JNJ,buy,np.float64(199.8632060369914),np.float64(146.07),np.float64(29194.01850582333),np.float64(0.0),1.0,
2024-07-01,MU,buy,np.float64(15.81204409855612),np.float64(130.5),np.float64(2063.4717548615736),np.float64(0.0),1.0,
2024-07-01,PEP,buy,np.float64(176.89056292912827),np.float64(165.04),np.float64(29194.01850582333),np.float64(0.0),1.0,
2024-07-01,QCOM,buy,np.float64(3.2385371969159262),np.float64(199.47),np.float64(645.9910146688198),np.float64(0.0),1.0,
2024-07-08,AVGO,sell,np.float64(18.153226281447164),np.float64(1705.0),np.float64(30951.250809867415),np.float64(0.0),,
2024-07-08,MU,sell,np.float64(223.70895406761173),np.float64(131.295),np.float64(29371.86712430708),np.float64(0.0),,
2024-07-08,QCOM,sell,np.float64(146.35794107296),np.float64(207.24),np.float64(30331.21970796023),np.float64(0.0),,
2024-07-08,CSCO,buy,np.float64(642.0013494148509),np.float64(46.35),np.float64(29756.76254537834),np.float64(0.0),1.0,
2024-07-08,JNJ,buy,np.float64(3.3933687265218513),np.float64(146.4),np.float64(496.78918156279906),np.float64(0.0),1.0,
2024-07-08,KO,buy,np.float64(467.9472015313467),np.float64(63.59),np.float64(29756.76254537834),np.float64(0.0),1.0,
2024-07-08,PEP,buy,np.float64(5.599088397857746),np.float64(163.06),np.float64(912.987354154684),np.float64(0.0),1.0,
2024-07-08,XOM,buy,np.float64(264.76343576277554),np.float64(112.39),np.float64(29756.76254537834),np.float64(0.0),1.0,
2024-07-15,CSCO,sell,np.float64(642.0013494148509),np.float64(47.41),np.float64(30437.283975758077),np.float64(0.0),,
2024-07-15,JNJ,sell,np.float64(203.25657476351324),np.float64(150.08),np.float64(30504.74674050807),np.float64(0.0),,
2024-07-15,KO,sell,np.float64(467.9472015313467),np.float64(63.79),np.float64(29850.351985684607),np.float64(0.0),,
2024-07-15,PEP,sell,np.float64(182.489651326986),np.float64(166.01),np.float64(30295.107016792947),np.float64(0.0),,
2024-07-15,XOM,sell,np.float64(264.76343576277554),np.float64(114.27),np.float64(30254.517804612362),np.float64(0.0),,
2024-07-15,AMZN,buy,np.float64(155.57360970739728),np.float64(194.56),np.float64(30268.401504671216),np.float64(0.0),1.0,
2024-07-15,COST,buy,np.float64(35.74191897677446),np.float64(846.86),np.float64(30268.401504671216),np.float64(0.0),1.0,
2024-07-15,META,buy,np.float64(60.7031295844037),np.float64(498.63),np.float64(30268.401504671216),np.float64(0.0),1.0,
2024-07-15,MSFT,buy,np.float64(66.77344254284407),np.float64(453.3),np.float64(30268.401504671216),np.float64(0.0),1.0,
2024-07-15,NFLX,buy,np.float64(46.74656603038026),np.float64(647.5),np.float64(30268.401504671216),np.float64(0.0),1.0,
2024-07-22,AMZN,sell,np.float64(155.57360970739728),np.float64(185.0),np.float64(28781.117795868497),np.float64(0.0),,
2024-07-22,COST,sell,np.float64(35.74191897677446),np.float64(845.75),np.float64(30228.727974606998),np.float64(0.0),,
2024-07-22,META,sell,np.float64(60.7031295844037),np.float64(486.575),np.float64(29536.625277531228),np.float64(0.0),,
2024-07-22,MSFT,sell,np.float64(66.77344254284407),np.float64(441.79),np.float64(29499.83918100308),np.float64(0.0),,
2024-07-22,NFLX,sell,np.float64(46.74656603038026),np.float64(639.5),np.float64(29894.428976428175),np.float64(0.0),,
2024-07-22,AMAT,buy,np.float64(136.83646044067706),np.float64(216.23),np.float64(29588.147841087597),np.float64(0.0),1.0,
2024-07-22,AMD,buy,np.float64(191.84430941507878),np.float64(154.23),np.float64(29588.147841087597),np.float64(0.0),1.0,
2024-07-22,MU,buy,np.float64(256.48533149347776),np.float64(115.36),np.float64(29588.147841087597),np.float64(0.0),1.0,
2024-07-22,NVDA,buy,np.float64(245.85083374397672),np.float64(120.35),np.float64(29588.147841087597),np.float64(0.0),1.0,
2024-07-22,QCOM,buy,np.float64(154.91176880150573),np.float64(191.0),np.float64(29588.147841087597),np.float64(0.0),1.0,
2024-07-29,AMAT,sell,np.float64(136.83646044067706),np.float64(208.3),np.float64(28503.03470979303),np.float64(0.0),,
2024-07-29,MU,sell,np.float64(3.1676390288079133),np.float64(110.54),np.float64(350.1508182444268),np.float64(0.0),,
2024-07-29,NVDA,sell,np.float64(245.85083374397672),np.float64(113.69),np.float64(27950.78128835271),np.float64(0.0),,
2024-07-29,QCOM,sell,np.float64(154.91176880150573),np.float64(181.5),np.float64(28116.48603747329),np.float64(0.0),,
2024-07-29,AMD,buy,np.float64(6.482326501378531),np.float64(141.19),np.float64(915.2396787296348),np.float64(0.0),1.0,
2024-07-29,GOOGL,buy,np.float64(165.85759477015108),np.float64(168.83),np.float64(28001.737725044608),np.float64(0.0),1.0,
2024-07-29,INTC,buy,np.float64(891.2074387347105),np.float64(31.42),np.float64(28001.737725044608),np.float64(0.0),1.0,
2024-07-29,TSLA,buy,np.float64(124.50750433545846),np.float64(224.9),np.float64(28001.737725044608),np.float64(0.0),1.0,
2024-08-05,AMD,sell,np.float64(198.32663591645732),np.float64(122.16),np.float64(24227.581843554424),np.float64(0.0),,
2024-08-05,GOOGL,sell,np.float64(165.85759477015108),np.float64(155.5),np.float64(25790.85598675849),np.float64(0.0),,
2024-08-05,TSLA,sell,np.float64(124.50750433545846),np.float64(185.22),np.float64(23061.279953013618),np.float64(0.0),,
2024-08-05,AMAT,buy,np.float64(129.34498451295585),np.float64(175.16),np.float64(22656.067487289343),np.float64(0.0),1.0,
2024-08-05,AMZN,buy,np.float64(146.9169800096579),np.float64(154.21),np.float64(22656.067487289343),np.float64(0.0),1.0,
2024-08-05,INTC,buy,np.float64(230.38006063604902),np.float64(20.2),np.float64(4653.67722484819),np.float64(0.0),1.0,
2024-08-05,MU,buy,np.float64(5.224673018490528),np.float64(87.63),np.float64(457.838096610325),np.float64(0.0),1.0,
2024-08-05,QCOM,buy,np.float64(147.81801714157592),np.float64(153.27),np.float64(22656.067487289343),np.float64(0.0),1.0,
2024-08-12,AMAT,sell,np.float64(129.34498451295585),np.float64(191.5),np.float64(24769.564534231045),np.float64(0.0),,
2024-08-12,AMZN,sell,np.float64(146.9169800096579),np.float64(168.14),np.float64(24702.621018823877),np.float64(0.0),,
2024-08-12,MU,sell,np.float64(258.5423654831604),np.float64(93.1),np.float64(24070.29422648223),np.float64(0.0),,
2024-08-12,QCOM,sell,np.float64(147.81801714157592),np.float64(160.56),np.float64(23733.66083225143),np.float64(0.0),,
2024-08-12,CSCO,buy,np.float64(525.8171871807904),np.float64(45.53),np.float64(23940.456532341384),np.float64(0.0),np.float64(0.9999999999999999),
2024-08-12,INTC,buy,np.float64(83.26688071687938),np.float64(19.87),np.float64(1654.5129198443935),np.float64(0.0),np.float64(0.9999999999999999),
2024-08-12,JNJ,buy,np.float64(148.72620073517663),np.float64(160.97),np.float64(23940.456532341384),np.float64(0.0),np.float64(0.9999999999999999),
2024-08-12,KO,buy,np.float64(349.75100850754393),np.float64(68.45),np.float64(23940.456532341384),np.float64(0.0),np.float64(0.9999999999999999),
2024-08-12,PEP,buy,np.float64(138.99475460021705),np.float64(172.24),np.float64(23940.456532341384),np.float64(0.0),np.float64(0.9999999999999999),
2024-08-19,CSCO,sell,np.float64(525.8171871807904),np.float64(49.33),np.float64(25938.561843628388),np.float64(0.0),,
2024-08-19,INTC,sell,np.float64(1204.854380087639),np.float64(20.885),np.float64(25163.38372813034),np.float64(0.0),,
2024-08-19,GOOGL,buy,np.float64(148.92532951386934),np.float64(165.28),np.float64(24614.378462052326),np.float64(0.0),np.float64(0.9999999999999999),
2024-08-19,JNJ,buy,np.float64(5.634632464699996),np.float64(159.46),np.float64(898.4984928210614),np.float64(0.0),np.float64(0.9999999999999999),
2024-08-19,KO,buy,np.float64(5.178745811884057),np.float64(69.35),np.float64(359.14602205415935),np.float64(0.0),np.float64(0.9999999999999999),
2024-08-19,PEP,buy,np.float64(3.5650650572156484),np.float64(172.66),np.float64(615.5441327788539),np.float64(0.0),np.float64(0.9999999999999999),
2024-08-19,XOM,buy,np.float64(207.89170998355004),np.float64(118.4),np.float64(24614.378462052326),np.float64(0.0),np.float64(0.9999999999999999),
2024-08-26,GOOGL,sell,np.float64(148.92532951386934),np.float64(166.38),np.float64(24778.19632451758),np.float64(0.0),,
2024-08-26,JNJ,sell,np.float64(154.36083319987662),np.float64(164.17),np.float64(25341.417986423745),np.float64(0.0),,
2024-08-26,KO,sell,np.float64(354.929754319428),np.float64(69.83),np.float64(24784.74474412566),np.float64(0.0),,
2024-08-26,PEP,sell,np.float64(142.5598196574327),np.float64(176.32),np.float64(25136.147401998536),np.float64(0.0),,
2024-08-26,AMAT,buy,np.float64(124.10607886054554),np.float64(200.67),np.float64(24904.36684494567),np.float64(0.0),np.float64(0.9999999999999999),
2024-08-26,INTC,buy,np.float64(1213.0719359447476),np.float64(20.53),np.float64(24904.36684494567),np.float64(0.0),np.float64(0.9999999999999999),
2024-08-26,MSFT,buy,np.float64(59.81378560865027),np.float64(416.365),np.float64(24904.36684494567),np.float64(0.0),np.float64(0.9999999999999999),
2024-08-26,MU,buy,np.float64(247.38618103651208),np.float64(100.67),np.float64(24904.36684494567),np.float64(0.0),np.float64(0.9999999999999999),
2024-08-26,XOM,buy,np.float64(3.592383468773958),np.float64(117.76),np.float64(423.0390772828213),np.float64(0.0),np.float64(0.9999999999999999),
2024-09-03,AMAT,sell,np.float64(124.10607886054554),np.float64(193.08),np.float64(23962.401706394136),np.float64(0.0),,
2024-09-03,INTC,sell,np.float64(1213.0719359447476),np.float64(21.54),np.float64(26129.56950024986),np.float64(0.0),,
2024-09-03,MSFT,sell,np.float64(59.81378560865027),np.float64(417.91),np.float64(24996.779143711035),np.float64(0.0),,
2024-09-03,XOM,sell,np.float64(211.484093452324),np.float64(115.84),np.float64(24498.317385517214),np.float64(0.0),,
2024-09-03,AMD,buy,np.float64(167.6795790811022),np.float64(146.41),np.float64(24549.96717326417),np.float64(0.0),np.float64(0.9999999999999999),
2024-09-03,CRM,buy,np.float64(97.18140754201634),np.float64(252.62),np.float64(24549.96717326417),np.float64(0.0),np.float64(0.9999999999999999),
2024-09-03,MU,buy,np.float64(14.81575395509503),np.float64(93.63),np.float64(1387.1990428155475),np.float64(0.0),np.float64(0.9999999999999999),
2024-09-03,NVDA,buy,np.float64(211.61940499322617),np.float64(116.01),np.float64(24549.96717326417),np.float64(0.0),np.float64(0.9999999999999999),
2024-09-03,PEP,buy,np.float64(142.41772347873402),np.float64(172.38),np.float64(24549.96717326417),np.float64(0.0),np.float64(0.9999999999999999),
2024-09-09,AMD,sell,np.float64(167.6795790811022),np.float64(136.1),np.float64(22821.19071293801),np.float64(0.0),,
2024-09-09,CRM,sell,np.float64(97.18140754201634),np.float64(246.5),np.float64(23955.21695910703),np.float64(0.0),,
2024-09-09,PEP,sell,np.float64(142.41772347873402),np.float64(177.05),np.float64(25215.05794190986),np.float64(0.0),,
2024-09-09,AMAT,buy,np.float64(132.5957366617401),np.float64(177.1),np.float64(23482.704962794167),np.float64(0.0),np.float64(0.9999999999999998),
2024-09-09,AVGO,buy,np.float64(168.80673540934632),np.float64(139.11),np.float64(23482.704962794167),np.float64(0.0),np.float64(0.9999999999999998),
2024-09-09,GOOGL,buy,np.float64(153.97485386397068),np.float64(152.51),np.float64(23482.704962794167),np.float64(0.0),np.float64(0.9999999999999998),
2024-09-09,MU,buy,np.float64(5.10261780058607),np.float64(87.85),np.float64(448.2649737814862),np.float64(0.0),np.float64(0.9999999999999998),
2024-09-09,NVDA,buy,np.float64(12.281290685589331),np.float64(104.88),np.float64(1288.061767104609),np.float64(0.0),np.float64(0.9999999999999998),
2024-09-16,AMAT,sell,np.float64(132.5957366617401),np.float64(185.0),np.float64(24530.21128242192),np.float64(0.0),,
2024-09-16,AVGO,sell,np.float64(168.80673540934632),np.float64(165.19),np.float64(27885.184622269917),np.float64(0.0),,
2024-09-16,GOOGL,sell,np.float64(153.97485386397068),np.float64(157.31),np.float64(24221.78426134123),np.float64(0.0),,
2024-09-16,MU,sell,np.float64(267.3045527921932),np.float64(87.24),np.float64(23319.649185590933),np.float64(0.0),,
2024-09-16,NVDA,sell,np.float64(223.9006956788155),np.float64(116.79),np.float64(26149.362248328864),np.float64(0.0),,
2024-09-16,ADBE,buy,np.float64(46.93279888608472),np.float64(537.4),np.float64(25221.68612138193),np.float64(0.0),np.float64(0.9999999999999998),
2024-09-16,JPM,buy,np.float64(122.53649186893031),np.float64(205.83),np.float64(25221.68612138193),np.float64(0.0),np.float64(0.9999999999999998),
2024-09-16,KO,buy,np.float64(351.4237999356546),np.float64(71.77),np.float64(25221.68612138193),np.float64(0.0),np.float64(0.9999999999999998),
2024-09-16,PEP,buy,np.float64(140.9032744211281),np.float64(179.0),np.float64(25221.68612138193),np.float64(0.0),np.float64(0.9999999999999998),
2024-09-16,XOM,buy,np.float64(225.0931380756977),np.float64(112.05),np.float64(25221.68612138193),np.float64(0.0),np.float64(0.9999999999999998),
2024-09-23,JPM,sell,np.float64(122.53649186893031),np.float64(211.0),np.float64(25855.199784344295),np.float64(0.0),,
2024-09-23,KO,sell,np.float64(351.4237999356546),np.float64(71.55),np.float64(25144.372885396086),np.float64(0.0),,
2024-09-23,XOM,sell,np.float64(225.0931380756977),np.float64(115.33),np.float64(25959.991614270217),np.float64(0.0),,
2024-09-23,ADBE,buy,np.float64(0.8915713890678798),np.float64(525.71),np.float64(468.70799494687515),np.float64(0.0),np.float64(0.9999999999999998),
2024-09-23,COST,buy,np.float64(27.720291183212936),np.float64(906.98),np.float64(25141.749697350468),np.float64(0.0),np.float64(0.9999999999999998),
2024-09-23,JNJ,buy,np.float64(152.93035095711963),np.float64(164.4),np.float64(25141.749697350468),np.float64(0.0),np.float64(0.9999999999999998),
2024-09-23,PEP,buy,np.float64(6.236362129176094),np.float64(170.87),np.float64(1065.6071970123191),np.float64(0.0),np.float64(0.9999999999999998),
2024-09-23,WMT,buy,np.float64(317.9682521481026),np.float64(79.07),np.float64(25141.749697350468),np.float64(0.0),np.float64(0.9999999999999998),
2024-09-30,ADBE,sell,np.float64(47.824370275152596),np.float64(513.83),np.float64(24573.59617848166),np.float64(0.0),,
2024-09-30,PEP,sell,np.float64(1.175101667590132),np.float64(170.58),np.float64(200.44884245752473),np.float64(0.0),,
2024-09-30,WMT,sell,np.float64(317.9682521481026),np.float64(79.89),np.float64(25402.483664111915),np.float64(0.0),,
2024-09-30,COST,buy,np.float64(0.21270001044779246),np.float64(891.37),np.float64(189.59440831284877),np.float64(0.0),np.float64(0.9999999999999997),
2024-09-30,JNJ,buy,np.float64(1.1739404354245537),np.float64(161.57),np.float64(189.67355615154514),np.float64(0.0),np.float64(0.9999999999999997),
2024-09-30,KO,buy,np.float64(345.8143105596299),np.float64(72.0),np.float64(24898.630360293355),np.float64(0.0),np.float64(0.9999999999999997),
2024-09-30,MSFT,buy,np.float64(58.145840499505745),np.float64(428.21),np.float64(24898.630360293355),np.float64(0.0),np.float64(0.9999999999999997),
2024-10-07,COST,sell,np.float64(27.93299119366073),np.float64(881.6),np.float64(24625.7250363313),np.float64(0.0),,
2024-10-07,JNJ,sell,np.float64(154.10429139254418),np.float64(160.25),np.float64(24695.212695655206),np.float64(0.0),,
2024-10-07,PEP,sell,np.float64(0.2275069492394757),np.float64(167.72),np.float64(38.15746552644487),np.float64(0.0),,
2024-10-07,INTC,buy,np.float64(1091.2059966518907),np.float64(22.4),np.float64(24443.01432500235),np.float64(0.0),np.float64(0.9999999999999999),
2024-10-07,KO,buy,np.float64(3.122367884372305),np.float64(70.05),np.float64(218.72187030027996),np.float64(0.0),np.float64(0.9999999999999999),
2024-10-07,MSFT,buy,np.float64(0.6114054740576018),np.float64(416.0),np.float64(254.34467720796235),np.float64(0.0),np.float64(0.9999999999999999),
2024-10-07,MU,buy,np.float64(239.26208227292827),np.float64(102.16),np.float64(24443.01432500235),np.float64(0.0),np.float64(0.9999999999999999),
2024-10-14,INTC,sell,np.float64(1091.2059966518907),np.float64(23.58),np.float64(25730.63740105158),np.float64(0.0),,
2024-10-14,MSFT,sell,np.float64(58.75724597356335),np.float64(417.77),np.float64(24547.01465037556),np.float64(0.0),,
2024-10-14,MU,sell,np.float64(239.26208227292827),np.float64(107.805),np.float64(25793.648779433035),np.float64(0.0),,
2024-10-14,PEP,sell,np.float64(145.73702793347456),np.float64(174.955),np.float64(25497.421722101044),np.float64(0.0),,
2024-10-14,ADBE,buy,np.float64(50.1571332292987),np.float64(501.8),np.float64(25168.849454462088),np.float64(0.0),np.float64(0.9999999999999999),
2024-10-14,GOOGL,buy,np.float64(153.80621763909858),np.float64(163.64),np.float64(25168.849454462088),np.float64(0.0),np.float64(0.9999999999999999),
2024-10-14,KO,buy,np.float64(12.840660271853663),np.float64(69.57),np.float64(893.3247351128592),np.float64(0.0),np.float64(0.9999999999999999),
2024-10-14,TSLA,buy,np.float64(114.33629879826506),np.float64(220.13),np.float64(25168.849454462088),np.float64(0.0),np.float64(0.9999999999999999),
2024-10-14,WMT,buy,np.float64(314.4141093624246),np.float64(80.05),np.float64(25168.849454462088),np.float64(0.0),np.float64(0.9999999999999999),
2024-10-21,ADBE,sell,np.float64(50.1571332292987),np.float64(494.6),np.float64(24807.718095211138),np.float64(0.0),,
2024-10-21,GOOGL,sell,np.float64(153.80621763909858),np.float64(162.95),np.float64(25062.72316429111),np.float64(0.0),,
2024-10-21,KO,sell,np.float64(361.7773387158559),np.float64(70.0),np.float64(25324.41371010991),np.float64(0.0),,
2024-10-21,TSLA,sell,np.float64(114.33629879826506),np.float64(218.9),np.float64(25028.21580694022),np.float64(0.0),,
2024-10-21,WMT,sell,np.float64(314.4141093624246),np.float64(81.23),np.float64(25539.858103509752),np.float64(0.0),,
2024-10-21,AMAT,buy,np.float64(135.11272978090045),np.float64(186.16),np.float64(25152.585776012427),np.float64(0.0),1.0,
2024-10-21,AMD,buy,np.float64(161.48295952755797),np.float64(155.76),np.float64(25152.585776012427),np.float64(0.0),1.0,
2024-10-21,INTC,buy,np.float64(1112.4540369753395),np.float64(22.61),np.float64(25152.585776012427),np.float64(0.0),1.0,
2024-10-21,META,buy,np.float64(43.66540939883761),np.float64(576.03),np.float64(25152.585776012427),np.float64(0.0),1.0,
2024-10-21,XOM,buy,np.float64(207.90697450828588),np.float64(120.98),np.float64(25152.585776012427),np.float64(0.0),1.0,
2024-10-28,AMAT,sell,np.float64(135.11272978090045),np.float64(186.52),np.float64(25201.226358733555),np.float64(0.0),,
2024-10-28,AMD,sell,np.float64(161.48295952755797),np.float64(158.5),np.float64(25595.04908511794),np.float64(0.0),,
2024-10-28,INTC,sell,np.float64(1112.4540369753395),np.float64(22.67),np.float64(25219.333018230947),np.float64(0.0),,
2024-10-28,META,sell,np.float64(43.66540939883761),np.float64(582.0),np.float64(25413.268270123488),np.float64(0.0),,
2024-10-28,XOM,sell,np.float64(207.90697450828588),np.float64(116.79),np.float64(24281.45555282271),np.float64(0.0),,
2024-10-28,AVGO,buy,np.float64(145.3298639133279),np.float64(173.0),np.float64(25142.066457005727),np.float64(0.0),1.0,
2024-10-28,CSCO,buy,np.float64(449.76863071566595),np.float64(55.9),np.float64(25142.066457005727),np.float64(0.0),1.0,
2024-10-28,JNJ,buy,np.float64(156.03591172969482),np.float64(161.13),np.float64(25142.066457005727),np.float64(0.0),1.0,
2024-10-28,KO,buy,np.float64(375.4788897402289),np.float64(66.96),np.float64(25142.066457005727),np.float64(0.0),1.0,
2024-10-28,PEP,buy,np.float64(145.34666699621764),np.float64(172.98),np.float64(25142.066457005727),np.float64(0.0),1.0,
2024-11-04,AVGO,sell,np.float64(145.3298639133279),np.float64(169.28),np.float64(24601.439363248148),np.float64(0.0),,
2024-11-04,CSCO,sell,np.float64(449.76863071566595),np.float64(55.45),np.float64(24939.670573183677),np.float64(0.0),,
2024-11-04,JNJ,sell,np.float64(156.03591172969482),np.float64(159.7),np.float64(24918.93510323226),np.float64(0.0),,
2024-11-04,KO,sell,np.float64(375.4788897402289),np.float64(65.08),np.float64(24436.166144294097),np.float64(0.0),,
2024-11-04,AAPL,buy,np.float64(111.28482354121168),np.float64(220.99),np.float64(24592.83315437237),np.float64(0.0),np.float64(0.9999999999999999),
2024-11-04,AMD,buy,np.float64(173.5556327055213),np.float64(141.7),np.float64(24592.83315437237),np.float64(0.0),np.float64(0.9999999999999999),
2024-11-04,MSFT,buy,np.float64(60.011793934534815),np.float64(409.8),np.float64(24592.83315437237),np.float64(0.0),np.float64(0.9999999999999999),
2024-11-04,MU,buy,np.float64(242.29392270317604),np.float64(101.5),np.float64(24592.83315437237),np.float64(0.0),np.float64(0.9999999999999999),
2024-11-04,PEP,buy,np.float64(3.169747970702909),np.float64(165.59),np.float64(524.8785664686947),np.float64(0.0),np.float64(0.9999999999999999),
2024-11-11,AMD,sell,np.float64(173.5556327055213),np.float64(147.38),np.float64(25578.629148139727),np.float64(0.0),,
2024-11-11,MSFT,sell,np.float64(60.011793934534815),np.float64(422.515),np.float64(25355.883114249977),np.float64(0.0),,
2024-11-11,MU,sell,np.float64(242.29392270317604),np.float64(110.945),np.float64(26881.299254303864),np.float64(0.0),,
2024-11-11,AAPL,buy,np.float64(1.8710002846220186),np.float64(225.0),np.float64(420.9750640399542),np.float64(0.0),np.float64(0.9999999999999998),
2024-11-11,JNJ,buy,np.float64(163.60403778956803),np.float64(155.62),np.float64(25460.060360812575),np.float64(0.0),np.float64(0.9999999999999998),
2024-11-11,KO,buy,np.float64(397.87561120194675),np.float64(63.99),np.float64(25460.060360812575),np.float64(0.0),np.float64(0.9999999999999998),
2024-11-11,PEP,buy,np.float64(6.340712706655171),np.float64(164.41),np.float64(1042.4765761011765),np.float64(0.0),np.float64(0.9999999999999998),
2024-11-11,WMT,buy,np.float64(299.70641978590436),np.float64(84.95),np.float64(25460.060360812575),np.float64(0.0),np.float64(0.9999999999999998),
2024-11-18,AAPL,sell,np.float64(113.15582382583369),np.float64(225.25),np.float64(25488.34931676904),np.float64(0.0),,
2024-11-18,JNJ,sell,np.float64(163.60403778956803),np.float64(152.59),np.float64(24964.340126310184),np.float64(0.0),,
2024-11-18,KO,sell,np.float64(397.87561120194675),np.float64(61.85),np.float64(24608.606552840407),np.float64(0.0),,
2024-11-18,PEP,sell,np.float64(154.85712767357572),np.float64(159.405),np.float64(24685.00043680634),np.float64(0.0),,
2024-11-18,WMT,sell,np.float64(299.70641978590436),np.float64(84.82),np.float64(25421.098526240406),np.float64(0.0),,
2024-11-18,AMAT,buy,np.float64(149.2931714682328),np.float64(167.68),np.float64(25033.478991793276),np.float64(0.0),np.float64(0.9999999999999999),
2024-11-18,AMD,buy,np.float64(181.15916338092612),np.float64(138.185),np.float64(25033.478991793276),np.float64(0.0),np.float64(0.9999999999999999),
2024-11-18,AVGO,buy,np.float64(151.11360009533547),np.float64(165.66),np.float64(25033.478991793276),np.float64(0.0),np.float64(0.9999999999999999),
2024-11-18,META,buy,np.float64(44.94018201887347),np.float64(557.04),np.float64(25033.478991793276),np.float64(0.0),np.float64(0.9999999999999999),
2024-11-18,MU,buy,np.float64(259.2933760608346),np.float64(96.545),np.float64(25033.478991793276),np.float64(0.0),np.float64(0.9999999999999999),
2024-11-25,AMAT,sell,np.float64(149.2931714682328),np.float64(176.71),np.float64(26381.59633015142),np.float64(0.0),,
2024-11-25,AMD,sell,np.float64(181.15916338092612),np.float64(140.49),np.float64(25451.05086338631),np.float64(0.0),,
2024-11-25,AVGO,sell,np.float64(151.11360009533547),np.float64(165.395),np.float64(24993.433887768013),np.float64(0.0),,
2024-11-25,META,sell,np.float64(44.94018201887347),np.float64(562.1),np.float64(25260.87631280878),np.float64(0.0),,
2024-11-25,MU,sell,np.float64(259.2933760608346),np.float64(103.85),np.float64(26927.61710391767),np.float64(0.0),,
2024-11-25,AMZN,buy,np.float64(129.54063806364863),np.float64(199.28),np.float64(25814.858353323896),np.float64(0.0),np.float64(0.9999999999999999),
2024-11-25,GOOGL,buy,np.float64(155.4269272883611),np.float64(166.09),np.float64(25814.858353323896),np.float64(0.0),np.float64(0.9999999999999999),
2024-11-25,JNJ,buy,np.float64(166.3650083993291),np.float64(155.17),np.float64(25814.858353323896),np.float64(0.0),np.float64(0.9999999999999999),
2024-11-25,MSFT,buy,np.float64(61.70194166385558),np.float64(418.38),np.float64(25814.858353323896),np.float64(0.0),np.float64(0.9999999999999999),
2024-11-25,QCOM,buy,np.float64(162.41888985355416),np.float64(158.94),np.float64(25814.858353323896),np.float64(0.0),np.float64(0.9999999999999999),
2024-12-02,AMZN,sell,np.float64(129.54063806364863),np.float64(209.96),np.float64(27198.35236784367),np.float64(0.0),,
2024-12-02,GOOGL,sell,np.float64(155.4269272883611),np.float64(168.765),np.float64(26230.625383820257),np.float64(0.0),,
2024-12-02,JNJ,sell,np.float64(166.3650083993291),np.float64(154.75),np.float64(25744.985049796178),np.float64(0.0),,
2024-12-02,MSFT,sell,np.float64(61.70194166385558),np.float64(421.57),np.float64(26011.687547231595),np.float64(0.0),,
2024-12-02,QCOM,sell,np.float64(162.41888985355416),np.float64(158.38),np.float64(25723.903775005907),np.float64(0.0),,
2024-12-02,CRM,buy,np.float64(78.98544983982698),np.float64(332.0),np.float64(26223.169346822557),np.float64(0.0),1.0,
2024-12-02,MU,buy,np.float64(268.6800137994115),np.float64(97.6),np.float64(26223.169346822557),np.float64(0.0),1.0,
2024-12-02,NVDA,buy,np.float64(188.88690734583702),np.float64(138.83),np.float64(26223.169346822557),np.float64(0.0),1.0,
2024-12-02,ORCL,buy,np.float64(141.52501131643672),np.float64(185.29),np.float64(26223.169346822557),np.float64(0.0),1.0,
2024-12-02,XOM,buy,np.float64(222.1361232259429),np.float64(118.05),np.float64(26223.169346822557),np.float64(0.0),1.0,
2024-12-09,CRM,sell,np.float64(78.98544983982698),np.float64(361.7),np.float64(28569.03720706542),np.float64(0.0),,
2024-12-09,MU,sell,np.float64(268.6800137994115),np.float64(100.65),np.float64(27042.64338891077),np.float64(0.0),,
2024-12-09,NVDA,sell,np.float64(188.88690734583702),np.float64(138.97),np.float64(26249.61351385097),np.float64(0.0),,
2024-12-09,ORCL,sell,np.float64(141.52501131643672),np.float64(196.3),np.float64(27781.35972141653),np.float64(0.0),,
2024-12-09,INTC,buy,np.float64(1291.6847788426312),np.float64(20.92),np.float64(27022.045573387848),np.float64(0.0),1.0,
2024-12-09,JNJ,buy,np.float64(181.00372143738932),np.float64(149.29),np.float64(27022.045573387848),np.float64(0.0),1.0,
2024-12-09,KO,buy,np.float64(431.04236039859387),np.float64(62.69),np.float64(27022.045573387848),np.float64(0.0),1.0,
2024-12-09,PEP,buy,np.float64(171.1230800670499),np.float64(157.91),np.float64(27022.045573387848),np.float64(0.0),1.0,
2024-12-09,XOM,buy,np.float64(13.576067749177898),np.float64(114.64),np.float64(1556.3604067657543),np.float64(0.0),1.0,
2024-12-16,INTC,sell,np.float64(1291.6847788426312),np.float64(20.17),np.float64(26053.281989255873),np.float64(0.0),,
2024-12-16,KO,sell,np.float64(431.04236039859387),np.float64(63.23),np.float64(27254.80844800309),np.float64(0.0),,
2024-12-16,PEP,sell,np.float64(171.1230800670499),np.float64(157.85),np.float64(27011.778188583827),np.float64(0.0),,
2024-12-16,XOM,sell,np.float64(235.7121909751208),np.float64(110.2),np.float64(25975.48344545831),np.float64(0.0),,
2024-12-16,ADBE,buy,np.float64(56.873660873652796),np.float64(467.19),np.float64(26570.80562356185),np.float64(0.0),1.0,
2024-12-16,AMD,buy,np.float64(210.86267457790532),np.float64(126.01),np.float64(26570.80562356185),np.float64(0.0),1.0,
2024-12-16,JNJ,buy,np.float64(0.08266596506316429),np.float64(146.73),np.float64(12.129577053718094),np.float64(0.0),1.0,
2024-12-16,NVDA,buy,np.float64(198.02359236519487),np.float64(134.18),np.float64(26570.80562356185),np.float64(0.0),1.0,
2024-12-16,ORCL,buy,np.float64(152.84632779315376),np.float64(173.84),np.float64(26570.80562356185),np.float64(0.0),1.0,
2024-12-23,ADBE,sell,np.float64(56.873660873652796),np.float64(447.0),np.float64(25422.526410522798),np.float64(0.0),,
2024-12-23,JNJ,sell,np.float64(181.0863874024525),np.float64(144.63),np.float64(26190.5242100167),np.float64(0.0),,
2024-12-23,NVDA,sell,np.float64(198.02359236519487),np.float64(136.28),np.float64(26986.65516752876),np.float64(0.0),,
2024-12-23,ORCL,sell,np.float64(152.84632779315376),np.float64(169.59),np.float64(25921.208730440947),np.float64(0.0),,
2024-12-23,AMD,buy,np.float64(4.486754577604883),np.float64(120.71),np.float64(541.5961450626854),np.float64(0.0),np.float64(0.9999999999999999),
2024-12-23,COST,buy,np.float64(27.251676933536327),np.float64(953.88),np.float64(25994.829593361632),np.float64(0.0),np.float64(0.9999999999999999),
2024-12-23,META,buy,np.float64(44.08892400502312),np.float64(589.6),np.float64(25994.829593361632),np.float64(0.0),np.float64(0.9999999999999999),
2024-12-23,MU,buy,np.float64(288.83143992624036),np.float64(90.0),np.float64(25994.829593361632),np.float64(0.0),np.float64(0.9999999999999999),
2024-12-23,XOM,buy,np.float64(246.8410368755259),np.float64(105.31),np.float64(25994.829593361632),np.float64(0.0),np.float64(0.9999999999999999),
2024-12-30,AMD,sell,np.float64(215.3494291555102),np.float64(123.562),np.float64(26609.00616531315),np.float64(0.0),,
2024-12-30,META,sell,np.float64(44.08892400502312),np.float64(588.75),np.float64(25957.35400795736),np.float64(0.0),,
2024-12-30,MU,sell,np.float64(288.83143992624036),np.float64(86.985),np.float64(25124.002801984017),np.float64(0.0),,
2024-12-30,XOM,sell,np.float64(246.8410368755259),np.float64(106.3),np.float64(26239.202219868403),np.float64(0.0),,
2024-12-30,COST,buy,np.float64(0.5322311300161462),np.float64(931.0),np.float64(495.5071820450321),np.float64(0.0),1.0,
2024-12-30,JNJ,buy,np.float64(178.58891471394196),np.float64(144.84),np.float64(25866.818407167353),np.float64(0.0),1.0,
2024-12-30,KO,buy,np.float64(414.93131869052536),np.float64(62.34),np.float64(25866.818407167353),np.float64(0.0),1.0,
2024-12-30,MSFT,buy,np.float64(60.711680061886476),np.float64(426.06),np.float64(25866.818407167353),np.float64(0.0),1.0,
2024-12-30,WMT,buy,np.float64(285.0966428652855),np.float64(90.73),np.float64(25866.818407167353),np.float64(0.0),1.0,
2025-01-06,JNJ,sell,np.float64(178.58891471394196),np.float64(143.51),np.float64(25629.29515059781),np.float64(0.0),,
2025-01-06,KO,sell,np.float64(414.93131869052536),np.float64(61.5),np.float64(25518.276099467308),np.float64(0.0),,
2025-01-06,MSFT,sell,np.float64(0.6497313178741738),np.float64(428.0),np.float64(278.0850040501464),np.float64(0.0),,
2025-01-06,WMT,sell,np.float64(285.0966428652855),np.float64(90.83),np.float64(25895.32807145388),np.float64(0.0),,
2025-01-06,AAPL,buy,np.float64(105.22088355956473),np.float64(244.31),np.float64(25706.514062437258),np.float64(0.0),np.float64(0.9999999999999998),
2025-01-06,COST,buy,np.float64(0.21944066129693854),np.float64(917.98),np.float64(201.44213825736364),np.float64(0.0),np.float64(0.9999999999999998),
2025-01-06,NFLX,buy,np.float64(28.92402230347592),np.float64(888.76),np.float64(25706.514062437258),np.float64(0.0),np.float64(0.9999999999999998),
2025-01-06,TSLA,buy,np.float64(60.74318067683662),np.float64(423.2),np.float64(25706.514062437258),np.float64(0.0),np.float64(0.9999999999999998),
2025-01-13,COST,sell,np.float64(28.003348724849413),np.float64(934.0),np.float64(26155.127709009354),np.float64(0.0),,
2025-01-13,MSFT,sell,np.float64(60.061948744012305),np.float64(415.235),np.float64(24939.82328671995),np.float64(0.0),,
2025-01-13,TSLA,sell,np.float64(60.74318067683662),np.float64(383.21),np.float64(23277.394267170563),np.float64(0.0),,
2025-01-13,AAPL,buy,np.float64(0.115155361741167),np.float64(233.53),np.float64(26.89223162741473),np.float64(0.0),1.0,
2025-01-13,ADBE,buy,np.float64(60.84825777152044),np.float64(404.27),np.float64(24599.125169292565),np.float64(0.0),1.0,
2025-01-13,NFLX,buy,np.float64(0.6591233256904524),np.float64(831.525),np.float64(548.0775233947534),np.float64(0.0),1.0,
2025-01-13,ORCL,buy,np.float64(160.00471685503163),np.float64(153.74),np.float64(24599.125169292565),np.float64(0.0),1.0,
2025-01-13,PEP,buy,np.float64(172.27484536236827),np.float64(142.79),np.float64(24599.125169292565),np.float64(0.0),1.0,
2025-01-21,ADBE,sell,np.float64(60.84825777152044),np.float64(433.26),np.float64(26363.116162088943),np.float64(0.0),,
2025-01-21,NFLX,sell,np.float64(29.58314562916637),np.float64(863.53),np.float64(25545.933745154034),np.float64(0.0),,
2025-01-21,ORCL,sell,np.float64(160.00471685503163),np.float64(163.87),np.float64(26219.972951034033),np.float64(0.0),,
2025-01-21,PEP,sell,np.float64(172.27484536236827),np.float64(148.33),np.float64(25553.52781260009),np.float64(0.0),,
2025-01-21,AAPL,buy,np.float64(8.304874819095565),np.float64(224.0),np.float64(1860.2919594774064),np.float64(0.0),np.float64(0.9999999999999999),
2025-01-21,COST,buy,np.float64(26.929981145569876),np.float64(945.25),np.float64(25455.564677849925),np.float64(0.0),np.float64(0.9999999999999999),
2025-01-21,CSCO,buy,np.float64(420.9618765974851),np.float64(60.47),np.float64(25455.564677849925),np.float64(0.0),np.float64(0.9999999999999999),
2025-01-21,META,buy,np.float64(41.20190131161724),np.float64(617.825),np.float64(25455.564677849925),np.float64(0.0),np.float64(0.9999999999999999),
2025-01-21,WMT,buy,np.float64(275.2548083677544),np.float64(92.48),np.float64(25455.564677849925),np.float64(0.0),np.float64(0.9999999999999999),
2025-01-27,COST,sell,np.float64(26.929981145569876),np.float64(930.0),np.float64(25044.882465379986),np.float64(0.0),,
2025-01-27,CSCO,sell,np.float64(420.9618765974851),np.float64(61.39),np.float64(25842.84960431961),np.float64(0.0),,
2025-01-27,META,sell,np.float64(41.20190131161724),np.float64(626.61),np.float64(25817.52338087248),np.float64(0.0),,
2025-01-27,WMT,sell,np.float64(275.2548083677544),np.float64(95.9),np.float64(26396.936122467647),np.float64(0.0),,
2025-01-27,AAPL,buy,np.float64(1.1345786880999966),np.float64(224.02),np.float64(254.16831770816125),np.float64(0.0),np.float64(0.9999999999999997),
2025-01-27,JNJ,buy,np.float64(173.20313785000263),np.float64(148.45),np.float64(25712.00581383289),np.float64(0.0),np.float64(0.9999999999999997),
2025-01-27,KO,buy,np.float64(408.9709847913614),np.float64(62.87),np.float64(25712.00581383289),np.float64(0.0),np.float64(0.9999999999999997),
2025-01-27,PEP,buy,np.float64(170.36844562571488),np.float64(150.92),np.float64(25712.00581383289),np.float64(0.0),np.float64(0.9999999999999997),
2025-01-27,XOM,buy,np.float64(235.86832229917337),np.float64(109.01),np.float64(25712.00581383289),np.float64(0.0),np.float64(0.9999999999999997),
2025-02-03,AAPL,sell,np.float64(114.77549242850145),np.float64(229.99),np.float64(26397.21550363105),np.float64(0.0),,
2025-02-03,JNJ,sell,np.float64(173.20313785000263),np.float64(152.0),np.float64(26326.8769532004),np.float64(0.0),,
2025-02-03,KO,sell,np.float64(408.9709847913614),np.float64(63.18),np.float64(25838.786819118213),np.float64(0.0),,
2025-02-03,PEP,sell,np.float64(170.36844562571488),np.float64(149.755),np.float64(25513.52657467893),np.float64(0.0),,
2025-02-03,XOM,sell,np.float64(235.86832229917337),np.float64(106.64),np.float64(25152.99788998385),np.float64(0.0),,
2025-02-03,INTC,buy,np.float64(1362.4607669015545),np.float64(18.97),np.float64(25845.880748122487),np.float64(0.0),np.float64(0.9999999999999999),
2025-02-03,MSFT,buy,np.float64(62.79368500515667),np.float64(411.6),np.float64(25845.880748122487),np.float64(0.0),np.float64(0.9999999999999999),
2025-02-03,MU,buy,np.float64(291.5496982303721),np.float64(88.65),np.float64(25845.880748122487),np.float64(0.0),np.float64(0.9999999999999999),
2025-02-03,NVDA,buy,np.float64(225.2364335348365),np.float64(114.75),np.float64(25845.880748122487),np.float64(0.0),np.float64(0.9999999999999999),
2025-02-03,ORCL,buy,np.float64(158.36936732918193),np.float64(163.2),np.float64(25845.880748122487),np.float64(0.0),np.float64(0.9999999999999999),
2025-02-10,INTC,sell,np.float64(1362.4607669015545),np.float64(19.25),np.float64(26227.369762854923),np.float64(0.0),,
2025-02-10,MSFT,sell,np.float64(62.79368500515667),np.float64(413.71),np.float64(25978.375423483365),np.float64(0.0),,
2025-02-10,MU,sell,np.float64(291.5496982303721),np.float64(93.185),np.float64(27168.058629597224),np.float64(0.0),,
2025-02-10,NVDA,sell,np.float64(225.2364335348365),np.float64(130.09),np.float64(29301.007638546882),np.float64(0.0),,
2025-02-10,ORCL,sell,np.float64(158.36936732918193),np.float64(176.0),np.float64(27873.00864993602),np.float64(0.0),,
2025-02-10,AAPL,buy,np.float64(118.95963767427659),np.float64(229.57),np.float64(27309.564020883678),np.float64(0.0),np.float64(0.9999999999999998),
2025-02-10,AMD,buy,np.float64(251.84031741869862),np.float64(108.44),np.float64(27309.564020883678),np.float64(0.0),np.float64(0.9999999999999998),
2025-02-10,GOOGL,buy,np.float64(145.76762220914694),np.float64(187.35),np.float64(27309.564020883678),np.float64(0.0),np.float64(0.9999999999999998),
2025-02-10,PEP,buy,np.float64(189.18991354959252),np.float64(144.35),np.float64(27309.564020883678),np.float64(0.0),np.float64(0.9999999999999998),
2025-02-10,TSLA,buy,np.float64(76.66703355010718),np.float64(356.21),np.float64(27309.564020883678),np.float64(0.0),np.float64(0.9999999999999998),
2025-02-18,AAPL,sell,np.float64(118.95963767427659),np.float64(244.15),np.float64(29043.99553817463),np.float64(0.0),,
2025-02-18,AMD,sell,np.float64(251.84031741869862),np.float64(114.05),np.float64(28722.38820160258),np.float64(0.0),,
2025-02-18,GOOGL,sell,np.float64(145.76762220914694),np.float64(185.6),np.float64(27054.47068201767),np.float64(0.0),,
2025-02-18,TSLA,sell,np.float64(76.66703355010718),np.float64(355.01),np.float64(27217.563580623548),np.float64(0.0),,
2025-02-18,AMAT,buy,np.float64(161.91123656633704),np.float64(171.79),np.float64(27814.73132973104),np.float64(0.0),1.0,
2025-02-18,JPM,buy,np.float64(100.5012694382535),np.float64(276.76),np.float64(27814.73132973104),np.float64(0.0),1.0,
2025-02-18,MSFT,buy,np.float64(68.17336110228196),np.float64(408.0),np.float64(27814.73132973104),np.float64(0.0),1.0,
2025-02-18,PEP,buy,np.float64(5.454812340757642),np.float64(142.9),np.float64(779.4926834942671),np.float64(0.0),1.0,
2025-02-18,XOM,buy,np.float64(256.050182543782),np.float64(108.63),np.float64(27814.73132973104),np.float64(0.0),1.0,
2025-02-24,MSFT,sell,np.float64(68.17336110228196),np.float64(408.51),np.float64(27849.499743893204),np.float64(0.0),,
2025-02-24,PEP,sell,np.float64(194.64472589035017),np.float64(152.34),np.float64(29652.177542135945),np.float64(0.0),,
2025-02-24,XOM,sell,np.float64(256.050182543782),np.float64(110.925),np.float64(28402.366498669016),np.float64(0.0),,
2025-02-24,AMAT,buy,np.float64(0.19130100670082245),np.float64(173.77),np.float64(33.24237593440192),np.float64(0.0),np.float64(0.9999999999999997),
2025-02-24,AMZN,buy,np.float64(129.5403906832227),np.float64(217.45),np.float64(28168.55795406678),np.float64(0.0),np.float64(0.9999999999999997),
2025-02-24,JPM,buy,np.float64(5.598990285528145),np.float64(265.49),np.float64(1486.4759309048673),np.float64(0.0),np.float64(0.9999999999999997),
2025-02-24,META,buy,np.float64(41.04528465650577),np.float64(686.28),np.float64(28168.55795406678),np.float64(0.0),np.float64(0.9999999999999997),
2025-02-24,WMT,buy,np.float64(299.0927792956761),np.float64(94.18),np.float64(28168.55795406678),np.float64(0.0),np.float64(0.9999999999999997),
2025-03-03,AMZN,sell,np.float64(129.5403906832227),np.float64(213.352),np.float64(27637.701433046932),np.float64(0.0),,
2025-03-03,JPM,sell,np.float64(106.10025972378165),np.float64(264.0),np.float64(28010.468567078355),np.float64(0.0),,
2025-03-03,META,sell,np.float64(41.04528465650577),np.float64(673.675),np.float64(27651.182140971523),np.float64(0.0),,
2025-03-03,WMT,sell,np.float64(299.0927792956761),np.float64(97.98),np.float64(29305.110515390348),np.float64(0.0),,
2025-03-03,AMAT,buy,np.float64(11.311474801630014),np.float64(159.73),np.float64(1806.781870064362),np.float64(0.0),1.0,
2025-03-03,AMD,buy,np.float64(272.86036739994773),np.float64(101.515),np.float64(27699.420196605697),np.float64(0.0),1.0,
2025-03-03,AVGO,buy,np.float64(135.78147155198872),np.float64(204.0),np.float64(27699.420196605697),np.float64(0.0),1.0,
2025-03-03,QCOM,buy,np.float64(174.22114722061573),np.float64(158.99),np.float64(27699.420196605697),np.float64(0.0),1.0,
2025-03-03,TSLA,buy,np.float64(92.22687686157587),np.float64(300.34),np.float64(27699.420196605697),np.float64(0.0),1.0,
2025-03-10,AMAT,sell,np.float64(173.4140123746679),np.float64(152.42),np.float64(26431.763766146876),np.float64(0.0),,
2025-03-10,AMD,sell,np.float64(272.86036739994773),np.float64(98.57),np.float64(26895.846414612846),np.float64(0.0),,
2025-03-10,AVGO,sell,np.float64(135.78147155198872),np.float64(189.6),np.float64(25744.16700625706),np.float64(0.0),,
2025-03-10,QCOM,sell,np.float64(174.22114722061573),np.float64(157.35),np.float64(27413.697515163884),np.float64(0.0),,
2025-03-10,TSLA,sell,np.float64(92.22687686157587),np.float64(252.535),np.float64(23290.514348238063),np.float64(0.0),,
2025-03-10,COST,buy,np.float64(27.195846447414624),np.float64(955.47),np.float64(25984.81540511125),np.float64(0.0),1.0,
2025-03-10,INTC,buy,np.float64(1283.8347532169591),np.float64(20.24),np.float64(25984.81540511125),np.float64(0.0),1.0,
2025-03-10,JPM,buy,np.float64(110.00726220359532),np.float64(236.21),np.float64(25984.81540511125),np.float64(0.0),1.0,
2025-03-10,NFLX,buy,np.float64(29.69455632704955),np.float64(875.07),np.float64(25984.81540511125),np.float64(0.0),1.0,
2025-03-10,WMT,buy,np.float64(289.4921502351966),np.float64(89.76),np.float64(25984.81540511125),np.float64(0.0),1.0,
2025-03-17,INTC,sell,np.float64(1283.8347532169591),np.float64(24.42),np.float64(31351.244673558143),np.float64(0.0),,
2025-03-17,JPM,sell,np.float64(110.00726220359532),np.float64(231.18),np.float64(25431.478876227167),np.float64(0.0),,
2025-03-17,NFLX,sell,np.float64(29.69455632704955),np.float64(939.95),np.float64(27911.398219610226),np.float64(0.0),,
2025-03-17,AAPL,buy,np.float64(125.50670812554525),np.float64(213.31),np.float64(26771.835910260055),np.float64(0.0),np.float64(0.9999999999999998),
2025-03-17,ADBE,buy,np.float64(67.92899511629868),np.float64(394.115),np.float64(26771.835910260055),np.float64(0.0),np.float64(0.9999999999999998),
2025-03-17,COST,buy,np.float64(2.4968611047520777),np.float64(901.63),np.float64(2251.2448778776156),np.float64(0.0),np.float64(0.9999999999999998),
2025-03-17,CSCO,buy,np.float64(443.24231639503404),np.float64(60.4),np.float64(26771.835910260055),np.float64(0.0),np.float64(0.9999999999999998),
2025-03-17,WMT,buy,np.float64(24.98965300995861),np.float64(85.13),np.float64(2127.3691607377764),np.float64(0.0),np.float64(0.9999999999999998),
2025-03-24,AAPL,sell,np.float64(125.50670812554525),np.float64(221.0),np.float64(27736.9824957455),np.float64(0.0),,
2025-03-24,COST,sell,np.float64(29.692707552166702),np.float64(920.0),np.float64(27317.290947993366),np.float64(0.0),,
2025-03-24,CSCO,sell,np.float64(443.24231639503404),np.float64(61.035),np.float64(27053.294781170902),np.float64(0.0),,
2025-03-24,WMT,sell,np.float64(314.4818032451552),np.float64(86.47),np.float64(27193.24152660857),np.float64(0.0),,
2025-03-24,ADBE,buy,np.float64(1.3934018508961052),np.float64(392.47),np.float64(546.8684244211945),np.float64(0.0),1.0,
2025-03-24,AMAT,buy,np.float64(174.96438030684848),np.float64(155.5),np.float64(27206.961137714938),np.float64(0.0),1.0,
2025-03-24,META,buy,np.float64(44.24111930291711),np.float64(614.97),np.float64(27206.961137714938),np.float64(0.0),1.0,
2025-03-24,MU,buy,np.float64(283.11093795749156),np.float64(96.1),np.float64(27206.961137714938),np.float64(0.0),1.0,
2025-03-24,PEP,buy,np.float64(187.0087028746258),np.float64(145.485),np.float64(27206.961137714938),np.float64(0.0),1.0,
2025-03-31,ADBE,sell,np.float64(69.32239696719479),np.float64(380.0),np.float64(26342.51084753402),np.float64(0.0),,
2025-03-31,AMAT,sell,np.float64(174.96438030684848),np.float64(142.772),np.float64(24980.01450516937),np.float64(0.0),,
2025-03-31,META,sell,np.float64(44.24111930291711),np.float64(563.5),np.float64(24929.870727193793),np.float64(0.0),,
2025-03-31,PEP,sell,np.float64(187.0087028746258),np.float64(150.2),np.float64(28088.707171768794),np.float64(0.0),,
2025-03-31,AVGO,buy,np.float64(156.51421305757407),np.float64(164.485),np.float64(25744.240334775073),np.float64(0.0),1.0,
2025-03-31,GOOGL,buy,np.float64(168.1421222309129),np.float64(153.11),np.float64(25744.240334775073),np.float64(0.0),1.0,
2025-03-31,MU,buy,np.float64(16.240693842218608),np.float64(86.0),np.float64(1396.6996704308003),np.float64(0.0),1.0,
2025-03-31,NVDA,buy,np.float64(244.8800564517747),np.float64(105.13),np.float64(25744.240334775073),np.float64(0.0),1.0,
2025-03-31,ORCL,buy,np.float64(185.69128920062806),np.float64(138.64),np.float64(25744.240334775073),np.float64(0.0),1.0,
2025-04-07,AVGO,sell,np.float64(156.51421305757407),np.float64(144.49),np.float64(22614.738644688878),np.float64(0.0),,
2025-04-07,GOOGL,sell,np.float64(168.1421222309129),np.float64(141.55),np.float64(23800.51740178572),np.float64(0.0),,
2025-04-07,NVDA,sell,np.float64(244.8800564517747),np.float64(87.46),np.float64(21417.209737272213),np.float64(0.0),,
2025-04-07,ORCL,sell,np.float64(185.69128920062806),np.float64(118.86),np.float64(22071.26663438665),np.float64(0.0),,
2025-04-07,AAPL,buy,np.float64(123.07311399237916),np.float64(177.2),np.float64(21808.555799449587),np.float64(0.0),1.0,
2025-04-07,AMD,buy,np.float64(270.30931828767456),np.float64(80.68),np.float64(21808.555799449587),np.float64(0.0),1.0,
2025-04-07,JPM,buy,np.float64(105.98510861374149),np.float64(205.77),np.float64(21808.555799449587),np.float64(0.0),1.0,
2025-04-07,MU,buy,np.float64(41.75348745343108),np.float64(63.935),np.float64(2669.509220335116),np.float64(0.0),1.0,
2025-04-07,QCOM,buy,np.float64(175.0425860779323),np.float64(124.59),np.float64(21808.555799449587),np.float64(0.0),1.0,
2025-04-14,AAPL,sell,np.float64(123.07311399237916),np.float64(211.44),np.float64(26022.57922254865),np.float64(0.0),,
2025-04-14,AMD,sell,np.float64(270.30931828767456),np.float64(97.11),np.float64(26249.737898916075),np.float64(0.0),,
2025-04-14,JPM,sell,np.float64(105.98510861374149),np.float64(237.1),np.float64(25129.069252318106),np.float64(0.0),,
2025-04-14,MU,sell,np.float64(341.10511925314125),np.float64(74.67),np.float64(25470.319254632057),np.float64(0.0),,
2025-04-14,QCOM,sell,np.float64(175.0425860779323),np.float64(142.75),np.float64(24987.329162624836),np.float64(0.0),,
2025-04-14,ADBE,buy,np.float64(71.12961241191607),np.float64(359.51),np.float64(25571.806958207948),np.float64(0.0),1.0,
2025-04-14,JNJ,buy,np.float64(168.6961569957974),np.float64(151.585),np.float64(25571.806958207948),np.float64(0.0),1.0,
2025-04-14,KO,buy,np.float64(358.6508689790736),np.float64(71.3),np.float64(25571.806958207948),np.float64(0.0),1.0,
2025-04-14,PEP,buy,np.float64(177.38489843373992),np.float64(144.16),np.float64(25571.806958207948),np.float64(0.0),1.0,
2025-04-14,XOM,buy,np.float64(243.47145537663474),np.float64(105.03),np.float64(25571.806958207948),np.float64(0.0),1.0,
2025-04-21,ADBE,sell,np.float64(71.12961241191607),np.float64(344.565),np.float64(24508.774900711862),np.float64(0.0),,
2025-04-21,JNJ,sell,np.float64(168.6961569957974),np.float64(157.96),np.float64(26647.24495905616),np.float64(0.0),,
2025-04-21,KO,sell,np.float64(358.6508689790736),np.float64(73.38),np.float64(26317.80076568442),np.float64(0.0),,
2025-04-21,PEP,sell,np.float64(177.38489843373992),np.float64(142.5),np.float64(25277.34802680794),np.float64(0.0),,
2025-04-21,XOM,sell,np.float64(243.47145537663474),np.float64(105.61),np.float64(25713.020402326394),np.float64(0.0),,
2025-04-21,AMZN,buy,np.float64(151.49078897946555),np.float64(169.6),np.float64(25692.837810917357),np.float64(0.0),1.0,
2025-04-21,CRM,buy,np.float64(106.86202974220087),np.float64(240.43),np.float64(25692.837810917357),np.float64(0.0),1.0,
2025-04-21,META,buy,np.float64(52.29295845095885),np.float64(491.325),np.float64(25692.837810917357),np.float64(0.0),1.0,
2025-04-21,MSFT,buy,np.float64(70.81525794390353),np.float64(362.815),np.float64(25692.837810917357),np.float64(0.0),1.0,
2025-04-21,NVDA,buy,np.float64(260.12795191776206),np.float64(98.77),np.float64(25692.837810917357),np.float64(0.0),1.0,
2025-04-28,AMZN,sell,np.float64(151.49078897946555),np.float64(190.105),np.float64(28799.156438941296),np.float64(0.0),,
2025-04-28,CRM,sell,np.float64(106.86202974220087),np.float64(268.145),np.float64(28654.51896522245),np.float64(0.0),,
2025-04-28,META,sell,np.float64(52.29295845095885),np.float64(555.64),np.float64(29056.059433690774),np.float64(0.0),,
2025-04-28,MSFT,sell,np.float64(70.81525794390353),np.float64(391.955),np.float64(27756.39442740271),np.float64(0.0),,
2025-04-28,NVDA,sell,np.float64(260.12795191776206),np.float64(109.69),np.float64(28533.43504585932),np.float64(0.0),,
2025-04-28,COST,buy,np.float64(29.187442884234347),np.float64(978.5),np.float64(28559.912862223307),np.float64(0.0),1.0,
2025-04-28,CSCO,buy,np.float64(505.26161631531727),np.float64(56.525),np.float64(28559.912862223307),np.float64(0.0),1.0,
2025-04-28,JNJ,buy,np.float64(183.66503448375119),np.float64(155.5),np.float64(28559.912862223307),np.float64(0.0),1.0,
2025-04-28,KO,buy,np.float64(396.2526931976872),np.float64(72.075),np.float64(28559.912862223307),np.float64(0.0),1.0,
2025-04-28,PEP,buy,np.float64(213.2928518463279),np.float64(133.9),np.float64(28559.912862223307),np.float64(0.0),1.0,
2025-05-05,COST,sell,np.float64(29.187442884234347),np.float64(1007.505),np.float64(29406.494643080525),np.float64(0.0),,
2025-05-05,CSCO,sell,np.float64(505.26161631531727),np.float64(59.0),np.float64(29810.43536260372),np.float64(0.0),,
2025-05-05,JNJ,sell,np.float64(183.66503448375119),np.float64(156.67),np.float64(28774.800952569294),np.float64(0.0),,
2025-05-05,AAPL,buy,np.float64(142.8064455748127),np.float64(203.1),np.float64(29003.98909624446),np.float64(0.0),np.float64(0.9999999999999999),
2025-05-05,KO,buy,np.float64(8.435308703309877),np.float64(71.67),np.float64(604.5585747662188),np.float64(0.0),np.float64(0.9999999999999999),
2025-05-05,PEP,buy,np.float64(3.08216472455848),np.float64(134.045),np.float64(413.1487705034414),np.float64(0.0),np.float64(0.9999999999999999),
2025-05-05,QCOM,buy,np.float64(209.71792549706765),np.float64(138.3),np.float64(29003.98909624446),np.float64(0.0),np.float64(0.9999999999999999),
2025-05-05,XOM,buy,np.float64(277.15230861198717),np.float64(104.65),np.float64(29003.98909624446),np.float64(0.0),np.float64(0.9999999999999999),
2025-05-12,AAPL,sell,np.float64(0.8562216411756091),np.float64(210.97),np.float64(180.63707963881825),np.float64(0.0),,
2025-05-12,QCOM,sell,np.float64(209.71792549706765),np.float64(154.08),np.float64(32313.337960588186),np.float64(0.0),,
2025-05-12,XOM,sell,np.float64(277.15230861198717),np.float64(110.27),np.float64(30561.585070643825),np.float64(0.0),,
2025-05-12,GOOGL,buy,np.float64(190.15930878038796),np.float64(157.485),np.float64(29947.238743279402),np.float64(0.0),np.float64(0.9999999999999996),
2025-05-12,JNJ,buy,np.float64(196.99538707590713),np.float64(152.02),np.float64(29947.238743279402),np.float64(0.0),np.float64(0.9999999999999996),
2025-05-12,KO,buy,np.float64(22.245332524541666),np.float64(70.145),np.float64(1560.398849933975),np.float64(0.0),np.float64(0.9999999999999996),
2025-05-12,PEP,buy,np.float64(12.518159897791069),np.float64(130.835),np.float64(1637.8134502274945),np.float64(0.0),np.float64(0.9999999999999996),
2025-05-19,AAPL,sell,np.float64(141.9502239336371),np.float64(207.91),np.float64(29512.87105804249),np.float64(0.0),,
2025-05-19,GOOGL,sell,np.float64(190.15930878038796),np.float64(164.51),np.float64(31283.10788746162),np.float64(0.0),,
2025-05-19,KO,sell,np.float64(5.683100428755336),np.float64(72.03),np.float64(409.35372388324686),np.float64(0.0),,
2025-05-19,COST,buy,np.float64(29.78858664322433),np.float64(1018.6),np.float64(30342.654354788305),np.float64(0.0),np.float64(0.9999999999999998),
2025-05-19,JNJ,buy,np.float64(2.771907379213775),np.float64(151.89),np.float64(421.0250118287803),np.float64(0.0),np.float64(0.9999999999999998),
2025-05-19,PEP,buy,np.float64(0.7492541283732934),np.float64(132.13),np.float64(98.99894798196325),np.float64(0.0),np.float64(0.9999999999999998),
2025-05-19,XOM,buy,np.float64(282.07357399635873),np.float64(107.57),np.float64(30342.654354788305),np.float64(0.0),np.float64(0.9999999999999998),
2025-05-27,COST,sell,np.float64(29.78858664322433),np.float64(1015.0),np.float64(30235.415442872698),np.float64(0.0),,
2025-05-27,JNJ,sell,np.float64(199.76729445512092),np.float64(152.52),np.float64(30468.507750295044),np.float64(0.0),,
2025-05-27,KO,sell,np.float64(421.25023399678344),np.float64(71.74),np.float64(30220.49178692924),np.float64(0.0),,
2025-05-27,PEP,sell,np.float64(229.64243059705072),np.float64(130.08),np.float64(29871.88737206436),np.float64(0.0),,
2025-05-27,AAPL,buy,np.float64(151.53584872197294),np.float64(198.3),np.float64(30049.558801567233),np.float64(0.0),np.float64(0.9999999999999999),
2025-05-27,AMD,buy,np.float64(265.5141047189506),np.float64(113.175),np.float64(30049.558801567233),np.float64(0.0),np.float64(0.9999999999999999),
2025-05-27,CRM,buy,np.float64(110.0051573282347),np.float64(273.165),np.float64(30049.558801567233),np.float64(0.0),np.float64(0.9999999999999999),
2025-05-27,INTC,buy,np.float64(1470.1349707224672),np.float64(20.44),np.float64(30049.558801567233),np.float64(0.0),np.float64(0.9999999999999999),
2025-05-27,XOM,buy,np.float64(8.288381763301494),np.float64(103.49),np.float64(857.7646286840717),np.float64(0.0),np.float64(0.9999999999999999),
2025-06-02,AAPL,sell,np.float64(151.53584872197294),np.float64(200.28),np.float64(30349.59978203674),np.float64(0.0),,
2025-06-02,AMD,sell,np.float64(265.5141047189506),np.float64(111.06),np.float64(29487.996470086655),np.float64(0.0),,
2025-06-02,XOM,sell,np.float64(5.9334726629179135),np.float64(103.75),np.float64(615.5977887777335),np.float64(0.0),,
2025-06-02,AMAT,buy,np.float64(189.41815983880235),np.float64(155.79),np.float64(29509.455121287017),np.float64(0.0),1.0,
2025-06-02,CRM,buy,np.float64(2.1511845868845074),np.float64(263.11),np.float64(565.9981766551828),np.float64(0.0),1.0,
2025-06-02,INTC,buy,np.float64(44.56860803161441),np.float64(19.482),np.float64(868.2856216719119),np.float64(0.0),1.0,
2025-06-02,QCOM,buy,np.float64(203.79457956689927),np.float64(144.8),np.float64(29509.455121287017),np.float64(0.0),1.0,
2025-06-09,AMAT,sell,np.float64(189.41815983880235),np.float64(167.81),np.float64(31786.261402549422),np.float64(0.0),,
2025-06-09,CRM,sell,np.float64(112.15634191511921),np.float64(272.85),np.float64(30601.85789154028),np.float64(0.0),,
2025-06-09,INTC,sell,np.float64(1514.7035787540815),np.float64(20.22),np.float64(30627.306362407526),np.float64(0.0),,
2025-06-09,QCOM,sell,np.float64(203.79457956689927),np.float64(151.81),np.float64(30938.055124050978),np.float64(0.0),,
2025-06-09,XOM,sell,np.float64(284.42848309674235),np.float64(104.33),np.float64(29674.42364148313),np.float64(0.0),,
2025-06-09,COST,buy,np.float64(30.384481064745042),np.float64(1012.42),np.float64(30761.856319569175),np.float64(0.0),1.0,
2025-06-09,KO,buy,np.float64(431.1402427409836),np.float64(71.35),np.float64(30761.856319569175),np.float64(0.0),1.0,
2025-06-09,PEP,buy,np.float64(236.93950796864493),np.float64(129.83),np.float64(30761.856319569175),np.float64(0.0),1.0,
2025-06-09,TSLA,buy,np.float64(107.57586445269072),np.float64(285.955),np.float64(30761.856319569175),np.float64(0.0),1.0,
2025-06-09,WMT,buy,np.float64(315.830147018164),np.float64(97.4),np.float64(30761.856319569175),np.float64(0.0),1.0,
2025-06-16,KO,sell,np.float64(431.1402427409836),np.float64(71.2),np.float64(30697.185283158033),np.float64(0.0),,
2025-06-16,PEP,sell,np.float64(236.93950796864493),np.float64(131.31),np.float64(31112.526791362765),np.float64(0.0),,
2025-06-16,TSLA,sell,np.float64(107.57586445269072),np.float64(331.29),np.float64(35638.808134531915),np.float64(0.0),,
2025-06-16,ADBE,buy,np.float64(80.28028563828143),np.float64(392.985),np.float64(31548.948051560026),np.float64(0.0),1.0,
2025-06-16,COST,buy,np.float64(1.408317753752862),np.float64(992.33),np.float64(1397.5159565815775),np.float64(0.0),1.0,
2025-06-16,CRM,buy,np.float64(121.16036733960608),np.float64(260.39),np.float64(31548.948051560026),np.float64(0.0),1.0,
2025-06-16,CSCO,buy,np.float64(483.953797385489),np.float64(65.19),np.float64(31548.948051560026),np.float64(0.0),1.0,
2025-06-16,WMT,buy,np.float64(17.140280966638407),np.float64(94.75),np.float64(1624.041621588989),np.float64(0.0),1.0,
2025-06-23,COST,sell,np.float64(31.792798818497904),np.float64(983.15),np.float64(31257.090158406212),np.float64(0.0),,
2025-06-23,CRM,sell,np.float64(121.16036733960608),np.float64(260.64),np.float64(31579.238143394927),np.float64(0.0),,
2025-06-23,CSCO,sell,np.float64(483.953797385489),np.float64(66.345),np.float64(32107.914687540266),np.float64(0.0),,
2025-06-23,WMT,sell,np.float64(332.97042798480237),np.float64(95.92),np.float64(31938.523452302245),np.float64(0.0),,
2025-06-23,ADBE,buy,np.float64(3.0091034920533963),np.float64(377.59),np.float64(1136.207387564442),np.float64(0.0),1.0,
2025-06-23,GOOGL,buy,np.float64(189.1456092002353),np.float64(166.27),np.float64(31449.240441723123),np.float64(0.0),1.0,
2025-06-23,JNJ,buy,np.float64(210.02564740031468),np.float64(149.74),np.float64(31449.240441723123),np.float64(0.0),1.0,
2025-06-23,KO,buy,np.float64(454.86318255312585),np.float64(69.14),np.float64(31449.240441723123),np.float64(0.0),1.0,
2025-06-23,PEP,buy,np.float64(243.24573007752437),np.float64(129.29),np.float64(31449.240441723123),np.float64(0.0),1.0,
2025-06-30,ADBE,sell,np.float64(83.28938913033483),np.float64(387.3),np.float64(32257.98041017868),np.float64(0.0),,
2025-06-30,GOOGL,sell,np.float64(189.1456092002353),np.float64(180.78),np.float64(34193.74323121854),np.float64(0.0),,
2025-06-30,COST,buy,np.float64(32.93254504524907),np.float64(985.16),np.float64(32443.826076777572),np.float64(0.0),1.0,
2025-06-30,JNJ,buy,np.float64(3.1961328098428723),np.float64(152.16),np.float64(486.32356834569146),np.float64(0.0),1.0,
2025-06-30,KO,buy,np.float64(7.793873800208511),np.float64(70.125),np.float64(546.5454002396218),np.float64(0.0),1.0,
2025-06-30,PEP,buy,np.float64(4.0489539941062045),np.float64(131.195),np.float64(531.2025192567635),np.float64(0.0),1.0,
2025-06-30,XOM,buy,np.float64(298.6361015903679),np.float64(108.64),np.float64(32443.826076777572),np.float64(0.0),1.0,
2025-07-07,COST,sell,np.float64(32.93254504524907),np.float64(985.0),np.float64(32438.556869570337),np.float64(0.0),,
2025-07-07,JNJ,sell,np.float64(213.22178021015756),np.float64(156.02),np.float64(33266.862148388784),np.float64(0.0),,
2025-07-07,KO,sell,np.float64(462.6570563533344),np.float64(71.37),np.float64(33019.834111937475),np.float64(0.0),,
2025-07-07,PEP,sell,np.float64(247.29468407163057),np.float64(135.53),np.float64(33515.84853222809),np.float64(0.0),,
2025-07-07,XOM,sell,np.float64(298.6361015903679),np.float64(111.54),np.float64(33309.87077138964),np.float64(0.0),,
2025-07-07,ADBE,buy,np.float64(87.3850474708442),np.float64(378.9),np.float64(33110.194486702865),np.float64(0.0),1.0,
2025-07-07,AMD,buy,np.float64(242.45895201159098),np.float64(136.56),np.float64(33110.194486702865),np.float64(0.0),1.0,
2025-07-07,MU,buy,np.float64(273.23151086567805),np.float64(121.18),np.float64(33110.194486702865),np.float64(0.0),1.0,
2025-07-07,NFLX,buy,np.float64(25.567717750349704),np.float64(1295.0),np.float64(33110.194486702865),np.float64(0.0),1.0,
2025-07-07,TSLA,buy,np.float64(113.63625111268443),np.float64(291.37),np.float64(33110.194486702865),np.float64(0.0),1.0,
2025-07-14,AMD,sell,np.float64(242.45895201159098),np.float64(145.09),np.float64(35178.36934736174),np.float64(0.0),,
2025-07-14,MU,sell,np.float64(273.23151086567805),np.float64(120.38),np.float64(32891.60927801032),np.float64(0.0),,
2025-07-14,TSLA,sell,np.float64(113.63625111268443),np.float64(317.73),np.float64(36105.64606603323),np.float64(0.0),,
2025-07-14,ADBE,buy,np.float64(4.987749126863135),np.float64(363.185),np.float64(1811.4756666397877),np.float64(0.0),np.float64(0.9999999999999999),
2025-07-14,CRM,buy,np.float64(129.73091311809097),np.float64(258.6),np.float64(33548.41413233833),np.float64(0.0),np.float64(0.9999999999999999),
2025-07-14,JPM,buy,np.float64(116.86492539219817),np.float64(287.07),np.float64(33548.41413233833),np.float64(0.0),np.float64(0.9999999999999999),
2025-07-14,NFLX,buy,np.float64(1.3807477068627338),np.float64(1244.91),np.float64(1718.906627750486),np.float64(0.0),np.float64(0.9999999999999999),
2025-07-14,WMT,buy,np.float64(354.972110171816),np.float64(94.51),np.float64(33548.41413233833),np.float64(0.0),np.float64(0.9999999999999999),
2025-07-21,ADBE,sell,np.float64(92.37279659770734),np.float64(366.49),np.float64(33853.70622509376),np.float64(0.0),,
2025-07-21,CRM,sell,np.float64(129.73091311809097),np.float64(263.62),np.float64(34199.663316191145),np.float64(0.0),,
2025-07-21,JPM,sell,np.float64(116.86492539219817),np.float64(291.0),np.float64(34007.69328912967),np.float64(0.0),,
2025-07-21,WMT,sell,np.float64(354.972110171816),np.float64(95.255),np.float64(33812.86835441633),np.float64(0.0),,
2025-07-21,AMAT,buy,np.float64(176.50168302974905),np.float64(190.79),np.float64(33674.75610524582),np.float64(0.0),1.0,
2025-07-21,COST,buy,np.float64(35.39085885092728),np.float64(951.51),np.float64(33674.75610524582),np.float64(0.0),1.0,
2025-07-21,MU,buy,np.float64(296.4718590064341),np.float64(113.585),np.float64(33674.75610524582),np.float64(0.0),1.0,
2025-07-21,NFLX,buy,np.float64(0.9742178804706595),np.float64(1206.0),np.float64(1174.9067638476154),np.float64(0.0),1.0,
2025-07-21,XOM,buy,np.float64(312.96241733499835),np.float64(107.6),np.float64(33674.75610524582),np.float64(0.0),1.0,
2025-07-28,MU,sell,np.float64(296.4718590064341),np.float64(111.72),np.float64(33121.83608819882),np.float64(0.0),,
2025-07-28,XOM,sell,np.float64(312.96241733499835),np.float64(111.0),np.float64(34738.82832418482),np.float64(0.0),,
2025-07-28,AMAT,buy,np.float64(0.5383355251954062),np.float64(189.01),np.float64(101.75079761718371),np.float64(0.0),1.0,
2025-07-28,COST,buy,np.float64(0.37860550724486774),np.float64(935.5),np.float64(354.1854520275738),np.float64(0.0),1.0,
2025-07-28,INTC,buy,np.float64(1607.220648754565),np.float64(20.82),np.float64(33462.333907070046),np.float64(0.0),1.0,
2025-07-28,KO,buy,np.float64(486.79566347206935),np.float64(68.74),np.float64(33462.333907070046),np.float64(0.0),1.0,
2025-07-28,NFLX,buy,np.float64(0.40641749796712384),np.float64(1181.2),np.float64(480.0603485987667),np.float64(0.0),1.0,
2025-08-04,AMAT,sell,np.float64(177.04001855494445),np.float64(182.0),np.float64(32221.28337699989),np.float64(0.0),,
2025-08-04,COST,sell,np.float64(35.76946435817215),np.float64(952.6),np.float64(34073.991747594795),np.float64(0.0),,
2025-08-04,INTC,sell,np.float64(1607.220648754565),np.float64(19.515),np.float64(31364.910960445337),np.float64(0.0),,
2025-08-04,KO,sell,np.float64(486.79566347206935),np.float64(68.715),np.float64(33450.16401548325),np.float64(0.0),,
2025-08-04,NFLX,sell,np.float64(28.329100835650223),np.float64(1167.65),np.float64(33078.474590746984),np.float64(0.0),,
2025-08-04,AAPL,buy,np.float64(160.61741766209713),np.float64(204.505),np.float64(32847.064998987174),np.float64(0.0),np.float64(0.9999999999999998),
2025-08-04,ADBE,buy,np.float64(93.53874302023912),np.float64(351.16),np.float64(32847.064998987174),np.float64(0.0),np.float64(0.9999999999999998),
2025-08-04,AMZN,buy,np.float64(151.09045537712592),np.float64(217.4),np.float64(32847.064998987174),np.float64(0.0),np.float64(0.9999999999999998),
2025-08-04,CRM,buy,np.float64(130.8648007927776),np.float64(251.0),np.float64(32847.064998987174),np.float64(0.0),np.float64(0.9999999999999998),
2025-08-04,QCOM,buy,np.float64(221.17746279029814),np.float64(148.51),np.float64(32847.064998987174),np.float64(0.0),np.float64(0.9999999999999998),
2025-08-11,AAPL,sell,np.float64(160.61741766209713),np.float64(227.92),np.float64(36607.92183354517),np.float64(0.0),,
2025-08-11,AMZN,sell,np.float64(151.09045537712592),np.float64(221.78),np.float64(33508.84119353899),np.float64(0.0),,
2025-08-11,QCOM,sell,np.float64(221.17746279029814),np.float64(148.575),np.float64(32861.441534068545),np.float64(0.0),,
2025-08-11,ADBE,buy,np.float64(5.452497823760457),np.float64(334.53),np.float64(1824.0240969825857),np.float64(0.0),np.float64(0.9999999999999997),
2025-08-11,CRM,buy,np.float64(7.740338163957617),np.float64(238.92),np.float64(1849.3215941327537),np.float64(0.0),np.float64(0.9999999999999997),
2025-08-11,JPM,buy,np.float64(114.42826468397777),np.float64(289.4),np.float64(33115.53979954316),np.float64(0.0),np.float64(0.9999999999999997),
2025-08-11,MSFT,buy,np.float64(63.40329274275927),np.float64(522.3),np.float64(33115.53979954316),np.float64(0.0),np.float64(0.9999999999999997),
2025-08-11,XOM,buy,np.float64(309.17318457233836),np.float64(107.11),np.float64(33115.53979954316),np.float64(0.0),np.float64(0.9999999999999997),
2025-08-18,ADBE,sell,np.float64(98.99124084399958),np.float64(355.68),np.float64(35209.20454339377),np.float64(0.0),,
2025-08-18,CRM,sell,np.float64(138.60513895673523),np.float64(239.77),np.float64(33233.354167656405),np.float64(0.0),,
2025-08-18,JPM,sell,np.float64(114.42826468397777),np.float64(290.0),np.float64(33184.19675835355),np.float64(0.0),,
2025-08-18,MSFT,sell,np.float64(63.40329274275927),np.float64(521.585),np.float64(33070.2064452321),np.float64(0.0),,
2025-08-18,XOM,sell,np.float64(309.17318457233836),np.float64(106.1),np.float64(32803.2748831251),np.float64(0.0),,
2025-08-18,AMAT,buy,np.float64(207.41155460167792),np.float64(161.81),np.float64(33561.263650097506),np.float64(0.0),1.0,
2025-08-18,COST,buy,np.float64(34.4819312134979),np.float64(973.3),np.float64(33561.263650097506),np.float64(0.0),1.0,
2025-08-18,CSCO,buy,np.float64(507.88837242883636),np.float64(66.08),np.float64(33561.263650097506),np.float64(0.0),1.0,
2025-08-18,KO,buy,np.float64(479.58364747209924),np.float64(69.98),np.float64(33561.263650097506),np.float64(0.0),1.0,
2025-08-18,WMT,buy,np.float64(335.61263650097504),np.float64(100.0),np.float64(33561.263650097506),np.float64(0.0),1.0,
2025-08-25,AMAT,sell,np.float64(207.41155460167792),np.float64(162.31),np.float64(33664.96942739834),np.float64(0.0),,
2025-08-25,COST,sell,np.float64(34.4819312134979),np.float64(954.96),np.float64(32928.86503164196),np.float64(0.0),,
2025-08-25,CSCO,sell,np.float64(507.88837242883636),np.float64(67.28),np.float64(34170.72969701211),np.float64(0.0),,
2025-08-25,KO,sell,np.float64(479.58364747209924),np.float64(70.11),np.float64(33623.609524268875),np.float64(0.0),,
2025-08-25,AMD,buy,np.float64(201.79765477019944),np.float64(165.55),np.float64(33407.60174720652),np.float64(0.0),1.0,
2025-08-25,AVGO,buy,np.float64(114.09310388035422),np.float64(292.81),np.float64(33407.60174720652),np.float64(0.0),1.0,
2025-08-25,META,buy,np.float64(44.25903095732296),np.float64(754.82),np.float64(33407.60174720652),np.float64(0.0),1.0,
2025-08-25,MSFT,buy,np.float64(65.94082811362635),np.float64(506.63),np.float64(33407.60174720652),np.float64(0.0),1.0,
2025-08-25,WMT,buy,np.float64(8.795628934143735),np.float64(97.0),np.float64(853.1760066119423),np.float64(0.0),1.0,
2025-09-02,AVGO,sell,np.float64(114.09310388035422),np.float64(289.34),np.float64(33011.69867674169),np.float64(0.0),,
2025-09-02,META,sell,np.float64(44.25903095732296),np.float64(726.04),np.float64(32133.826836254764),np.float64(0.0),,
2025-09-02,MSFT,sell,np.float64(65.94082811362635),np.float64(500.465),np.float64(33001.07654188601),np.float64(0.0),,
2025-09-02,WMT,sell,np.float64(344.4082654351188),np.float64(97.23),np.float64(33486.8156482566),np.float64(0.0),,
2025-09-02,AMD,buy,np.float64(4.744703734830416),np.float64(158.42),np.float64(751.6559656718346),np.float64(0.0),1.0,
2025-09-02,COST,buy,np.float64(34.858671333994025),np.float64(938.66),np.float64(32720.44043436683),np.float64(0.0),1.0,
2025-09-02,KO,buy,np.float64(474.48434504592274),np.float64(68.96),np.float64(32720.44043436683),np.float64(0.0),1.0,
2025-09-02,NVDA,buy,np.float64(192.47317902568722),np.float64(170.0),np.float64(32720.44043436683),np.float64(0.0),1.0,
2025-09-02,ORCL,buy,np.float64(147.3893713259767),np.float64(222.0),np.float64(32720.44043436683),np.float64(0.0),1.0,
2025-09-08,COST,sell,np.float64(34.858671333994025),np.float64(963.73),np.float64(33594.34732471006),np.float64(0.0),,
2025-09-08,KO,sell,np.float64(474.48434504592274),np.float64(67.855),np.float64(32196.13523309109),np.float64(0.0),,
2025-09-08,ORCL,sell,np.float64(147.3893713259767),np.float64(239.89),np.float64(35357.23628738855),np.float64(0.0),,
2025-09-08,AMD,buy,np.float64(10.519209363227258),np.float64(151.8),np.float64(1596.815981337898),np.float64(0.0),np.float64(0.9999999999999994),
2025-09-08,CSCO,buy,np.float64(493.8541067506207),np.float64(66.72),np.float64(32949.94600240141),np.float64(0.0),np.float64(0.9999999999999994),
2025-09-08,MSFT,buy,np.float64(66.15060278937455),np.float64(498.105),np.float64(32949.94600240141),np.float64(0.0),np.float64(0.9999999999999994),
2025-09-08,NVDA,buy,np.float64(4.18421281198173),np.float64(167.55),np.float64(701.0648566475389),np.float64(0.0),np.float64(0.9999999999999994),
2025-09-08,XOM,buy,np.float64(300.28201952429976),np.float64(109.73),np.float64(32949.94600240141),np.float64(0.0),np.float64(0.9999999999999994),
2025-09-15,AMD,sell,np.float64(217.0615678682571),np.float64(160.01),np.float64(34732.02147459982),np.float64(0.0),,
2025-09-15,CSCO,sell,np.float64(493.8541067506207),np.float64(66.505),np.float64(32843.767369450026),np.float64(0.0),,
2025-09-15,MSFT,sell,np.float64(66.15060278937455),np.float64(508.79),np.float64(33656.76519320588),np.float64(0.0),,
2025-09-15,NVDA,sell,np.float64(196.65739183766894),np.float64(175.67),np.float64(34546.8040241233),np.float64(0.0),,
2025-09-15,XOM,sell,np.float64(300.28201952429976),np.float64(112.18),np.float64(33685.63695023595),np.float64(0.0),,
2025-09-15,AAPL,buy,np.float64(143.01009416500705),np.float64(237.0),np.float64(33893.39231710667),np.float64(0.0),np.float64(0.9999999999999998),
2025-09-15,CRM,buy,np.float64(139.33563131390204),np.float64(243.25),np.float64(33893.39231710667),np.float64(0.0),np.float64(0.9999999999999998),
2025-09-15,KO,buy,np.float64(508.29922491161767),np.float64(66.68),np.float64(33893.39231710667),np.float64(0.0),np.float64(0.9999999999999998),
2025-09-15,NFLX,buy,np.float64(28.520188755559296),np.float64(1188.4),np.float64(33893.39231710667),np.float64(0.0),np.float64(0.9999999999999998),
2025-09-15,PEP,buy,np.float64(236.36383637579183),np.float64(143.395),np.float64(33893.39231710667),np.float64(0.0),np.float64(0.9999999999999998),
2025-09-22,AAPL,sell,np.float64(143.01009416500705),np.float64(248.3),np.float64(35509.406381171255),np.float64(0.0),,
2025-09-22,CRM,sell,np.float64(139.33563131390204),np.float64(245.28),np.float64(34176.243648673895),np.float64(0.0),,
2025-09-22,NFLX,sell,np.float64(28.520188755559296),np.float64(1221.9),np.float64(34848.81864041791),np.float64(0.0),,
2025-09-22,PEP,sell,np.float64(236.36383637579183),np.float64(141.08),np.float64(33346.210035896715),np.float64(0.0),,
2025-09-22,AVGO,buy,np.float64(100.20747261382142),np.float64(342.425),np.float64(34313.5438097878),np.float64(0.0),1.0,
2025-09-22,COST,buy,np.float64(36.21960027421855),np.float64(947.375),np.float64(34313.5438097878),np.float64(0.0),1.0,
2025-09-22,JNJ,buy,np.float64(194.86367090571753),np.float64(176.09),np.float64(34313.5438097878),np.float64(0.0),1.0,
2025-09-22,KO,buy,np.float64(10.345633156517149),np.float64(66.16),np.float64(684.4670896351745),np.float64(0.0),1.0,
2025-09-22,WMT,buy,np.float64(334.9296613937316),np.float64(102.45),np.float64(34313.5438097878),np.float64(0.0),1.0,
2025-09-29,AVGO,sell,np.float64(100.20747261382142),np.float64(336.0),np.float64(33669.710798244),np.float64(0.0),,
2025-09-29,JNJ,sell,np.float64(194.86367090571753),np.float64(179.825),np.float64(35041.35962062065),np.float64(0.0),,
2025-09-29,WMT,sell,np.float64(334.9296613937316),np.float64(103.05),np.float64(34514.501606624035),np.float64(0.0),,
2025-09-29,AMZN,buy,np.float64(154.92043654134903),np.float64(220.08),np.float64(34094.889674020094),np.float64(0.0),np.float64(0.9999999999999997),
2025-09-29,COST,buy,np.float64(0.988084290484627),np.float64(916.34),np.float64(905.4211587426831),np.float64(0.0),np.float64(0.9999999999999997),
2025-09-29,GOOGL,buy,np.float64(137.56259703054306),np.float64(247.85),np.float64(34094.889674020094),np.float64(0.0),np.float64(0.9999999999999997),
2025-09-29,KO,buy,np.float64(0.5403052335266519),np.float64(65.67),np.float64(35.481844685695236),np.float64(0.0),np.float64(0.9999999999999997),
2025-09-29,META,buy,np.float64(45.53757035209436),np.float64(748.72),np.float64(34094.889674020094),np.float64(0.0),np.float64(0.9999999999999997),
2025-10-06,AMZN,sell,np.float64(154.92043654134903),np.float64(221.0),np.float64(34237.416475638136),np.float64(0.0),,
2025-10-06,COST,sell,np.float64(37.20768456470318),np.float64(915.5),np.float64(34063.63521898576),np.float64(0.0),,
2025-10-06,GOOGL,sell,np.float64(137.56259703054306),np.float64(244.78),np.float64(33672.57250113633),np.float64(0.0),,
2025-10-06,KO,sell,np.float64(519.1851633016614),np.float64(66.49),np.float64(34520.62150792746),np.float64(0.0),,
2025-10-06,ADBE,buy,np.float64(97.19923745564195),np.float64(346.93),np.float64(33721.331450485864),np.float64(0.0),np.float64(0.9999999999999998),
2025-10-06,JPM,buy,np.float64(108.7153635001801),np.float64(310.18),np.float64(33721.331450485864),np.float64(0.0),np.float64(0.9999999999999998),
2025-10-06,META,buy,np.float64(2.2815571825041814),np.float64(705.185),np.float64(1608.919901744211),np.float64(0.0),np.float64(0.9999999999999998),
2025-10-06,NFLX,buy,np.float64(29.060843912274418),np.float64(1160.37),np.float64(33721.331450485864),np.float64(0.0),np.float64(0.9999999999999998),
2025-10-06,XOM,buy,np.float64(297.65496911012326),np.float64(113.29),np.float64(33721.331450485864),np.float64(0.0),np.float64(0.9999999999999998),
2025-10-13,ADBE,sell,np.float64(97.19923745564195),np.float64(339.25),np.float64(32974.84130682653),np.float64(0.0),,
2025-10-13,META,sell,np.float64(47.81912753459854),np.float64(713.01),np.float64(34095.516123444104),np.float64(0.0),,
2025-10-13,NFLX,sell,np.float64(29.060843912274418),np.float64(1221.35),np.float64(35493.46171225636),np.float64(0.0),,
2025-10-13,AAPL,buy,np.float64(135.52624066302445),np.float64(249.38),np.float64(33797.533896545036),np.float64(0.0),1.0,
2025-10-13,GOOGL,buy,np.float64(140.69994545000222),np.float64(240.21),np.float64(33797.533896545036),np.float64(0.0),1.0,
2025-10-13,JPM,buy,np.float64(1.8786610303991984),np.float64(305.6),np.float64(574.1188108899951),np.float64(0.0),1.0,
2025-10-13,QCOM,buy,np.float64(216.72031995219646),np.float64(155.95),np.float64(33797.533896545036),np.float64(0.0),1.0,
2025-10-13,XOM,buy,np.float64(5.3532243320950474),np.float64(111.54),np.float64(597.0986420018817),np.float64(0.0),1.0,
2025-10-20,AAPL,sell,np.float64(135.52624066302445),np.float64(255.885),np.float64(34679.13209205801),np.float64(0.0),,
2025-10-20,GOOGL,sell,np.float64(140.69994545000222),np.float64(254.69),np.float64(35834.86910666106),np.float64(0.0),,
2025-10-20,QCOM,sell,np.float64(216.72031995219646),np.float64(163.34),np.float64(35399.09706099177),np.float64(0.0),,
2025-10-20,XOM,sell,np.float64(303.0081934422183),np.float64(112.0),np.float64(33936.917665528454),np.float64(0.0),,
2025-10-20,ADBE,buy,np.float64(103.31241468301293),np.float64(334.64),np.float64(34572.46644952345),np.float64(0.0),np.float64(0.9999999999999998),
2025-10-20,AMZN,buy,np.float64(161.6442231602929),np.float64(213.88),np.float64(34572.46644952345),np.float64(0.0),np.float64(0.9999999999999998),
2025-10-20,JPM,buy,np.float64(5.226633591777333),np.float64(298.5),np.float64(1560.150127145534),np.float64(0.0),np.float64(0.9999999999999998),
2025-10-20,MSFT,buy,np.float64(67.18187841185257),np.float64(514.61),np.float64(34572.46644952345),np.float64(0.0),np.float64(0.9999999999999998),
2025-10-20,NFLX,buy,np.float64(28.622553202544506),np.float64(1207.875),np.float64(34572.46644952345),np.float64(0.0),np.float64(0.9999999999999998),
2025-10-27,ADBE,sell,np.float64(103.31241468301293),np.float64(355.57),np.float64(36734.795288838905),np.float64(0.0),,
2025-10-27,AMZN,sell,np.float64(161.6442231602929),np.float64(227.66),np.float64(36799.92384467228),np.float64(0.0),,
2025-10-27,JPM,sell,np.float64(115.82065812235663),np.float64(302.16),np.float64(34996.37005825128),np.float64(0.0),,
2025-10-27,MSFT,sell,np.float64(67.18187841185257),np.float64(531.78),np.float64(35725.97930185495),np.float64(0.0),,
2025-10-27,COST,buy,np.float64(37.789543033736905),np.float64(930.21),np.float64(35152.21082541241),np.float64(0.0),1.0,
2025-10-27,JNJ,buy,np.float64(185.02137389027007),np.float64(189.99),np.float64(35152.21082541241),np.float64(0.0),1.0,
2025-10-27,NFLX,buy,np.float64(3.314549494369563),np.float64(1100.67),np.float64(3648.2251919677474),np.float64(0.0),1.0,
2025-10-27,PEP,buy,np.float64(232.78068224231782),np.float64(151.01),np.float64(35152.21082541241),np.float64(0.0),1.0,
2025-10-27,WMT,buy,np.float64(330.5643297480949),np.float64(106.34),np.float64(35152.21082541241),np.float64(0.0),1.0,
2025-11-03,JNJ,sell,np.float64(185.02137389027007),np.float64(189.0),np.float64(34969.03966526104),np.float64(0.0),,
2025-11-03,NFLX,sell,np.float64(31.937102696914067),np.float64(1133.24),np.float64(36192.4022602509),np.float64(0.0),,
2025-11-03,ADBE,buy,np.float64(101.65377485872057),np.float64(340.31),np.float64(34593.796122171196),np.float64(0.0),np.float64(0.9999999999999996),
2025-11-03,COST,buy,np.float64(0.12562150174228245),np.float64(912.4),np.float64(114.61705818965851),np.float64(0.0),np.float64(0.9999999999999996),
2025-11-03,META,buy,np.float64(52.7344453081878),np.float64(656.0),np.float64(34593.796122171196),np.float64(0.0),np.float64(0.9999999999999996),
2025-11-03,PEP,buy,np.float64(4.3905512841541805),np.float64(145.86),np.float64(640.4058103067288),np.float64(0.0),np.float64(0.9999999999999996),
2025-11-03,WMT,buy,np.float64(12.577029396588058),np.float64(100.815),np.float64(1267.953218617025),np.float64(0.0),np.float64(0.9999999999999996),
2025-11-10,ADBE,sell,np.float64(101.65377485872057),np.float64(328.0),np.float64(33342.43815366035),np.float64(0.0),,
2025-11-10,COST,sell,np.float64(37.915164535479185),np.float64(919.0),np.float64(34844.03620810537),np.float64(0.0),,
2025-11-10,META,sell,np.float64(52.7344453081878),np.float64(631.09),np.float64(33280.18108954424),np.float64(0.0),,
2025-11-10,PEP,sell,np.float64(237.171233526472),np.float64(142.49),np.float64(33794.529065187),np.float64(0.0),,
2025-11-10,WMT,sell,np.float64(343.14135914468295),np.float64(102.15),np.float64(35051.889836629365),np.float64(0.0),,
2025-11-10,AMD,buy,np.float64(140.6761305495912),np.float64(242.135),np.float64(34062.614870625264),np.float64(0.0),1.0,
2025-11-10,CRM,buy,np.float64(141.9275619609386),np.float64(240.0),np.float64(34062.614870625264),np.float64(0.0),1.0,
2025-11-10,MSFT,buy,np.float64(68.1204613089589),np.float64(500.035),np.float64(34062.614870625264),np.float64(0.0),1.0,
2025-11-10,NVDA,buy,np.float64(174.58159433460747),np.float64(195.11),np.float64(34062.614870625264),np.float64(0.0),1.0,
2025-11-10,QCOM,buy,np.float64(196.03818520690206),np.float64(173.755),np.float64(34062.614870625264),np.float64(0.0),1.0,
2025-11-17,AMD,sell,np.float64(140.6761305495912),np.float64(242.745),np.float64(34148.427310260515),np.float64(0.0),,
2025-11-17,CRM,sell,np.float64(141.9275619609386),np.float64(242.07),np.float64(34356.4049238844),np.float64(0.0),,
2025-11-17,MSFT,sell,np.float64(68.1204613089589),np.float64(508.45),np.float64(34635.84855254015),np.float64(0.0),,
2025-11-17,NVDA,sell,np.float64(174.58159433460747),np.float64(185.965),np.float64(32466.06619043528),np.float64(0.0),,
2025-11-17,QCOM,sell,np.float64(196.03818520690206),np.float64(172.8),np.float64(33875.398403752675),np.float64(0.0),,
2025-11-17,AMZN,buy,np.float64(145.32231115187398),np.float64(233.25),np.float64(33896.4290761746),np.float64(0.0),np.float64(0.9999999999999998),
2025-11-17,INTC,buy,np.float64(956.3105960269319),np.float64(35.445),np.float64(33896.4290761746),np.float64(0.0),np.float64(0.9999999999999998),
2025-11-17,JPM,buy,np.float64(111.50141143478487),np.float64(304.0),np.float64(33896.4290761746),np.float64(0.0),np.float64(0.9999999999999998),
2025-11-17,ORCL,buy,np.float64(155.3385687006764),np.float64(218.21),np.float64(33896.4290761746),np.float64(0.0),np.float64(0.9999999999999998),
2025-11-17,TSLA,buy,np.float64(85.00885056973115),np.float64(398.74),np.float64(33896.4290761746),np.float64(0.0),np.float64(0.9999999999999998),
2025-11-24,AMZN,sell,np.float64(145.32231115187398),np.float64(222.555),np.float64(32342.206958405313),np.float64(0.0),,
2025-11-24,INTC,sell,np.float64(956.3105960269319),np.float64(34.97),np.float64(33442.18154306181),np.float64(0.0),,
2025-11-24,JPM,sell,np.float64(111.50141143478487),np.float64(298.24),np.float64(33254.18094631024),np.float64(0.0),,
2025-11-24,ORCL,sell,np.float64(155.3385687006764),np.float64(196.855),np.float64(30579.17394157165),np.float64(0.0),,
2025-11-24,TSLA,sell,np.float64(85.00885056973115),np.float64(402.17),np.float64(34188.00943362878),np.float64(0.0),,
2025-11-24,AMD,buy,np.float64(158.14419079260264),np.float64(207.16),np.float64(32761.150564595562),np.float64(0.0),1.0,
2025-11-24,CRM,buy,np.float64(144.1064069877521),np.float64(227.34),np.float64(32761.150564595562),np.float64(0.0),1.0,
2025-11-24,MSFT,buy,np.float64(68.9708432938854),np.float64(475.0),np.float64(32761.150564595562),np.float64(0.0),1.0,
2025-11-24,MU,buy,np.float64(153.5127246361256),np.float64(213.41),np.float64(32761.150564595562),np.float64(0.0),1.0,
2025-11-24,NFLX,buy,np.float64(314.25564090739147),np.float64(104.25),np.float64(32761.150564595562),np.float64(0.0),1.0,
2025-12-01,AMD,sell,np.float64(158.14419079260264),np.float64(213.875),np.float64(33823.08880576789),np.float64(0.0),,
2025-12-01,CRM,sell,np.float64(144.1064069877521),np.float64(228.67),np.float64(32952.81208588927),np.float64(0.0),,
2025-12-01,MSFT,sell,np.float64(68.9708432938854),np.float64(488.435),np.float64(33687.77384424891),np.float64(0.0),,
2025-12-01,MU,sell,np.float64(153.5127246361256),np.float64(232.285),np.float64(35658.703242102434),np.float64(0.0),,
2025-12-01,NFLX,sell,np.float64(314.25564090739147),np.float64(106.51),np.float64(33471.36831304627),np.float64(0.0),,
2025-12-01,COST,buy,np.float64(37.142739003735166),np.float64(913.2),np.float64(33918.749258210955),np.float64(0.0),1.0,
2025-12-01,JNJ,buy,np.float64(164.25544434968987),np.float64(206.5),np.float64(33918.749258210955),np.float64(0.0),1.0,
2025-12-01,NVDA,buy,np.float64(194.0876016148487),np.float64(174.76),np.float64(33918.749258210955),np.float64(0.0),1.0,
2025-12-01,PEP,buy,np.float64(228.21698407543116),np.float64(148.625),np.float64(33918.749258210955),np.float64(0.0),1.0,
2025-12-01,XOM,buy,np.float64(292.1511564014725),np.float64(116.1),np.float64(33918.749258210955),np.float64(0.0),1.0,
2025-12-08,NVDA,sell,np.float64(194.0876016148487),np.float64(182.64),np.float64(35448.159558935964),np.float64(0.0),,
2025-12-08,PEP,sell,np.float64(228.21698407543116),np.float64(145.01),np.float64(33093.74486077827),np.float64(0.0),,
2025-12-08,XOM,sell,np.float64(292.1511564014725),np.float64(115.83),np.float64(33839.86844598256),np.float64(0.0),,
2025-12-08,COST,buy,np.float64(0.7270758934793359),np.float64(893.5),np.float64(649.6423108237866),np.float64(0.0),np.float64(0.9999999999999997),
2025-12-08,JNJ,buy,np.float64(2.7073485579444023),np.float64(202.66),np.float64(548.6712587530126),np.float64(0.0),np.float64(0.9999999999999997),
2025-12-08,KO,buy,np.float64(484.4885396715513),np.float64(69.84),np.float64(33836.679610661144),np.float64(0.0),np.float64(0.9999999999999997),
2025-12-08,MSFT,buy,np.float64(69.78289617262061),np.float64(484.885),np.float64(33836.679610661144),np.float64(0.0),np.float64(0.9999999999999997),
2025-12-08,NFLX,buy,np.float64(338.80724552579494),np.float64(99.87),np.float64(33836.679610661144),np.float64(0.0),np.float64(0.9999999999999997),
2025-12-15,COST,sell,np.float64(37.8698148972145),np.float64(882.11),np.float64(33405.34241898188),np.float64(0.0),,
2025-12-15,JNJ,sell,np.float64(166.96279290763428),np.float64(210.345),np.float64(35119.788674156334),np.float64(0.0),,
2025-12-15,KO,sell,np.float64(484.4885396715513),np.float64(70.43),np.float64(34122.52784906736),np.float64(0.0),,
2025-12-15,MSFT,sell,np.float64(69.78289617262061),np.float64(480.1),np.float64(33502.76845247515),np.float64(0.0),,
2025-12-15,AVGO,buy,np.float64(93.22225265900684),np.float64(361.89),np.float64(33736.20101476798),np.float64(0.0),np.float64(0.9999999999999998),
2025-12-15,INTC,buy,np.float64(880.2661712920543),np.float64(38.325),np.float64(33736.20101476798),np.float64(0.0),np.float64(0.9999999999999998),
2025-12-15,META,buy,np.float64(52.24748492297968),np.float64(645.7),np.float64(33736.20101476798),np.float64(0.0),np.float64(0.9999999999999998),
2025-12-15,NFLX,buy,np.float64(12.556614441585067),np.float64(96.015),np.float64(1205.6233356087903),np.float64(0.0),np.float64(0.9999999999999998),
2025-12-15,ORCL,buy,np.float64(179.17149617487908),np.float64(188.29),np.float64(33736.20101476798),np.float64(0.0),np.float64(0.9999999999999998),
2025-12-22,INTC,sell,np.float64(880.2661712920543),np.float64(37.89),np.float64(33353.28523025594),np.float64(0.0),,
2025-12-22,META,sell,np.float64(52.24748492297968),np.float64(661.645),np.float64(34569.287161864886),np.float64(0.0),,
2025-12-22,NFLX,sell,np.float64(351.36385996738),np.float64(94.71),np.float64(33277.67117751056),np.float64(0.0),,
2025-12-22,ORCL,sell,np.float64(179.17149617487908),np.float64(196.82),np.float64(35264.5338771397),np.float64(0.0),,
2025-12-22,AAPL,buy,np.float64(123.71404236501911),np.float64(272.86),np.float64(33756.613599719116),np.float64(0.0),1.0,
2025-12-22,AVGO,buy,np.float64(4.331755952151496),np.float64(346.03),np.float64(1498.9175121229819),np.float64(0.0),1.0,
2025-12-22,COST,buy,np.float64(39.52765058515119),np.float64(854.0),np.float64(33756.613599719116),np.float64(0.0),1.0,
2025-12-22,JNJ,buy,np.float64(163.7637102785578),np.float64(206.13),np.float64(33756.613599719116),np.float64(0.0),1.0,
2025-12-22,XOM,buy,np.float64(287.69432479412893),np.float64(117.335),np.float64(33756.613599719116),np.float64(0.0),1.0,
2025-12-29,AVGO,sell,np.float64(97.55400861115834),np.float64(348.72),np.float64(34019.03388288314),np.float64(0.0),,
2025-12-29,COST,sell,np.float64(39.52765058515119),np.float64(873.29),np.float64(34519.10197950668),np.float64(0.0),,
2025-12-29,XOM,sell,np.float64(287.69432479412893),np.float64(120.15),np.float64(34566.47312401459),np.float64(0.0),,
2025-12-29,AAPL,buy,np.float64(1.631986412612266),np.float64(272.69),np.float64(445.0263748552388),np.float64(0.0),1.0,
2025-12-29,JNJ,buy,np.float64(0.5661386991936385),np.float64(208.0),np.float64(117.7568494322768),np.float64(0.0),1.0,
2025-12-29,KO,buy,np.float64(488.29440839103285),np.float64(70.0),np.float64(34180.6085873723),np.float64(0.0),1.0,
2025-12-29,PEP,buy,np.float64(237.794688933994),np.float64(143.74),np.float64(34180.6085873723),np.float64(0.0),1.0,
2025-12-29,WMT,buy,np.float64(306.3053014371565),np.float64(111.59),np.float64(34180.6085873723),np.float64(0.0),1.0,
2026-01-05,AAPL,sell,np.float64(125.34602877763137),np.float64(270.64),np.float64(33923.649228378155),np.float64(0.0),,
2026-01-05,JNJ,sell,np.float64(164.32984897775142),np.float64(205.87),np.float64(33830.586009049686),np.float64(0.0),,
2026-01-05,KO,sell,np.float64(488.29440839103285),np.float64(68.92),np.float64(33653.250626309986),np.float64(0.0),,
2026-01-05,PEP,sell,np.float64(237.794688933994),np.float64(141.66),np.float64(33685.99563438959),np.float64(0.0),,
2026-01-05,WMT,sell,np.float64(306.3053014371565),np.float64(112.82),np.float64(34557.36410814),np.float64(0.0),,
2026-01-05,ADBE,buy,np.float64(102.78443282921899),np.float64(330.11),np.float64(33930.16912125348),np.float64(0.0),1.0,
2026-01-05,COST,buy,np.float64(39.27330183604778),np.float64(863.95),np.float64(33930.16912125348),np.float64(0.0),1.0,
2026-01-05,CRM,buy,np.float64(133.78349152769292),np.float64(253.62),np.float64(33930.16912125348),np.float64(0.0),1.0,
2026-01-05,MSFT,buy,np.float64(71.57433023858725),np.float64(474.055),np.float64(33930.16912125348),np.float64(0.0),1.0,
2026-01-05,TSLA,buy,np.float64(75.73867524108458),np.float64(447.99),np.float64(33930.16912125348),np.float64(0.0),1.0,
2026-01-12,ADBE,sell,np.float64(102.78443282921899),np.float64(327.77),np.float64(33689.6535484331),np.float64(0.0),,
2026-01-12,COST,sell,np.float64(39.27330183604778),np.float64(920.4),np.float64(36147.14700989838),np.float64(0.0),,
2026-01-12,CRM,sell,np.float64(133.78349152769292),np.float64(259.0),np.float64(34649.924305672466),np.float64(0.0),,
2026-01-12,MSFT,sell,np.float64(71.57433023858725),np.float64(476.67),np.float64(34117.33599482739),np.float64(0.0),,
2026-01-12,TSLA,sell,np.float64(75.73867524108458),np.float64(441.225),np.float64(33417.79698324754),np.float64(0.0),,
2026-01-12,AAPL,buy,np.float64(132.75340163765924),np.float64(259.16),np.float64(34404.37156841577),np.float64(0.0),1.0,
2026-01-12,AMD,buy,np.float64(171.01288183922742),np.float64(201.18),np.float64(34404.37156841577),np.float64(0.0),1.0,
2026-01-12,CSCO,buy,np.float64(471.8745243233545),np.float64(72.91),np.float64(34404.37156841577),np.float64(0.0),1.0,
2026-01-12,JNJ,buy,np.float64(167.37714214748613),np.float64(205.55),np.float64(34404.37156841577),np.float64(0.0),1.0,
2026-01-12,PEP,buy,np.float64(245.903592083595),np.float64(139.91),np.float64(34404.37156841577),np.float64(0.0),1.0,
2026-01-20,AAPL,sell,np.float64(132.75340163765924),np.float64(252.73),np.float64(33550.767195885615),np.float64(0.0),,
2026-01-20,AMD,sell,np.float64(171.01288183922742),np.float64(226.08),np.float64(38662.592326212536),np.float64(0.0),,
2026-01-20,CSCO,sell,np.float64(471.8745243233545),np.float64(74.52),np.float64(35164.08955257638),np.float64(0.0),,
2026-01-20,JNJ,sell,np.float64(167.37714214748613),np.float64(217.09),np.float64(36335.90378879776),np.float64(0.0),,
2026-01-20,PEP,sell,np.float64(245.903592083595),np.float64(146.215),np.float64(35954.79371650284),np.float64(0.0),,
2026-01-20,ADBE,buy,np.float64(122.09034151941775),np.float64(294.32),np.float64(35933.62931599503),np.float64(0.0),1.0,
2026-01-20,CRM,buy,np.float64(160.7480957143913),np.float64(223.54),np.float64(35933.62931599503),np.float64(0.0),1.0,
2026-01-20,JPM,buy,np.float64(117.3496271055649),np.float64(306.21),np.float64(35933.62931599503),np.float64(0.0),1.0,
2026-01-20,MSFT,buy,np.float64(79.63748837249433),np.float64(451.215),np.float64(35933.62931599503),np.float64(0.0),1.0,
2026-01-20,QCOM,buy,np.float64(231.9046745143274),np.float64(154.95),np.float64(35933.62931599503),np.float64(0.0),1.0,
2026-01-26,ADBE,sell,np.float64(122.09034151941775),np.float64(301.4),np.float64(36798.028933952504),np.float64(0.0),,
2026-01-26,CRM,sell,np.float64(160.7480957143913),np.float64(229.43),np.float64(36880.4355997528),np.float64(0.0),,
2026-01-26,MSFT,sell,np.float64(79.63748837249433),np.float64(465.305),np.float64(37055.72152716348),np.float64(0.0),,
2026-01-26,AAPL,buy,np.float64(144.40983149673528),np.float64(251.48),np.float64(36316.18442479899),np.float64(0.0),np.float64(0.9999999999999999),
2026-01-26,AVGO,buy,np.float64(113.55905073420571),np.float64(319.8),np.float64(36316.18442479899),np.float64(0.0),np.float64(0.9999999999999999),
2026-01-26,JPM,buy,np.float64(4.594513201338791),np.float64(297.81),np.float64(1368.2919764907053),np.float64(0.0),np.float64(0.9999999999999999),
2026-01-26,ORCL,buy,np.float64(202.7704322992685),np.float64(179.1),np.float64(36316.18442479899),np.float64(0.0),np.float64(0.9999999999999999),
2026-01-26,QCOM,buy,np.float64(2.6960000644774276),np.float64(154.8),np.float64(417.3408099811058),np.float64(0.0),np.float64(0.9999999999999999),
2026-02-02,AAPL,sell,np.float64(144.40983149673528),np.float64(260.03),np.float64(37550.88848409607),np.float64(0.0),,
2026-02-02,AVGO,sell,np.float64(113.55905073420571),np.float64(326.11),np.float64(37032.74203493183),np.float64(0.0),,
2026-02-02,JPM,sell,np.float64(121.94414030690369),np.float64(304.46),np.float64(37127.1129578399),np.float64(0.0),,
2026-02-02,QCOM,sell,np.float64(234.60067457880484),np.float64(150.97),np.float64(35417.66384116217),np.float64(0.0),,
2026-02-02,AMD,buy,np.float64(154.20615821064675),np.float64(235.77),np.float64(36357.185921324184),np.float64(0.0),1.0,
2026-02-02,COST,buy,np.float64(38.50458672285797),np.float64(944.23),np.float64(36357.185921324184),np.float64(0.0),1.0,
2026-02-02,CRM,buy,np.float64(169.6159828379948),np.float64(214.35),np.float64(36357.185921324184),np.float64(0.0),1.0,
2026-02-02,MSFT,buy,np.float64(84.50541197560446),np.float64(430.235),np.float64(36357.185921324184),np.float64(0.0),1.0,
2026-02-02,ORCL,buy,np.float64(9.94420566775811),np.float64(170.92),np.float64(1699.6636327332162),np.float64(0.0),1.0,
2026-02-09,AMD,sell,np.float64(154.20615821064675),np.float64(206.895),np.float64(31904.483102991762),np.float64(0.0),,
2026-02-09,COST,sell,np.float64(38.50458672285797),np.float64(1001.32),np.float64(38555.412777332145),np.float64(0.0),,
2026-02-09,MSFT,sell,np.float64(84.50541197560446),np.float64(404.85),np.float64(34212.01603832347),np.float64(0.0),,
2026-02-09,ADBE,buy,np.float64(126.09340128186),np.float64(267.05),np.float64(33673.242812320714),np.float64(0.0),np.float64(0.9999999999999999),
2026-02-09,AMZN,buy,np.float64(161.13912433517115),np.float64(208.97),np.float64(33673.242812320714),np.float64(0.0),np.float64(0.9999999999999999),
2026-02-09,CRM,buy,np.float64(8.266969155247246),np.float64(189.3),np.float64(1564.9372610883036),np.float64(0.0),np.float64(0.9999999999999999),
2026-02-09,ORCL,buy,np.float64(14.056476669115373),np.float64(148.49),np.float64(2087.246220596942),np.float64(0.0),np.float64(0.9999999999999999),
2026-02-09,QCOM,buy,np.float64(245.6108155530322),np.float64(137.1),np.float64(33673.242812320714),np.float64(0.0),np.float64(0.9999999999999999),
2026-02-17,ADBE,sell,np.float64(126.09340128186),np.float64(265.235),np.float64(33444.38328899414),np.float64(0.0),,
2026-02-17,AMZN,sell,np.float64(161.13912433517115),np.float64(198.125),np.float64(31925.689008905785),np.float64(0.0),,
2026-02-17,CRM,sell,np.float64(177.88295199324205),np.float64(190.97),np.float64(33970.307342149434),np.float64(0.0),,
2026-02-17,ORCL,sell,np.float64(226.77111463614196),np.float64(157.98),np.float64(35825.30069021771),np.float64(0.0),,
2026-02-17,QCOM,sell,np.float64(245.6108155530322),np.float64(141.0),np.float64(34631.124992977544),np.float64(0.0),,
2026-02-17,AAPL,buy,np.float64(131.599926621387),np.float64(258.05),np.float64(33959.36106464892),np.float64(0.0),1.0,
2026-02-17,CSCO,buy,np.float64(441.3172328089528),np.float64(76.95),np.float64(33959.36106464892),np.float64(0.0),1.0,
2026-02-17,GOOGL,buy,np.float64(113.18277917827261),np.float64(300.04),np.float64(33959.36106464892),np.float64(0.0),1.0,
2026-02-17,JPM,buy,np.float64(112.16594353497463),np.float64(302.76),np.float64(33959.36106464892),np.float64(0.0),1.0,
2026-02-17,NFLX,buy,np.float64(441.4893534145725),np.float64(76.92),np.float64(33959.36106464892),np.float64(0.0),1.0,
2026-02-23,AAPL,sell,np.float64(131.599926621387),np.float64(263.49),np.float64(34675.26466546926),np.float64(0.0),,
2026-02-23,CSCO,sell,np.float64(441.3172328089528),np.float64(78.85),np.float64(34797.86380698592),np.float64(0.0),,
2026-02-23,GOOGL,sell,np.float64(113.18277917827261),np.float64(319.045),np.float64(36110.399782931985),np.float64(0.0),,
2026-02-23,JPM,sell,np.float64(112.16594353497463),np.float64(308.8),np.float64(34636.843363600165),np.float64(0.0),,
2026-02-23,NFLX,sell,np.float64(441.4893534145725),np.float64(77.79),np.float64(34343.456802119596),np.float64(0.0),,
2026-02-23,COST,buy,np.float64(35.559956899797704),np.float64(981.8),np.float64(34912.765684221384),np.float64(0.0),1.0,
2026-02-23,ORCL,buy,np.float64(239.63735111690153),np.float64(145.69),np.float64(34912.765684221384),np.float64(0.0),1.0,
2026-02-23,PEP,buy,np.float64(212.24856030288396),np.float64(164.49),np.float64(34912.765684221384),np.float64(0.0),1.0,
2026-02-23,WMT,buy,np.float64(282.64868591500476),np.float64(123.52),np.float64(34912.765684221384),np.float64(0.0),1.0,
2026-02-23,XOM,buy,np.float64(235.65822264071133),np.float64(148.15),np.float64(34912.765684221384),np.float64(0.0),1.0,
2026-03-02,COST,sell,np.float64(35.559956899797704),np.float64(1010.91),np.float64(35947.916029574495),np.float64(0.0),,
2026-03-02,ORCL,sell,np.float64(239.63735111690153),np.float64(141.62),np.float64(33937.4416651756),np.float64(0.0),,
2026-03-02,PEP,sell,np.float64(212.24856030288396),np.float64(169.045),np.float64(35879.55787640101),np.float64(0.0),,
2026-03-02,WMT,sell,np.float64(282.64868591500476),np.float64(127.46),np.float64(36026.401506726506),np.float64(0.0),,
2026-03-02,XOM,sell,np.float64(235.65822264071133),np.float64(159.35),np.float64(37552.13777779735),np.float64(0.0),,
2026-03-02,AVGO,buy,np.float64(115.94482470628068),np.float64(309.36),np.float64(35868.690971134994),np.float64(0.0),1.0,
2026-03-02,GOOGL,buy,np.float64(118.29067844384531),np.float64(303.225),np.float64(35868.690971134994),np.float64(0.0),1.0,
2026-03-02,JPM,buy,np.float64(121.6671448428988),np.float64(294.81),np.float64(35868.690971134994),np.float64(0.0),1.0,
2026-03-02,NVDA,buy,np.float64(204.95223685009427),np.float64(175.01),np.float64(35868.690971134994),np.float64(0.0),1.0,
2026-03-02,TSLA,buy,np.float64(91.82972598856885),np.float64(390.6),np.float64(35868.690971134994),np.float64(0.0),1.0,
2026-03-09,AVGO,sell,np.float64(115.94482470628068),np.float64(327.25),np.float64(37942.94388513036),np.float64(0.0),,
2026-03-09,JPM,sell,np.float64(121.6671448428988),np.float64(285.5),np.float64(34735.969852647606),np.float64(0.0),,
2026-03-09,NVDA,sell,np.float64(204.95223685009427),np.float64(176.83),np.float64(36241.704042202175),np.float64(0.0),,
2026-03-09,TSLA,sell,np.float64(91.82972598856885),np.float64(390.05),np.float64(35818.18462184128),np.float64(0.0),,
2026-03-09,AMAT,buy,np.float64(112.07169717363014),np.float64(320.48),np.float64(35916.73751020499),np.float64(0.0),1.0,
2026-03-09,GOOGL,buy,np.float64(3.7256876052272325),np.float64(294.36),np.float64(1096.6934034746882),np.float64(0.0),1.0,
2026-03-09,KO,buy,np.float64(468.76451984083775),np.float64(76.62),np.float64(35916.73751020499),np.float64(0.0),1.0,
2026-03-09,MU,buy,np.float64(98.68320010497031),np.float64(363.96),np.float64(35916.73751020499),np.float64(0.0),1.0,
2026-03-09,PEP,buy,np.float64(225.6501696940692),np.float64(159.17),np.float64(35916.73751020499),np.float64(0.0),1.0,
2026-03-16,AMAT,sell,np.float64(112.07169717363014),np.float64(347.7),np.float64(38967.3291072712),np.float64(0.0),,
2026-03-16,GOOGL,sell,np.float64(122.01636604907254),np.float64(304.35),np.float64(37135.68100703523),np.float64(0.0),,
2026-03-16,KO,sell,np.float64(468.76451984083775),np.float64(78.0),np.float64(36563.632547585345),np.float64(0.0),,
2026-03-16,MU,sell,np.float64(98.68320010497031),np.float64(446.16),np.float64(44028.496558833554),np.float64(0.0),,
2026-03-16,PEP,sell,np.float64(225.6501696940692),np.float64(161.36),np.float64(36410.91138183501),np.float64(0.0),,
2026-03-16,AAPL,buy,np.float64(153.3920356978846),np.float64(252.105),np.float64(38670.8991596152),np.float64(0.0),1.0,
2026-03-16,ADBE,buy,np.float64(155.77401474165237),np.float64(248.25),np.float64(38670.8991596152),np.float64(0.0),1.0,
2026-03-16,CRM,buy,np.float64(198.15987271132562),np.float64(195.15),np.float64(38670.8991596152),np.float64(0.0),1.0,
2026-03-16,META,buy,np.float64(61.188131581669616),np.float64(632.0),np.float64(38670.8991596152),np.float64(0.0),1.0,
2026-03-16,QCOM,buy,np.float64(295.0355465668884),np.float64(131.072),np.float64(38670.8991596152),np.float64(0.0),1.0,
2026-03-23,AAPL,sell,np.float64(153.3920356978846),np.float64(253.97),np.float64(38956.97530619175),np.float64(0.0),,
2026-03-23,ADBE,sell,np.float64(155.77401474165237),np.float64(248.945),np.float64(38779.162099860645),np.float64(0.0),,
2026-03-23,CRM,sell,np.float64(198.15987271132562),np.float64(197.09),np.float64(39055.32931267517),np.float64(0.0),,
2026-03-23,META,sell,np.float64(61.188131581669616),np.float64(605.787),np.float64(37066.97466646489),np.float64(0.0),,
2026-03-23,QCOM,sell,np.float64(295.0355465668884),np.float64(133.15),np.float64(39283.98302538119),np.float64(0.0),,
2026-03-23,COST,buy,np.float64(39.19027751022379),np.float64(985.665),np.float64(38628.484882114724),np.float64(0.0),np.float64(0.9999999999999999),
2026-03-23,KO,buy,np.float64(512.7221247957888),np.float64(75.34),np.float64(38628.484882114724),np.float64(0.0),np.float64(0.9999999999999999),
2026-03-23,PEP,buy,np.float64(253.6341751944499),np.float64(152.3),np.float64(38628.484882114724),np.float64(0.0),np.float64(0.9999999999999999),
2026-03-23,TSLA,buy,np.float64(103.53663963685632),np.float64(373.09),np.float64(38628.484882114724),np.float64(0.0),np.float64(0.9999999999999999),
2026-03-23,WMT,buy,np.float64(320.6215544664237),np.float64(120.48),np.float64(38628.484882114724),np.float64(0.0),np.float64(0.9999999999999999),
2026-03-30,COST,sell,np.float64(39.19027751022379),np.float64(987.65),np.float64(38706.27758297252),np.float64(0.0),,
2026-03-30,KO,sell,np.float64(512.7221247957888),np.float64(75.93),np.float64(38930.990935744245),np.float64(0.0),,
2026-03-30,PEP,sell,np.float64(253.6341751944499),np.float64(153.82),np.float64(39014.00882841028),np.float64(0.0),,
2026-03-30,TSLA,sell,np.float64(103.53663963685632),np.float64(365.86),np.float64(37879.914977540255),np.float64(0.0),,
2026-03-30,WMT,sell,np.float64(320.6215544664237),np.float64(123.71),np.float64(39664.09250304127),np.float64(0.0),,
2026-03-30,CRM,buy,np.float64(215.65273162432933),np.float64(180.1),np.float64(38839.05696554171),np.float64(0.0),1.0,
2026-03-30,GOOGL,buy,np.float64(140.50740527292422),np.float64(276.42),np.float64(38839.05696554171),np.float64(0.0),1.0,
2026-03-30,META,buy,np.float64(72.40959201599932),np.float64(536.38),np.float64(38839.05696554171),np.float64(0.0),1.0,
2026-03-30,MSFT,buy,np.float64(107.32134173045142),np.float64(361.895),np.float64(38839.05696554171),np.float64(0.0),1.0,
2026-03-30,MU,buy,np.float64(107.09495661374761),np.float64(362.66),np.float64(38839.05696554171),np.float64(0.0),1.0,
2026-04-06,CRM,sell,np.float64(215.65273162432933),np.float64(187.5),np.float64(40434.88717956175),np.float64(0.0),,
2026-04-06,GOOGL,sell,np.float64(140.50740527292422),np.float64(295.87),np.float64(41571.92599810009),np.float64(0.0),,
2026-04-06,META,sell,np.float64(72.40959201599932),np.float64(577.69),np.float64(41830.29721172265),np.float64(0.0),,
2026-04-06,MSFT,sell,np.float64(107.32134173045142),np.float64(373.49),np.float64(40083.4479229063),np.float64(0.0),,
2026-04-06,MU,sell,np.float64(107.09495661374761),np.float64(373.8),np.float64(40032.09478221886),np.float64(0.0),,
2026-04-06,CSCO,buy,np.float64(515.5527125745947),np.float64(79.12),np.float64(40790.53061890193),np.float64(0.0),np.float64(0.9999999999999999),
2026-04-06,JPM,buy,np.float64(138.71499224274615),np.float64(294.06),np.float64(40790.53061890193),np.float64(0.0),np.float64(0.9999999999999999),
2026-04-06,QCOM,buy,np.float64(322.301917026722),np.float64(126.56),np.float64(40790.53061890193),np.float64(0.0),np.float64(0.9999999999999999),
2026-04-06,TSLA,buy,np.float64(112.49767125100509),np.float64(362.59),np.float64(40790.53061890193),np.float64(0.0),np.float64(0.9999999999999999),
2026-04-06,XOM,buy,np.float64(254.03581378154036),np.float64(160.57),np.float64(40790.53061890193),np.float64(0.0),np.float64(0.9999999999999999),
2026-04-13,CSCO,sell,np.float64(515.5527125745947),np.float64(82.035),np.float64(42293.36677605687),np.float64(0.0),,
2026-04-13,JPM,sell,np.float64(138.71499224274615),np.float64(307.47),np.float64(42650.69866487716),np.float64(0.0),,
2026-04-13,QCOM,sell,np.float64(322.301917026722),np.float64(128.0),np.float64(41254.64537942041),np.float64(0.0),,
2026-04-13,TSLA,sell,np.float64(112.49767125100509),np.float64(350.065),np.float64(39381.49728648309),np.float64(0.0),,
2026-04-13,ADBE,buy,np.float64(180.3031725798325),np.float64(227.14),np.float64(40954.06261978315),np.float64(0.0),np.float64(0.9999999999999998),
2026-04-13,COST,buy,np.float64(41.016818351861495),np.float64(998.47),np.float64(40954.06261978315),np.float64(0.0),np.float64(0.9999999999999998),
2026-04-13,CRM,buy,np.float64(245.16050655362557),np.float64(167.05),np.float64(40954.06261978315),np.float64(0.0),np.float64(0.9999999999999998),
2026-04-13,JNJ,buy,np.float64(172.2858214622151),np.float64(237.71),np.float64(40954.06261978315),np.float64(0.0),np.float64(0.9999999999999998),
2026-04-13,XOM,buy,np.float64(11.434223294904562),np.float64(154.27),np.float64(1763.9576277049268),np.float64(0.0),np.float64(0.9999999999999998),
2026-04-20,ADBE,sell,np.float64(180.3031725798325),np.float64(249.49),np.float64(44983.83852694241),np.float64(0.0),,
2026-04-20,CRM,sell,np.float64(245.16050655362557),np.float64(182.5),np.float64(44741.79244603666),np.float64(0.0),,
2026-04-20,COST,buy,np.float64(0.9176881734887863),np.float64(1003.85),np.float64(921.2212729567182),np.float64(0.0),1.0,
2026-04-20,JNJ,buy,np.float64(6.990846377625112),np.float64(234.81),np.float64(1641.5206379301526),np.float64(0.0),1.0,
2026-04-20,KO,buy,np.float64(555.2091054533485),np.float64(75.82),np.float64(42095.95437547288),np.float64(0.0),1.0,
2026-04-20,NFLX,buy,np.float64(433.35345249611777),np.float64(97.14),np.float64(42095.95437547288),np.float64(0.0),1.0,
2026-04-20,XOM,buy,np.float64(20.158639646807135),np.float64(147.38),np.float64(2970.9803111464353),np.float64(0.0),1.0,
2026-04-27,COST,sell,np.float64(41.93450652535028),np.float64(1008.625),np.float64(42296.191644131424),np.float64(0.0),,
2026-04-27,KO,sell,np.float64(555.2091054533485),np.float64(76.71),np.float64(42590.090479326354),np.float64(0.0),,
2026-04-27,XOM,sell,np.float64(285.62867672325206),np.float64(149.155),np.float64(42602.94527665666),np.float64(0.0),,
2026-04-27,JNJ,buy,np.float64(4.852938397111378),np.float64(225.77),np.float64(1095.647901915836),np.float64(0.0),1.0,
2026-04-27,JPM,buy,np.float64(135.463181700067),np.float64(306.88),np.float64(41570.94120011656),np.float64(0.0),1.0,
2026-04-27,NFLX,buy,np.float64(18.259162388364206),np.float64(92.05),np.float64(1680.755897848925),np.float64(0.0),1.0,
2026-04-27,PEP,buy,np.float64(267.28567607610466),np.float64(155.53),np.float64(41570.94120011656),np.float64(0.0),1.0,
2026-04-27,TSLA,buy,np.float64(111.72281222316258),np.float64(372.09),np.float64(41570.94120011656),np.float64(0.0),1.0,
2026-05-04,JPM,sell,np.float64(135.463181700067),np.float64(310.62),np.float64(42077.573499674814),np.float64(0.0),,
2026-05-04,NFLX,sell,np.float64(451.61261488448196),np.float64(92.1),np.float64(41593.52183086079),np.float64(0.0),,
2026-05-04,PEP,sell,np.float64(267.28567607610466),np.float64(155.9),np.float64(41669.836900264716),np.float64(0.0),,
2026-05-04,TSLA,sell,np.float64(111.72281222316258),np.float64(390.23),np.float64(43597.59301384474),np.float64(0.0),,
2026-05-04,AMAT,buy,np.float64(108.72073186648414),np.float64(387.16),np.float64(42092.318549428004),np.float64(0.0),1.0,
2026-05-04,JNJ,buy,np.float64(2.524282945027058),np.float64(225.51),np.float64(569.2510469330518),np.float64(0.0),1.0,
2026-05-04,META,buy,np.float64(69.23818919691745),np.float64(607.935),np.float64(42092.318549428004),np.float64(0.0),1.0,
2026-05-04,MSFT,buy,np.float64(102.28001785835642),np.float64(411.54),np.float64(42092.318549428004),np.float64(0.0),1.0,
2026-05-04,NVDA,buy,np.float64(210.98906541066668),np.float64(199.5),np.float64(42092.318549428004),np.float64(0.0),1.0,
2026-05-11,AMAT,sell,np.float64(108.72073186648414),np.float64(439.245),np.float64(47755.03786869383),np.float64(0.0),,
2026-05-11,META,sell,np.float64(69.23818919691745),np.float64(604.57),np.float64(41859.332042780385),np.float64(0.0),,
2026-05-11,MSFT,sell,np.float64(102.28001785835642),np.float64(407.87),np.float64(41716.95088388783),np.float64(0.0),,
2026-05-11,NVDA,sell,np.float64(210.98906541066668),np.float64(214.035),np.float64(45159.044615172046),np.float64(0.0),,
2026-05-11,JNJ,buy,np.float64(10.165742269575329),np.float64(221.32),np.float64(2249.882079102412),np.float64(0.0),1.0,
2026-05-11,JPM,buy,np.float64(144.19106531896034),np.float64(302.1),np.float64(43560.12083285792),np.float64(0.0),1.0,
2026-05-11,KO,buy,np.float64(557.3198673600042),np.float64(78.16),np.float64(43560.12083285792),np.float64(0.0),1.0,
2026-05-11,PEP,buy,np.float64(282.143408464654),np.float64(154.39),np.float64(43560.12083285792),np.float64(0.0),1.0,
2026-05-11,XOM,buy,np.float64(298.3161267830292),np.float64(146.02),np.float64(43560.12083285792),np.float64(0.0),1.0,
2026-05-18,JNJ,sell,np.float64(196.819631451554),np.float64(226.71),np.float64(44620.97864638181),np.float64(0.0),,
2026-05-18,JPM,sell,np.float64(144.19106531896034),np.float64(298.0),np.float64(42968.937465050185),np.float64(0.0),,
2026-05-18,KO,sell,np.float64(557.3198673600042),np.float64(80.87),np.float64(45070.45767340354),np.float64(0.0),,
2026-05-18,XOM,sell,np.float64(298.3161267830292),np.float64(157.315),np.float64(46929.60148487223),np.float64(0.0),,
2026-05-18,AMZN,buy,np.float64(168.43153181809467),np.float64(263.865),np.float64(44443.18614318155),np.float64(0.0),1.0,
2026-05-18,CRM,buy,np.float64(257.0604785885913),np.float64(172.89),np.float64(44443.18614318155),np.float64(0.0),1.0,
2026-05-18,INTC,buy,np.float64(391.67344798785183),np.float64(113.47),np.float64(44443.18614318155),np.float64(0.0),1.0,
2026-05-18,PEP,buy,np.float64(14.164253000654),np.float64(149.99),np.float64(2124.4963075680935),np.float64(0.0),1.0,
2026-05-18,QCOM,buy,np.float64(214.94020478397033),np.float64(206.77),np.float64(44443.18614318155),np.float64(0.0),1.0,
2026-05-26,AMZN,sell,np.float64(168.43153181809467),np.float64(267.94),np.float64(45129.54463534029),np.float64(0.0),,
2026-05-26,CRM,sell,np.float64(257.0604785885913),np.float64(178.43),np.float64(45867.30119456235),np.float64(0.0),,
2026-05-26,INTC,sell,np.float64(391.67344798785183),np.float64(122.095),np.float64(47821.36963207677),np.float64(0.0),,
2026-05-26,PEP,sell,np.float64(296.307661465308),np.float64(149.71),np.float64(44360.21999797126),np.float64(0.0),,
2026-05-26,QCOM,sell,np.float64(214.94020478397033),np.float64(240.715),np.float64(51739.33139457342),np.float64(0.0),,
2026-05-26,COST,buy,np.float64(45.78713551977314),np.float64(1026.13),np.float64(46983.55337090482),np.float64(0.0),1.0,
2026-05-26,GOOGL,buy,np.float64(122.19071902136439),np.float64(384.51),np.float64(46983.55337090482),np.float64(0.0),1.0,
2026-05-26,NVDA,buy,np.float64(216.9740157518464),np.float64(216.54),np.float64(46983.55337090482),np.float64(0.0),1.0,
2026-05-26,WMT,buy,np.float64(389.3073154982377),np.float64(120.685),np.float64(46983.55337090482),np.float64(0.0),1.0,
2026-05-26,XOM,buy,np.float64(306.0817809179467),np.float64(153.5),np.float64(46983.55337090482),np.float64(0.0),1.0,
2026-06-01,GOOGL,sell,np.float64(122.19071902136439),np.float64(376.52),np.float64(46007.24952592412),np.float64(0.0),,
2026-06-01,NVDA,sell,np.float64(216.9740157518464),np.float64(215.73),np.float64(46807.80441814582),np.float64(0.0),,
2026-06-01,WMT,sell,np.float64(389.3073154982377),np.float64(114.725),np.float64(44663.281770535315),np.float64(0.0),,
2026-06-01,COST,buy,np.float64(1.5856798868331734),np.float64(955.0),np.float64(1514.3242919256807),np.float64(0.0),np.float64(0.9999999999999998),
2026-06-01,JNJ,buy,np.float64(202.6928257764741),np.float64(223.2),np.float64(45241.03871330902),np.float64(0.0),np.float64(0.9999999999999998),
2026-06-01,KO,buy,np.float64(575.7688668572576),np.float64(78.575),np.float64(45241.03871330902),np.float64(0.0),np.float64(0.9999999999999998),
2026-06-01,PEP,buy,np.float64(317.29171170395915),np.float64(142.585),np.float64(45241.03871330902),np.float64(0.0),np.float64(0.9999999999999998),
2026-06-01,XOM,buy,np.float64(1.638520492126964),np.float64(147.02),np.float64(240.89528275250626),np.float64(0.0),np.float64(0.9999999999999998),
