session,ticker,side,shares,price,notional,cost,lambda,slot
2017-02-01,GOOGL,buy,np.float64(24.279210925644918),np.float64(823.75),np.float64(20000.0),np.float64(0.0),1.0,
2017-02-01,INTC,buy,np.float64(541.5651232060656),np.float64(36.93),np.float64(20000.0),np.float64(0.0),1.0,
2017-02-01,QCOM,buy,np.float64(372.85607755406414),np.float64(53.64),np.float64(20000.0),np.float64(0.0),1.0,
2017-02-01,WMT,buy,np.float64(301.11412225233363),np.float64(66.42),np.float64(20000.0),np.float64(0.0),1.0,
2017-02-01,XOM,buy,np.float64(238.0952380952381),np.float64(84.0),np.float64(20000.0),np.float64(0.0),1.0,
2017-02-06,QCOM,sell,np.float64(372.85607755406414),np.float64(53.33),np.float64(19884.41461595824),np.float64(0.0),,
2017-02-06,WMT,sell,np.float64(301.11412225233363),np.float64(66.37),np.float64(19984.944293887384),np.float64(0.0),,
2017-02-06,AMZN,buy,np.float64(24.58245495681939),np.float64(809.97),np.float64(19911.051041375),np.float64(0.0),np.float64(0.9999999999999998),
2017-02-06,GOOGL,buy,np.float64(0.0052240018166415615),np.float64(819.91),np.float64(4.283211329482582),np.float64(0.0),np.float64(0.9999999999999998),
2017-02-06,INTC,buy,np.float64(4.541597621553843),np.float64(36.46),np.float64(165.58664928185314),np.float64(0.0),np.float64(0.9999999999999998),
2017-02-06,MSFT,buy,np.float64(313.5104871890254),np.float64(63.51),np.float64(19911.051041375),np.float64(0.0),np.float64(0.9999999999999998),
2017-02-06,XOM,buy,np.float64(0.217760604642298),np.float64(83.55),np.float64(18.193898517863996),np.float64(0.0),np.float64(0.9999999999999998),
2017-02-13,AMZN,sell,np.float64(24.58245495681939),np.float64(831.62),np.float64(20443.26119119014),np.float64(0.0),,
2017-02-13,GOOGL,sell,np.float64(24.28443492746156),np.float64(837.7),np.float64(20343.07113873455),np.float64(0.0),,
2017-02-13,MSFT,sell,np.float64(313.5104871890254),np.float64(64.225),np.float64(20135.211039715155),np.float64(0.0),,
2017-02-13,INTC,buy,np.float64(17.371310840022314),np.float64(35.59),np.float64(618.2449527963943),np.float64(0.0),np.float64(0.9999999999999997),
2017-02-13,JPM,buy,np.float64(229.3479316908893),np.float64(87.44),np.float64(20054.18314705136),np.float64(0.0),np.float64(0.9999999999999997),
2017-02-13,KO,buy,np.float64(491.8857774601756),np.float64(40.77),np.float64(20054.18314705136),np.float64(0.0),np.float64(0.9999999999999997),
2017-02-13,MU,buy,np.float64(832.1237820353261),np.float64(24.1),np.float64(20054.18314705136),np.float64(0.0),np.float64(0.9999999999999997),
2017-02-13,XOM,buy,np.float64(3.858033144720097),np.float64(82.81),np.float64(319.48372471427126),np.float64(0.0),np.float64(0.9999999999999997),
2017-02-21,INTC,sell,np.float64(563.4780316676416),np.float64(36.55),np.float64(20595.1220574523),np.float64(0.0),,
2017-02-21,JPM,sell,np.float64(229.3479316908893),np.float64(90.51),np.float64(20758.281297342393),np.float64(0.0),,
2017-02-21,KO,sell,np.float64(491.8857774601756),np.float64(41.2),np.float64(20265.694031359235),np.float64(0.0),,
2017-02-21,META,buy,np.float64(151.6392433223212),np.float64(133.5),np.float64(20243.83898352988),np.float64(0.0),1.0,
2017-02-21,MU,buy,np.float64(22.40720080679622),np.float64(23.69),np.float64(530.8265871130025),np.float64(0.0),1.0,
2017-02-21,NFLX,buy,np.float64(141.56530757713202),np.float64(143.0),np.float64(20243.83898352988),np.float64(0.0),1.0,
2017-02-21,NVDA,buy,np.float64(186.9409823947722),np.float64(108.29),np.float64(20243.83898352988),np.float64(0.0),1.0,
2017-02-21,XOM,buy,np.float64(4.344299177438922),np.float64(82.12),np.float64(356.7538484512843),np.float64(0.0),1.0,
2017-02-27,META,sell,np.float64(151.6392433223212),np.float64(135.24),np.float64(20507.69126691072),np.float64(0.0),,
2017-02-27,MU,sell,np.float64(854.5309828421224),np.float64(23.45),np.float64(20038.75154764777),np.float64(0.0),,
2017-02-27,NFLX,sell,np.float64(141.56530757713202),np.float64(143.14),np.float64(20263.658126590675),np.float64(0.0),,
2017-02-27,XOM,sell,np.float64(0.14178267926062463),np.float64(81.13),np.float64(11.502828768414476),np.float64(0.0),,
2017-02-27,JPM,buy,np.float64(221.30520346600576),np.float64(90.32),np.float64(19988.28597704964),np.float64(0.0),np.float64(0.9999999999999999),
2017-02-27,MSFT,buy,np.float64(310.040111323866),np.float64(64.47),np.float64(19988.28597704964),np.float64(0.0),np.float64(0.9999999999999999),
2017-02-27,NVDA,buy,np.float64(8.639115228022737),np.float64(102.2),np.float64(882.9175763039237),np.float64(0.0),np.float64(0.9999999999999999),
2017-02-27,TSLA,buy,np.float64(80.48434055586729),np.float64(248.35),np.float64(19988.28597704964),np.float64(0.0),np.float64(0.9999999999999999),
2017-03-06,JPM,sell,np.float64(221.30520346600576),np.float64(92.25),np.float64(20415.40501973903),np.float64(0.0),,
2017-03-06,MSFT,sell,np.float64(310.040111323866),np.float64(63.97),np.float64(19833.265921387705),np.float64(0.0),,
2017-03-06,NVDA,sell,np.float64(195.58009762279494),np.float64(96.99),np.float64(18969.31366843488),np.float64(0.0),,
2017-03-06,TSLA,sell,np.float64(80.48434055586729),np.float64(247.67),np.float64(19933.55662547165),np.float64(0.0),,
2017-03-06,XOM,sell,np.float64(246.37354834277883),np.float64(82.44),np.float64(20311.035325378685),np.float64(0.0),,
2017-03-06,AMD,buy,np.float64(1529.017318376817),np.float64(13.01),np.float64(19892.51531208239),np.float64(0.0),np.float64(0.9999999999999999),
2017-03-06,COST,buy,np.float64(117.49861377485166),np.float64(169.3),np.float64(19892.51531208239),np.float64(0.0),np.float64(0.9999999999999999),
2017-03-06,INTC,buy,np.float64(555.8121070713157),np.float64(35.79),np.float64(19892.51531208239),np.float64(0.0),np.float64(0.9999999999999999),
2017-03-06,NFLX,buy,np.float64(141.09167538181705),np.float64(140.99),np.float64(19892.51531208239),np.float64(0.0),np.float64(0.9999999999999999),
2017-03-06,WMT,buy,np.float64(284.17879017260555),np.float64(70.0),np.float64(19892.51531208239),np.float64(0.0),np.float64(0.9999999999999999),
2017-03-13,AMD,sell,np.float64(1529.017318376817),np.float64(14.48),np.float64(22140.170770096312),np.float64(0.0),,
2017-03-13,INTC,sell,np.float64(555.8121070713157),np.float64(35.85),np.float64(19925.86403850667),np.float64(0.0),,
2017-03-13,NFLX,sell,np.float64(141.09167538181705),np.float64(141.0),np.float64(19893.926228836204),np.float64(0.0),,
2017-03-13,WMT,sell,np.float64(284.17879017260555),np.float64(69.97),np.float64(19883.98994837721),np.float64(0.0),,
2017-03-13,COST,buy,np.float64(5.472000298049418),np.float64(164.85),np.float64(902.0592491334464),np.float64(0.0),1.0,
2017-03-13,JPM,buy,np.float64(222.00970025098832),np.float64(91.31),np.float64(20271.705729917743),np.float64(0.0),1.0,
2017-03-13,PEP,buy,np.float64(185.43455662200645),np.float64(109.32),np.float64(20271.705729917743),np.float64(0.0),1.0,
2017-03-13,TSLA,buy,np.float64(82.86002750834966),np.float64(244.65),np.float64(20271.705729917743),np.float64(0.0),1.0,
2017-03-13,XOM,buy,np.float64(248.73258564316248),np.float64(81.5),np.float64(20271.705729917743),np.float64(0.0),1.0,
2017-03-20,COST,sell,np.float64(122.97061407290109),np.float64(167.76),np.float64(20629.550216869884),np.float64(0.0),,
2017-03-20,JPM,sell,np.float64(222.00970025098832),np.float64(90.27),np.float64(20040.815641656714),np.float64(0.0),,
2017-03-20,PEP,sell,np.float64(185.43455662200645),np.float64(111.07),np.float64(20596.216204006254),np.float64(0.0),,
2017-03-20,TSLA,sell,np.float64(82.86002750834966),np.float64(260.6),np.float64(21593.323168675925),np.float64(0.0),,
2017-03-20,XOM,sell,np.float64(248.73258564316248),np.float64(81.72),np.float64(20326.426898759237),np.float64(0.0),,
2017-03-20,AVGO,buy,np.float64(93.3686215717034),np.float64(221.03),np.float64(20637.266425993603),np.float64(0.0),1.0,
2017-03-20,CRM,buy,np.float64(248.52199453267824),np.float64(83.04),np.float64(20637.266425993603),np.float64(0.0),1.0,
2017-03-20,CSCO,buy,np.float64(602.3720497954934),np.float64(34.26),np.float64(20637.266425993603),np.float64(0.0),1.0,
2017-03-20,INTC,buy,np.float64(584.7907743268236),np.float64(35.29),np.float64(20637.266425993603),np.float64(0.0),1.0,
2017-03-20,MSFT,buy,np.float64(317.9856151925054),np.float64(64.9),np.float64(20637.266425993603),np.float64(0.0),1.0,
2017-03-27,AVGO,sell,np.float64(93.3686215717034),np.float64(216.83),np.float64(20245.11821539245),np.float64(0.0),,
2017-03-27,CRM,sell,np.float64(248.52199453267824),np.float64(81.0),np.float64(20130.281557146936),np.float64(0.0),,
2017-03-27,CSCO,sell,np.float64(602.3720497954934),np.float64(33.82),np.float64(20372.222724083585),np.float64(0.0),,
2017-03-27,INTC,sell,np.float64(584.7907743268236),np.float64(35.0),np.float64(20467.677101438825),np.float64(0.0),,
2017-03-27,MSFT,sell,np.float64(317.9856151925054),np.float64(64.57),np.float64(20532.331172980073),np.float64(0.0),,
2017-03-27,GOOGL,buy,np.float64(24.52016020316465),np.float64(829.91),np.float64(20349.526154208375),np.float64(0.0),1.0,
2017-03-27,JNJ,buy,np.float64(162.58809647018518),np.float64(125.16),np.float64(20349.526154208375),np.float64(0.0),1.0,
2017-03-27,JPM,buy,np.float64(237.92267221101807),np.float64(85.53),np.float64(20349.526154208375),np.float64(0.0),1.0,
2017-03-27,NFLX,buy,np.float64(144.49709688424608),np.float64(140.83),np.float64(20349.526154208375),np.float64(0.0),1.0,
2017-03-27,ORCL,buy,np.float64(458.32266113081926),np.float64(44.4),np.float64(20349.526154208375),np.float64(0.0),1.0,
2017-04-03,GOOGL,sell,np.float64(24.52016020316465),np.float64(848.75),np.float64(20811.485972435996),np.float64(0.0),,
2017-04-03,JPM,sell,np.float64(237.92267221101807),np.float64(87.99),np.float64(20934.815927847478),np.float64(0.0),,
2017-04-03,NFLX,sell,np.float64(144.49709688424608),np.float64(147.01),np.float64(21242.518212953015),np.float64(0.0),,
2017-04-03,AMAT,buy,np.float64(532.1687093372028),np.float64(38.99),np.float64(20749.25797705754),np.float64(0.0),1.0,
2017-04-03,CSCO,buy,np.float64(614.9750437776389),np.float64(33.74),np.float64(20749.25797705754),np.float64(0.0),1.0,
2017-04-03,JNJ,buy,np.float64(3.765290662481696),np.float64(124.73),np.float64(469.6447043313419),np.float64(0.0),1.0,
2017-04-03,ORCL,buy,np.float64(6.074339250952005),np.float64(44.68),np.float64(271.40147773253557),np.float64(0.0),1.0,
2017-04-03,PEP,buy,np.float64(185.3439747838994),np.float64(111.95),np.float64(20749.25797705754),np.float64(0.0),1.0,
2017-04-10,AMAT,sell,np.float64(532.1687093372028),np.float64(38.82),np.float64(20658.789296470215),np.float64(0.0),,
2017-04-10,JNJ,sell,np.float64(166.35338713266688),np.float64(124.87),np.float64(20772.547451256116),np.float64(0.0),,
2017-04-10,ORCL,sell,np.float64(464.39700038177125),np.float64(44.21),np.float64(20530.991386878108),np.float64(0.0),,
2017-04-10,PEP,sell,np.float64(185.3439747838994),np.float64(111.7),np.float64(20702.921983361564),np.float64(0.0),,
2017-04-10,AMD,buy,np.float64(1526.648014107175),np.float64(13.52),np.float64(20640.281150729006),np.float64(0.0),np.float64(0.9999999999999998),
2017-04-10,CSCO,buy,np.float64(11.247078513896515),np.float64(32.96),np.float64(370.70370781802916),np.float64(0.0),np.float64(0.9999999999999998),
2017-04-10,JPM,buy,np.float64(239.7802178291009),np.float64(86.08),np.float64(20640.281150729006),np.float64(0.0),np.float64(0.9999999999999998),
2017-04-10,NFLX,buy,np.float64(144.29726755263567),np.float64(143.04),np.float64(20640.281150729006),np.float64(0.0),np.float64(0.9999999999999998),
2017-04-10,NVDA,buy,np.float64(205.66242677091478),np.float64(100.36),np.float64(20640.281150729006),np.float64(0.0),np.float64(0.9999999999999998),
2017-04-17,CSCO,sell,np.float64(626.2221222915355),np.float64(32.48),np.float64(20339.69453202907),np.float64(0.0),,
2017-04-17,JPM,sell,np.float64(239.7802178291009),np.float64(84.44),np.float64(20247.04159348928),np.float64(0.0),,
2017-04-17,NFLX,sell,np.float64(144.29726755263567),np.float64(144.43),np.float64(20840.85435262717),np.float64(0.0),,
2017-04-17,AMAT,buy,np.float64(532.9550461699465),np.float64(37.64),np.float64(20060.427937836786),np.float64(0.0),np.float64(0.9999999999999997),
2017-04-17,AMD,buy,np.float64(74.3438404687863),np.float64(12.53),np.float64(931.5283210738922),np.float64(0.0),np.float64(0.9999999999999997),
2017-04-17,MU,buy,np.float64(745.4636914840872),np.float64(26.91),np.float64(20060.427937836786),np.float64(0.0),np.float64(0.9999999999999997),
2017-04-17,NVDA,buy,np.float64(3.278599557975892),np.float64(96.01),np.float64(314.7783435612654),np.float64(0.0),np.float64(0.9999999999999997),
2017-04-17,QCOM,buy,np.float64(378.570068651383),np.float64(52.99),np.float64(20060.427937836786),np.float64(0.0),np.float64(0.9999999999999997),
2017-04-24,AMAT,sell,np.float64(532.9550461699465),np.float64(40.37),np.float64(21515.39521388074),np.float64(0.0),,
2017-04-24,AMD,sell,np.float64(1600.9918545759613),np.float64(13.23),np.float64(21181.12223603997),np.float64(0.0),,
2017-04-24,MU,sell,np.float64(745.4636914840872),np.float64(27.74),np.float64(20679.16280176858),np.float64(0.0),,
2017-04-24,NVDA,sell,np.float64(208.94102632889067),np.float64(102.96),np.float64(21512.56807082258),np.float64(0.0),,
2017-04-24,JNJ,buy,np.float64(171.32916693065894),np.float64(122.52),np.float64(20991.249532344333),np.float64(0.0),np.float64(0.9999999999999998),
2017-04-24,KO,buy,np.float64(485.4590548645775),np.float64(43.24),np.float64(20991.249532344333),np.float64(0.0),np.float64(0.9999999999999998),
2017-04-24,PEP,buy,np.float64(183.55412322791477),np.float64(114.36),np.float64(20991.249532344333),np.float64(0.0),np.float64(0.9999999999999998),
2017-04-24,QCOM,buy,np.float64(17.416528827287774),np.float64(53.01),np.float64(923.2501931345248),np.float64(0.0),np.float64(0.9999999999999998),
2017-04-24,XOM,buy,np.float64(258.25848341959073),np.float64(81.28),np.float64(20991.249532344333),np.float64(0.0),np.float64(0.9999999999999998),
2017-05-01,JNJ,sell,np.float64(171.32916693065894),np.float64(123.4),np.float64(21142.019199243314),np.float64(0.0),,
2017-05-01,QCOM,sell,np.float64(395.9865974786708),np.float64(53.65),np.float64(21244.680954730688),np.float64(0.0),,
2017-05-01,XOM,sell,np.float64(258.25848341959073),np.float64(81.51),np.float64(21050.648983530842),np.float64(0.0),,
2017-05-01,AAPL,buy,np.float64(144.89114966449128),np.float64(145.1),np.float64(21023.705816317684),np.float64(0.0),1.0,
2017-05-01,INTC,buy,np.float64(582.2128445393986),np.float64(36.11),np.float64(21023.705816317684),np.float64(0.0),1.0,
2017-05-01,KO,buy,np.float64(1.6518305922734362),np.float64(43.16),np.float64(71.2930083625215),np.float64(0.0),1.0,
2017-05-01,PEP,buy,np.float64(2.611694679795172),np.float64(112.93),np.float64(294.9386801892688),np.float64(0.0),1.0,
2017-05-01,WMT,buy,np.float64(279.9801014291874),np.float64(75.09),np.float64(21023.705816317684),np.float64(0.0),1.0,
2017-05-08,AAPL,sell,np.float64(144.89114966449128),np.float64(149.03),np.float64(21593.128034499136),np.float64(0.0),,
2017-05-08,INTC,sell,np.float64(582.2128445393986),np.float64(36.73),np.float64(21384.67777993211),np.float64(0.0),,
2017-05-08,KO,sell,np.float64(487.11088545685095),np.float64(43.59),np.float64(21233.163497064135),np.float64(0.0),,
2017-05-08,WMT,sell,np.float64(279.9801014291874),np.float64(76.5),np.float64(21418.477759332836),np.float64(0.0),,
2017-05-08,AMD,buy,np.float64(2091.0521011198157),np.float64(10.22),np.float64(21370.552473444517),np.float64(0.0),1.0,
2017-05-08,JNJ,buy,np.float64(173.02690044081058),np.float64(123.51),np.float64(21370.552473444517),np.float64(0.0),1.0,
2017-05-08,META,buy,np.float64(141.79916709869627),np.float64(150.71),np.float64(21370.552473444517),np.float64(0.0),1.0,
2017-05-08,PEP,buy,np.float64(2.70340412891856),np.float64(113.15),np.float64(305.8901771871351),np.float64(0.0),1.0,
2017-05-08,TSLA,buy,np.float64(68.7377049644404),np.float64(310.9),np.float64(21370.552473444517),np.float64(0.0),1.0,
2017-05-15,AMD,sell,np.float64(2091.0521011198157),np.float64(11.41),np.float64(23858.904473777096),np.float64(0.0),,
2017-05-15,JNJ,sell,np.float64(173.02690044081058),np.float64(124.41),np.float64(21526.276683841243),np.float64(0.0),,
2017-05-15,META,sell,np.float64(141.79916709869627),np.float64(150.17),np.float64(21293.980923211217),np.float64(0.0),,
2017-05-15,TSLA,sell,np.float64(68.7377049644404),np.float64(318.38),np.float64(21884.710506578533),np.float64(0.0),,
2017-05-15,CSCO,buy,np.float64(646.4064496915518),np.float64(34.0),np.float64(21977.81928951276),np.float64(0.0),1.0,
2017-05-15,INTC,buy,np.float64(618.483728423041),np.float64(35.535),np.float64(21977.81928951276),np.float64(0.0),1.0,
2017-05-15,KO,buy,np.float64(505.35339824126834),np.float64(43.49),np.float64(21977.81928951276),np.float64(0.0),1.0,
2017-05-15,MSFT,buy,np.float64(322.5391736059988),np.float64(68.14),np.float64(21977.81928951276),np.float64(0.0),1.0,
2017-05-15,PEP,buy,np.float64(5.779784158684256),np.float64(112.91),np.float64(652.5954293570394),np.float64(0.0),1.0,
2017-05-22,INTC,sell,np.float64(618.483728423041),np.float64(35.48),np.float64(21943.802684449493),np.float64(0.0),,
2017-05-22,KO,sell,np.float64(505.35339824126834),np.float64(43.89),np.float64(22179.96064880927),np.float64(0.0),,
2017-05-22,MSFT,sell,np.float64(322.5391736059988),np.float64(67.89),np.float64(21897.184496111262),np.float64(0.0),,
2017-05-22,PEP,sell,np.float64(194.64900619531275),np.float64(113.69),np.float64(22129.645514345106),np.float64(0.0),,
2017-05-22,AAPL,buy,np.float64(140.84510248869452),np.float64(154.0),np.float64(21690.14578325896),np.float64(0.0),np.float64(0.9999999999999999),
2017-05-22,CRM,buy,np.float64(247.7741122145186),np.float64(87.54),np.float64(21690.14578325896),np.float64(0.0),np.float64(0.9999999999999999),
2017-05-22,CSCO,buy,np.float64(48.5677823897991),np.float64(31.21),np.float64(1515.80048838563),np.float64(0.0),np.float64(0.9999999999999999),
2017-05-22,JPM,buy,np.float64(254.6389502613167),np.float64(85.18),np.float64(21690.14578325896),np.float64(0.0),np.float64(0.9999999999999999),
2017-05-22,TSLA,buy,np.float64(69.34189828407595),np.float64(312.8),np.float64(21690.14578325896),np.float64(0.0),np.float64(0.9999999999999999),
2017-05-30,CRM,sell,np.float64(247.7741122145186),np.float64(90.5),np.float64(22423.55715541393),np.float64(0.0),,
2017-05-30,CSCO,sell,np.float64(694.9742320813508),np.float64(31.4),np.float64(21822.190887354413),np.float64(0.0),,
2017-05-30,TSLA,sell,np.float64(69.34189828407595),np.float64(326.0),np.float64(22605.45884060876),np.float64(0.0),,
2017-05-30,AAPL,buy,np.float64(2.730802012594113),np.float64(153.42),np.float64(418.95964477218877),np.float64(0.0),1.0,
2017-05-30,JNJ,buy,np.float64(173.8548955689637),np.float64(126.7),np.float64(22027.4152685877),np.float64(0.0),1.0,
2017-05-30,JPM,buy,np.float64(4.111375929070963),np.float64(85.13),np.float64(350.00143284181104),np.float64(0.0),1.0,
2017-05-30,WMT,buy,np.float64(282.4027598536885),np.float64(78.0),np.float64(22027.4152685877),np.float64(0.0),1.0,
2017-05-30,XOM,buy,np.float64(271.00658548951407),np.float64(81.28),np.float64(22027.4152685877),np.float64(0.0),1.0,
2017-06-05,AAPL,sell,np.float64(143.57590450128865),np.float64(154.34),np.float64(22159.50510072889),np.float64(0.0),,
2017-06-05,JNJ,sell,np.float64(173.8548955689637),np.float64(130.0),np.float64(22601.136423965283),np.float64(0.0),,
2017-06-05,WMT,sell,np.float64(282.4027598536885),np.float64(79.6),np.float64(22479.259684353605),np.float64(0.0),,
2017-06-05,CRM,buy,np.float64(242.10139313533944),np.float64(90.99),np.float64(22028.805761384534),np.float64(0.0),np.float64(0.9999999999999996),
2017-06-05,INTC,buy,np.float64(606.8541532061855),np.float64(36.3),np.float64(22028.805761384534),np.float64(0.0),np.float64(0.9999999999999996),
2017-06-05,JPM,buy,np.float64(7.909954179840437),np.float64(82.61),np.float64(653.4413147966185),np.float64(0.0),np.float64(0.9999999999999996),
2017-06-05,PEP,buy,np.float64(187.65487487336685),np.float64(117.39),np.float64(22028.805761384534),np.float64(0.0),np.float64(0.9999999999999996),
2017-06-05,XOM,buy,np.float64(6.294594789747595),np.float64(79.44),np.float64(500.04261009754896),np.float64(0.0),np.float64(0.9999999999999996),
2017-06-12,INTC,sell,np.float64(606.8541532061855),np.float64(35.59),np.float64(21597.939312608145),np.float64(0.0),,
2017-06-12,JPM,sell,np.float64(266.6602803702281),np.float64(87.32),np.float64(23284.775681928317),np.float64(0.0),,
2017-06-12,PEP,sell,np.float64(187.65487487336685),np.float64(116.23),np.float64(21811.12610653143),np.float64(0.0),,
2017-06-12,XOM,sell,np.float64(277.30118027926164),np.float64(82.67),np.float64(22924.48857368656),np.float64(0.0),,
2017-06-12,AAPL,buy,np.float64(151.59613236114984),np.float64(145.74),np.float64(22093.620330313977),np.float64(0.0),1.0,
2017-06-12,ADBE,buy,np.float64(165.22300576064896),np.float64(133.72),np.float64(22093.620330313977),np.float64(0.0),1.0,
2017-06-12,AMAT,buy,np.float64(500.53512302478424),np.float64(44.14),np.float64(22093.620330313977),np.float64(0.0),1.0,
2017-06-12,CRM,buy,np.float64(14.443199645826086),np.float64(86.12),np.float64(1243.8483534985426),np.float64(0.0),1.0,
2017-06-12,NFLX,buy,np.float64(142.26413606126192),np.float64(155.3),np.float64(22093.620330313977),np.float64(0.0),1.0,
2017-06-19,ADBE,sell,np.float64(165.22300576064896),np.float64(138.79),np.float64(22931.300969520467),np.float64(0.0),,
2017-06-19,CRM,sell,np.float64(256.54459278116553),np.float64(86.62),np.float64(22221.89262670456),np.float64(0.0),,
2017-06-19,AAPL,buy,np.float64(2.5940561398984947),np.float64(143.66),np.float64(372.6621050578177),np.float64(0.0),np.float64(0.9999999999999997),
2017-06-19,AMAT,buy,np.float64(6.351890248913712),np.float64(43.7),np.float64(277.5776038775292),np.float64(0.0),np.float64(0.9999999999999997),
2017-06-19,COST,buy,np.float64(132.600793056334),np.float64(167.05),np.float64(22150.962480060596),np.float64(0.0),np.float64(0.9999999999999997),
2017-06-19,NFLX,buy,np.float64(1.302929076210404),np.float64(154.29),np.float64(201.02892716850323),np.float64(0.0),np.float64(0.9999999999999997),
2017-06-19,WMT,buy,np.float64(293.85728946750595),np.float64(75.38),np.float64(22150.962480060596),np.float64(0.0),np.float64(0.9999999999999997),
2017-06-26,AAPL,sell,np.float64(154.19018850104834),np.float64(147.17),np.float64(22692.170041699283),np.float64(0.0),,
2017-06-26,AMAT,sell,np.float64(506.88701327369796),np.float64(44.47),np.float64(22541.26548028135),np.float64(0.0),,
2017-06-26,NFLX,sell,np.float64(143.56706513747233),np.float64(158.78),np.float64(22795.578602527858),np.float64(0.0),,
2017-06-26,WMT,sell,np.float64(293.85728946750595),np.float64(74.95),np.float64(22024.603845589572),np.float64(0.0),,
2017-06-26,COST,buy,np.float64(7.8031695006780835),np.float64(158.15),np.float64(1234.071256532239),np.float64(0.0),np.float64(0.9999999999999999),
2017-06-26,INTC,buy,np.float64(648.128624588192),np.float64(34.26),np.float64(22204.886678391456),np.float64(0.0),np.float64(0.9999999999999999),
2017-06-26,KO,buy,np.float64(489.9577819592113),np.float64(45.32),np.float64(22204.886678391456),np.float64(0.0),np.float64(0.9999999999999999),
2017-06-26,PEP,buy,np.float64(189.1065123351342),np.float64(117.42),np.float64(22204.886678391456),np.float64(0.0),np.float64(0.9999999999999999),
2017-06-26,XOM,buy,np.float64(272.21878973141423),np.float64(81.57),np.float64(22204.886678391456),np.float64(0.0),np.float64(0.9999999999999999),
2017-07-03,COST,sell,np.float64(140.40396255701208),np.float64(160.21),np.float64(22494.118841258907),np.float64(0.0),,
2017-07-03,INTC,sell,np.float64(648.128624588192),np.float64(33.51),np.float64(21718.79020995031),np.float64(0.0),,
2017-07-03,KO,sell,np.float64(489.9577819592113),np.float64(45.11),np.float64(22101.99554418002),np.float64(0.0),,
2017-07-03,PEP,sell,np.float64(189.1065123351342),np.float64(115.55),np.float64(21851.257500324755),np.float64(0.0),,
2017-07-03,XOM,sell,np.float64(272.21878973141423),np.float64(80.79),np.float64(21992.556022400957),np.float64(0.0),,
2017-07-03,AMAT,buy,np.float64(533.0690448493343),np.float64(41.33),np.float64(22031.743623622988),np.float64(0.0),1.0,
2017-07-03,AMD,buy,np.float64(1752.7242341784397),np.float64(12.57),np.float64(22031.743623622988),np.float64(0.0),1.0,
2017-07-03,GOOGL,buy,np.float64(23.60830631964916),np.float64(933.22),np.float64(22031.743623622988),np.float64(0.0),1.0,
2017-07-03,MU,buy,np.float64(732.1948695122296),np.float64(30.09),np.float64(22031.743623622988),np.float64(0.0),1.0,
2017-07-03,NFLX,buy,np.float64(147.05475653199164),np.float64(149.82),np.float64(22031.743623622988),np.float64(0.0),1.0,
2017-07-10,AMAT,sell,np.float64(533.0690448493343),np.float64(43.6),np.float64(23241.81035543098),np.float64(0.0),,
2017-07-10,AMD,sell,np.float64(1752.7242341784397),np.float64(13.61),np.float64(23854.576827168563),np.float64(0.0),,
2017-07-10,GOOGL,sell,np.float64(23.60830631964916),np.float64(941.95),np.float64(22237.844137793527),np.float64(0.0),,
2017-07-10,NFLX,sell,np.float64(147.05475653199164),np.float64(150.34),np.float64(22108.212097019623),np.float64(0.0),,
2017-07-10,COST,buy,np.float64(147.906248038436),np.float64(153.51),np.float64(22705.08813638031),np.float64(0.0),1.0,
2017-07-10,KO,buy,np.float64(510.80063298943327),np.float64(44.45),np.float64(22705.08813638031),np.float64(0.0),1.0,
2017-07-10,MU,buy,np.float64(20.62635516881516),np.float64(30.16),np.float64(622.0908718914652),np.float64(0.0),1.0,
2017-07-10,ORCL,buy,np.float64(460.8298789604284),np.float64(49.27),np.float64(22705.08813638031),np.float64(0.0),1.0,
2017-07-10,TSLA,buy,np.float64(72.56340088328639),np.float64(312.9),np.float64(22705.08813638031),np.float64(0.0),1.0,
2017-07-17,MU,sell,np.float64(752.8212246810448),np.float64(31.67),np.float64(23841.84818564869),np.float64(0.0),,
2017-07-17,ORCL,sell,np.float64(460.8298789604284),np.float64(50.31),np.float64(23184.351210499153),np.float64(0.0),,
2017-07-17,TSLA,sell,np.float64(72.56340088328639),np.float64(325.54),np.float64(23622.289523545052),np.float64(0.0),,
2017-07-17,COST,buy,np.float64(3.960495511739401),np.float64(153.0),np.float64(605.9558132961283),np.float64(0.0),1.0,
2017-07-17,JNJ,buy,np.float64(175.08561346678346),np.float64(132.71),np.float64(23235.611763176836),np.float64(0.0),1.0,
2017-07-17,JPM,buy,np.float64(253.05610720079326),np.float64(91.82),np.float64(23235.611763176836),np.float64(0.0),1.0,
2017-07-17,KO,buy,np.float64(9.477283785686213),np.float64(44.66),np.float64(423.25549386874627),np.float64(0.0),1.0,
2017-07-17,PEP,buy,np.float64(202.15426973357262),np.float64(114.94),np.float64(23235.611763176836),np.float64(0.0),1.0,
2017-07-24,JNJ,sell,np.float64(175.08561346678346),np.float64(134.99),np.float64(23634.8069618811),np.float64(0.0),,
2017-07-24,KO,sell,np.float64(520.2779167751195),np.float64(45.04),np.float64(23433.31737155138),np.float64(0.0),,
2017-07-24,PEP,sell,np.float64(202.15426973357262),np.float64(116.5),np.float64(23550.97242396121),np.float64(0.0),,
2017-07-24,COST,buy,np.float64(2.982617480734202),np.float64(150.45),np.float64(448.73479997646064),np.float64(0.0),1.0,
2017-07-24,CRM,buy,np.float64(259.9540991642529),np.float64(89.62),np.float64(23297.086367100346),np.float64(0.0),1.0,
2017-07-24,JPM,buy,np.float64(3.0684131059387765),np.float64(90.96),np.float64(279.1028561161911),np.float64(0.0),1.0,
2017-07-24,QCOM,buy,np.float64(433.35354105469395),np.float64(53.76),np.float64(23297.086367100346),np.float64(0.0),1.0,
2017-07-24,XOM,buy,np.float64(290.9953330889376),np.float64(80.06),np.float64(23297.086367100346),np.float64(0.0),1.0,
2017-07-31,COST,sell,np.float64(154.8493610309096),np.float64(153.08),np.float64(23704.340186611644),np.float64(0.0),,
2017-07-31,CRM,sell,np.float64(259.9540991642529),np.float64(90.81),np.float64(23606.43174510581),np.float64(0.0),,
2017-07-31,JPM,sell,np.float64(256.12452030673205),np.float64(91.5),np.float64(23435.393608065984),np.float64(0.0),,
2017-07-31,QCOM,sell,np.float64(433.35354105469395),np.float64(53.1),np.float64(23011.07303000425),np.float64(0.0),,
2017-07-31,XOM,sell,np.float64(290.9953330889376),np.float64(79.83),np.float64(23230.15744048989),np.float64(0.0),,
2017-07-31,ADBE,buy,np.float64(159.86252529417538),np.float64(146.36),np.float64(23397.47920205551),np.float64(0.0),np.float64(0.9999999999999999),
2017-07-31,AMAT,buy,np.float64(515.0226546787478),np.float64(45.43),np.float64(23397.47920205551),np.float64(0.0),np.float64(0.9999999999999999),
2017-07-31,GOOGL,buy,np.float64(24.372374168807823),np.float64(960.0),np.float64(23397.47920205551),np.float64(0.0),np.float64(0.9999999999999999),
2017-07-31,JNJ,buy,np.float64(177.06583322276006),np.float64(132.14),np.float64(23397.47920205551),np.float64(0.0),np.float64(0.9999999999999999),
2017-07-31,MU,buy,np.float64(795.0213796145264),np.float64(29.43),np.float64(23397.47920205551),np.float64(0.0),np.float64(0.9999999999999999),
2017-08-07,ADBE,sell,np.float64(159.86252529417538),np.float64(147.74),np.float64(23618.08948696147),np.float64(0.0),,
2017-08-07,GOOGL,sell,np.float64(24.372374168807823),np.float64(947.52),np.float64(23093.31197242879),np.float64(0.0),,
2017-08-07,JNJ,sell,np.float64(177.06583322276006),np.float64(133.09),np.float64(23565.69174361714),np.float64(0.0),,
2017-08-07,AMAT,buy,np.float64(19.535960884351862),np.float64(42.86),np.float64(837.3112835033207),np.float64(0.0),1.0,
2017-08-07,AMD,buy,np.float64(1718.7683618180383),np.float64(13.33),np.float64(22911.18226303445),np.float64(0.0),1.0,
2017-08-07,AMZN,buy,np.float64(23.12742367439),np.float64(990.65),np.float64(22911.18226303445),np.float64(0.0),1.0,
2017-08-07,KO,buy,np.float64(503.3212272195617),np.float64(45.52),np.float64(22911.18226303445),np.float64(0.0),1.0,
2017-08-07,MU,buy,np.float64(25.285897973531256),np.float64(27.93),np.float64(706.2351304007279),np.float64(0.0),1.0,
2017-08-14,AMAT,sell,np.float64(534.5586155630997),np.float64(43.7),np.float64(23360.21150010746),np.float64(0.0),,
2017-08-14,AMZN,sell,np.float64(23.12742367439),np.float64(978.41),np.float64(22628.102597259916),np.float64(0.0),,
2017-08-14,KO,sell,np.float64(503.3212272195617),np.float64(45.67),np.float64(22986.680447117385),np.float64(0.0),,
2017-08-14,MU,sell,np.float64(820.3072775880577),np.float64(28.82),np.float64(23641.25574008782),np.float64(0.0),,
2017-08-14,AMD,buy,np.float64(97.4217220650061),np.float64(12.58),np.float64(1225.5652635777767),np.float64(0.0),np.float64(0.9999999999999999),
2017-08-14,JPM,buy,np.float64(247.3494777010793),np.float64(92.37),np.float64(22847.671255248697),np.float64(0.0),np.float64(0.9999999999999999),
2017-08-14,NFLX,buy,np.float64(134.5563678165412),np.float64(169.8),np.float64(22847.671255248697),np.float64(0.0),np.float64(0.9999999999999999),
2017-08-14,NVDA,buy,np.float64(143.09307481210433),np.float64(159.67),np.float64(22847.671255248697),np.float64(0.0),np.float64(0.9999999999999999),
2017-08-14,ORCL,buy,np.float64(471.0860052628597),np.float64(48.5),np.float64(22847.671255248697),np.float64(0.0),np.float64(0.9999999999999999),
2017-08-21,AMD,sell,np.float64(1816.1900838830445),np.float64(12.42),np.float64(22557.080841827414),np.float64(0.0),,
2017-08-21,JPM,sell,np.float64(247.3494777010793),np.float64(90.83),np.float64(22466.753059589035),np.float64(0.0),,
2017-08-21,NFLX,sell,np.float64(134.5563678165412),np.float64(166.91),np.float64(22458.803352258892),np.float64(0.0),,
2017-08-21,NVDA,sell,np.float64(143.09307481210433),np.float64(162.49),np.float64(23251.193726218833),np.float64(0.0),,
2017-08-21,ORCL,sell,np.float64(471.0860052628597),np.float64(48.65),np.float64(22918.334156038123),np.float64(0.0),,
2017-08-21,CSCO,buy,np.float64(748.4502149221752),np.float64(30.37),np.float64(22730.43302718646),np.float64(0.0),1.0,
2017-08-21,INTC,buy,np.float64(647.7752358844815),np.float64(35.09),np.float64(22730.43302718646),np.float64(0.0),1.0,
2017-08-21,QCOM,buy,np.float64(437.12371206127807),np.float64(52.0),np.float64(22730.43302718646),np.float64(0.0),1.0,
2017-08-21,WMT,buy,np.float64(287.2906095448238),np.float64(79.12),np.float64(22730.43302718646),np.float64(0.0),1.0,
2017-08-21,XOM,buy,np.float64(297.24641071252074),np.float64(76.47),np.float64(22730.43302718646),np.float64(0.0),1.0,
2017-08-28,CSCO,sell,np.float64(748.4502149221752),np.float64(31.6),np.float64(23651.02679154074),np.float64(0.0),,
2017-08-28,QCOM,sell,np.float64(437.12371206127807),np.float64(51.77),np.float64(22629.894573412366),np.float64(0.0),,
2017-08-28,WMT,sell,np.float64(287.2906095448238),np.float64(78.41),np.float64(22526.456694409633),np.float64(0.0),,
2017-08-28,XOM,sell,np.float64(297.24641071252074),np.float64(76.9),np.float64(22858.248983792848),np.float64(0.0),,
2017-08-28,AMAT,buy,np.float64(527.8801211397267),np.float64(43.36),np.float64(22888.882052618552),np.float64(0.0),np.float64(0.9999999999999997),
2017-08-28,AMZN,buy,np.float64(24.181632104949134),np.float64(946.54),np.float64(22888.882052618552),np.float64(0.0),np.float64(0.9999999999999997),
2017-08-28,COST,buy,np.float64(150.68388448070147),np.float64(151.9),np.float64(22888.882052618552),np.float64(0.0),np.float64(0.9999999999999997),
2017-08-28,INTC,buy,np.float64(10.329480982066995),np.float64(34.78),np.float64(359.2593485562901),np.float64(0.0),np.float64(0.9999999999999997),
2017-08-28,PEP,buy,np.float64(197.114037656033),np.float64(116.12),np.float64(22888.882052618552),np.float64(0.0),np.float64(0.9999999999999997),
2017-09-05,AMAT,sell,np.float64(527.8801211397267),np.float64(44.63),np.float64(23559.289806466004),np.float64(0.0),,
2017-09-05,AMZN,sell,np.float64(24.181632104949134),np.float64(975.4),np.float64(23586.763955167386),np.float64(0.0),,
2017-09-05,COST,sell,np.float64(150.68388448070147),np.float64(157.96),np.float64(23802.026392571606),np.float64(0.0),,
2017-09-05,INTC,sell,np.float64(658.1047168665485),np.float64(35.02),np.float64(23046.82718466653),np.float64(0.0),,
2017-09-05,JNJ,buy,np.float64(178.99211352759494),np.float64(130.72),np.float64(23397.84908032721),np.float64(0.0),np.float64(0.9999999999999999),
2017-09-05,JPM,buy,np.float64(257.0627233610988),np.float64(91.02),np.float64(23397.84908032721),np.float64(0.0),np.float64(0.9999999999999999),
2017-09-05,KO,buy,np.float64(511.42839519840896),np.float64(45.75),np.float64(23397.84908032721),np.float64(0.0),np.float64(0.9999999999999999),
2017-09-05,PEP,buy,np.float64(4.85272177708929),np.float64(115.85),np.float64(562.1878178757942),np.float64(0.0),np.float64(0.9999999999999999),
2017-09-05,XOM,buy,np.float64(305.2955255783822),np.float64(76.64),np.float64(23397.84908032721),np.float64(0.0),np.float64(0.9999999999999999),
2017-09-11,JNJ,sell,np.float64(178.99211352759494),np.float64(131.37),np.float64(23514.193954120146),np.float64(0.0),,
2017-09-11,KO,sell,np.float64(511.42839519840896),np.float64(46.35),np.float64(23704.706117446258),np.float64(0.0),,
2017-09-11,PEP,sell,np.float64(201.9667594331223),np.float64(115.08),np.float64(23242.334675563714),np.float64(0.0),,
2017-09-11,XOM,sell,np.float64(305.2955255783822),np.float64(79.41),np.float64(24243.51768617933),np.float64(0.0),,
2017-09-11,AAPL,buy,np.float64(146.64621716455835),np.float64(160.5),np.float64(23536.717854911614),np.float64(0.0),1.0,
2017-09-11,AMD,buy,np.float64(1888.982171341221),np.float64(12.46),np.float64(23536.717854911614),np.float64(0.0),1.0,
2017-09-11,AVGO,buy,np.float64(95.29035568790127),np.float64(247.0),np.float64(23536.717854911614),np.float64(0.0),1.0,
2017-09-11,JPM,buy,np.float64(6.2409778908490265),np.float64(89.39),np.float64(557.8810136629945),np.float64(0.0),1.0,
2017-09-11,QCOM,buy,np.float64(471.29991699863064),np.float64(49.94),np.float64(23536.717854911614),np.float64(0.0),1.0,
2017-09-18,AAPL,sell,np.float64(146.64621716455835),np.float64(160.11),np.float64(23479.52583021744),np.float64(0.0),,
2017-09-18,AMD,sell,np.float64(1888.982171341221),np.float64(12.77),np.float64(24122.302328027392),np.float64(0.0),,
2017-09-18,AVGO,sell,np.float64(95.29035568790127),np.float64(251.05),np.float64(23922.643795447613),np.float64(0.0),,
2017-09-18,JPM,sell,np.float64(263.3037012519478),np.float64(91.93),np.float64(24205.509256091565),np.float64(0.0),,
2017-09-18,QCOM,sell,np.float64(471.29991699863064),np.float64(52.24),np.float64(24620.707664008467),np.float64(0.0),,
2017-09-18,CRM,buy,np.float64(253.73474833914923),np.float64(94.94),np.float64(24089.57700731883),np.float64(0.0),1.0,
2017-09-18,GOOGL,buy,np.float64(25.763977933197324),np.float64(935.01),np.float64(24089.57700731883),np.float64(0.0),1.0,
2017-09-18,KO,buy,np.float64(522.4371504515036),np.float64(46.11),np.float64(24089.57700731883),np.float64(0.0),1.0,
2017-09-18,ORCL,buy,np.float64(492.830953504886),np.float64(48.88),np.float64(24089.57700731883),np.float64(0.0),1.0,
2017-09-18,PEP,buy,np.float64(209.16538167334227),np.float64(115.17),np.float64(24089.57700731883),np.float64(0.0),1.0,
2017-09-25,CRM,sell,np.float64(253.73474833914923),np.float64(94.87),np.float64(24071.815574935088),np.float64(0.0),,
2017-09-25,GOOGL,sell,np.float64(25.763977933197324),np.float64(939.45),np.float64(24203.969069342227),np.float64(0.0),,
2017-09-25,KO,sell,np.float64(522.4371504515036),np.float64(45.5),np.float64(23770.890345543416),np.float64(0.0),,
2017-09-25,ORCL,sell,np.float64(492.830953504886),np.float64(48.52),np.float64(23912.15786405707),np.float64(0.0),,
2017-09-25,AAPL,buy,np.float64(159.20224310495243),np.float64(149.99),np.float64(23878.744443311814),np.float64(0.0),1.0,
2017-09-25,ADBE,buy,np.float64(160.91882501052507),np.float64(148.39),np.float64(23878.744443311814),np.float64(0.0),1.0,
2017-09-25,AVGO,buy,np.float64(100.67348726047395),np.float64(237.19),np.float64(23878.744443311814),np.float64(0.0),1.0,
2017-09-25,PEP,buy,np.float64(3.9615769424361527),np.float64(112.04),np.float64(443.8550806305466),np.float64(0.0),1.0,
2017-09-25,TSLA,buy,np.float64(67.61643619796635),np.float64(353.15),np.float64(23878.744443311814),np.float64(0.0),1.0,
2017-10-02,AAPL,sell,np.float64(159.20224310495243),np.float64(154.26),np.float64(24558.53802136996),np.float64(0.0),,
2017-10-02,ADBE,sell,np.float64(160.91882501052507),np.float64(149.79),np.float64(24104.03079832655),np.float64(0.0),,
2017-10-02,AVGO,sell,np.float64(100.67348726047395),np.float64(245.31),np.float64(24696.213159866864),np.float64(0.0),,
2017-10-02,TSLA,sell,np.float64(67.61643619796635),np.float64(342.52),np.float64(23159.981726527432),np.float64(0.0),,
2017-10-02,CRM,buy,np.float64(255.95692799394973),np.float64(93.72),np.float64(23988.28329159297),np.float64(0.0),np.float64(0.9999999999999999),
2017-10-02,JNJ,buy,np.float64(184.29842725563128),np.float64(130.16),np.float64(23988.28329159297),np.float64(0.0),np.float64(0.9999999999999999),
2017-10-02,KO,buy,np.float64(532.4813161285898),np.float64(45.05),np.float64(23988.28329159297),np.float64(0.0),np.float64(0.9999999999999999),
2017-10-02,PEP,buy,np.float64(5.146774701719023),np.float64(109.9),np.float64(565.6305397189207),np.float64(0.0),np.float64(0.9999999999999999),
2017-10-02,WMT,buy,np.float64(307.9368843593449),np.float64(77.9),np.float64(23988.28329159297),np.float64(0.0),np.float64(0.9999999999999999),
2017-10-09,CRM,sell,np.float64(255.95692799394973),np.float64(96.33),np.float64(24656.330873657178),np.float64(0.0),,
2017-10-09,JNJ,sell,np.float64(184.29842725563128),np.float64(133.66),np.float64(24633.327786987677),np.float64(0.0),,
2017-10-09,WMT,sell,np.float64(307.9368843593449),np.float64(79.5),np.float64(24480.98230656792),np.float64(0.0),,
2017-10-09,COST,buy,np.float64(155.61309099350626),np.float64(157.01),np.float64(24432.811416890418),np.float64(0.0),1.0,
2017-10-09,KO,buy,np.float64(3.9141046593447357),np.float64(45.55),np.float64(178.2874672331527),np.float64(0.0),1.0,
2017-10-09,ORCL,buy,np.float64(505.22769679260585),np.float64(48.36),np.float64(24432.811416890418),np.float64(0.0),1.0,
2017-10-09,PEP,buy,np.float64(2.657738035160282),np.float64(110.59),np.float64(293.9192493083756),np.float64(0.0),1.0,
2017-10-09,XOM,buy,np.float64(298.54363901381254),np.float64(81.84),np.float64(24432.811416890418),np.float64(0.0),1.0,
2017-10-16,COST,sell,np.float64(155.61309099350626),np.float64(159.38),np.float64(24801.614442545026),np.float64(0.0),,
2017-10-16,KO,sell,np.float64(536.3954207879345),np.float64(46.13),np.float64(24743.92076094742),np.float64(0.0),,
2017-10-16,ORCL,sell,np.float64(505.22769679260585),np.float64(48.61),np.float64(24559.11834108857),np.float64(0.0),,
2017-10-16,PEP,sell,np.float64(220.93147135265772),np.float64(112.93),np.float64(24949.791059855637),np.float64(0.0),,
2017-10-16,CRM,buy,np.float64(255.51585743508224),np.float64(96.945),np.float64(24770.984799044047),np.float64(0.0),1.0,
2017-10-16,CSCO,buy,np.float64(737.2316904477394),np.float64(33.6),np.float64(24770.984799044047),np.float64(0.0),1.0,
2017-10-16,INTC,buy,np.float64(623.7971493085885),np.float64(39.71),np.float64(24770.984799044047),np.float64(0.0),1.0,
2017-10-16,JPM,buy,np.float64(257.1204567058755),np.float64(96.34),np.float64(24770.984799044047),np.float64(0.0),1.0,
2017-10-16,XOM,buy,np.float64(0.8036093130037562),np.float64(82.75),np.float64(66.49867065106082),np.float64(0.0),1.0,
2017-10-23,CRM,sell,np.float64(255.51585743508224),np.float64(99.07),np.float64(25313.955996093595),np.float64(0.0),,
2017-10-23,CSCO,sell,np.float64(737.2316904477394),np.float64(34.45),np.float64(25397.631735924624),np.float64(0.0),,
2017-10-23,INTC,sell,np.float64(623.7971493085885),np.float64(40.55),np.float64(25294.97440446326),np.float64(0.0),,
2017-10-23,JPM,sell,np.float64(257.1204567058755),np.float64(99.51),np.float64(25586.05664680167),np.float64(0.0),,
2017-10-23,XOM,sell,np.float64(299.34724832681627),np.float64(83.15),np.float64(24890.723698374775),np.float64(0.0),,
2017-10-23,AMZN,buy,np.float64(25.636869758020516),np.float64(986.73),np.float64(25296.668496331586),np.float64(0.0),np.float64(0.9999999999999999),
2017-10-23,AVGO,buy,np.float64(103.17590544225298),np.float64(245.18),np.float64(25296.668496331586),np.float64(0.0),np.float64(0.9999999999999999),
2017-10-23,NFLX,buy,np.float64(130.2810346414564),np.float64(194.17),np.float64(25296.668496331586),np.float64(0.0),np.float64(0.9999999999999999),
2017-10-23,PEP,buy,np.float64(226.5914412068397),np.float64(111.64),np.float64(25296.668496331586),np.float64(0.0),np.float64(0.9999999999999999),
2017-10-23,QCOM,buy,np.float64(483.6839100637015),np.float64(52.3),np.float64(25296.668496331586),np.float64(0.0),np.float64(0.9999999999999999),
2017-10-30,AMZN,sell,np.float64(25.636869758020516),np.float64(1095.01),np.float64(28072.628753730045),np.float64(0.0),,
2017-10-30,AVGO,sell,np.float64(103.17590544225298),np.float64(253.3),np.float64(26134.45684852268),np.float64(0.0),,
2017-10-30,NFLX,sell,np.float64(130.2810346414564),np.float64(199.62),np.float64(26006.700135127525),np.float64(0.0),,
2017-10-30,QCOM,sell,np.float64(483.6839100637015),np.float64(54.16),np.float64(26196.320569050073),np.float64(0.0),,
2017-10-30,AMD,buy,np.float64(2335.2596669572126),np.float64(11.255),np.float64(26283.34755160343),np.float64(0.0),1.0,
2017-10-30,JNJ,buy,np.float64(186.38028330452013),np.float64(141.02),np.float64(26283.34755160343),np.float64(0.0),1.0,
2017-10-30,KO,buy,np.float64(571.3771206870312),np.float64(46.0),np.float64(26283.34755160343),np.float64(0.0),1.0,
2017-10-30,PEP,buy,np.float64(11.568648967167466),np.float64(110.36),np.float64(1276.7161000166016),np.float64(0.0),1.0,
2017-10-30,TSLA,buy,np.float64(82.34647393822743),np.float64(319.18),np.float64(26283.34755160343),np.float64(0.0),1.0,
2017-11-06,AMD,sell,np.float64(2335.2596669572126),np.float64(12.04),np.float64(28116.52639016484),np.float64(0.0),,
2017-11-06,JNJ,buy,np.float64(2.055379979307746),np.float64(140.01),np.float64(287.77375090287745),np.float64(0.0),np.float64(0.9999999999999999),
2017-11-06,KO,buy,np.float64(3.2880332308242),np.float64(45.91),np.float64(150.953605627139),np.float64(0.0),np.float64(0.9999999999999999),
2017-11-06,PEP,buy,np.float64(1.7496780934179474),np.float64(109.97),np.float64(192.41209993317167),np.float64(0.0),np.float64(0.9999999999999999),
2017-11-06,TSLA,buy,np.float64(3.591236864276598),np.float64(307.0),np.float64(1102.5097173329157),np.float64(0.0),np.float64(0.9999999999999999),
2017-11-06,XOM,buy,np.float64(316.72121508245783),np.float64(83.3),np.float64(26382.877216368735),np.float64(0.0),np.float64(0.9999999999999999),
2017-11-13,JNJ,sell,np.float64(188.4356632838279),np.float64(138.71),np.float64(26137.91085409977),np.float64(0.0),,
2017-11-13,KO,sell,np.float64(574.6651539178554),np.float64(46.6),np.float64(26779.396172572062),np.float64(0.0),,
2017-11-13,PEP,sell,np.float64(239.9097682674251),np.float64(112.69),np.float64(27035.431786056135),np.float64(0.0),,
2017-11-13,TSLA,sell,np.float64(85.93771080250403),np.float64(300.13),np.float64(25792.485143155533),np.float64(0.0),,
2017-11-13,XOM,sell,np.float64(316.72121508245783),np.float64(82.65),np.float64(26177.008426565142),np.float64(0.0),,
2017-11-13,AVGO,buy,np.float64(100.69798683280926),np.float64(262.5),np.float64(26433.22154361243),np.float64(0.0),1.0,
2017-11-13,CSCO,buy,np.float64(780.6621838042655),np.float64(33.86),np.float64(26433.22154361243),np.float64(0.0),1.0,
2017-11-13,JPM,buy,np.float64(273.3811308678502),np.float64(96.69),np.float64(26433.22154361243),np.float64(0.0),1.0,
2017-11-13,NFLX,buy,np.float64(138.30693566142963),np.float64(191.12),np.float64(26433.22154361243),np.float64(0.0),1.0,
2017-11-13,ORCL,buy,np.float64(538.3548175888478),np.float64(49.1),np.float64(26433.22154361243),np.float64(0.0),1.0,
2017-11-20,AVGO,sell,np.float64(100.69798683280926),np.float64(272.62),np.float64(27452.28517036046),np.float64(0.0),,
2017-11-20,CSCO,sell,np.float64(780.6621838042655),np.float64(35.93),np.float64(28049.192264087258),np.float64(0.0),,
2017-11-20,JPM,sell,np.float64(273.3811308678502),np.float64(98.45),np.float64(26914.37233393985),np.float64(0.0),,
2017-11-20,NFLX,sell,np.float64(138.30693566142963),np.float64(193.3),np.float64(26734.73066335435),np.float64(0.0),,
2017-11-20,ORCL,sell,np.float64(538.3548175888478),np.float64(49.04),np.float64(26400.920254557095),np.float64(0.0),,
2017-11-20,AAPL,buy,np.float64(159.20077595431206),np.float64(170.29),np.float64(27110.3001372598),np.float64(0.0),1.0,
2017-11-20,INTC,buy,np.float64(606.0876400013369),np.float64(44.73),np.float64(27110.3001372598),np.float64(0.0),1.0,
2017-11-20,JNJ,buy,np.float64(196.2381479352863),np.float64(138.15),np.float64(27110.3001372598),np.float64(0.0),1.0,
2017-11-20,KO,buy,np.float64(593.4829276983319),np.float64(45.68),np.float64(27110.3001372598),np.float64(0.0),1.0,
2017-11-20,XOM,buy,np.float64(337.90726831932943),np.float64(80.23),np.float64(27110.3001372598),np.float64(0.0),1.0,
2017-11-27,AAPL,sell,np.float64(159.20077595431206),np.float64(175.05),np.float64(27868.09583080233),np.float64(0.0),,
2017-11-27,XOM,sell,np.float64(337.90726831932943),np.float64(81.32),np.float64(27478.619059727866),np.float64(0.0),,
2017-11-27,INTC,buy,np.float64(9.085110386798906),np.float64(44.42),np.float64(403.56060338160745),np.float64(0.0),np.float64(0.9999999999999999),
2017-11-27,JNJ,buy,np.float64(2.4817529609466655),np.float64(137.51),np.float64(341.26584965977594),np.float64(0.0),np.float64(0.9999999999999999),
2017-11-27,JPM,buy,np.float64(278.0137712101026),np.float64(98.29),np.float64(27325.97357224099),np.float64(0.0),np.float64(0.9999999999999999),
2017-11-27,KO,buy,np.float64(2.5034097551248427),np.float64(45.85),np.float64(114.78133727247403),np.float64(0.0),np.float64(0.9999999999999999),
2017-11-27,WMT,buy,np.float64(282.14737813361893),np.float64(96.85),np.float64(27325.97357224099),np.float64(0.0),np.float64(0.9999999999999999),
2017-12-04,INTC,sell,np.float64(615.1727503881358),np.float64(45.02),np.float64(27695.077222473876),np.float64(0.0),,
2017-12-04,JNJ,sell,np.float64(198.71990089623296),np.float64(140.62),np.float64(27943.99246402828),np.float64(0.0),,
2017-12-04,JPM,sell,np.float64(278.0137712101026),np.float64(107.82),np.float64(29975.44481187326),np.float64(0.0),,
2017-12-04,KO,sell,np.float64(595.9863374534567),np.float64(45.99),np.float64(27409.411659484475),np.float64(0.0),,
2017-12-04,WMT,sell,np.float64(282.14737813361893),np.float64(97.73),np.float64(27574.26326499858),np.float64(0.0),,
2017-12-04,AMAT,buy,np.float64(540.9861865836199),np.float64(52.06),np.float64(28163.74087354325),np.float64(0.0),1.0,
2017-12-04,META,buy,np.float64(159.75801732113706),np.float64(176.29),np.float64(28163.74087354325),np.float64(0.0),1.0,
2017-12-04,MU,buy,np.float64(671.8449635864325),np.float64(41.92),np.float64(28163.74087354325),np.float64(0.0),1.0,
2017-12-04,NFLX,buy,np.float64(148.73120444414474),np.float64(189.36),np.float64(28163.74087354325),np.float64(0.0),1.0,
2017-12-04,NVDA,buy,np.float64(140.7835084905936),np.float64(200.05),np.float64(28163.74087354325),np.float64(0.0),1.0,
2017-12-11,AMAT,sell,np.float64(540.9861865836199),np.float64(51.57),np.float64(27898.657642117276),np.float64(0.0),,
2017-12-11,META,sell,np.float64(159.75801732113706),np.float64(179.3),np.float64(28644.612505679877),np.float64(0.0),,
2017-12-11,MU,sell,np.float64(671.8449635864325),np.float64(43.46),np.float64(29198.382117466357),np.float64(0.0),,
2017-12-11,NFLX,sell,np.float64(148.73120444414474),np.float64(187.85),np.float64(27939.156754832587),np.float64(0.0),,
2017-12-11,NVDA,sell,np.float64(140.7835084905936),np.float64(192.06),np.float64(27038.880640703406),np.float64(0.0),,
2017-12-11,ADBE,buy,np.float64(161.96085591390863),np.float64(173.77),np.float64(28143.937932159904),np.float64(0.0),1.0,
2017-12-11,AMD,buy,np.float64(2822.8623803570613),np.float64(9.97),np.float64(28143.937932159904),np.float64(0.0),1.0,
2017-12-11,AVGO,buy,np.float64(108.52139250466533),np.float64(259.34),np.float64(28143.937932159904),np.float64(0.0),1.0,
2017-12-11,INTC,buy,np.float64(650.2758302255061),np.float64(43.28),np.float64(28143.937932159904),np.float64(0.0),1.0,
2017-12-11,KO,buy,np.float64(623.4811238848007),np.float64(45.14),np.float64(28143.937932159904),np.float64(0.0),1.0,
2017-12-18,ADBE,sell,np.float64(161.96085591390863),np.float64(178.42),np.float64(28897.055912159576),np.float64(0.0),,
2017-12-18,AMD,sell,np.float64(2822.8623803570613),np.float64(10.6),np.float64(29922.34123178485),np.float64(0.0),,
2017-12-18,AVGO,sell,np.float64(108.52139250466533),np.float64(264.08),np.float64(28658.32933263202),np.float64(0.0),,
2017-12-18,INTC,sell,np.float64(650.2758302255061),np.float64(45.15),np.float64(29359.9537346816),np.float64(0.0),,
2017-12-18,KO,sell,np.float64(623.4811238848007),np.float64(46.2),np.float64(28804.827923477795),np.float64(0.0),,
2017-12-18,JPM,buy,np.float64(272.10079405097304),np.float64(107.19),np.float64(29166.4841143238),np.float64(0.0),1.0,
2017-12-18,MU,buy,np.float64(672.3486425616367),np.float64(43.38),np.float64(29166.4841143238),np.float64(0.0),1.0,
2017-12-18,NVDA,buy,np.float64(150.9652386869762),np.float64(193.2),np.float64(29166.4841143238),np.float64(0.0),1.0,
2017-12-18,ORCL,buy,np.float64(602.2400188792856),np.float64(48.43),np.float64(29166.4841143238),np.float64(0.0),1.0,
2017-12-18,XOM,buy,np.float64(350.6429924780452),np.float64(83.18),np.float64(29166.4841143238),np.float64(0.0),1.0,
2017-12-26,JPM,sell,np.float64(272.10079405097304),np.float64(107.2),np.float64(29169.20512226431),np.float64(0.0),,
2017-12-26,MU,sell,np.float64(672.3486425616367),np.float64(43.19),np.float64(29038.737872237085),np.float64(0.0),,
2017-12-26,NVDA,sell,np.float64(150.9652386869762),np.float64(193.03),np.float64(29140.820023747016),np.float64(0.0),,
2017-12-26,XOM,sell,np.float64(350.6429924780452),np.float64(83.96),np.float64(29439.985648456674),np.float64(0.0),,
2017-12-26,COST,buy,np.float64(156.095234288648),np.float64(186.19),np.float64(29063.371672203368),np.float64(0.0),np.float64(0.9999999999999999),
2017-12-26,CRM,buy,np.float64(284.5166096153046),np.float64(102.15),np.float64(29063.371672203368),np.float64(0.0),np.float64(0.9999999999999999),
2017-12-26,JNJ,buy,np.float64(206.85673788045102),np.float64(140.5),np.float64(29063.371672203368),np.float64(0.0),np.float64(0.9999999999999999),
2017-12-26,ORCL,buy,np.float64(11.299598435541817),np.float64(47.37),np.float64(535.2619778916159),np.float64(0.0),np.float64(0.9999999999999999),
2017-12-26,TSLA,buy,np.float64(89.7488548689231),np.float64(323.83),np.float64(29063.371672203368),np.float64(0.0),np.float64(0.9999999999999999),
2018-01-02,COST,sell,np.float64(156.095234288648),np.float64(187.23),np.float64(29225.710715863563),np.float64(0.0),,
2018-01-02,CRM,sell,np.float64(284.5166096153046),np.float64(102.88),np.float64(29271.06879722254),np.float64(0.0),,
2018-01-02,JNJ,sell,np.float64(206.85673788045102),np.float64(139.7),np.float64(28897.886281899006),np.float64(0.0),,
2018-01-02,ORCL,sell,np.float64(613.5396173148274),np.float64(47.57),np.float64(29186.07959566634),np.float64(0.0),,
2018-01-02,AAPL,buy,np.float64(169.93698649477602),np.float64(170.16),np.float64(28916.47762195109),np.float64(0.0),1.0,
2018-01-02,AMD,buy,np.float64(2775.0938216843656),np.float64(10.42),np.float64(28916.47762195109),np.float64(0.0),1.0,
2018-01-02,GOOGL,buy,np.float64(27.460520808675135),np.float64(1053.02),np.float64(28916.47762195109),np.float64(0.0),1.0,
2018-01-02,MU,buy,np.float64(696.1116423194774),np.float64(41.54),np.float64(28916.47762195109),np.float64(0.0),1.0,
2018-01-02,TSLA,buy,np.float64(2.932163150150898),np.float64(312.0),np.float64(914.8349028470802),np.float64(0.0),1.0,
2018-01-08,AAPL,sell,np.float64(169.93698649477602),np.float64(174.35),np.float64(29628.5135953642),np.float64(0.0),,
2018-01-08,AMD,sell,np.float64(2775.0938216843656),np.float64(12.01),np.float64(33328.87679842923),np.float64(0.0),,
2018-01-08,GOOGL,sell,np.float64(27.460520808675135),np.float64(1111.0),np.float64(30508.638618438075),np.float64(0.0),,
2018-01-08,MU,sell,np.float64(696.1116423194774),np.float64(45.31),np.float64(31540.81851349552),np.float64(0.0),,
2018-01-08,TSLA,sell,np.float64(92.681018019074),np.float64(316.0),np.float64(29287.201694027386),np.float64(0.0),,
2018-01-08,COST,buy,np.float64(164.73846809711128),np.float64(187.32),np.float64(30858.809843950883),np.float64(0.0),1.0,
2018-01-08,INTC,buy,np.float64(697.0591787655496),np.float64(44.27),np.float64(30858.809843950883),np.float64(0.0),1.0,
2018-01-08,JNJ,buy,np.float64(217.77565168631534),np.float64(141.7),np.float64(30858.809843950883),np.float64(0.0),1.0,
2018-01-08,KO,buy,np.float64(670.8436922598019),np.float64(46.0),np.float64(30858.809843950883),np.float64(0.0),1.0,
2018-01-08,PEP,buy,np.float64(261.0507558070458),np.float64(118.21),np.float64(30858.809843950883),np.float64(0.0),1.0,
2018-01-16,COST,sell,np.float64(164.73846809711128),np.float64(192.35),np.float64(31687.444338479352),np.float64(0.0),,
2018-01-16,JNJ,sell,np.float64(217.77565168631534),np.float64(146.42),np.float64(31886.71091991029),np.float64(0.0),,
2018-01-16,KO,sell,np.float64(670.8436922598019),np.float64(46.17),np.float64(30972.853271635053),np.float64(0.0),,
2018-01-16,AVGO,buy,np.float64(117.27813888366401),np.float64(265.18),np.float64(31099.816869170023),np.float64(0.0),np.float64(0.9999999999999997),
2018-01-16,INTC,buy,np.float64(17.05831536005396),np.float64(43.55),np.float64(742.8896339303499),np.float64(0.0),np.float64(0.9999999999999997),
2018-01-16,META,buy,np.float64(171.34885327366405),np.float64(181.5),np.float64(31099.816869170023),np.float64(0.0),np.float64(0.9999999999999997),
2018-01-16,MU,buy,np.float64(720.9044244128424),np.float64(43.14),np.float64(31099.816869170023),np.float64(0.0),np.float64(0.9999999999999997),
2018-01-16,PEP,buy,np.float64(4.306043417954498),np.float64(117.2),np.float64(504.66828858426726),np.float64(0.0),np.float64(0.9999999999999997),
2018-01-22,AVGO,sell,np.float64(117.27813888366401),np.float64(265.65),np.float64(31154.937594445342),np.float64(0.0),,
2018-01-22,INTC,sell,np.float64(714.1174941256036),np.float64(44.8),np.float64(31992.463736827038),np.float64(0.0),,
2018-01-22,PEP,sell,np.float64(265.35679922500026),np.float64(120.1),np.float64(31869.35158692253),np.float64(0.0),,
2018-01-22,COST,buy,np.float64(162.71525869598628),np.float64(192.5),np.float64(31322.68729897736),np.float64(0.0),1.0,
2018-01-22,JNJ,buy,np.float64(213.06501121677002),np.float64(147.01),np.float64(31322.68729897736),np.float64(0.0),1.0,
2018-01-22,META,buy,np.float64(1.89609860121072),np.float64(180.8),np.float64(342.8146270988982),np.float64(0.0),1.0,
2018-01-22,MU,buy,np.float64(16.6205885133963),np.float64(42.47),np.float64(705.8763941639409),np.float64(0.0),1.0,
2018-01-22,XOM,buy,np.float64(359.3287518524419),np.float64(87.17),np.float64(31322.68729897736),np.float64(0.0),1.0,
2018-01-29,COST,sell,np.float64(162.71525869598628),np.float64(198.37),np.float64(32277.8258675228),np.float64(0.0),,
2018-01-29,META,sell,np.float64(173.24495187487477),np.float64(188.75),np.float64(32699.984666382614),np.float64(0.0),,
2018-01-29,MU,sell,np.float64(737.5250129262388),np.float64(43.25),np.float64(31897.956809059826),np.float64(0.0),,
2018-01-29,XOM,sell,np.float64(359.3287518524419),np.float64(88.59),np.float64(31832.934126607826),np.float64(0.0),,
2018-01-29,AAPL,buy,np.float64(187.55426462661282),np.float64(170.16),np.float64(31914.23366886444),np.float64(0.0),1.0,
2018-01-29,AVGO,buy,np.float64(128.54129881127935),np.float64(248.28),np.float64(31914.23366886444),np.float64(0.0),1.0,
2018-01-29,JNJ,buy,np.float64(7.261075554817432),np.float64(144.85),np.float64(1051.766794115305),np.float64(0.0),1.0,
2018-01-29,PEP,buy,np.float64(262.9282721112575),np.float64(121.38),np.float64(31914.23366886444),np.float64(0.0),1.0,
2018-01-29,TSLA,buy,np.float64(93.90682262428847),np.float64(339.85),np.float64(31914.23366886444),np.float64(0.0),1.0,
2018-02-05,AVGO,sell,np.float64(128.54129881127935),np.float64(234.68),np.float64(30166.072005031037),np.float64(0.0),,
2018-02-05,PEP,sell,np.float64(262.9282721112575),np.float64(118.57),np.float64(31175.405224231803),np.float64(0.0),,
2018-02-05,TSLA,sell,np.float64(93.90682262428847),np.float64(337.97),np.float64(31737.688842330776),np.float64(0.0),,
2018-02-05,AAPL,buy,np.float64(4.791664355098233),np.float64(159.1),np.float64(762.3537988961289),np.float64(0.0),1.0,
2018-02-05,AMAT,buy,np.float64(612.2896618845584),np.float64(49.98),np.float64(30602.237300990226),np.float64(0.0),1.0,
2018-02-05,GOOGL,buy,np.float64(27.80479670454587),np.float64(1100.61),np.float64(30602.237300990226),np.float64(0.0),1.0,
2018-02-05,INTC,buy,np.float64(660.2424444658085),np.float64(46.35),np.float64(30602.237300990226),np.float64(0.0),1.0,
2018-02-05,JNJ,buy,np.float64(3.7348101458984453),np.float64(136.58),np.float64(510.10036972680973),np.float64(0.0),1.0,
2018-02-12,AAPL,sell,np.float64(192.34592898171104),np.float64(158.5),np.float64(30486.8297436012),np.float64(0.0),,
2018-02-12,AMAT,sell,np.float64(612.2896618845584),np.float64(48.96),np.float64(29977.70184586798),np.float64(0.0),,
2018-02-12,GOOGL,sell,np.float64(27.80479670454587),np.float64(1056.67),np.float64(29380.494533792484),np.float64(0.0),,
2018-02-12,INTC,sell,np.float64(660.2424444658085),np.float64(44.15),np.float64(29149.703923165445),np.float64(0.0),,
2018-02-12,JNJ,sell,np.float64(224.0608969174859),np.float64(130.0),np.float64(29127.91659927317),np.float64(0.0),,
2018-02-12,AMD,buy,np.float64(2588.350432681752),np.float64(11.47),np.float64(29688.3794628597),np.float64(0.0),1.0,
2018-02-12,KO,buy,np.float64(681.551410993106),np.float64(43.56),np.float64(29688.3794628597),np.float64(0.0),1.0,
2018-02-12,PEP,buy,np.float64(265.31170208096245),np.float64(111.9),np.float64(29688.3794628597),np.float64(0.0),1.0,
2018-02-12,TSLA,buy,np.float64(93.91193326435233),np.float64(316.13),np.float64(29688.3794628597),np.float64(0.0),1.0,
2018-02-12,XOM,buy,np.float64(385.31316629279297),np.float64(77.05),np.float64(29688.3794628597),np.float64(0.0),1.0,
2018-02-20,AMD,sell,np.float64(2588.350432681752),np.float64(11.72),np.float64(30335.467071030136),np.float64(0.0),,
2018-02-20,KO,sell,np.float64(681.551410993106),np.float64(44.75),np.float64(30499.425641941492),np.float64(0.0),,
2018-02-20,TSLA,sell,np.float64(93.91193326435233),np.float64(334.47),np.float64(31410.724318927925),np.float64(0.0),,
2018-02-20,JNJ,buy,np.float64(227.51486614166177),np.float64(132.87),np.float64(30229.900264242602),np.float64(0.0),np.float64(0.9999999999999999),
2018-02-20,META,buy,np.float64(171.98555080072026),np.float64(175.77),np.float64(30229.900264242602),np.float64(0.0),np.float64(0.9999999999999999),
2018-02-20,PEP,buy,np.float64(7.127918180776989),np.float64(110.96),np.float64(790.9138013390146),np.float64(0.0),np.float64(0.9999999999999999),
2018-02-20,QCOM,buy,np.float64(479.7635337921378),np.float64(63.01),np.float64(30229.900264242602),np.float64(0.0),np.float64(0.9999999999999999),
2018-02-20,XOM,buy,np.float64(10.00395498669712),np.float64(76.47),np.float64(765.0024378327288),np.float64(0.0),np.float64(0.9999999999999999),
2018-02-26,JNJ,sell,np.float64(227.51486614166177),np.float64(131.71),np.float64(29965.983019518273),np.float64(0.0),,
2018-02-26,META,sell,np.float64(171.98555080072026),np.float64(184.58),np.float64(31745.092966796947),np.float64(0.0),,
2018-02-26,QCOM,sell,np.float64(3.841214437693174),np.float64(64.55),np.float64(247.95039195309437),np.float64(0.0),,
2018-02-26,XOM,sell,np.float64(395.3171212794901),np.float64(77.74),np.float64(30731.95300826756),np.float64(0.0),,
2018-02-26,COST,buy,np.float64(161.60329150094373),np.float64(190.1),np.float64(30720.785714329402),np.float64(0.0),1.0,
2018-02-26,KO,buy,np.float64(694.5689738713409),np.float64(44.23),np.float64(30720.785714329402),np.float64(0.0),1.0,
2018-02-26,PEP,buy,np.float64(6.535912923235153),np.float64(110.12),np.float64(719.7347311066551),np.float64(0.0),1.0,
2018-02-26,WMT,buy,np.float64(330.65101403863315),np.float64(92.91),np.float64(30720.785714329402),np.float64(0.0),1.0,
2018-03-05,COST,sell,np.float64(161.60329150094373),np.float64(188.45),np.float64(30454.140283352845),np.float64(0.0),,
2018-03-05,KO,sell,np.float64(694.5689738713409),np.float64(43.57),np.float64(30262.370191574322),np.float64(0.0),,
2018-03-05,PEP,sell,np.float64(278.9755331849746),np.float64(108.46),np.float64(30257.686329242344),np.float64(0.0),,
2018-03-05,QCOM,sell,np.float64(475.92231935444465),np.float64(64.34),np.float64(30620.84202726497),np.float64(0.0),,
2018-03-05,GOOGL,buy,np.float64(28.052506505613238),np.float64(1078.13),np.float64(30244.2488388968),np.float64(0.0),1.0,
2018-03-05,JPM,buy,np.float64(269.9174372056832),np.float64(112.05),np.float64(30244.2488388968),np.float64(0.0),1.0,
2018-03-05,META,buy,np.float64(171.6472692332395),np.float64(176.2),np.float64(30244.2488388968),np.float64(0.0),1.0,
2018-03-05,TSLA,buy,np.float64(90.99024892113722),np.float64(332.39),np.float64(30244.2488388968),np.float64(0.0),1.0,
2018-03-05,WMT,buy,np.float64(12.643524427845884),np.float64(88.1),np.float64(1113.8945020932224),np.float64(0.0),1.0,
2018-03-12,GOOGL,sell,np.float64(28.052506505613238),np.float64(1165.05),np.float64(32682.572704364702),np.float64(0.0),,
2018-03-12,JPM,sell,np.float64(269.9174372056832),np.float64(118.0),np.float64(31850.257590270616),np.float64(0.0),,
2018-03-12,META,sell,np.float64(171.6472692332395),np.float64(185.23),np.float64(31794.22368007295),np.float64(0.0),,
2018-03-12,COST,buy,np.float64(166.62888234414663),np.float64(188.27),np.float64(31371.219678932488),np.float64(0.0),1.0,
2018-03-12,QCOM,buy,np.float64(497.56097825428213),np.float64(63.05),np.float64(31371.219678932488),np.float64(0.0),1.0,
2018-03-12,TSLA,buy,np.float64(4.476169261305446),np.float64(328.61),np.float64(1470.9139809575827),np.float64(0.0),1.0,
2018-03-12,WMT,buy,np.float64(10.383248218216425),np.float64(88.7),np.float64(920.9941169557969),np.float64(0.0),1.0,
2018-03-12,XOM,buy,np.float64(419.00921168602224),np.float64(74.87),np.float64(31371.219678932488),np.float64(0.0),1.0,
2018-03-19,COST,sell,np.float64(166.62888234414663),np.float64(185.63),np.float64(30931.31942954394),np.float64(0.0),,
2018-03-19,TSLA,sell,np.float64(95.46641818244267),np.float64(316.5),np.float64(30215.121354743103),np.float64(0.0),,
2018-03-19,WMT,sell,np.float64(353.67778668469543),np.float64(88.9),np.float64(31441.955236269427),np.float64(0.0),,
2018-03-19,XOM,sell,np.float64(419.00921168602224),np.float64(75.0),np.float64(31425.690876451667),np.float64(0.0),,
2018-03-19,AMAT,buy,np.float64(523.5031695958293),np.float64(58.82),np.float64(30792.456435626675),np.float64(0.0),np.float64(0.9999999999999999),
2018-03-19,JPM,buy,np.float64(267.5278578247322),np.float64(115.1),np.float64(30792.456435626675),np.float64(0.0),np.float64(0.9999999999999999),
2018-03-19,KO,buy,np.float64(708.5240781322291),np.float64(43.46),np.float64(30792.456435626675),np.float64(0.0),np.float64(0.9999999999999999),
2018-03-19,NFLX,buy,np.float64(97.5061951729787),np.float64(315.8),np.float64(30792.456435626675),np.float64(0.0),np.float64(0.9999999999999999),
2018-03-19,QCOM,buy,np.float64(14.026601669736449),np.float64(60.19),np.float64(844.2611545014369),np.float64(0.0),np.float64(0.9999999999999999),
2018-03-26,AMAT,sell,np.float64(523.5031695958293),np.float64(57.21),np.float64(29949.616332577392),np.float64(0.0),,
2018-03-26,JPM,sell,np.float64(267.5278578247322),np.float64(109.19),np.float64(29211.36679588251),np.float64(0.0),,
2018-03-26,KO,sell,np.float64(708.5240781322291),np.float64(42.61),np.float64(30190.21096921428),np.float64(0.0),,
2018-03-26,NFLX,sell,np.float64(97.5061951729787),np.float64(309.36),np.float64(30164.516538712694),np.float64(0.0),,
2018-03-26,CRM,buy,np.float64(249.3879579645464),np.float64(118.24),np.float64(29487.632149727964),np.float64(0.0),1.0,
2018-03-26,GOOGL,buy,np.float64(28.067420664123325),np.float64(1050.6),np.float64(29487.632149727964),np.float64(0.0),1.0,
2018-03-26,META,buy,np.float64(183.43783607917862),np.float64(160.75),np.float64(29487.632149727964),np.float64(0.0),1.0,
2018-03-26,ORCL,buy,np.float64(647.36843358349),np.float64(45.55),np.float64(29487.632149727964),np.float64(0.0),1.0,
2018-03-26,QCOM,buy,np.float64(28.676842020429305),np.float64(54.58),np.float64(1565.1820374750314),np.float64(0.0),1.0,
2018-04-02,CRM,sell,np.float64(249.3879579645464),np.float64(115.87),np.float64(28896.58268935199),np.float64(0.0),,
2018-04-02,GOOGL,sell,np.float64(28.067420664123325),np.float64(1027.62),np.float64(28842.642822866408),np.float64(0.0),,
2018-04-02,META,sell,np.float64(183.43783607917862),np.float64(157.81),np.float64(28948.324911655178),np.float64(0.0),,
2018-04-02,ORCL,sell,np.float64(647.36843358349),np.float64(45.65),np.float64(29552.368993086315),np.float64(0.0),,
2018-04-02,QCOM,sell,np.float64(540.2644219444479),np.float64(55.1),np.float64(29768.56964913908),np.float64(0.0),,
2018-04-02,AMAT,buy,np.float64(529.0162647322426),np.float64(55.2),np.float64(29201.697813219795),np.float64(0.0),1.0,
2018-04-02,AMD,buy,np.float64(2923.0928741961757),np.float64(9.99),np.float64(29201.697813219795),np.float64(0.0),1.0,
2018-04-02,AMZN,buy,np.float64(20.59910117889124),np.float64(1417.62),np.float64(29201.697813219795),np.float64(0.0),1.0,
2018-04-02,MU,buy,np.float64(566.5831938925066),np.float64(51.54),np.float64(29201.697813219795),np.float64(0.0),1.0,
2018-04-02,TSLA,buy,np.float64(113.95339816288065),np.float64(256.26),np.float64(29201.697813219795),np.float64(0.0),1.0,
2018-04-09,AMD,sell,np.float64(2923.0928741961757),np.float64(9.75),np.float64(28500.15552341271),np.float64(0.0),,
2018-04-09,AMZN,sell,np.float64(20.59910117889124),np.float64(1425.03),np.float64(29354.33715295538),np.float64(0.0),,
2018-04-09,TSLA,sell,np.float64(113.95339816288065),np.float64(300.37),np.float64(34228.18220618446),np.float64(0.0),,
2018-04-09,AMAT,buy,np.float64(29.48199462602708),np.float64(52.98),np.float64(1561.9560752869147),np.float64(0.0),1.0,
2018-04-09,CSCO,buy,np.float64(722.5699091770726),np.float64(40.95),np.float64(29589.237780801126),np.float64(0.0),1.0,
2018-04-09,INTC,buy,np.float64(601.8966188120653),np.float64(49.16),np.float64(29589.237780801126),np.float64(0.0),1.0,
2018-04-09,MU,buy,np.float64(35.68095796585124),np.float64(49.13),np.float64(1753.0054648622718),np.float64(0.0),1.0,
2018-04-09,NVDA,buy,np.float64(136.481724081186),np.float64(216.8),np.float64(29589.237780801126),np.float64(0.0),1.0,
2018-04-16,AMAT,sell,np.float64(558.4982593582697),np.float64(56.44),np.float64(31521.64175818074),np.float64(0.0),,
2018-04-16,CSCO,sell,np.float64(722.5699091770726),np.float64(43.12),np.float64(31157.214483715372),np.float64(0.0),,
2018-04-16,INTC,sell,np.float64(601.8966188120653),np.float64(52.29),np.float64(31473.174197682893),np.float64(0.0),,
2018-04-16,MU,sell,np.float64(602.2641518583579),np.float64(52.25),np.float64(31468.3019345992),np.float64(0.0),,
2018-04-16,NVDA,sell,np.float64(136.481724081186),np.float64(231.772),np.float64(31632.64215374464),np.float64(0.0),,
2018-04-16,JNJ,buy,np.float64(239.3318233436159),np.float64(131.41),np.float64(31450.594905584563),np.float64(0.0),np.float64(0.9999999999999998),
2018-04-16,JPM,buy,np.float64(283.49193172511775),np.float64(110.94),np.float64(31450.594905584563),np.float64(0.0),np.float64(0.9999999999999998),
2018-04-16,KO,buy,np.float64(704.3806249850966),np.float64(44.65),np.float64(31450.594905584563),np.float64(0.0),np.float64(0.9999999999999998),
2018-04-16,PEP,buy,np.float64(286.56578501671584),np.float64(109.75),np.float64(31450.594905584563),np.float64(0.0),np.float64(0.9999999999999998),
2018-04-16,WMT,buy,np.float64(364.8560893919323),np.float64(86.2),np.float64(31450.594905584563),np.float64(0.0),np.float64(0.9999999999999998),
2018-04-23,JPM,sell,np.float64(283.49193172511775),np.float64(111.57),np.float64(31629.194822571386),np.float64(0.0),,
2018-04-23,KO,sell,np.float64(704.3806249850966),np.float64(43.75),np.float64(30816.652343097976),np.float64(0.0),,
2018-04-23,WMT,sell,np.float64(364.8560893919323),np.float64(86.89),np.float64(31702.345607264997),np.float64(0.0),,
2018-04-23,AAPL,buy,np.float64(184.49620315693915),np.float64(166.8348),np.float64(30780.38715444731),np.float64(0.0),1.0,
2018-04-23,AMAT,buy,np.float64(597.3294615650556),np.float64(51.53),np.float64(30780.38715444731),np.float64(0.0),1.0,
2018-04-23,JNJ,buy,np.float64(3.2626529682324144),np.float64(126.88),np.float64(413.96540860932873),np.float64(0.0),1.0,
2018-04-23,PEP,buy,np.float64(13.584260370386186),np.float64(102.55),np.float64(1393.0659009831033),np.float64(0.0),1.0,
2018-04-23,QCOM,buy,np.float64(597.6774204747051),np.float64(51.5),np.float64(30780.38715444731),np.float64(0.0),1.0,
2018-04-30,JNJ,sell,np.float64(242.5944763118483),np.float64(128.86),np.float64(31260.724217544775),np.float64(0.0),,
2018-04-30,PEP,sell,np.float64(300.150045387102),np.float64(101.85),np.float64(30570.282122676337),np.float64(0.0),,
2018-04-30,QCOM,sell,np.float64(597.6774204747051),np.float64(51.25),np.float64(30630.967799328635),np.float64(0.0),,
2018-04-30,AAPL,buy,np.float64(2.950842974289292),np.float64(162.1302),np.float64(478.42076159011776),np.float64(0.0),1.0,
2018-04-30,AMAT,buy,np.float64(16.37867814951012),np.float64(49.52),np.float64(811.0721419637412),np.float64(0.0),1.0,
2018-04-30,GOOGL,buy,np.float64(29.379581870676603),np.float64(1034.42),np.float64(30390.827078665294),np.float64(0.0),1.0,
2018-04-30,MU,buy,np.float64(645.78893069837),np.float64(47.06),np.float64(30390.827078665294),np.float64(0.0),1.0,
2018-04-30,NFLX,buy,np.float64(97.69771137899924),np.float64(311.07),np.float64(30390.827078665294),np.float64(0.0),1.0,
2018-05-07,AAPL,sell,np.float64(187.44704613122843),np.float64(185.18),np.float64(34711.44400258088),np.float64(0.0),,
2018-05-07,AMAT,sell,np.float64(613.7081397145657),np.float64(52.74),np.float64(32366.9672885462),np.float64(0.0),,
2018-05-07,GOOGL,sell,np.float64(29.379581870676603),np.float64(1053.89),np.float64(30962.84753768737),np.float64(0.0),,
2018-05-07,MU,sell,np.float64(645.78893069837),np.float64(48.26),np.float64(31165.773795503334),np.float64(0.0),,
2018-05-07,NFLX,sell,np.float64(97.69771137899924),np.float64(321.9947),np.float64(31458.145266167452),np.float64(0.0),,
2018-05-07,COST,buy,np.float64(164.1282846976047),np.float64(195.78),np.float64(32133.03557809705),np.float64(0.0),1.0,
2018-05-07,JNJ,buy,np.float64(258.845139182351),np.float64(124.14),np.float64(32133.03557809705),np.float64(0.0),1.0,
2018-05-07,KO,buy,np.float64(758.9285682120228),np.float64(42.34),np.float64(32133.03557809705),np.float64(0.0),1.0,
2018-05-07,PEP,buy,np.float64(324.6417011325222),np.float64(98.98),np.float64(32133.03557809705),np.float64(0.0),1.0,
2018-05-07,XOM,buy,np.float64(413.33979390400117),np.float64(77.74),np.float64(32133.03557809705),np.float64(0.0),1.0,
2018-05-14,JNJ,sell,np.float64(258.845139182351),np.float64(127.35),np.float64(32963.928474872395),np.float64(0.0),,
2018-05-14,XOM,sell,np.float64(413.33979390400117),np.float64(81.7),np.float64(33769.8611619569),np.float64(0.0),,
2018-05-14,COST,buy,np.float64(2.342260158534221),np.float64(195.96),np.float64(458.9893006663659),np.float64(0.0),np.float64(0.9999999999999998),
2018-05-14,CSCO,buy,np.float64(713.0397370493765),np.float64(45.75),np.float64(32621.567970008975),np.float64(0.0),np.float64(0.9999999999999998),
2018-05-14,KO,buy,np.float64(13.179549421325838),np.float64(42.25),np.float64(556.8359630510166),np.float64(0.0),np.float64(0.9999999999999998),
2018-05-14,PEP,buy,np.float64(9.287748862451528),np.float64(97.69),np.float64(907.3201863728898),np.float64(0.0),np.float64(0.9999999999999998),
2018-05-14,WMT,buy,np.float64(388.8612226726544),np.float64(83.89),np.float64(32621.567970008975),np.float64(0.0),np.float64(0.9999999999999998),
2018-05-21,COST,sell,np.float64(166.47054485613893),np.float64(199.6),np.float64(33227.52075328533),np.float64(0.0),,
2018-05-21,KO,sell,np.float64(772.1081176333487),np.float64(42.31),np.float64(32667.894457066985),np.float64(0.0),,
2018-05-21,PEP,sell,np.float64(333.9294499949737),np.float64(98.22),np.float64(32798.550578506314),np.float64(0.0),,
2018-05-21,WMT,sell,np.float64(388.8612226726544),np.float64(84.14),np.float64(32718.78327567714),np.float64(0.0),,
2018-05-21,AMAT,buy,np.float64(640.6454748109225),np.float64(50.706),np.float64(32484.569445762634),np.float64(0.0),1.0,
2018-05-21,AVGO,buy,np.float64(135.65760229584328),np.float64(239.46),np.float64(32484.569445762634),np.float64(0.0),1.0,
2018-05-21,CSCO,buy,np.float64(33.90368547908132),np.float64(43.49),np.float64(1474.4712814852464),np.float64(0.0),1.0,
2018-05-21,GOOGL,buy,np.float64(30.10618113601727),np.float64(1079.0),np.float64(32484.569445762634),np.float64(0.0),1.0,
2018-05-21,TSLA,buy,np.float64(115.46784717507069),np.float64(281.33),np.float64(32484.569445762634),np.float64(0.0),1.0,
2018-05-29,AMAT,sell,np.float64(640.6454748109225),np.float64(51.1),np.float64(32736.98376283814),np.float64(0.0),,
2018-05-29,AVGO,sell,np.float64(135.65760229584328),np.float64(248.64),np.float64(33729.90623483847),np.float64(0.0),,
2018-05-29,CSCO,sell,np.float64(746.9434225284579),np.float64(42.7646),np.float64(31942.73668706049),np.float64(0.0),,
2018-05-29,GOOGL,sell,np.float64(30.10618113601727),np.float64(1076.0),np.float64(32394.250902354583),np.float64(0.0),,
2018-05-29,TSLA,sell,np.float64(115.46784717507069),np.float64(278.51),np.float64(32158.950116728935),np.float64(0.0),,
2018-05-29,COST,buy,np.float64(164.65518101845817),np.float64(198.1),np.float64(32618.19135975656),np.float64(0.0),1.0,
2018-05-29,JNJ,buy,np.float64(270.6903847282702),np.float64(120.5),np.float64(32618.19135975656),np.float64(0.0),1.0,
2018-05-29,KO,buy,np.float64(774.411000943888),np.float64(42.12),np.float64(32618.19135975656),np.float64(0.0),1.0,
2018-05-29,WMT,buy,np.float64(397.9769565612075),np.float64(81.96),np.float64(32618.19135975656),np.float64(0.0),1.0,
2018-05-29,XOM,buy,np.float64(417.3792880327135),np.float64(78.15),np.float64(32618.19135975656),np.float64(0.0),1.0,
2018-06-04,KO,sell,np.float64(774.411000943888),np.float64(43.36),np.float64(33578.46100092698),np.float64(0.0),,
2018-06-04,XOM,sell,np.float64(417.3792880327135),np.float64(82.05),np.float64(34245.97058308414),np.float64(0.0),,
2018-06-04,COST,buy,np.float64(4.1355053332282745),np.float64(197.32),np.float64(816.0179123526032),np.float64(0.0),1.0,
2018-06-04,JNJ,buy,np.float64(2.643864191834564),np.float64(121.85),np.float64(322.1548517750416),np.float64(0.0),1.0,
2018-06-04,JPM,buy,np.float64(305.58563382800963),np.float64(108.99),np.float64(33305.778230914766),np.float64(0.0),1.0,
2018-06-04,MU,buy,np.float64(579.9369359379203),np.float64(57.43),np.float64(33305.778230914766),np.float64(0.0),1.0,
2018-06-04,WMT,buy,np.float64(0.8946390186100474),np.float64(83.5),np.float64(74.70235805393895),np.float64(0.0),1.0,
2018-06-11,COST,sell,np.float64(168.79068635168645),np.float64(203.76),np.float64(34392.79025101963),np.float64(0.0),,
2018-06-11,JNJ,sell,np.float64(273.33424892010476),np.float64(124.27),np.float64(33967.24711330142),np.float64(0.0),,
2018-06-11,JPM,sell,np.float64(305.58563382800963),np.float64(111.12),np.float64(33956.675630968435),np.float64(0.0),,
2018-06-11,MU,sell,np.float64(579.9369359379203),np.float64(61.71),np.float64(35787.90831672907),np.float64(0.0),,
2018-06-11,WMT,sell,np.float64(398.87159557981755),np.float64(84.41),np.float64(33668.7513828924),np.float64(0.0),,
2018-06-11,AMAT,buy,np.float64(670.9897370894959),np.float64(51.2),np.float64(34354.67453898219),np.float64(0.0),1.0,
2018-06-11,CSCO,buy,np.float64(787.5899710908343),np.float64(43.62),np.float64(34354.67453898219),np.float64(0.0),1.0,
2018-06-11,GOOGL,buy,np.float64(30.323472151201464),np.float64(1132.94),np.float64(34354.67453898219),np.float64(0.0),1.0,
2018-06-11,INTC,buy,np.float64(626.9101193244925),np.float64(54.8),np.float64(34354.67453898219),np.float64(0.0),1.0,
2018-06-11,META,buy,np.float64(181.9536811555648),np.float64(188.81),np.float64(34354.67453898219),np.float64(0.0),1.0,
2018-06-18,AMAT,sell,np.float64(670.9897370894959),np.float64(48.88),np.float64(32797.97834893456),np.float64(0.0),,
2018-06-18,CSCO,sell,np.float64(787.5899710908343),np.float64(43.87),np.float64(34551.5720317549),np.float64(0.0),,
2018-06-18,GOOGL,sell,np.float64(30.323472151201464),np.float64(1152.69),np.float64(34953.56311396842),np.float64(0.0),,
2018-06-18,INTC,sell,np.float64(626.9101193244925),np.float64(54.3),np.float64(34041.21947931994),np.float64(0.0),,
2018-06-18,META,sell,np.float64(181.9536811555648),np.float64(194.8),np.float64(35444.57708910402),np.float64(0.0),,
2018-06-18,JNJ,buy,np.float64(282.5243155383304),np.float64(121.61),np.float64(34357.782012616364),np.float64(0.0),1.0,
2018-06-18,JPM,buy,np.float64(320.3224129462648),np.float64(107.26),np.float64(34357.782012616364),np.float64(0.0),1.0,
2018-06-18,MU,buy,np.float64(596.4892710523674),np.float64(57.6),np.float64(34357.782012616364),np.float64(0.0),1.0,
2018-06-18,ORCL,buy,np.float64(749.8424708122296),np.float64(45.82),np.float64(34357.782012616364),np.float64(0.0),1.0,
2018-06-18,XOM,buy,np.float64(427.3355971718453),np.float64(80.4),np.float64(34357.782012616364),np.float64(0.0),1.0,
2018-06-25,JNJ,sell,np.float64(282.5243155383304),np.float64(122.82),np.float64(34699.63643441774),np.float64(0.0),,
2018-06-25,JPM,sell,np.float64(320.3224129462648),np.float64(105.66),np.float64(33845.26615190234),np.float64(0.0),,
2018-06-25,MU,sell,np.float64(596.4892710523674),np.float64(55.54),np.float64(33129.014114248486),np.float64(0.0),,
2018-06-25,XOM,sell,np.float64(427.3355971718453),np.float64(80.78),np.float64(34520.16953954166),np.float64(0.0),,
2018-06-25,ADBE,buy,np.float64(140.6327068027475),np.float64(240.15),np.float64(33772.94453867981),np.float64(0.0),1.0,
2018-06-25,INTC,buy,np.float64(660.0145502966544),np.float64(51.17),np.float64(33772.94453867981),np.float64(0.0),1.0,
2018-06-25,NVDA,buy,np.float64(136.92659452130474),np.float64(246.65),np.float64(33772.94453867981),np.float64(0.0),1.0,
2018-06-25,ORCL,buy,np.float64(25.299703589418566),np.float64(43.57),np.float64(1102.3080853909669),np.float64(0.0),1.0,
2018-06-25,TSLA,buy,np.float64(102.30505433987584),np.float64(330.12),np.float64(33772.94453867981),np.float64(0.0),1.0,
2018-07-02,ADBE,sell,np.float64(140.6327068027475),np.float64(241.05),np.float64(33899.513974802285),np.float64(0.0),,
2018-07-02,ORCL,sell,np.float64(775.1421744016482),np.float64(43.96),np.float64(34075.24998669646),np.float64(0.0),,
2018-07-02,TSLA,sell,np.float64(102.30505433987584),np.float64(360.07),np.float64(36836.98091615909),np.float64(0.0),,
2018-07-02,AVGO,buy,np.float64(140.995797840568),np.float64(240.09),np.float64(33851.681103541974),np.float64(0.0),1.0,
2018-07-02,INTC,buy,np.float64(29.710003565244044),np.float64(49.08),np.float64(1458.1669749821776),np.float64(0.0),1.0,
2018-07-02,MU,buy,np.float64(657.0590276308612),np.float64(51.52),np.float64(33851.681103541974),np.float64(0.0),1.0,
2018-07-02,NVDA,buy,np.float64(7.683090230465844),np.float64(234.09),np.float64(1798.5345920497493),np.float64(0.0),1.0,
2018-07-02,QCOM,buy,np.float64(611.0411751541873),np.float64(55.4),np.float64(33851.681103541974),np.float64(0.0),1.0,
2018-07-09,AVGO,sell,np.float64(140.995797840568),np.float64(249.0),np.float64(35107.953662301436),np.float64(0.0),,
2018-07-09,INTC,sell,np.float64(689.7245538618985),np.float64(51.64),np.float64(35617.375961428435),np.float64(0.0),,
2018-07-09,MU,sell,np.float64(657.0590276308612),np.float64(53.8),np.float64(35349.775686540335),np.float64(0.0),,
2018-07-09,NVDA,sell,np.float64(144.60968475177057),np.float64(250.3297),np.float64(36200.0990010053),np.float64(0.0),,
2018-07-09,QCOM,sell,np.float64(611.0411751541873),np.float64(58.06),np.float64(35477.05062945211),np.float64(0.0),,
2018-07-09,COST,buy,np.float64(168.86970828493978),np.float64(210.52),np.float64(35550.45098814552),np.float64(0.0),1.0,
2018-07-09,CSCO,buy,np.float64(831.5894967987257),np.float64(42.75),np.float64(35550.45098814552),np.float64(0.0),1.0,
2018-07-09,JPM,buy,np.float64(339.513427448625),np.float64(104.71),np.float64(35550.45098814552),np.float64(0.0),1.0,
2018-07-09,TSLA,buy,np.float64(113.94740532756025),np.float64(311.99),np.float64(35550.45098814552),np.float64(0.0),1.0,
2018-07-09,WMT,buy,np.float64(418.24059986053555),np.float64(85.0),np.float64(35550.45098814552),np.float64(0.0),1.0,
2018-07-16,COST,sell,np.float64(168.86970828493978),np.float64(216.64),np.float64(36583.93360284935),np.float64(0.0),,
2018-07-16,JPM,sell,np.float64(339.513427448625),np.float64(107.05),np.float64(36344.912408375305),np.float64(0.0),,
2018-07-16,TSLA,sell,np.float64(113.94740532756025),np.float64(311.71),np.float64(35518.5457146538),np.float64(0.0),,
2018-07-16,WMT,sell,np.float64(418.24059986053555),np.float64(87.62),np.float64(36646.24135978013),np.float64(0.0),,
2018-07-16,AVGO,buy,np.float64(178.63290816075892),np.float64(201.6),np.float64(36012.394285209),np.float64(0.0),np.float64(0.9999999999999998),
2018-07-16,CSCO,buy,np.float64(24.82891664262997),np.float64(42.05),np.float64(1044.0559448225902),np.float64(0.0),np.float64(0.9999999999999998),
2018-07-16,JNJ,buy,np.float64(285.8126530572143),np.float64(126.0),np.float64(36012.394285209),np.float64(0.0),np.float64(0.9999999999999998),
2018-07-16,KO,buy,np.float64(805.1060649498994),np.float64(44.73),np.float64(36012.394285209),np.float64(0.0),np.float64(0.9999999999999998),
2018-07-16,NFLX,buy,np.float64(90.2611516497293),np.float64(398.98),np.float64(36012.394285209),np.float64(0.0),np.float64(0.9999999999999998),
2018-07-23,AVGO,sell,np.float64(178.63290816075892),np.float64(210.41),np.float64(37586.15020610528),np.float64(0.0),,
2018-07-23,CSCO,sell,np.float64(856.4184134413557),np.float64(41.92),np.float64(35901.059891461635),np.float64(0.0),,
2018-07-23,JNJ,sell,np.float64(285.8126530572143),np.float64(125.75),np.float64(35940.94112194469),np.float64(0.0),,
2018-07-23,KO,sell,np.float64(805.1060649498994),np.float64(45.28),np.float64(36455.20262093144),np.float64(0.0),,
2018-07-23,GOOGL,buy,np.float64(29.824569230053783),np.float64(1195.66),np.float64(35660.04444560611),np.float64(0.0),np.float64(0.9999999999999998),
2018-07-23,MU,buy,np.float64(666.418322661299),np.float64(53.51),np.float64(35660.04444560611),np.float64(0.0),np.float64(0.9999999999999998),
2018-07-23,NFLX,buy,np.float64(9.030261729775079),np.float64(359.1453),np.float64(3243.17605801859),np.float64(0.0),np.float64(0.9999999999999998),
2018-07-23,TSLA,buy,np.float64(118.14220926850686),np.float64(301.84),np.float64(35660.04444560611),np.float64(0.0),np.float64(0.9999999999999998),
2018-07-23,XOM,buy,np.float64(435.1439224601111),np.float64(81.95),np.float64(35660.04444560611),np.float64(0.0),np.float64(0.9999999999999998),
2018-07-30,GOOGL,sell,np.float64(29.824569230053783),np.float64(1245.05),np.float64(37133.07991987846),np.float64(0.0),,
2018-07-30,MU,sell,np.float64(666.418322661299),np.float64(54.19),np.float64(36113.208905015796),np.float64(0.0),,
2018-07-30,NFLX,sell,np.float64(99.29141337950438),np.float64(351.93),np.float64(34943.62711064897),np.float64(0.0),,
2018-07-30,XOM,sell,np.float64(435.1439224601111),np.float64(82.13),np.float64(35738.370351648926),np.float64(0.0),,
2018-07-30,CRM,buy,np.float64(249.24977847254192),np.float64(143.54),np.float64(35777.313201948666),np.float64(0.0),np.float64(0.9999999999999998),
2018-07-30,INTC,buy,np.float64(751.1508125540345),np.float64(47.63),np.float64(35777.313201948666),np.float64(0.0),np.float64(0.9999999999999998),
2018-07-30,META,buy,np.float64(204.0919178662217),np.float64(175.3),np.float64(35777.313201948666),np.float64(0.0),np.float64(0.9999999999999998),
2018-07-30,PEP,buy,np.float64(314.44290035110447),np.float64(113.78),np.float64(35777.313201948666),np.float64(0.0),np.float64(0.9999999999999998),
2018-07-30,TSLA,buy,np.float64(2.7679401128675156),np.float64(295.9),np.float64(819.0334793974978),np.float64(0.0),np.float64(0.9999999999999998),
2018-08-06,INTC,sell,np.float64(751.1508125540345),np.float64(48.77),np.float64(36633.62512826026),np.float64(0.0),,
2018-08-06,META,sell,np.float64(204.0919178662217),np.float64(178.97),np.float64(36526.3305405177),np.float64(0.0),,
2018-08-06,PEP,sell,np.float64(314.44290035110447),np.float64(117.25),np.float64(36868.430066167),np.float64(0.0),,
2018-08-06,TSLA,sell,np.float64(120.91014938137438),np.float64(345.46),np.float64(41769.62020528959),np.float64(0.0),,
2018-08-06,ADBE,buy,np.float64(148.08906581704295),np.float64(252.74),np.float64(37428.030494599436),np.float64(0.0),np.float64(0.9999999999999998),
2018-08-06,CRM,buy,np.float64(16.404494326091367),np.float64(140.89),np.float64(2311.2292056030124),np.float64(0.0),np.float64(0.9999999999999998),
2018-08-06,GOOGL,buy,np.float64(30.144755997937708),np.float64(1241.61),np.float64(37428.030494599436),np.float64(0.0),np.float64(0.9999999999999998),
2018-08-06,NFLX,buy,np.float64(109.16249178496464),np.float64(342.8653),np.float64(37428.030494599436),np.float64(0.0),np.float64(0.9999999999999998),
2018-08-06,XOM,buy,np.float64(466.39290335949454),np.float64(80.25),np.float64(37428.030494599436),np.float64(0.0),np.float64(0.9999999999999998),
2018-08-13,ADBE,sell,np.float64(148.08906581704295),np.float64(254.16),np.float64(37638.31696805963),np.float64(0.0),,
2018-08-13,CRM,sell,np.float64(265.6542727986333),np.float64(145.63),np.float64(38687.23174766497),np.float64(0.0),,
2018-08-13,GOOGL,sell,np.float64(30.144755997937708),np.float64(1251.2),np.float64(37717.118704619665),np.float64(0.0),,
2018-08-13,NFLX,sell,np.float64(109.16249178496464),np.float64(339.89),np.float64(37103.23933279163),np.float64(0.0),,
2018-08-13,XOM,sell,np.float64(466.39290335949454),np.float64(79.45),np.float64(37054.91617191184),np.float64(0.0),,
2018-08-13,AVGO,buy,np.float64(178.20294363884005),np.float64(211.65),np.float64(37716.6530211605),np.float64(0.0),np.float64(0.9999999999999999),
2018-08-13,COST,buy,np.float64(170.6404244725173),np.float64(221.03),np.float64(37716.6530211605),np.float64(0.0),np.float64(0.9999999999999999),
2018-08-13,KO,buy,np.float64(819.0369820013138),np.float64(46.05),np.float64(37716.6530211605),np.float64(0.0),np.float64(0.9999999999999999),
2018-08-13,MU,buy,np.float64(730.8012598558515),np.float64(51.61),np.float64(37716.6530211605),np.float64(0.0),np.float64(0.9999999999999999),
2018-08-13,PEP,buy,np.float64(334.33785144189784),np.float64(112.81),np.float64(37716.6530211605),np.float64(0.0),np.float64(0.9999999999999999),
2018-08-20,AVGO,sell,np.float64(178.20294363884005),np.float64(209.48),np.float64(37329.952633464214),np.float64(0.0),,
2018-08-20,COST,sell,np.float64(170.6404244725173),np.float64(226.0),np.float64(38564.73593078891),np.float64(0.0),,
2018-08-20,KO,sell,np.float64(819.0369820013138),np.float64(46.68),np.float64(38232.64631982133),np.float64(0.0),,
2018-08-20,PEP,sell,np.float64(334.33785144189784),np.float64(114.99),np.float64(38445.50953730383),np.float64(0.0),,
2018-08-20,AMAT,buy,np.float64(854.8530782581993),np.float64(43.8),np.float64(37442.564827709124),np.float64(0.0),np.float64(0.9999999999999998),
2018-08-20,MU,buy,np.float64(59.12626815488961),np.float64(47.4),np.float64(2802.5851105417673),np.float64(0.0),np.float64(0.9999999999999998),
2018-08-20,NFLX,buy,np.float64(119.00128663777373),np.float64(314.64),np.float64(37442.564827709124),np.float64(0.0),np.float64(0.9999999999999998),
2018-08-20,NVDA,buy,np.float64(153.97057664161989),np.float64(243.18),np.float64(37442.564827709124),np.float64(0.0),np.float64(0.9999999999999998),
2018-08-20,TSLA,buy,np.float64(128.35829816134918),np.float64(291.7035),np.float64(37442.564827709124),np.float64(0.0),np.float64(0.9999999999999998),
2018-08-27,AMAT,sell,np.float64(854.8530782581993),np.float64(42.96),np.float64(36724.48824197224),np.float64(0.0),,
2018-08-27,MU,sell,np.float64(789.9275280107412),np.float64(51.35),np.float64(40562.77856335156),np.float64(0.0),,
2018-08-27,NFLX,sell,np.float64(119.00128663777373),np.float64(367.1453),np.float64(43690.76308301143),np.float64(0.0),,
2018-08-27,NVDA,sell,np.float64(153.97057664161989),np.float64(273.42),np.float64(42098.635065351715),np.float64(0.0),,
2018-08-27,TSLA,sell,np.float64(128.35829816134918),np.float64(318.0),np.float64(40817.93881530904),np.float64(0.0),,
2018-08-27,AAPL,buy,np.float64(187.94895177034087),np.float64(217.15),np.float64(40813.11487692952),np.float64(0.0),np.float64(0.9999999999999999),
2018-08-27,JPM,buy,np.float64(354.2190147277341),np.float64(115.22),np.float64(40813.11487692952),np.float64(0.0),np.float64(0.9999999999999999),
2018-08-27,KO,buy,np.float64(886.2782818008582),np.float64(46.05),np.float64(40813.11487692952),np.float64(0.0),np.float64(0.9999999999999999),
2018-08-27,PEP,buy,np.float64(362.5254474767234),np.float64(112.58),np.float64(40813.11487692952),np.float64(0.0),np.float64(0.9999999999999999),
2018-08-27,WMT,buy,np.float64(428.439165199764),np.float64(95.26),np.float64(40813.11487692952),np.float64(0.0),np.float64(0.9999999999999999),
2018-09-04,AAPL,sell,np.float64(187.94895177034087),np.float64(228.41),np.float64(42929.420073863555),np.float64(0.0),,
2018-09-04,JPM,sell,np.float64(354.2190147277341),np.float64(114.35),np.float64(40504.94433411639),np.float64(0.0),,
2018-09-04,PEP,sell,np.float64(362.5254474767234),np.float64(111.82),np.float64(40537.595536847206),np.float64(0.0),,
2018-09-04,WMT,sell,np.float64(428.439165199764),np.float64(95.76),np.float64(41027.334459529404),np.float64(0.0),,
2018-09-04,GOOGL,buy,np.float64(33.45995251982378),np.float64(1222.52),np.float64(40905.46115453497),np.float64(0.0),1.0,
2018-09-04,JNJ,buy,np.float64(303.70080298860324),np.float64(134.69),np.float64(40905.46115453497),np.float64(0.0),1.0,
2018-09-04,KO,buy,np.float64(30.884524354634305),np.float64(44.6),np.float64(1377.44978621669),np.float64(0.0),1.0,
2018-09-04,ORCL,buy,np.float64(845.8532083237174),np.float64(48.36),np.float64(40905.46115453497),np.float64(0.0),1.0,
2018-09-04,TSLA,buy,np.float64(137.75665506343023),np.float64(296.94),np.float64(40905.46115453497),np.float64(0.0),1.0,
2018-09-10,JNJ,sell,np.float64(303.70080298860324),np.float64(137.53),np.float64(41767.971435022606),np.float64(0.0),,
2018-09-10,KO,sell,np.float64(917.1628061554925),np.float64(45.91),np.float64(42106.944430598654),np.float64(0.0),,
2018-09-10,ORCL,sell,np.float64(845.8532083237174),np.float64(48.0),np.float64(40600.95399953843),np.float64(0.0),,
2018-09-10,AMAT,buy,np.float64(1006.1971531260248),np.float64(40.1),np.float64(40348.505840353595),np.float64(0.0),1.0,
2018-09-10,GOOGL,buy,np.float64(0.6124219442478243),np.float64(1184.2),np.float64(725.2300663782735),np.float64(0.0),1.0,
2018-09-10,META,buy,np.float64(246.76475958873218),np.float64(163.51),np.float64(40348.505840353595),np.float64(0.0),1.0,
2018-09-10,MU,buy,np.float64(891.6796870796375),np.float64(45.25),np.float64(40348.505840353595),np.float64(0.0),1.0,
2018-09-10,TSLA,buy,np.float64(9.899444769525907),np.float64(273.26),np.float64(2705.1222777206494),np.float64(0.0),1.0,
2018-09-17,GOOGL,sell,np.float64(34.0723744640716),np.float64(1177.77),np.float64(40129.42047254961),np.float64(0.0),,
2018-09-17,META,sell,np.float64(246.76475958873218),np.float64(161.92),np.float64(39956.14987260751),np.float64(0.0),,
2018-09-17,MU,sell,np.float64(891.6796870796375),np.float64(43.64),np.float64(38912.90154415538),np.float64(0.0),,
2018-09-17,TSLA,sell,np.float64(147.65609983295613),np.float64(290.04),np.float64(42826.1751955506),np.float64(0.0),,
2018-09-17,AMAT,buy,np.float64(25.977564199375873),np.float64(38.95),np.float64(1011.8261255656904),np.float64(0.0),np.float64(0.9999999999999997),
2018-09-17,COST,buy,np.float64(171.76452721449348),np.float64(234.06),np.float64(40203.20523982435),np.float64(0.0),np.float64(0.9999999999999997),
2018-09-17,INTC,buy,np.float64(887.6839311067421),np.float64(45.29),np.float64(40203.20523982435),np.float64(0.0),np.float64(0.9999999999999997),
2018-09-17,JPM,buy,np.float64(353.3105302735244),np.float64(113.79),np.float64(40203.20523982435),np.float64(0.0),np.float64(0.9999999999999997),
2018-09-17,WMT,buy,np.float64(424.30823472110126),np.float64(94.75),np.float64(40203.20523982435),np.float64(0.0),np.float64(0.9999999999999997),
2018-09-24,AMAT,sell,np.float64(1032.1747173254007),np.float64(39.24),np.float64(40502.53590784872),np.float64(0.0),,
2018-09-24,COST,sell,np.float64(171.76452721449348),np.float64(234.19),np.float64(40225.53462836223),np.float64(0.0),,
2018-09-24,INTC,sell,np.float64(887.6839311067421),np.float64(46.31),np.float64(41108.64284955323),np.float64(0.0),,
2018-09-24,JPM,sell,np.float64(353.3105302735244),np.float64(117.76),np.float64(41605.848045010236),np.float64(0.0),,
2018-09-24,WMT,sell,np.float64(424.30823472110126),np.float64(95.42),np.float64(40487.49175708748),np.float64(0.0),,
2018-09-24,AAPL,buy,np.float64(188.127355339356),np.float64(216.8),np.float64(40786.010637572384),np.float64(0.0),1.0,
2018-09-24,ADBE,buy,np.float64(156.86927168297072),np.float64(260.0),np.float64(40786.010637572384),np.float64(0.0),1.0,
2018-09-24,AMD,buy,np.float64(1310.1834448304653),np.float64(31.13),np.float64(40786.010637572384),np.float64(0.0),1.0,
2018-09-24,AMZN,buy,np.float64(21.423586969976935),np.float64(1903.79),np.float64(40786.010637572384),np.float64(0.0),1.0,
2018-09-24,NVDA,buy,np.float64(155.55305353765212),np.float64(262.2),np.float64(40786.010637572384),np.float64(0.0),1.0,
2018-10-01,AAPL,sell,np.float64(188.127355339356),np.float64(227.95),np.float64(42883.630649606195),np.float64(0.0),,
2018-10-01,ADBE,sell,np.float64(156.86927168297072),np.float64(271.76),np.float64(42630.79327256412),np.float64(0.0),,
2018-10-01,AMD,sell,np.float64(1310.1834448304653),np.float64(30.62),np.float64(40117.817080708846),np.float64(0.0),,
2018-10-01,AMZN,sell,np.float64(21.423586969976935),np.float64(2021.99),np.float64(43318.27861742366),np.float64(0.0),,
2018-10-01,NVDA,sell,np.float64(155.55305353765212),np.float64(284.16),np.float64(44201.95569325923),np.float64(0.0),,
2018-10-01,JNJ,buy,np.float64(308.3357085397976),np.float64(138.26),np.float64(42630.49506271241),np.float64(0.0),1.0,
2018-10-01,JPM,buy,np.float64(376.029770333531),np.float64(113.37),np.float64(42630.49506271241),np.float64(0.0),1.0,
2018-10-01,PEP,buy,np.float64(380.12033047447534),np.float64(112.15),np.float64(42630.49506271241),np.float64(0.0),1.0,
2018-10-01,QCOM,buy,np.float64(588.3314250995365),np.float64(72.46),np.float64(42630.49506271241),np.float64(0.0),1.0,
2018-10-01,TSLA,buy,np.float64(139.42013625506888),np.float64(305.77),np.float64(42630.49506271241),np.float64(0.0),1.0,
2018-10-08,JNJ,sell,np.float64(308.3357085397976),np.float64(138.88),np.float64(42821.66320200709),np.float64(0.0),,
2018-10-08,JPM,sell,np.float64(376.029770333531),np.float64(114.25),np.float64(42961.40126060592),np.float64(0.0),,
2018-10-08,QCOM,sell,np.float64(588.3314250995365),np.float64(70.78),np.float64(41642.098268545196),np.float64(0.0),,
2018-10-08,TSLA,sell,np.float64(139.42013625506888),np.float64(264.52),np.float64(36879.41444219082),np.float64(0.0),,
2018-10-08,AMD,buy,np.float64(1531.2546627250263),np.float64(26.78),np.float64(41006.999867776205),np.float64(0.0),1.0,
2018-10-08,AMZN,buy,np.float64(21.882070367009714),np.float64(1874.0),np.float64(41006.999867776205),np.float64(0.0),1.0,
2018-10-08,COST,buy,np.float64(186.95632291317682),np.float64(219.34),np.float64(41006.999867776205),np.float64(0.0),1.0,
2018-10-08,ORCL,buy,np.float64(832.291452562943),np.float64(49.27),np.float64(41006.999867776205),np.float64(0.0),1.0,
2018-10-08,PEP,buy,np.float64(5.428746883330303),np.float64(106.36),np.float64(577.4015185110111),np.float64(0.0),1.0,
2018-10-15,AMD,sell,np.float64(1531.2546627250263),np.float64(26.38),np.float64(40394.49800268619),np.float64(0.0),,
2018-10-15,AMZN,sell,np.float64(21.882070367009714),np.float64(1795.0),np.float64(39278.316308782436),np.float64(0.0),,
2018-10-15,COST,sell,np.float64(186.95632291317682),np.float64(226.25),np.float64(42298.86805910626),np.float64(0.0),,
2018-10-15,ORCL,sell,np.float64(832.291452562943),np.float64(46.96),np.float64(39084.40661235581),np.float64(0.0),,
2018-10-15,PEP,sell,np.float64(385.54907735780563),np.float64(105.2),np.float64(40559.76293804115),np.float64(0.0),,
2018-10-15,AMAT,buy,np.float64(1206.7822206755911),np.float64(33.44),np.float64(40354.79745939177),np.float64(0.0),1.0,
2018-10-15,CSCO,buy,np.float64(886.5289424295203),np.float64(45.52),np.float64(40354.79745939177),np.float64(0.0),1.0,
2018-10-15,JPM,buy,np.float64(376.44400615104263),np.float64(107.2),np.float64(40354.79745939177),np.float64(0.0),1.0,
2018-10-15,NVDA,buy,np.float64(164.04389211134864),np.float64(246.0),np.float64(40354.79745939177),np.float64(0.0),1.0,
2018-10-15,QCOM,buy,np.float64(628.28580817985),np.float64(64.23),np.float64(40354.79745939177),np.float64(0.0),1.0,
2018-10-22,AMAT,sell,np.float64(1206.7822206755911),np.float64(34.39),np.float64(41501.24056903358),np.float64(0.0),,
2018-10-22,CSCO,sell,np.float64(886.5289424295203),np.float64(45.77),np.float64(40576.42969499915),np.float64(0.0),,
2018-10-22,JPM,sell,np.float64(376.44400615104263),np.float64(108.17),np.float64(40719.948145358285),np.float64(0.0),,
2018-10-22,QCOM,sell,np.float64(628.28580817985),np.float64(65.69),np.float64(41272.094739334345),np.float64(0.0),,
2018-10-22,AMD,buy,np.float64(1651.7562102717748),np.float64(24.46),np.float64(40401.956903247614),np.float64(0.0),1.0,
2018-10-22,AVGO,buy,np.float64(175.23402543046328),np.float64(230.56),np.float64(40401.956903247614),np.float64(0.0),1.0,
2018-10-22,CRM,buy,np.float64(284.7012677277684),np.float64(141.91),np.float64(40401.956903247614),np.float64(0.0),1.0,
2018-10-22,MU,buy,np.float64(996.103473945947),np.float64(40.56),np.float64(40401.956903247614),np.float64(0.0),1.0,
2018-10-22,NVDA,buy,np.float64(10.64461058342659),np.float64(231.28),np.float64(2461.885535734902),np.float64(0.0),1.0,
2018-10-29,AVGO,sell,np.float64(175.23402543046328),np.float64(216.19),np.float64(37883.843957811856),np.float64(0.0),,
2018-10-29,CRM,sell,np.float64(284.7012677277684),np.float64(138.1),np.float64(39317.24507320482),np.float64(0.0),,
2018-10-29,MU,sell,np.float64(5.990265129237436),np.float64(36.14),np.float64(216.48818177064092),np.float64(0.0),,
2018-10-29,AMD,buy,np.float64(313.24606137215085),np.float64(18.21),np.float64(5704.210777586867),np.float64(0.0),np.float64(0.9999999999999998),
2018-10-29,NFLX,buy,np.float64(117.22037399802097),np.float64(305.26),np.float64(35782.69136663588),np.float64(0.0),np.float64(0.9999999999999998),
2018-10-29,NVDA,buy,np.float64(0.7254458646437866),np.float64(203.99),np.float64(147.98370192868603),np.float64(0.0),np.float64(0.9999999999999998),
2018-10-29,XOM,buy,np.float64(458.3411216425757),np.float64(78.07),np.float64(35782.69136663588),np.float64(0.0),np.float64(0.9999999999999998),
2018-11-05,AMD,sell,np.float64(1965.0022716439257),np.float64(20.12),np.float64(39535.84570547579),np.float64(0.0),,
2018-11-05,MU,sell,np.float64(990.1132088167096),np.float64(40.1),np.float64(39703.539673550054),np.float64(0.0),,
2018-11-05,NFLX,sell,np.float64(117.22037399802097),np.float64(311.1),np.float64(36467.25835078433),np.float64(0.0),,
2018-11-05,NVDA,sell,np.float64(175.413948559419),np.float64(214.39),np.float64(37606.99643165384),np.float64(0.0),,
2018-11-05,XOM,sell,np.float64(458.3411216425757),np.float64(82.5),np.float64(37813.142535512496),np.float64(0.0),,
2018-11-05,AAPL,buy,np.float64(187.1406860834001),np.float64(204.26),np.float64(38225.3565393953),np.float64(0.0),1.0,
2018-11-05,ADBE,buy,np.float64(159.2723189141471),np.float64(240.0),np.float64(38225.3565393953),np.float64(0.0),1.0,
2018-11-05,GOOGL,buy,np.float64(35.64036114551136),np.float64(1072.53),np.float64(38225.3565393953),np.float64(0.0),1.0,
2018-11-05,MSFT,buy,np.float64(359.3621936579421),np.float64(106.37),np.float64(38225.3565393953),np.float64(0.0),1.0,
2018-11-05,PEP,buy,np.float64(342.2451118219653),np.float64(111.69),np.float64(38225.3565393953),np.float64(0.0),1.0,
2018-11-12,AAPL,sell,np.float64(187.1406860834001),np.float64(199.0),np.float64(37240.996530596625),np.float64(0.0),,
2018-11-12,ADBE,sell,np.float64(159.2723189141471),np.float64(244.14),np.float64(38884.74393969987),np.float64(0.0),,
2018-11-12,GOOGL,sell,np.float64(35.64036114551136),np.float64(1073.13),np.float64(38246.74075608261),np.float64(0.0),,
2018-11-12,MSFT,sell,np.float64(359.3621936579421),np.float64(109.42),np.float64(39321.41123005203),np.float64(0.0),,
2018-11-12,PEP,sell,np.float64(342.2451118219653),np.float64(117.0),np.float64(40042.678083169936),np.float64(0.0),,
2018-11-12,AMAT,buy,np.float64(1149.559343257883),np.float64(33.73),np.float64(38774.63664808839),np.float64(0.0),np.float64(0.9999999999999999),
2018-11-12,META,buy,np.float64(268.37373095299273),np.float64(144.48),np.float64(38774.63664808839),np.float64(0.0),np.float64(0.9999999999999999),
2018-11-12,MU,buy,np.float64(1013.9810838935248),np.float64(38.24),np.float64(38774.63664808839),np.float64(0.0),np.float64(0.9999999999999999),
2018-11-12,NVDA,buy,np.float64(191.9726539661768),np.float64(201.98),np.float64(38774.63664808839),np.float64(0.0),np.float64(0.9999999999999999),
2018-11-12,QCOM,buy,np.float64(687.859440271215),np.float64(56.37),np.float64(38774.63664808839),np.float64(0.0),np.float64(0.9999999999999999),
2018-11-19,AMAT,sell,np.float64(1149.559343257883),np.float64(35.24),np.float64(40510.4712564078),np.float64(0.0),,
2018-11-19,META,sell,np.float64(268.37373095299273),np.float64(137.61),np.float64(36930.90911644133),np.float64(0.0),,
2018-11-19,MU,sell,np.float64(1013.9810838935248),np.float64(39.2),np.float64(39748.05848862617),np.float64(0.0),,
2018-11-19,QCOM,sell,np.float64(687.859440271215),np.float64(55.85),np.float64(38416.94973914736),np.float64(0.0),,
2018-11-19,AAPL,buy,np.float64(196.4901518798004),np.float64(190.0),np.float64(37333.128857162075),np.float64(0.0),1.0,
2018-11-19,AMZN,buy,np.float64(23.67336215823747),np.float64(1577.01),np.float64(37333.128857162075),np.float64(0.0),1.0,
2018-11-19,NFLX,buy,np.float64(131.5519534062584),np.float64(283.79),np.float64(37333.128857162075),np.float64(0.0),1.0,
2018-11-19,NVDA,buy,np.float64(38.777879794637066),np.float64(161.79),np.float64(6273.87317197433),np.float64(0.0),1.0,
2018-11-19,WMT,buy,np.float64(381.18367221933914),np.float64(97.94),np.float64(37333.128857162075),np.float64(0.0),1.0,
2018-11-26,AMZN,sell,np.float64(23.67336215823747),np.float64(1539.0),np.float64(36433.304361527466),np.float64(0.0),,
2018-11-26,WMT,sell,np.float64(381.18367221933914),np.float64(95.88),np.float64(36547.89049239024),np.float64(0.0),,
2018-11-26,AAPL,buy,np.float64(5.622678564257408),np.float64(174.24),np.float64(979.695513036211),np.float64(0.0),np.float64(0.9999999999999998),
2018-11-26,META,buy,np.float64(264.78300433513255),np.float64(133.0),np.float64(35216.13957657263),np.float64(0.0),np.float64(0.9999999999999998),
2018-11-26,MU,buy,np.float64(932.8778695780828),np.float64(37.75),np.float64(35216.13957657263),np.float64(0.0),np.float64(0.9999999999999998),
2018-11-26,NFLX,buy,np.float64(3.6088202516676557),np.float64(260.55),np.float64(940.2781165720078),np.float64(0.0),np.float64(0.9999999999999998),
2018-11-26,NVDA,buy,np.float64(4.196024225527021),np.float64(149.89),np.float64(628.942071164245),np.float64(0.0),np.float64(0.9999999999999998),
2018-12-03,AAPL,sell,np.float64(202.1128304440578),np.float64(184.46),np.float64(37281.732703710906),np.float64(0.0),,
2018-12-03,META,sell,np.float64(264.78300433513255),np.float64(143.0),np.float64(37863.969619923955),np.float64(0.0),,
2018-12-03,MU,sell,np.float64(932.8778695780828),np.float64(40.2),np.float64(37501.69035703893),np.float64(0.0),,
2018-12-03,NFLX,sell,np.float64(135.16077365792606),np.float64(293.19),np.float64(39627.78722876734),np.float64(0.0),,
2018-12-03,NVDA,sell,np.float64(234.9465579863409),np.float64(172.6),np.float64(40551.77590844244),np.float64(0.0),,
2018-12-03,JNJ,buy,np.float64(264.9784258668151),np.float64(145.57),np.float64(38572.90945343227),np.float64(0.0),np.float64(0.9999999999999997),
2018-12-03,JPM,buy,np.float64(343.02276081309265),np.float64(112.45),np.float64(38572.90945343227),np.float64(0.0),np.float64(0.9999999999999997),
2018-12-03,KO,buy,np.float64(773.4692090120769),np.float64(49.87),np.float64(38572.90945343227),np.float64(0.0),np.float64(0.9999999999999997),
2018-12-03,ORCL,buy,np.float64(780.1963886212029),np.float64(49.44),np.float64(38572.90945343227),np.float64(0.0),np.float64(0.9999999999999997),
2018-12-03,WMT,buy,np.float64(393.5208065030838),np.float64(98.02),np.float64(38572.90945343227),np.float64(0.0),np.float64(0.9999999999999997),
2018-12-10,JNJ,sell,np.float64(264.9784258668151),np.float64(145.39),np.float64(38525.21333677624),np.float64(0.0),,
2018-12-10,KO,sell,np.float64(773.4692090120769),np.float64(49.45),np.float64(38248.05238564721),np.float64(0.0),,
2018-12-10,ORCL,sell,np.float64(780.1963886212029),np.float64(46.01),np.float64(35896.83584046154),np.float64(0.0),,
2018-12-10,WMT,sell,np.float64(393.5208065030838),np.float64(93.56),np.float64(36817.80665642852),np.float64(0.0),,
2018-12-10,AAPL,buy,np.float64(224.21316389809672),np.float64(165.0),np.float64(36995.17204318596),np.float64(0.0),np.float64(0.9999999999999998),
2018-12-10,AMAT,buy,np.float64(1099.737575600058),np.float64(33.64),np.float64(36995.17204318596),np.float64(0.0),np.float64(0.9999999999999998),
2018-12-10,JPM,buy,np.float64(16.64253223751953),np.float64(102.86),np.float64(1711.8508659512586),np.float64(0.0),np.float64(0.9999999999999998),
2018-12-10,MU,buy,np.float64(1062.1639977946013),np.float64(34.83),np.float64(36995.17204318596),np.float64(0.0),np.float64(0.9999999999999998),
2018-12-10,NFLX,buy,np.float64(140.03244650889874),np.float64(264.19),np.float64(36995.17204318596),np.float64(0.0),np.float64(0.9999999999999998),
2018-12-17,AAPL,sell,np.float64(224.21316389809672),np.float64(165.45),np.float64(37096.0679669401),np.float64(0.0),,
2018-12-17,MU,sell,np.float64(1062.1639977946013),np.float64(34.16),np.float64(36283.52216466358),np.float64(0.0),,
2018-12-17,NFLX,sell,np.float64(140.03244650889874),np.float64(266.51),np.float64(37320.0473190866),np.float64(0.0),,
2018-12-17,AMAT,buy,np.float64(21.707133482744524),np.float64(32.52),np.float64(705.915980858852),np.float64(0.0),1.0,
2018-12-17,COST,buy,np.float64(176.45336723133707),np.float64(206.68),np.float64(36469.381939372746),np.float64(0.0),1.0,
2018-12-17,JNJ,buy,np.float64(284.2065300761592),np.float64(128.32),np.float64(36469.381939372746),np.float64(0.0),1.0,
2018-12-17,JPM,buy,np.float64(5.869255805484355),np.float64(99.77),np.float64(585.575651713174),np.float64(0.0),1.0,
2018-12-17,XOM,buy,np.float64(484.5785535393668),np.float64(75.26),np.float64(36469.381939372746),np.float64(0.0),1.0,
2018-12-24,AMAT,sell,np.float64(1121.4447090828025),np.float64(30.0),np.float64(33643.341272484075),np.float64(0.0),,
2018-12-24,COST,sell,np.float64(176.45336723133707),np.float64(193.9),np.float64(34214.30790615626),np.float64(0.0),,
2018-12-24,JNJ,sell,np.float64(284.2065300761592),np.float64(127.3),np.float64(36179.491278695066),np.float64(0.0),,
2018-12-24,JPM,sell,np.float64(365.5345488560965),np.float64(92.89),np.float64(33954.5042432428),np.float64(0.0),,
2018-12-24,AMD,buy,np.float64(2062.8984573336043),np.float64(16.52),np.float64(34079.08251515114),np.float64(0.0),1.0,
2018-12-24,AMZN,buy,np.float64(25.31878344364869),np.float64(1346.0),np.float64(34079.08251515114),np.float64(0.0),1.0,
2018-12-24,META,buy,np.float64(276.84063781601253),np.float64(123.1),np.float64(34079.08251515114),np.float64(0.0),1.0,
2018-12-24,MU,buy,np.float64(1141.2954626641372),np.float64(29.86),np.float64(34079.08251515114),np.float64(0.0),1.0,
2018-12-24,XOM,buy,np.float64(25.053307013214887),np.float64(66.87),np.float64(1675.3146399736797),np.float64(0.0),1.0,
2018-12-31,AMD,sell,np.float64(2062.8984573336043),np.float64(18.15),np.float64(37441.60700060491),np.float64(0.0),,
2018-12-31,AMZN,sell,np.float64(25.31878344364869),np.float64(1510.8),np.float64(38251.618026664444),np.float64(0.0),,
2018-12-31,META,sell,np.float64(276.84063781601253),np.float64(134.45),np.float64(37221.22375436288),np.float64(0.0),,
2018-12-31,MU,sell,np.float64(1141.2954626641372),np.float64(31.99),np.float64(36510.04185062575),np.float64(0.0),,
2018-12-31,JNJ,buy,np.float64(287.47470642098665),np.float64(128.18),np.float64(36848.50786904207),np.float64(0.0),1.0,
2018-12-31,KO,buy,np.float64(775.9214122771546),np.float64(47.49),np.float64(36848.50786904207),np.float64(0.0),1.0,
2018-12-31,MSFT,buy,np.float64(363.7921598286313),np.float64(101.29),np.float64(36848.50786904207),np.float64(0.0),1.0,
2018-12-31,ORCL,buy,np.float64(815.4128760575807),np.float64(45.19),np.float64(36848.50786904207),np.float64(0.0),1.0,
2018-12-31,XOM,buy,np.float64(29.719835422858537),np.float64(68.32),np.float64(2030.4591560896952),np.float64(0.0),1.0,
2019-01-07,MSFT,sell,np.float64(363.7921598286313),np.float64(101.64),np.float64(36975.83512498209),np.float64(0.0),,
2019-01-07,ORCL,sell,np.float64(815.4128760575807),np.float64(46.93),np.float64(38267.32627338226),np.float64(0.0),,
2019-01-07,XOM,sell,np.float64(539.3516959754402),np.float64(71.25),np.float64(38428.80833825011),np.float64(0.0),,
2019-01-07,AAPL,buy,np.float64(251.88022609166006),np.float64(148.7),np.float64(37454.58961982985),np.float64(0.0),1.0,
2019-01-07,AVGO,buy,np.float64(160.3021169262994),np.float64(233.65),np.float64(37454.58961982985),np.float64(0.0),1.0,
2019-01-07,JNJ,buy,np.float64(5.987564360411525),np.float64(127.63),np.float64(764.192839319323),np.float64(0.0),1.0,
2019-01-07,KO,buy,np.float64(11.435947820172549),np.float64(47.57),np.float64(544.0080378056082),np.float64(0.0),1.0,
2019-01-07,PEP,buy,np.float64(340.46531787864603),np.float64(110.01),np.float64(37454.58961982985),np.float64(0.0),1.0,
2019-01-14,AAPL,sell,np.float64(251.88022609166006),np.float64(150.85),np.float64(37996.13210592692),np.float64(0.0),,
2019-01-14,AVGO,sell,np.float64(160.3021169262994),np.float64(248.11),np.float64(39772.558230584145),np.float64(0.0),,
2019-01-14,JNJ,sell,np.float64(293.46227078139816),np.float64(128.74),np.float64(37780.3327403972),np.float64(0.0),,
2019-01-14,GOOGL,buy,np.float64(35.97524880375167),np.float64(1053.34),np.float64(37894.16857494378),np.float64(0.0),np.float64(0.9999999999999999),
2019-01-14,JPM,buy,np.float64(383.27266688524105),np.float64(98.87),np.float64(37894.16857494378),np.float64(0.0),np.float64(0.9999999999999999),
2019-01-14,KO,buy,np.float64(14.63562561576895),np.float64(47.25),np.float64(691.5333103450829),np.float64(0.0),np.float64(0.9999999999999999),
2019-01-14,PEP,buy,np.float64(10.8946132752139),np.float64(107.85),np.float64(1174.984041731819),np.float64(0.0),np.float64(0.9999999999999999),
2019-01-14,XOM,buy,np.float64(532.1467290400756),np.float64(71.21),np.float64(37894.16857494378),np.float64(0.0),np.float64(0.9999999999999999),
2019-01-22,GOOGL,sell,np.float64(35.97524880375167),np.float64(1095.54),np.float64(39412.3240744621),np.float64(0.0),,
2019-01-22,JPM,sell,np.float64(383.27266688524105),np.float64(103.08),np.float64(39507.746502530645),np.float64(0.0),,
2019-01-22,PEP,sell,np.float64(351.3599311538599),np.float64(109.86),np.float64(38600.40203656305),np.float64(0.0),,
2019-01-22,XOM,sell,np.float64(532.1467290400756),np.float64(72.39),np.float64(38522.10171521107),np.float64(0.0),,
2019-01-22,JNJ,buy,np.float64(303.1164426634657),np.float64(128.2),np.float64(38859.5279494563),np.float64(0.0),np.float64(0.9999999999999997),
2019-01-22,KO,buy,np.float64(12.67217045999223),np.float64(47.7),np.float64(604.4625309416294),np.float64(0.0),np.float64(0.9999999999999997),
2019-01-22,MU,buy,np.float64(1102.3979560129446),np.float64(35.25),np.float64(38859.5279494563),np.float64(0.0),np.float64(0.9999999999999997),
2019-01-22,QCOM,buy,np.float64(706.9224658805949),np.float64(54.97),np.float64(38859.5279494563),np.float64(0.0),np.float64(0.9999999999999997),
2019-01-22,TSLA,buy,np.float64(127.48352453728857),np.float64(304.82),np.float64(38859.5279494563),np.float64(0.0),np.float64(0.9999999999999997),
2019-01-28,JNJ,sell,np.float64(303.1164426634657),np.float64(127.81),np.float64(38741.31253681755),np.float64(0.0),,
2019-01-28,KO,sell,np.float64(814.6651561730883),np.float64(47.22),np.float64(38468.48867449323),np.float64(0.0),,
2019-01-28,MU,sell,np.float64(1102.3979560129446),np.float64(36.95),np.float64(40733.60447467831),np.float64(0.0),,
2019-01-28,COST,buy,np.float64(182.91828957381426),np.float64(208.68),np.float64(38171.388668263564),np.float64(0.0),np.float64(0.9999999999999998),
2019-01-28,INTC,buy,np.float64(827.4742828585207),np.float64(46.13),np.float64(38171.388668263564),np.float64(0.0),np.float64(0.9999999999999998),
2019-01-28,NFLX,buy,np.float64(114.04657504709759),np.float64(334.7),np.float64(38171.388668263564),np.float64(0.0),np.float64(0.9999999999999998),
2019-01-28,QCOM,buy,np.float64(51.65044088139965),np.float64(50.32),np.float64(2599.0501851520307),np.float64(0.0),np.float64(0.9999999999999998),
2019-01-28,TSLA,buy,np.float64(2.8342818478248213),np.float64(292.91),np.float64(830.1894960463685),np.float64(0.0),np.float64(0.9999999999999998),
2019-02-04,COST,sell,np.float64(182.91828957381426),np.float64(210.7),np.float64(38540.88361320266),np.float64(0.0),,
2019-02-04,INTC,sell,np.float64(827.4742828585207),np.float64(48.62),np.float64(40231.79963258128),np.float64(0.0),,
2019-02-04,NFLX,sell,np.float64(114.04657504709759),np.float64(342.6),np.float64(39072.356611135634),np.float64(0.0),,
2019-02-04,TSLA,sell,np.float64(130.31780638511339),np.float64(312.98),np.float64(40786.86704241279),np.float64(0.0),,
2019-02-04,AMZN,buy,np.float64(24.194770929694528),np.float64(1623.0),np.float64(39268.11321889422),np.float64(0.0),np.float64(0.9999999999999998),
2019-02-04,MSFT,buy,np.float64(381.5401595306473),np.float64(102.92),np.float64(39268.11321889422),np.float64(0.0),np.float64(0.9999999999999998),
2019-02-04,NVDA,buy,np.float64(270.1252887039569),np.float64(145.37),np.float64(39268.11321889422),np.float64(0.0),np.float64(0.9999999999999998),
2019-02-04,QCOM,buy,np.float64(31.371032463397206),np.float64(49.71),np.float64(1559.4540237554752),np.float64(0.0),np.float64(0.9999999999999998),
2019-02-04,WMT,buy,np.float64(418.3689880555532),np.float64(93.86),np.float64(39268.11321889422),np.float64(0.0),np.float64(0.9999999999999998),
2019-02-11,MSFT,sell,np.float64(381.5401595306473),np.float64(106.2),np.float64(40519.56494215475),np.float64(0.0),,
2019-02-11,NVDA,sell,np.float64(270.1252887039569),np.float64(146.39),np.float64(39543.64101337225),np.float64(0.0),,
2019-02-11,QCOM,sell,np.float64(789.9439392253918),np.float64(50.55),np.float64(39931.66612784355),np.float64(0.0),,
2019-02-11,WMT,sell,np.float64(418.3689880555532),np.float64(95.65),np.float64(40016.99370751366),np.float64(0.0),,
2019-02-11,AMD,buy,np.float64(1724.4877236781476),np.float64(23.05),np.float64(39749.442030781305),np.float64(0.0),np.float64(0.9999999999999997),
2019-02-11,AMZN,buy,np.float64(0.6334230707185419),np.float64(1600.98),np.float64(1014.0976677589712),np.float64(0.0),np.float64(0.9999999999999997),
2019-02-11,JNJ,buy,np.float64(300.4265893037662),np.float64(132.31),np.float64(39749.442030781305),np.float64(0.0),np.float64(0.9999999999999997),
2019-02-11,JPM,buy,np.float64(390.58113423190827),np.float64(101.77),np.float64(39749.442030781305),np.float64(0.0),np.float64(0.9999999999999997),
2019-02-11,XOM,buy,np.float64(538.0270984133907),np.float64(73.88),np.float64(39749.442030781305),np.float64(0.0),np.float64(0.9999999999999997),
2019-02-19,AMD,sell,np.float64(1724.4877236781476),np.float64(23.625),np.float64(40741.022471896234),np.float64(0.0),,
2019-02-19,AMZN,sell,np.float64(24.82819400041307),np.float64(1601.0),np.float64(39749.938594661326),np.float64(0.0),,
2019-02-19,JNJ,sell,np.float64(300.4265893037662),np.float64(136.14),np.float64(40900.075867814725),np.float64(0.0),,
2019-02-19,JPM,sell,np.float64(390.58113423190827),np.float64(104.91),np.float64(40975.866792269495),np.float64(0.0),,
2019-02-19,XOM,sell,np.float64(538.0270984133907),np.float64(77.56),np.float64(41729.38175294259),np.float64(0.0),,
2019-02-19,AAPL,buy,np.float64(240.5235819687518),np.float64(169.71),np.float64(40819.25709591687),np.float64(0.0),1.0,
2019-02-19,AMAT,buy,np.float64(1046.6476178440223),np.float64(39.0),np.float64(40819.25709591687),np.float64(0.0),1.0,
2019-02-19,KO,buy,np.float64(900.689697615112),np.float64(45.32),np.float64(40819.25709591687),np.float64(0.0),1.0,
2019-02-19,META,buy,np.float64(254.32558938265964),np.float64(160.5),np.float64(40819.25709591687),np.float64(0.0),1.0,
2019-02-19,ORCL,buy,np.float64(792.9148620030473),np.float64(51.48),np.float64(40819.25709591687),np.float64(0.0),1.0,
2019-02-25,AAPL,sell,np.float64(240.5235819687518),np.float64(174.15),np.float64(41887.18179985813),np.float64(0.0),,
2019-02-25,AMAT,sell,np.float64(3.765862831302049),np.float64(39.92),np.float64(150.3332442255778),np.float64(0.0),,
2019-02-25,META,sell,np.float64(254.32558938265964),np.float64(163.07),np.float64(41472.87386063031),np.float64(0.0),,
2019-02-25,ORCL,sell,np.float64(792.9148620030473),np.float64(52.75),np.float64(41826.25897066075),np.float64(0.0),,
2019-02-25,AVGO,buy,np.float64(148.27209794183273),np.float64(280.78),np.float64(41631.83966010779),np.float64(0.0),1.0,
2019-02-25,GOOGL,buy,np.float64(37.10734150981593),np.float64(1121.93),np.float64(41631.83966010779),np.float64(0.0),1.0,
2019-02-25,KO,buy,np.float64(14.295789420224118),np.float64(45.5),np.float64(650.4584186201973),np.float64(0.0),1.0,
2019-02-25,TSLA,buy,np.float64(139.74636521133158),np.float64(297.91),np.float64(41631.83966010779),np.float64(0.0),1.0,
2019-03-04,GOOGL,sell,np.float64(37.10734150981593),np.float64(1154.56),np.float64(42842.65221357308),np.float64(0.0),,
2019-03-04,KO,sell,np.float64(914.9854870353361),np.float64(45.53),np.float64(41659.28922471885),np.float64(0.0),,
2019-03-04,TSLA,sell,np.float64(139.74636521133158),np.float64(298.12),np.float64(41661.18639680217),np.float64(0.0),,
2019-03-04,AMAT,buy,np.float64(22.445711048063863),np.float64(38.97),np.float64(874.7093595430488),np.float64(0.0),1.0,
2019-03-04,AVGO,buy,np.float64(2.6944887941263995),np.float64(275.0),np.float64(740.9844183847599),np.float64(0.0),1.0,
2019-03-04,JPM,buy,np.float64(395.6901577619973),np.float64(104.92),np.float64(41515.81135238876),np.float64(0.0),1.0,
2019-03-04,MU,buy,np.float64(991.3039959978213),np.float64(41.88),np.float64(41515.81135238876),np.float64(0.0),1.0,
2019-03-04,WMT,buy,np.float64(423.1126309864325),np.float64(98.12),np.float64(41515.81135238876),np.float64(0.0),1.0,
2019-03-11,AMAT,sell,np.float64(1065.3274660607842),np.float64(37.95),np.float64(40429.17733700677),np.float64(0.0),,
2019-03-11,JPM,sell,np.float64(395.6901577619973),np.float64(103.98),np.float64(41143.86260409248),np.float64(0.0),,
2019-03-11,WMT,sell,np.float64(423.1126309864325),np.float64(98.02),np.float64(41473.500089290115),np.float64(0.0),,
2019-03-11,ADBE,buy,np.float64(157.51833555367824),np.float64(255.98),np.float64(40321.543535030556),np.float64(0.0),np.float64(0.9999999999999998),
2019-03-11,AMD,buy,np.float64(1820.3857126424632),np.float64(22.15),np.float64(40321.543535030556),np.float64(0.0),np.float64(0.9999999999999998),
2019-03-11,AVGO,buy,np.float64(1.253366961917602),np.float64(264.89),np.float64(332.00437454235356),np.float64(0.0),np.float64(0.9999999999999998),
2019-03-11,CRM,buy,np.float64(258.63722601045896),np.float64(155.9),np.float64(40321.543535030556),np.float64(0.0),np.float64(0.9999999999999998),
2019-03-11,MU,buy,np.float64(44.973144455290154),np.float64(38.91),np.float64(1749.9050507553397),np.float64(0.0),np.float64(0.9999999999999998),
2019-03-18,ADBE,sell,np.float64(157.51833555367824),np.float64(257.11),np.float64(40499.53925420622),np.float64(0.0),,
2019-03-18,AMD,sell,np.float64(1820.3857126424632),np.float64(23.3),np.float64(42414.987104569394),np.float64(0.0),,
2019-03-18,AVGO,sell,np.float64(152.21995369787672),np.float64(290.23),np.float64(44178.797161734765),np.float64(0.0),,
2019-03-18,CRM,sell,np.float64(258.63722601045896),np.float64(161.4),np.float64(41744.04827808808),np.float64(0.0),,
2019-03-18,MU,sell,np.float64(1036.2771404531115),np.float64(39.6),np.float64(41036.574761943215),np.float64(0.0),,
2019-03-18,JNJ,buy,np.float64(305.0493409310199),np.float64(137.6),np.float64(41974.78931210834),np.float64(0.0),1.0,
2019-03-18,META,buy,np.float64(256.616673669428),np.float64(163.57),np.float64(41974.78931210834),np.float64(0.0),1.0,
2019-03-18,ORCL,buy,np.float64(793.9245188596244),np.float64(52.87),np.float64(41974.78931210834),np.float64(0.0),1.0,
2019-03-18,PEP,buy,np.float64(361.32210822164365),np.float64(116.17),np.float64(41974.78931210834),np.float64(0.0),1.0,
2019-03-18,TSLA,buy,np.float64(152.08256997140703),np.float64(276.0),np.float64(41974.78931210834),np.float64(0.0),1.0,
2019-03-25,JNJ,sell,np.float64(0.7857817274490695),np.float64(136.9),np.float64(107.57351848777762),np.float64(0.0),,
2019-03-25,META,sell,np.float64(256.616673669428),np.float64(163.0),np.float64(41828.51780811676),np.float64(0.0),,
2019-03-25,ORCL,sell,np.float64(793.9245188596244),np.float64(52.56),np.float64(41728.67271126186),np.float64(0.0),,
2019-03-25,PEP,sell,np.float64(361.32210822164365),np.float64(120.26),np.float64(43452.59673473486),np.float64(0.0),,
2019-03-25,CSCO,buy,np.float64(790.3924336806233),np.float64(52.7),np.float64(41653.68125496885),np.float64(0.0),1.0,
2019-03-25,INTC,buy,np.float64(786.363625730958),np.float64(52.97),np.float64(41653.68125496885),np.float64(0.0),1.0,
2019-03-25,JPM,buy,np.float64(418.3356558699292),np.float64(99.57),np.float64(41653.68125496885),np.float64(0.0),1.0,
2019-03-25,TSLA,buy,np.float64(8.30278775439812),np.float64(259.71),np.float64(2156.3170076947354),np.float64(0.0),1.0,
2019-04-01,CSCO,sell,np.float64(790.3924336806233),np.float64(54.475),np.float64(43056.62782475196),np.float64(0.0),,
2019-04-01,INTC,sell,np.float64(786.363625730958),np.float64(54.34),np.float64(42730.99942222026),np.float64(0.0),,
2019-04-01,JNJ,sell,np.float64(304.2635592035708),np.float64(139.99),np.float64(42593.855652907885),np.float64(0.0),,
2019-04-01,JPM,sell,np.float64(418.3356558699292),np.float64(102.18),np.float64(42745.53731678937),np.float64(0.0),,
2019-04-01,TSLA,sell,np.float64(160.38535772580514),np.float64(282.62),np.float64(45328.10980046705),np.float64(0.0),,
2019-04-01,AMD,buy,np.float64(1638.570249940473),np.float64(26.42),np.float64(43291.0260034273),np.float64(0.0),np.float64(0.9999999999999999),
2019-04-01,CRM,buy,np.float64(270.3999125760606),np.float64(160.1),np.float64(43291.0260034273),np.float64(0.0),np.float64(0.9999999999999999),
2019-04-01,GOOGL,buy,np.float64(36.45437290821977),np.float64(1187.54),np.float64(43291.0260034273),np.float64(0.0),np.float64(0.9999999999999999),
2019-04-01,NFLX,buy,np.float64(120.58781616553566),np.float64(359.0),np.float64(43291.0260034273),np.float64(0.0),np.float64(0.9999999999999999),
2019-04-01,WMT,buy,np.float64(441.8804328205298),np.float64(97.97),np.float64(43291.0260034273),np.float64(0.0),np.float64(0.9999999999999999),
2019-04-08,AMD,sell,np.float64(1638.570249940473),np.float64(28.69),np.float64(47010.58047079218),np.float64(0.0),,
2019-04-08,CRM,sell,np.float64(270.3999125760606),np.float64(158.4),np.float64(42831.346152048005),np.float64(0.0),,
2019-04-08,GOOGL,sell,np.float64(36.45437290821977),np.float64(1211.11),np.float64(44150.25557287404),np.float64(0.0),,
2019-04-08,NFLX,sell,np.float64(120.58781616553566),np.float64(365.11),np.float64(44027.817560198724),np.float64(0.0),,
2019-04-08,WMT,sell,np.float64(441.8804328205298),np.float64(98.37),np.float64(43467.77817655552),np.float64(0.0),,
2019-04-08,ADBE,buy,np.float64(165.9333068118583),np.float64(266.96),np.float64(44297.55558649369),np.float64(0.0),1.0,
2019-04-08,JNJ,buy,np.float64(325.5976154832318),np.float64(136.05),np.float64(44297.55558649369),np.float64(0.0),1.0,
2019-04-08,KO,buy,np.float64(951.6123649085648),np.float64(46.55),np.float64(44297.55558649369),np.float64(0.0),1.0,
2019-04-08,ORCL,buy,np.float64(824.4473401543587),np.float64(53.73),np.float64(44297.55558649369),np.float64(0.0),1.0,
2019-04-08,PEP,buy,np.float64(363.92996702673094),np.float64(121.72),np.float64(44297.55558649369),np.float64(0.0),1.0,
2019-04-15,ADBE,sell,np.float64(165.9333068118583),np.float64(271.86),np.float64(45110.6287898718),np.float64(0.0),,
2019-04-15,JNJ,sell,np.float64(325.5976154832318),np.float64(136.0),np.float64(44281.27570571952),np.float64(0.0),,
2019-04-15,KO,sell,np.float64(951.6123649085648),np.float64(46.88),np.float64(44611.58766691352),np.float64(0.0),,
2019-04-15,ORCL,sell,np.float64(824.4473401543587),np.float64(54.5),np.float64(44932.38003841255),np.float64(0.0),,
2019-04-15,PEP,sell,np.float64(363.92996702673094),np.float64(122.44),np.float64(44559.585162752934),np.float64(0.0),,
2019-04-15,COST,buy,np.float64(184.5882945292795),np.float64(242.37),np.float64(44738.66494506147),np.float64(0.0),np.float64(0.9999999999999998),
2019-04-15,MU,buy,np.float64(1060.1579370867646),np.float64(42.2),np.float64(44738.66494506147),np.float64(0.0),np.float64(0.9999999999999998),
2019-04-15,NFLX,buy,np.float64(127.56598028303006),np.float64(350.71),np.float64(44738.66494506147),np.float64(0.0),np.float64(0.9999999999999998),
2019-04-15,QCOM,buy,np.float64(782.9657848278172),np.float64(57.14),np.float64(44738.66494506147),np.float64(0.0),np.float64(0.9999999999999998),
2019-04-15,XOM,buy,np.float64(553.0802935475518),np.float64(80.89),np.float64(44738.66494506147),np.float64(0.0),np.float64(0.9999999999999998),
2019-04-22,COST,sell,np.float64(184.5882945292795),np.float64(245.19),np.float64(45259.20393563404),np.float64(0.0),,
2019-04-22,MU,sell,np.float64(1060.1579370867646),np.float64(43.14),np.float64(45735.21340592302),np.float64(0.0),,
2019-04-22,QCOM,sell,np.float64(782.9657848278172),np.float64(79.83),np.float64(62504.158602804644),np.float64(0.0),,
2019-04-22,ADBE,buy,np.float64(181.35404542651077),np.float64(269.82),np.float64(48932.94853698114),np.float64(0.0),np.float64(0.9999999999999998),
2019-04-22,CRM,buy,np.float64(314.78255733020995),np.float64(155.45),np.float64(48932.94853698114),np.float64(0.0),np.float64(0.9999999999999998),
2019-04-22,JNJ,buy,np.float64(357.17480683927835),np.float64(137.0),np.float64(48932.94853698114),np.float64(0.0),np.float64(0.9999999999999998),
2019-04-22,NFLX,buy,np.float64(8.472241949333437),np.float64(359.7),np.float64(3047.465429175237),np.float64(0.0),np.float64(0.9999999999999998),
2019-04-22,XOM,buy,np.float64(44.61053993212496),np.float64(81.87),np.float64(3652.2649042430703),np.float64(0.0),np.float64(0.9999999999999998),
2019-04-29,ADBE,sell,np.float64(181.35404542651077),np.float64(286.46),np.float64(51950.67985287827),np.float64(0.0),,
2019-04-29,CRM,sell,np.float64(314.78255733020995),np.float64(166.71),np.float64(52477.4001325193),np.float64(0.0),,
2019-04-29,JNJ,sell,np.float64(357.17480683927835),np.float64(140.35),np.float64(50129.48413989272),np.float64(0.0),,
2019-04-29,NFLX,sell,np.float64(136.0382222323635),np.float64(373.68),np.float64(50834.76288378959),np.float64(0.0),,
2019-04-29,XOM,sell,np.float64(597.6908334796768),np.float64(80.12),np.float64(47886.98957839171),np.float64(0.0),,
2019-04-29,AVGO,buy,np.float64(162.75499073864),np.float64(311.24),np.float64(50655.86331749432),np.float64(0.0),1.0,
2019-04-29,INTC,buy,np.float64(970.9768701839048),np.float64(52.17),np.float64(50655.86331749432),np.float64(0.0),1.0,
2019-04-29,NVDA,buy,np.float64(283.92950685216255),np.float64(178.41),np.float64(50655.86331749432),np.float64(0.0),1.0,
2019-04-29,TSLA,buy,np.float64(214.77089509664341),np.float64(235.86),np.float64(50655.86331749432),np.float64(0.0),1.0,
2019-04-29,WMT,buy,np.float64(497.21106515012093),np.float64(101.88),np.float64(50655.86331749432),np.float64(0.0),1.0,
2019-05-06,AVGO,sell,np.float64(162.75499073864),np.float64(306.79),np.float64(49931.60360870737),np.float64(0.0),,
2019-05-06,INTC,sell,np.float64(970.9768701839048),np.float64(50.25),np.float64(48791.587726741214),np.float64(0.0),,
2019-05-06,NVDA,sell,np.float64(283.92950685216255),np.float64(175.5),np.float64(49829.62845255453),np.float64(0.0),,
2019-05-06,TSLA,sell,np.float64(214.77089509664341),np.float64(250.02),np.float64(53697.01919206279),np.float64(0.0),,
2019-05-06,WMT,sell,np.float64(497.21106515012093),np.float64(100.75),np.float64(50094.01481387468),np.float64(0.0),,
2019-05-06,CRM,buy,np.float64(318.55971694370004),np.float64(158.62),np.float64(50529.9423016097),np.float64(0.0),1.0,
2019-05-06,CSCO,buy,np.float64(938.1719699519068),np.float64(53.86),np.float64(50529.9423016097),np.float64(0.0),1.0,
2019-05-06,GOOGL,buy,np.float64(43.11428524028131),np.float64(1172.0),np.float64(50529.9423016097),np.float64(0.0),1.0,
2019-05-06,ORCL,buy,np.float64(937.4757384343172),np.float64(53.9),np.float64(50529.9423016097),np.float64(0.0),1.0,
2019-05-06,XOM,buy,np.float64(656.9155265419878),np.float64(76.92),np.float64(50529.9423016097),np.float64(0.0),1.0,
2019-05-13,CRM,sell,np.float64(318.55971694370004),np.float64(154.92),np.float64(49351.27134891801),np.float64(0.0),,
2019-05-13,CSCO,sell,np.float64(938.1719699519068),np.float64(51.83),np.float64(48625.45320260733),np.float64(0.0),,
2019-05-13,GOOGL,sell,np.float64(43.11428524028131),np.float64(1145.24),np.float64(49376.20402857977),np.float64(0.0),,
2019-05-13,ORCL,sell,np.float64(937.4757384343172),np.float64(53.72),np.float64(50361.19666869152),np.float64(0.0),,
2019-05-13,XOM,sell,np.float64(656.9155265419878),np.float64(75.65),np.float64(49695.65958290138),np.float64(0.0),,
2019-05-13,AAPL,buy,np.float64(264.21746453549576),np.float64(187.71),np.float64(49596.260267957914),np.float64(0.0),np.float64(0.9999999999999999),
2019-05-13,AMAT,buy,np.float64(1263.2771336718777),np.float64(39.26),np.float64(49596.260267957914),np.float64(0.0),np.float64(0.9999999999999999),
2019-05-13,INTC,buy,np.float64(1094.115602646325),np.float64(45.33),np.float64(49596.260267957914),np.float64(0.0),np.float64(0.9999999999999999),
2019-05-13,MU,buy,np.float64(1327.5230264442696),np.float64(37.36),np.float64(49596.260267957914),np.float64(0.0),np.float64(0.9999999999999999),
2019-05-13,NVDA,buy,np.float64(303.341041394238),np.float64(163.5),np.float64(49596.260267957914),np.float64(0.0),np.float64(0.9999999999999999),
2019-05-20,AAPL,sell,np.float64(0.7065706765152812),np.float64(183.52),np.float64(129.6698505540844),np.float64(0.0),,
2019-05-20,AMAT,sell,np.float64(1263.2771336718777),np.float64(41.8),np.float64(52804.984187484486),np.float64(0.0),,
2019-05-20,INTC,sell,np.float64(1094.115602646325),np.float64(43.96),np.float64(48097.321892332446),np.float64(0.0),,
2019-05-20,AVGO,buy,np.float64(173.95510518345358),np.float64(278.0),np.float64(48359.5192410001),np.float64(0.0),np.float64(0.9999999999999999),
2019-05-20,MU,buy,np.float64(64.11781502335931),np.float64(34.75),np.float64(2228.094072061736),np.float64(0.0),np.float64(0.9999999999999999),
2019-05-20,NVDA,buy,np.float64(13.666623246863939),np.float64(152.55),np.float64(2084.843376309094),np.float64(0.0),np.float64(0.9999999999999999),
2019-05-20,TSLA,buy,np.float64(238.45916785503005),np.float64(202.8),np.float64(48359.5192410001),np.float64(0.0),np.float64(0.9999999999999999),
2019-05-28,AAPL,sell,np.float64(263.51089385898047),np.float64(178.91),np.float64(47144.73402031019),np.float64(0.0),,
2019-05-28,MU,sell,np.float64(1391.640841467629),np.float64(34.15),np.float64(47524.53473611952),np.float64(0.0),,
2019-05-28,NVDA,sell,np.float64(0.08313296445133733),np.float64(145.86),np.float64(12.125774194872065),np.float64(0.0),,
2019-05-28,AMAT,buy,np.float64(1161.1809141008853),np.float64(39.81),np.float64(46226.612190356245),np.float64(0.0),np.float64(0.9999999999999997),
2019-05-28,AVGO,buy,np.float64(6.216435489096846),np.float64(256.57),np.float64(1594.9508534375777),np.float64(0.0),np.float64(0.9999999999999997),
2019-05-28,QCOM,buy,np.float64(693.6766535167503),np.float64(66.64),np.float64(46226.612190356245),np.float64(0.0),np.float64(0.9999999999999997),
2019-05-28,TSLA,buy,np.float64(3.3118164041554334),np.float64(191.2),np.float64(633.2192964745188),np.float64(0.0),np.float64(0.9999999999999997),
2019-06-03,AMAT,sell,np.float64(1161.1809141008853),np.float64(38.97),np.float64(45251.220222511496),np.float64(0.0),,
2019-06-03,AVGO,sell,np.float64(180.17154067255044),np.float64(252.55),np.float64(45502.32259685262),np.float64(0.0),,
2019-06-03,QCOM,sell,np.float64(693.6766535167503),np.float64(67.09),np.float64(46538.76668443878),np.float64(0.0),,
2019-06-03,JNJ,buy,np.float64(342.6116590402528),np.float64(131.5),np.float64(45053.43316379324),np.float64(0.0),np.float64(0.9999999999999998),
2019-06-03,NVDA,buy,np.float64(14.57008361135799),np.float64(135.91),np.float64(1980.2200636196644),np.float64(0.0),np.float64(0.9999999999999998),
2019-06-03,ORCL,buy,np.float64(891.0884723851511),np.float64(50.56),np.float64(45053.43316379324),np.float64(0.0),np.float64(0.9999999999999998),
2019-06-03,TSLA,buy,np.float64(1.091573898289874),np.float64(185.51),np.float64(202.4978738717545),np.float64(0.0),np.float64(0.9999999999999998),
2019-06-03,XOM,buy,np.float64(633.7520490053909),np.float64(71.09),np.float64(45053.43316379324),np.float64(0.0),np.float64(0.9999999999999998),
2019-06-10,JNJ,sell,np.float64(342.6116590402528),np.float64(138.6),np.float64(47485.975942979036),np.float64(0.0),,
2019-06-10,NVDA,sell,np.float64(331.49461528800856),np.float64(147.76),np.float64(48981.644354956145),np.float64(0.0),,
2019-06-10,ORCL,sell,np.float64(891.0884723851511),np.float64(53.74),np.float64(47887.09450597802),np.float64(0.0),,
2019-06-10,TSLA,sell,np.float64(242.86255815747535),np.float64(210.25),np.float64(51061.85285260919),np.float64(0.0),,
2019-06-10,XOM,sell,np.float64(633.7520490053909),np.float64(75.19),np.float64(47651.81656471534),np.float64(0.0),,
2019-06-10,ADBE,buy,np.float64(173.0147229135438),np.float64(280.98),np.float64(48613.676844247544),np.float64(0.0),np.float64(0.9999999999999999),
2019-06-10,AMZN,buy,np.float64(26.68149113295694),np.float64(1822.0),np.float64(48613.676844247544),np.float64(0.0),np.float64(0.9999999999999999),
2019-06-10,GOOGL,buy,np.float64(45.138047209143494),np.float64(1077.0),np.float64(48613.676844247544),np.float64(0.0),np.float64(0.9999999999999999),
2019-06-10,JPM,buy,np.float64(438.94967805189657),np.float64(110.75),np.float64(48613.676844247544),np.float64(0.0),np.float64(0.9999999999999999),
2019-06-10,META,buy,np.float64(278.18985318596594),np.float64(174.75),np.float64(48613.676844247544),np.float64(0.0),np.float64(0.9999999999999999),
2019-06-17,ADBE,sell,np.float64(173.0147229135438),np.float64(274.63),np.float64(47515.033353746534),np.float64(0.0),,
2019-06-17,AMZN,sell,np.float64(26.68149113295694),np.float64(1876.5),np.float64(50067.8181109937),np.float64(0.0),,
2019-06-17,GOOGL,sell,np.float64(45.138047209143494),np.float64(1089.1),np.float64(49159.84721547818),np.float64(0.0),,
2019-06-17,JPM,sell,np.float64(438.94967805189657),np.float64(109.7),np.float64(48152.779682293054),np.float64(0.0),,
2019-06-17,META,sell,np.float64(278.18985318596594),np.float64(185.01),np.float64(51467.904737935554),np.float64(0.0),,
2019-06-17,AMD,buy,np.float64(1628.848813887253),np.float64(30.25),np.float64(49272.676620089405),np.float64(0.0),np.float64(0.9999999999999999),
2019-06-17,AVGO,buy,np.float64(186.04695899444724),np.float64(264.84),np.float64(49272.676620089405),np.float64(0.0),np.float64(0.9999999999999999),
2019-06-17,CRM,buy,np.float64(328.0471146477324),np.float64(150.2),np.float64(49272.676620089405),np.float64(0.0),np.float64(0.9999999999999999),
2019-06-17,MU,buy,np.float64(1514.2187037519793),np.float64(32.54),np.float64(49272.676620089405),np.float64(0.0),np.float64(0.9999999999999999),
2019-06-17,NFLX,buy,np.float64(143.78206723303688),np.float64(342.69),np.float64(49272.676620089405),np.float64(0.0),np.float64(0.9999999999999999),
2019-06-24,AVGO,sell,np.float64(186.04695899444724),np.float64(275.52),np.float64(51259.658142150096),np.float64(0.0),,
2019-06-24,CRM,sell,np.float64(328.0471146477324),np.float64(157.39),np.float64(51631.335374406604),np.float64(0.0),,
2019-06-24,MU,sell,np.float64(1514.2187037519793),np.float64(33.2),np.float64(50272.06096456572),np.float64(0.0),,
2019-06-24,NFLX,sell,np.float64(143.78206723303688),np.float64(370.27),np.float64(53238.186034376566),np.float64(0.0),,
2019-06-24,AMD,buy,np.float64(108.2051573269934),np.float64(29.32),np.float64(3172.5752128274466),np.float64(0.0),np.float64(0.9999999999999999),
2019-06-24,JNJ,buy,np.float64(357.6072351916986),np.float64(142.42),np.float64(50930.4224360017),np.float64(0.0),np.float64(0.9999999999999999),
2019-06-24,JPM,buy,np.float64(466.05437807468616),np.float64(109.28),np.float64(50930.4224360017),np.float64(0.0),np.float64(0.9999999999999999),
2019-06-24,KO,buy,np.float64(984.3529655199401),np.float64(51.74),np.float64(50930.4224360017),np.float64(0.0),np.float64(0.9999999999999999),
2019-06-24,PEP,buy,np.float64(378.24301846269367),np.float64(134.65),np.float64(50930.4224360017),np.float64(0.0),np.float64(0.9999999999999999),
2019-07-01,AMD,sell,np.float64(1737.0539712142465),np.float64(31.79),np.float64(55220.9457449009),np.float64(0.0),,
2019-07-01,JPM,sell,np.float64(466.05437807468616),np.float64(113.23),np.float64(52771.33722939672),np.float64(0.0),,
2019-07-01,CSCO,buy,np.float64(935.0472308835816),np.float64(55.26),np.float64(51670.70997862672),np.float64(0.0),np.float64(0.9999999999999999),
2019-07-01,GOOGL,buy,np.float64(46.92900346819982),np.float64(1101.04),np.float64(51670.70997862672),np.float64(0.0),np.float64(0.9999999999999999),
2019-07-01,JNJ,buy,np.float64(10.942764655853006),np.float64(140.2),np.float64(1534.1756047505912),np.float64(0.0),np.float64(0.9999999999999999),
2019-07-01,KO,buy,np.float64(26.815527212481143),np.float64(51.1),np.float64(1370.2734405577864),np.float64(0.0),np.float64(0.9999999999999999),
2019-07-01,PEP,buy,np.float64(13.231411256426926),np.float64(131.99),np.float64(1746.41397173579),np.float64(0.0),np.float64(0.9999999999999999),
2019-07-08,CSCO,sell,np.float64(935.0472308835816),np.float64(56.25),np.float64(52596.40673720147),np.float64(0.0),,
2019-07-08,GOOGL,sell,np.float64(46.92900346819982),np.float64(1125.87),np.float64(52835.95713474212),np.float64(0.0),,
2019-07-08,KO,sell,np.float64(1011.1684927324212),np.float64(52.2),np.float64(52782.99532063239),np.float64(0.0),,
2019-07-08,PEP,sell,np.float64(391.4744297191206),np.float64(133.1),np.float64(52105.24659561495),np.float64(0.0),,
2019-07-08,AMAT,buy,np.float64(1215.3926195442175),np.float64(43.16),np.float64(52456.34545952843),np.float64(0.0),np.float64(0.9999999999999999),
2019-07-08,AVGO,buy,np.float64(187.34409092688725),np.float64(280.0),np.float64(52456.34545952843),np.float64(0.0),np.float64(0.9999999999999999),
2019-07-08,JNJ,buy,np.float64(5.870738621602136),np.float64(140.1),np.float64(822.4904808864593),np.float64(0.0),np.float64(0.9999999999999999),
2019-07-08,NVDA,buy,np.float64(332.3597887570704),np.float64(157.83),np.float64(52456.34545952843),np.float64(0.0),np.float64(0.9999999999999999),
2019-07-08,XOM,buy,np.float64(688.9459608553773),np.float64(76.14),np.float64(52456.34545952843),np.float64(0.0),np.float64(0.9999999999999999),
2019-07-15,AMAT,sell,np.float64(1215.3926195442175),np.float64(46.85),np.float64(56941.14422564659),np.float64(0.0),,
2019-07-15,AVGO,sell,np.float64(187.34409092688725),np.float64(291.1035),np.float64(54536.52057313512),np.float64(0.0),,
2019-07-15,NVDA,sell,np.float64(332.3597887570704),np.float64(168.46),np.float64(55989.330014016086),np.float64(0.0),,
2019-07-15,XOM,sell,np.float64(688.9459608553773),np.float64(77.63),np.float64(53482.874941202936),np.float64(0.0),,
2019-07-15,AAPL,buy,np.float64(266.2857671580324),np.float64(204.06),np.float64(54338.27364626809),np.float64(0.0),1.0,
2019-07-15,JNJ,buy,np.float64(26.540548767181047),np.float64(135.52),np.float64(3596.775168928376),np.float64(0.0),1.0,
2019-07-15,KO,buy,np.float64(1039.3701921627408),np.float64(52.28),np.float64(54338.27364626809),np.float64(0.0),1.0,
2019-07-15,NFLX,buy,np.float64(145.7024552106722),np.float64(372.94),np.float64(54338.27364626809),np.float64(0.0),1.0,
2019-07-15,PEP,buy,np.float64(406.7236051367372),np.float64(133.6),np.float64(54338.27364626809),np.float64(0.0),1.0,
2019-07-22,AAPL,sell,np.float64(266.2857671580324),np.float64(203.65),np.float64(54229.0964817333),np.float64(0.0),,
2019-07-22,JNJ,sell,np.float64(3.3690635706366336),np.float64(130.0),np.float64(437.97826418276236),np.float64(0.0),,
2019-07-22,KO,sell,np.float64(1039.3701921627408),np.float64(51.52),np.float64(53548.352300224404),np.float64(0.0),,
2019-07-22,PEP,sell,np.float64(10.62437089242147),np.float64(130.49),np.float64(1386.3741577520777),np.float64(0.0),,
2019-07-22,NFLX,buy,np.float64(19.96097131670201),np.float64(312.0),np.float64(6227.823050811027),np.float64(0.0),np.float64(0.9999999999999999),
2019-07-22,ORCL,buy,np.float64(893.002575614042),np.float64(57.88),np.float64(51686.989076540754),np.float64(0.0),np.float64(0.9999999999999999),
2019-07-22,XOM,buy,np.float64(686.961577306496),np.float64(75.24),np.float64(51686.989076540754),np.float64(0.0),np.float64(0.9999999999999999),
2019-07-29,JNJ,sell,np.float64(397.59222366569816),np.float64(131.0),np.float64(52084.58130020646),np.float64(0.0),,
2019-07-29,NFLX,sell,np.float64(165.6634265273742),np.float64(335.98),np.float64(55659.59804466719),np.float64(0.0),,
2019-07-29,ORCL,sell,np.float64(893.002575614042),np.float64(58.79),np.float64(52499.62142034953),np.float64(0.0),,
2019-07-29,PEP,sell,np.float64(396.0992342443157),np.float64(131.5),np.float64(52087.04930312752),np.float64(0.0),,
2019-07-29,AMZN,buy,np.float64(27.333733987260217),np.float64(1930.0),np.float64(52754.10659541222),np.float64(0.0),np.float64(0.9999999999999999),
2019-07-29,COST,buy,np.float64(187.7303533518815),np.float64(281.01),np.float64(52754.10659541222),np.float64(0.0),np.float64(0.9999999999999999),
2019-07-29,TSLA,buy,np.float64(232.3048421128725),np.float64(227.09),np.float64(52754.10659541222),np.float64(0.0),np.float64(0.9999999999999999),
2019-07-29,WMT,buy,np.float64(467.5124653971306),np.float64(112.84),np.float64(52754.10659541222),np.float64(0.0),np.float64(0.9999999999999999),
2019-07-29,XOM,buy,np.float64(17.553735132235634),np.float64(74.88),np.float64(1314.4236867018042),np.float64(0.0),np.float64(0.9999999999999999),
2019-08-05,COST,sell,np.float64(187.7303533518815),np.float64(270.09),np.float64(50704.091136809664),np.float64(0.0),,
2019-08-05,TSLA,sell,np.float64(232.3048421128725),np.float64(229.6),np.float64(53337.191749115525),np.float64(0.0),,
2019-08-05,WMT,sell,np.float64(467.5124653971306),np.float64(107.91),np.float64(50449.27014100436),np.float64(0.0),,
2019-08-05,XOM,sell,np.float64(704.5153124387316),np.float64(70.78),np.float64(49865.59381441342),np.float64(0.0),,
2019-08-05,AMD,buy,np.float64(1788.6968819552067),np.float64(28.26),np.float64(50548.573884054145),np.float64(0.0),1.0,
2019-08-05,AMZN,buy,np.float64(1.221233126462454),np.float64(1770.22),np.float64(2161.8513051263653),np.float64(0.0),1.0,
2019-08-05,AVGO,buy,np.float64(185.87451327102096),np.float64(271.95),np.float64(50548.573884054145),np.float64(0.0),1.0,
2019-08-05,CRM,buy,np.float64(357.6381341732995),np.float64(141.34),np.float64(50548.573884054145),np.float64(0.0),1.0,
2019-08-05,NVDA,buy,np.float64(328.6643295452155),np.float64(153.8),np.float64(50548.573884054145),np.float64(0.0),1.0,
2019-08-12,AMD,sell,np.float64(1788.6968819552067),np.float64(34.16),np.float64(61101.885487589854),np.float64(0.0),,
2019-08-12,AMZN,sell,np.float64(28.55496711372267),np.float64(1795.99),np.float64(51284.43538657478),np.float64(0.0),,
2019-08-12,AVGO,sell,np.float64(185.87451327102096),np.float64(273.38),np.float64(50814.37443803171),np.float64(0.0),,
2019-08-12,CRM,sell,np.float64(357.6381341732995),np.float64(141.5),np.float64(50605.79598552188),np.float64(0.0),,
2019-08-12,INTC,buy,np.float64(1152.92728380662),np.float64(45.76),np.float64(52757.95250699092),np.float64(0.0),1.0,
2019-08-12,JPM,buy,np.float64(486.51745211168316),np.float64(108.44),np.float64(52757.95250699092),np.float64(0.0),1.0,
2019-08-12,MU,buy,np.float64(1285.211997734249),np.float64(41.05),np.float64(52757.95250699092),np.float64(0.0),1.0,
2019-08-12,NVDA,buy,np.float64(18.2448794697169),np.float64(152.08),np.float64(2774.6812697545465),np.float64(0.0),1.0,
2019-08-12,ORCL,buy,np.float64(982.8232583269546),np.float64(53.68),np.float64(52757.95250699092),np.float64(0.0),1.0,
2019-08-19,INTC,sell,np.float64(1152.92728380662),np.float64(47.46),np.float64(54717.928889462186),np.float64(0.0),,
2019-08-19,JPM,sell,np.float64(486.51745211168316),np.float64(109.63),np.float64(53336.90827500382),np.float64(0.0),,
2019-08-19,MU,sell,np.float64(1285.211997734249),np.float64(44.67),np.float64(57410.41993878891),np.float64(0.0),,
2019-08-19,NVDA,sell,np.float64(346.9092090149324),np.float64(164.12),np.float64(56934.73938353071),np.float64(0.0),,
2019-08-19,ORCL,sell,np.float64(982.8232583269546),np.float64(54.22),np.float64(53288.67706648748),np.float64(0.0),,
2019-08-19,ADBE,buy,np.float64(189.26862114051428),np.float64(291.32),np.float64(55137.73471065462),np.float64(0.0),1.0,
2019-08-19,AMD,buy,np.float64(1723.054209707957),np.float64(32.0),np.float64(55137.73471065462),np.float64(0.0),1.0,
2019-08-19,CSCO,buy,np.float64(1151.1009334165892),np.float64(47.9),np.float64(55137.73471065462),np.float64(0.0),1.0,
2019-08-19,TSLA,buy,np.float64(245.92005133872092),np.float64(224.21),np.float64(55137.73471065462),np.float64(0.0),1.0,
2019-08-19,XOM,buy,np.float64(799.4451893671832),np.float64(68.97),np.float64(55137.73471065462),np.float64(0.0),1.0,
2019-08-26,ADBE,sell,np.float64(189.26862114051428),np.float64(284.86),np.float64(53915.0594180869),np.float64(0.0),,
2019-08-26,CSCO,sell,np.float64(1151.1009334165892),np.float64(47.05),np.float64(54159.29891725052),np.float64(0.0),,
2019-08-26,TSLA,sell,np.float64(245.92005133872092),np.float64(213.6),np.float64(52528.52296595079),np.float64(0.0),,
2019-08-26,XOM,sell,np.float64(799.4451893671832),np.float64(68.12),np.float64(54458.20629969252),np.float64(0.0),,
2019-08-26,AMD,buy,np.float64(39.23024858815508),np.float64(30.34),np.float64(1190.245742164625),np.float64(0.0),1.0,
2019-08-26,INTC,buy,np.float64(1166.9076923767796),np.float64(45.82),np.float64(53467.71046470404),np.float64(0.0),1.0,
2019-08-26,JNJ,buy,np.float64(419.6178815311885),np.float64(127.42),np.float64(53467.71046470404),np.float64(0.0),1.0,
2019-08-26,NFLX,buy,np.float64(181.09914125695718),np.float64(295.24),np.float64(53467.71046470404),np.float64(0.0),1.0,
2019-08-26,ORCL,buy,np.float64(1025.4643357250486),np.float64(52.14),np.float64(53467.71046470404),np.float64(0.0),1.0,
2019-09-03,AMD,sell,np.float64(1762.284458296112),np.float64(30.83),np.float64(54331.22984926913),np.float64(0.0),,
2019-09-03,INTC,sell,np.float64(1166.9076923767796),np.float64(47.12),np.float64(54984.69046479385),np.float64(0.0),,
2019-09-03,NFLX,sell,np.float64(181.09914125695718),np.float64(290.82),np.float64(52667.25226034829),np.float64(0.0),,
2019-09-03,ADBE,buy,np.float64(189.23671615067516),np.float64(284.25),np.float64(53790.53656582942),np.float64(0.0),1.0,
2019-09-03,CSCO,buy,np.float64(1153.560724122441),np.float64(46.63),np.float64(53790.53656582942),np.float64(0.0),1.0,
2019-09-03,JNJ,buy,np.float64(0.6535190925275464),np.float64(127.99),np.float64(83.64390865260066),np.float64(0.0),1.0,
2019-09-03,ORCL,buy,np.float64(10.164015561617147),np.float64(51.94),np.float64(527.9189682703945),np.float64(0.0),1.0,
2019-09-03,XOM,buy,np.float64(792.3189949304672),np.float64(67.89),np.float64(53790.53656582942),np.float64(0.0),1.0,
2019-09-09,CSCO,sell,np.float64(1153.560724122441),np.float64(48.97),np.float64(56489.868660275926),np.float64(0.0),,
2019-09-09,ORCL,sell,np.float64(1035.6283512866657),np.float64(53.62),np.float64(55530.392195991015),np.float64(0.0),,
2019-09-09,XOM,sell,np.float64(792.3189949304672),np.float64(71.16),np.float64(56381.41967925204),np.float64(0.0),,
2019-09-09,ADBE,buy,np.float64(3.710738635619762),np.float64(286.52),np.float64(1063.2008338777741),np.float64(0.0),1.0,
2019-09-09,CRM,buy,np.float64(364.5213289289808),np.float64(151.66),np.float64(55283.30474536922),np.float64(0.0),1.0,
2019-09-09,JNJ,buy,np.float64(11.629417699480939),np.float64(128.0),np.float64(1488.5654655335602),np.float64(0.0),1.0,
2019-09-09,KO,buy,np.float64(1004.6030300812142),np.float64(55.03),np.float64(55283.30474536922),np.float64(0.0),1.0,
2019-09-09,NFLX,buy,np.float64(187.52180979400026),np.float64(294.81),np.float64(55283.30474536922),np.float64(0.0),1.0,
2019-09-16,CRM,sell,np.float64(364.5213289289808),np.float64(151.65),np.float64(55279.65953207994),np.float64(0.0),,
2019-09-16,JNJ,sell,np.float64(431.90081832319703),np.float64(130.11),np.float64(56194.61547203117),np.float64(0.0),,
2019-09-16,NFLX,sell,np.float64(187.52180979400026),np.float64(294.23),np.float64(55174.5420956887),np.float64(0.0),,
2019-09-16,ADBE,buy,np.float64(5.716999831744974),np.float64(276.62),np.float64(1581.4364934572945),np.float64(0.0),np.float64(0.9999999999999997),
2019-09-16,COST,buy,np.float64(189.12675581251392),np.float64(290.57),np.float64(54954.56143644217),np.float64(0.0),np.float64(0.9999999999999997),
2019-09-16,KO,buy,np.float64(11.192929926959389),np.float64(54.1),np.float64(605.5375090485029),np.float64(0.0),np.float64(0.9999999999999997),
2019-09-16,MSFT,buy,np.float64(404.58338685446637),np.float64(135.83),np.float64(54954.56143644217),np.float64(0.0),np.float64(0.9999999999999997),
2019-09-16,PEP,buy,np.float64(402.922218904921),np.float64(136.39),np.float64(54954.56143644217),np.float64(0.0),np.float64(0.9999999999999997),
2019-09-23,ADBE,sell,np.float64(198.66445461803988),np.float64(275.93),np.float64(54817.48296275575),np.float64(0.0),,
2019-09-23,COST,sell,np.float64(189.12675581251392),np.float64(286.35),np.float64(54156.446526913365),np.float64(0.0),,
2019-09-23,KO,sell,np.float64(1015.7959600081737),np.float64(53.91),np.float64(54761.56020404064),np.float64(0.0),,
2019-09-23,MSFT,sell,np.float64(404.58338685446637),np.float64(139.23),np.float64(56330.144951747345),np.float64(0.0),,
2019-09-23,PEP,sell,np.float64(402.922218904921),np.float64(134.96),np.float64(54378.38266340814),np.float64(0.0),,
2019-09-23,AMZN,buy,np.float64(30.888465650969636),np.float64(1777.0),np.float64(54888.803461773045),np.float64(0.0),np.float64(0.9999999999999998),
2019-09-23,INTC,buy,np.float64(1079.850550103739),np.float64(50.83),np.float64(54888.803461773045),np.float64(0.0),np.float64(0.9999999999999998),
2019-09-23,NFLX,buy,np.float64(204.54565377321373),np.float64(268.345),np.float64(54888.803461773045),np.float64(0.0),np.float64(0.9999999999999998),
2019-09-23,NVDA,buy,np.float64(317.8274664839204),np.float64(172.7),np.float64(54888.803461773045),np.float64(0.0),np.float64(0.9999999999999998),
2019-09-23,QCOM,buy,np.float64(715.9097882062481),np.float64(76.67),np.float64(54888.803461773045),np.float64(0.0),np.float64(0.9999999999999998),
2019-09-30,INTC,sell,np.float64(1079.850550103739),np.float64(51.19),np.float64(55277.54965981039),np.float64(0.0),,
2019-09-30,NFLX,sell,np.float64(204.54565377321373),np.float64(264.0),np.float64(54000.05259612842),np.float64(0.0),,
2019-09-30,NVDA,sell,np.float64(317.8274664839204),np.float64(172.81),np.float64(54923.76448308628),np.float64(0.0),,
2019-09-30,QCOM,sell,np.float64(715.9097882062481),np.float64(76.89),np.float64(55046.30361517842),np.float64(0.0),,
2019-09-30,AMZN,buy,np.float64(0.6799558973626155),np.float64(1726.99),np.float64(1174.2770351862634),np.float64(0.0),np.float64(0.9999999999999999),
2019-09-30,AVGO,buy,np.float64(197.6806567669397),np.float64(275.79),np.float64(54518.348329754306),np.float64(0.0),np.float64(0.9999999999999999),
2019-09-30,CRM,buy,np.float64(368.4917088864773),np.float64(147.95),np.float64(54518.348329754306),np.float64(0.0),np.float64(0.9999999999999999),
2019-09-30,META,buy,np.float64(306.2828557851366),np.float64(178.0),np.float64(54518.348329754306),np.float64(0.0),np.float64(0.9999999999999999),
2019-09-30,MU,buy,np.float64(1267.8685658082397),np.float64(43.0),np.float64(54518.348329754306),np.float64(0.0),np.float64(0.9999999999999999),
2019-10-07,AMZN,sell,np.float64(31.56842154833225),np.float64(1731.63),np.float64(54664.825805738576),np.float64(0.0),,
2019-10-07,AVGO,sell,np.float64(197.6806567669397),np.float64(280.01),np.float64(55352.56070131079),np.float64(0.0),,
2019-10-07,CRM,sell,np.float64(368.4917088864773),np.float64(147.28),np.float64(54271.45888480038),np.float64(0.0),,
2019-10-07,META,sell,np.float64(306.2828557851366),np.float64(180.0),np.float64(55130.914041324584),np.float64(0.0),,
2019-10-07,MU,sell,np.float64(1267.8685658082397),np.float64(44.3),np.float64(56166.57746530502),np.float64(0.0),,
2019-10-07,CSCO,buy,np.float64(1161.096848108192),np.float64(47.47),np.float64(55117.26737969588),np.float64(0.0),1.0,
2019-10-07,GOOGL,buy,np.float64(45.66467885641746),np.float64(1207.0),np.float64(55117.26737969588),np.float64(0.0),1.0,
2019-10-07,JPM,buy,np.float64(482.80717746755323),np.float64(114.16),np.float64(55117.26737969588),np.float64(0.0),1.0,
2019-10-07,TSLA,buy,np.float64(239.8488571788332),np.float64(229.8),np.float64(55117.26737969588),np.float64(0.0),1.0,
2019-10-07,XOM,buy,np.float64(802.2891903885862),np.float64(68.7),np.float64(55117.26737969588),np.float64(0.0),1.0,
2019-10-14,GOOGL,sell,np.float64(45.66467885641746),np.float64(1213.89),np.float64(55431.89701701659),np.float64(0.0),,
2019-10-14,JPM,sell,np.float64(482.80717746755323),np.float64(115.85),np.float64(55933.21150961604),np.float64(0.0),,
2019-10-14,TSLA,sell,np.float64(239.8488571788332),np.float64(247.9),np.float64(59458.53169463276),np.float64(0.0),,
2019-10-14,XOM,sell,np.float64(802.2891903885862),np.float64(68.6),np.float64(55037.03846065701),np.float64(0.0),,
2019-10-14,AMZN,buy,np.float64(32.37990837711144),np.float64(1728.91),np.float64(55981.947392271744),np.float64(0.0),np.float64(0.9999999999999999),
2019-10-14,CSCO,buy,np.float64(41.5228595668188),np.float64(46.55),np.float64(1932.889112835415),np.float64(0.0),np.float64(0.9999999999999999),
2019-10-14,JNJ,buy,np.float64(426.17195030657535),np.float64(131.36),np.float64(55981.947392271744),np.float64(0.0),np.float64(0.9999999999999999),
2019-10-14,KO,buy,np.float64(1046.5871638113993),np.float64(53.49),np.float64(55981.947392271744),np.float64(0.0),np.float64(0.9999999999999999),
2019-10-14,PEP,buy,np.float64(406.137169125593),np.float64(137.84),np.float64(55981.947392271744),np.float64(0.0),np.float64(0.9999999999999999),
2019-10-21,AMZN,sell,np.float64(32.37990837711144),np.float64(1769.66),np.float64(57301.42865863904),np.float64(0.0),,
2019-10-21,CSCO,sell,np.float64(1202.6197076750109),np.float64(47.14),np.float64(56691.493019800015),np.float64(0.0),,
2019-10-21,KO,sell,np.float64(1046.5871638113993),np.float64(54.42),np.float64(56955.27345461635),np.float64(0.0),,
2019-10-21,PEP,sell,np.float64(406.137169125593),np.float64(136.34),np.float64(55372.74163858335),np.float64(0.0),,
2019-10-21,ADBE,buy,np.float64(211.69030728275104),np.float64(265.63),np.float64(56231.296323517156),np.float64(0.0),1.0,
2019-10-21,CRM,buy,np.float64(390.22412438249245),np.float64(144.1),np.float64(56231.296323517156),np.float64(0.0),1.0,
2019-10-21,JNJ,buy,np.float64(10.847528387115203),np.float64(128.67),np.float64(1395.751477570113),np.float64(0.0),1.0,
2019-10-21,ORCL,buy,np.float64(1021.2730897841836),np.float64(55.06),np.float64(56231.296323517156),np.float64(0.0),1.0,
2019-10-21,XOM,buy,np.float64(829.1255724493831),np.float64(67.82),np.float64(56231.296323517156),np.float64(0.0),1.0,
2019-10-28,ADBE,sell,np.float64(211.69030728275104),np.float64(271.58),np.float64(57490.853651849524),np.float64(0.0),,
2019-10-28,CRM,sell,np.float64(390.22412438249245),np.float64(151.2),np.float64(59001.88760663285),np.float64(0.0),,
2019-10-28,JNJ,sell,np.float64(437.01947869369053),np.float64(128.61),np.float64(56205.075154795544),np.float64(0.0),,
2019-10-28,XOM,sell,np.float64(829.1255724493831),np.float64(69.46),np.float64(57591.06226233414),np.float64(0.0),,
2019-10-28,COST,buy,np.float64(193.30069063603815),np.float64(295.7),np.float64(57159.01422107648),np.float64(0.0),np.float64(0.9999999999999998),
2019-10-28,KO,buy,np.float64(1063.621403443924),np.float64(53.74),np.float64(57159.01422107648),np.float64(0.0),np.float64(0.9999999999999998),
2019-10-28,ORCL,buy,np.float64(30.410704531851255),np.float64(54.35),np.float64(1652.8217913061158),np.float64(0.0),np.float64(0.9999999999999998),
2019-10-28,PEP,buy,np.float64(418.5940257859867),np.float64(136.55),np.float64(57159.01422107648),np.float64(0.0),np.float64(0.9999999999999998),
2019-10-28,WMT,buy,np.float64(479.32087397129123),np.float64(119.25),np.float64(57159.01422107648),np.float64(0.0),np.float64(0.9999999999999998),
2019-11-04,COST,sell,np.float64(0.07738313315711505),np.float64(297.16),np.float64(22.99517184896831),np.float64(0.0),,
2019-11-04,ORCL,sell,np.float64(1051.683794316035),np.float64(55.26),np.float64(58116.04647390408),np.float64(0.0),,
2019-11-04,KO,buy,np.float64(0.46751533954765645),np.float64(53.96),np.float64(25.227127721991543),np.float64(0.0),np.float64(0.9999999999999992),
2019-11-04,PEP,buy,np.float64(1.1299366230493333),np.float64(136.8),np.float64(154.57533003314882),np.float64(0.0),np.float64(0.9999999999999992),
2019-11-04,TSLA,buy,np.float64(182.39592775589608),np.float64(314.8),np.float64(57418.23805755609),np.float64(0.0),np.float64(0.9999999999999992),
2019-11-04,WMT,buy,np.float64(5.630460974284191),np.float64(118.4),np.float64(666.6465793552483),np.float64(0.0),np.float64(0.9999999999999992),
2019-11-11,COST,sell,np.float64(193.22330750288103),np.float64(301.55),np.float64(58266.48837749378),np.float64(0.0),,
2019-11-11,TSLA,sell,np.float64(182.39592775589608),np.float64(343.95),np.float64(62735.07935164045),np.float64(0.0),,
2019-11-11,WMT,sell,np.float64(484.9513349455754),np.float64(118.7),np.float64(57563.7234580398),np.float64(0.0),,
2019-11-11,AMZN,buy,np.float64(32.630477280808456),np.float64(1778.0),np.float64(58016.98860527743),np.float64(0.0),1.0,
2019-11-11,KO,buy,np.float64(44.58657529788576),np.float64(52.33),np.float64(2333.2154853383618),np.float64(0.0),1.0,
2019-11-11,META,buy,np.float64(305.6582298365599),np.float64(189.81),np.float64(58016.98860527743),np.float64(0.0),1.0,
2019-11-11,MU,buy,np.float64(1241.8019821335067),np.float64(46.72),np.float64(58016.98860527743),np.float64(0.0),1.0,
2019-11-11,PEP,buy,np.float64(16.395624190057635),np.float64(133.03),np.float64(2181.109886003367),np.float64(0.0),1.0,
2019-11-18,KO,sell,np.float64(1108.6754940813573),np.float64(52.68),np.float64(58405.025028205906),np.float64(0.0),,
2019-11-18,META,sell,np.float64(305.6582298365599),np.float64(194.54),np.float64(59462.75203240436),np.float64(0.0),,
2019-11-18,MU,sell,np.float64(1241.8019821335067),np.float64(47.95),np.float64(59544.40504330165),np.float64(0.0),,
2019-11-18,PEP,sell,np.float64(436.1195865990936),np.float64(134.0),np.float64(58440.024604278544),np.float64(0.0),,
2019-11-18,AMZN,buy,np.float64(1.0315793682647558),np.float64(1738.3),np.float64(1793.1944158546248),np.float64(0.0),1.0,
2019-11-18,CSCO,buy,np.float64(1300.9060265247658),np.float64(44.98),np.float64(58514.753073083964),np.float64(0.0),1.0,
2019-11-18,QCOM,buy,np.float64(644.3646412629001),np.float64(90.81),np.float64(58514.753073083964),np.float64(0.0),1.0,
2019-11-18,WMT,buy,np.float64(494.003825015483),np.float64(118.45),np.float64(58514.753073083964),np.float64(0.0),1.0,
2019-11-18,XOM,buy,np.float64(851.7431306125759),np.float64(68.7),np.float64(58514.753073083964),np.float64(0.0),1.0,
2019-11-25,AMZN,sell,np.float64(33.662056649073214),np.float64(1753.25),np.float64(59018.00081998761),np.float64(0.0),,
2019-11-25,CSCO,sell,np.float64(1300.9060265247658),np.float64(45.0),np.float64(58540.77119361446),np.float64(0.0),,
2019-11-25,WMT,sell,np.float64(494.003825015483),np.float64(120.0),np.float64(59280.45900185796),np.float64(0.0),,
2019-11-25,XOM,sell,np.float64(851.7431306125759),np.float64(69.37),np.float64(59085.420970594394),np.float64(0.0),,
2019-11-25,AMAT,buy,np.float64(1028.560097565386),np.float64(56.62),np.float64(58237.07272415215),np.float64(0.0),1.0,
2019-11-25,GOOGL,buy,np.float64(44.92699977176813),np.float64(1296.26),np.float64(58237.07272415215),np.float64(0.0),1.0,
2019-11-25,MU,buy,np.float64(1263.2770655998297),np.float64(46.1),np.float64(58237.07272415215),np.float64(0.0),1.0,
2019-11-25,QCOM,buy,np.float64(34.70570300193368),np.float64(85.76),np.float64(2976.3610894458325),np.float64(0.0),1.0,
2019-11-25,TSLA,buy,np.float64(169.13647979830435),np.float64(344.32),np.float64(58237.07272415215),np.float64(0.0),1.0,
2019-12-02,AMAT,sell,np.float64(1028.560097565386),np.float64(58.14),np.float64(59800.484072451545),np.float64(0.0),,
2019-12-02,GOOGL,sell,np.float64(44.92699977176813),np.float64(1302.56),np.float64(58520.11282271429),np.float64(0.0),,
2019-12-02,MU,sell,np.float64(1263.2770655998297),np.float64(47.57),np.float64(60094.0900105839),np.float64(0.0),,
2019-12-02,COST,buy,np.float64(194.26626913272523),np.float64(299.75),np.float64(58231.31417253439),np.float64(0.0),1.0,
2019-12-02,QCOM,buy,np.float64(14.324680414070533),np.float64(83.98),np.float64(1202.9866611736434),np.float64(0.0),1.0,
2019-12-02,TSLA,buy,np.float64(7.643466080670727),np.float64(329.4),np.float64(2517.7577269729372),np.float64(0.0),1.0,
2019-12-02,WMT,buy,np.float64(488.7227374950431),np.float64(119.15),np.float64(58231.31417253439),np.float64(0.0),1.0,
2019-12-02,XOM,buy,np.float64(850.092177701232),np.float64(68.5),np.float64(58231.31417253439),np.float64(0.0),1.0,
2019-12-09,QCOM,sell,np.float64(693.3950246789043),np.float64(84.0),np.float64(58245.18207302796),np.float64(0.0),,
2019-12-09,TSLA,sell,np.float64(176.77994587897507),np.float64(336.59),np.float64(59502.36198340421),np.float64(0.0),,
2019-12-09,WMT,sell,np.float64(488.7227374950431),np.float64(119.57),np.float64(58436.577722282294),np.float64(0.0),,
2019-12-09,XOM,sell,np.float64(850.092177701232),np.float64(69.08),np.float64(58724.367635601106),np.float64(0.0),,
2019-12-09,AMZN,buy,np.float64(33.46234754602753),np.float64(1750.66),np.float64(58581.19335492855),np.float64(0.0),1.0,
2019-12-09,COST,buy,np.float64(4.314047324659709),np.float64(295.0),np.float64(1272.6439607746142),np.float64(0.0),1.0,
2019-12-09,CRM,buy,np.float64(372.2276868403136),np.float64(157.38),np.float64(58581.19335492855),np.float64(0.0),1.0,
2019-12-09,CSCO,buy,np.float64(1334.7275770090807),np.float64(43.89),np.float64(58581.19335492855),np.float64(0.0),1.0,
2019-12-09,ORCL,buy,np.float64(1068.2201559979678),np.float64(54.84),np.float64(58581.19335492855),np.float64(0.0),1.0,
2019-12-16,AMZN,sell,np.float64(33.46234754602753),np.float64(1767.0),np.float64(59127.96811383065),np.float64(0.0),,
2019-12-16,CRM,sell,np.float64(372.2276868403136),np.float64(160.85),np.float64(59872.82342826444),np.float64(0.0),,
2019-12-16,CSCO,sell,np.float64(1334.7275770090807),np.float64(45.8),np.float64(61130.52302701589),np.float64(0.0),,
2019-12-16,COST,buy,np.float64(3.8950665543664544),np.float64(293.03),np.float64(1141.371352426002),np.float64(0.0),1.0,
2019-12-16,KO,buy,np.float64(1084.6684000719104),np.float64(54.7),np.float64(59331.3614839335),np.float64(0.0),1.0,
2019-12-16,META,buy,np.float64(303.8426869664234),np.float64(195.27),np.float64(59331.3614839335),np.float64(0.0),1.0,
2019-12-16,NFLX,buy,np.float64(197.21243637671097),np.float64(300.85),np.float64(59331.3614839335),np.float64(0.0),1.0,
2019-12-16,ORCL,buy,np.float64(18.235831622129222),np.float64(54.61),np.float64(995.8587648844768),np.float64(0.0),1.0,
2019-12-23,KO,sell,np.float64(1084.6684000719104),np.float64(55.0),np.float64(59656.76200395507),np.float64(0.0),,
2019-12-23,META,sell,np.float64(303.8426869664234),np.float64(206.7),np.float64(62804.28339595971),np.float64(0.0),,
2019-12-23,NFLX,sell,np.float64(197.21243637671097),np.float64(337.76),np.float64(66610.4725105979),np.float64(0.0),,
2019-12-23,COST,buy,np.float64(5.772487084431579),np.float64(294.91),np.float64(1702.3641660697172),np.float64(0.0),np.float64(0.9999999999999997),
2019-12-23,GOOGL,buy,np.float64(45.19984056439859),np.float64(1358.73),np.float64(61414.3793700653),np.float64(0.0),np.float64(0.9999999999999997),
2019-12-23,ORCL,buy,np.float64(58.26683381634884),np.float64(53.65),np.float64(3126.0156342471155),np.float64(0.0),np.float64(0.9999999999999997),
2019-12-23,PEP,buy,np.float64(446.0336943137867),np.float64(137.69),np.float64(61414.3793700653),np.float64(0.0),np.float64(0.9999999999999997),
2019-12-23,WMT,buy,np.float64(511.1475603001689),np.float64(120.15),np.float64(61414.3793700653),np.float64(0.0),np.float64(0.9999999999999997),
2019-12-30,COST,sell,np.float64(0.2732939848031163),np.float64(294.2),np.float64(80.4030903290768),np.float64(0.0),,
2019-12-30,GOOGL,sell,np.float64(0.10427059368201866),np.float64(1356.81),np.float64(141.47538421369973),np.float64(0.0),,
2019-12-30,ORCL,sell,np.float64(1144.7228214364459),np.float64(53.4),np.float64(61128.19866470621),np.float64(0.0),,
2019-12-30,PEP,sell,np.float64(446.0336943137867),np.float64(136.7),np.float64(60972.806012694644),np.float64(0.0),,
2019-12-30,WMT,sell,np.float64(0.4119985975983685),np.float64(119.8),np.float64(49.357431992284546),np.float64(0.0),,
2019-12-30,AVGO,buy,np.float64(193.30885976231502),np.float64(316.52),np.float64(61186.12029196795),np.float64(0.0),1.0,
2019-12-30,NFLX,buy,np.float64(185.93083837355036),np.float64(329.08),np.float64(61186.12029196795),np.float64(0.0),1.0,
2020-01-06,AVGO,sell,np.float64(193.30885976231502),np.float64(310.845),np.float64(60089.09251281682),np.float64(0.0),,
2020-01-06,COST,sell,np.float64(0.42181042733763113),np.float64(290.55),np.float64(122.55701966294873),np.float64(0.0),,
2020-01-06,GOOGL,sell,np.float64(45.095569970716575),np.float64(1351.63),np.float64(60952.52523951965),np.float64(0.0),,
2020-01-06,JNJ,buy,np.float64(419.3633940855247),np.float64(143.8),np.float64(60304.45606949846),np.float64(0.0),np.float64(0.9999999999999998),
2020-01-06,NFLX,buy,np.float64(0.7009271299730172),np.float64(323.12),np.float64(226.48357423688134),np.float64(0.0),np.float64(0.9999999999999998),
2020-01-06,PEP,buy,np.float64(445.7092096784808),np.float64(135.3),np.float64(60304.45606949846),np.float64(0.0),np.float64(0.9999999999999998),
2020-01-06,WMT,buy,np.float64(2.79978760764381),np.float64(117.43),np.float64(328.77905876561266),np.float64(0.0),np.float64(0.9999999999999998),
2020-01-13,COST,sell,np.float64(207.55276568404224),np.float64(296.92),np.float64(61626.56718690583),np.float64(0.0),,
2020-01-13,JNJ,sell,np.float64(419.3633940855247),np.float64(145.48),np.float64(61008.98657156213),np.float64(0.0),,
2020-01-13,NFLX,sell,np.float64(186.63176550352338),np.float64(331.8),np.float64(61924.41979406906),np.float64(0.0),,
2020-01-13,AVGO,buy,np.float64(202.8797830734399),np.float64(300.02),np.float64(60867.992517693434),np.float64(0.0),1.0,
2020-01-13,JPM,buy,np.float64(446.93437490045847),np.float64(136.19),np.float64(60867.992517693434),np.float64(0.0),1.0,
2020-01-13,PEP,buy,np.float64(6.336780055595896),np.float64(134.65),np.float64(853.2474344859875),np.float64(0.0),1.0,
2020-01-13,WMT,buy,np.float64(9.47541300026374),np.float64(116.38),np.float64(1102.7485649706941),np.float64(0.0),1.0,
2020-01-13,XOM,buy,np.float64(879.5952675967259),np.float64(69.2),np.float64(60867.992517693434),np.float64(0.0),1.0,
2020-01-21,AVGO,sell,np.float64(202.8797830734399),np.float64(307.8),np.float64(62446.397230004804),np.float64(0.0),,
2020-01-21,PEP,sell,np.float64(452.0459897340767),np.float64(140.61),np.float64(63562.18661650854),np.float64(0.0),,
2020-01-21,AMZN,buy,np.float64(32.965366047241716),np.float64(1865.0),np.float64(61480.4076781058),np.float64(0.0),1.0,
2020-01-21,JPM,buy,np.float64(1.2062160909097384),np.float64(137.19),np.float64(165.48078551190702),np.float64(0.0),1.0,
2020-01-21,ORCL,buy,np.float64(1118.2322240470319),np.float64(54.98),np.float64(61480.4076781058),np.float64(0.0),1.0,
2020-01-21,WMT,buy,np.float64(13.514306876238066),np.float64(114.59),np.float64(1548.6044249481201),np.float64(0.0),1.0,
2020-01-21,XOM,buy,np.float64(19.50399648788673),np.float64(68.38),np.float64(1333.6832798416945),np.float64(0.0),1.0,
2020-01-27,AMZN,sell,np.float64(32.965366047241716),np.float64(1820.0),np.float64(59996.96620597992),np.float64(0.0),,
2020-01-27,WMT,sell,np.float64(10.828992809530172),np.float64(113.13),np.float64(1225.0839565421484),np.float64(0.0),,
2020-01-27,JPM,buy,np.float64(8.388134889886436),np.float64(130.27),np.float64(1092.722332105506),np.float64(0.0),np.float64(0.9999999999999998),
2020-01-27,META,buy,np.float64(279.08023050469745),np.float64(213.1),np.float64(59471.99712055103),np.float64(0.0),np.float64(0.9999999999999998),
2020-01-27,ORCL,buy,np.float64(0.0828778813443411),np.float64(53.18),np.float64(4.40744572989206),np.float64(0.0),np.float64(0.9999999999999998),
2020-01-27,XOM,buy,np.float64(9.980484013079892),np.float64(65.42),np.float64(652.9232641356865),np.float64(0.0),np.float64(0.9999999999999998),
2020-02-03,JPM,sell,np.float64(456.5287258812546),np.float64(132.66),np.float64(60563.100775407234),np.float64(0.0),,
2020-02-03,ORCL,sell,np.float64(1118.3151019283762),np.float64(52.73),np.float64(58968.755324683276),np.float64(0.0),,
2020-02-03,WMT,sell,np.float64(525.6960763771859),np.float64(114.9),np.float64(60402.47917573867),np.float64(0.0),,
2020-02-03,CSCO,buy,np.float64(1260.8178116721604),np.float64(46.4),np.float64(58501.94646158824),np.float64(0.0),1.0,
2020-02-03,INTC,buy,np.float64(907.6401592054649),np.float64(64.455),np.float64(58501.94646158824),np.float64(0.0),1.0,
2020-02-03,META,buy,np.float64(8.483407234135802),np.float64(203.44),np.float64(1725.8643677125874),np.float64(0.0),1.0,
2020-02-03,MU,buy,np.float64(1098.555897013121),np.float64(53.2535),np.float64(58501.94646158824),np.float64(0.0),1.0,
2020-02-03,XOM,buy,np.float64(44.031142446267005),np.float64(61.38),np.float64(2702.631523351869),np.float64(0.0),1.0,
2020-02-10,CSCO,sell,np.float64(1260.8178116721604),np.float64(47.99),np.float64(60506.64678214698),np.float64(0.0),,
2020-02-10,INTC,sell,np.float64(907.6401592054649),np.float64(65.56),np.float64(59504.88883751028),np.float64(0.0),,
2020-02-10,META,sell,np.float64(287.5636377388333),np.float64(211.52),np.float64(60825.46065451802),np.float64(0.0),,
2020-02-10,MU,sell,np.float64(1098.555897013121),np.float64(56.3),np.float64(61848.69700183871),np.float64(0.0),,
2020-02-10,JNJ,buy,np.float64(397.4928371089447),np.float64(151.68),np.float64(60291.713532684735),np.float64(0.0),1.0,
2020-02-10,KO,buy,np.float64(1016.3808754667015),np.float64(59.32),np.float64(60291.713532684735),np.float64(0.0),1.0,
2020-02-10,PEP,buy,np.float64(413.15503003278786),np.float64(145.93),np.float64(60291.713532684735),np.float64(0.0),1.0,
2020-02-10,WMT,buy,np.float64(520.8787346236262),np.float64(115.75),np.float64(60291.713532684735),np.float64(0.0),1.0,
2020-02-10,XOM,buy,np.float64(43.775907284822416),np.float64(60.48),np.float64(2647.5668725860596),np.float64(0.0),1.0,
2020-02-18,KO,sell,np.float64(1016.3808754667015),np.float64(59.81),np.float64(60789.740161663416),np.float64(0.0),,
2020-02-18,PEP,sell,np.float64(1.1490910621781514),np.float64(147.11),np.float64(169.04278615702788),np.float64(0.0),,
2020-02-18,WMT,sell,np.float64(9.270785928037489),np.float64(118.47),np.float64(1098.3100088946012),np.float64(0.0),,
2020-02-18,XOM,sell,np.float64(996.886797828782),np.float64(60.15),np.float64(59962.74088940124),np.float64(0.0),,
2020-02-18,CSCO,buy,np.float64(1294.5363879104314),np.float64(46.82),np.float64(60610.1936819664),np.float64(0.0),1.0,
2020-02-18,JNJ,buy,np.float64(5.312995827630037),np.float64(150.47),np.float64(799.4464821834918),np.float64(0.0),1.0,
2020-02-18,JPM,buy,np.float64(441.3149387066142),np.float64(137.34),np.float64(60610.1936819664),np.float64(0.0),1.0,
2020-02-24,CSCO,sell,np.float64(1294.5363879104314),np.float64(45.0),np.float64(58254.13745596941),np.float64(0.0),,
2020-02-24,JNJ,sell,np.float64(402.80583293657475),np.float64(146.5),np.float64(59011.0545252082),np.float64(0.0),,
2020-02-24,JPM,sell,np.float64(441.3149387066142),np.float64(131.44),np.float64(58006.43554359737),np.float64(0.0),,
2020-02-24,PEP,sell,np.float64(412.0059389706097),np.float64(145.86),np.float64(60095.18625825313),np.float64(0.0),,
2020-02-24,WMT,sell,np.float64(511.60794869558873),np.float64(117.46),np.float64(60093.469653783846),np.float64(0.0),,
2020-02-24,AAPL,buy,np.float64(199.04659152129565),np.float64(297.26),np.float64(59168.58979562035),np.float64(0.0),1.0,
2020-02-24,AMAT,buy,np.float64(967.914114111244),np.float64(61.13),np.float64(59168.58979562035),np.float64(0.0),1.0,
2020-02-24,AVGO,buy,np.float64(201.11689257518813),np.float64(294.2),np.float64(59168.58979562035),np.float64(0.0),1.0,
2020-02-24,INTC,buy,np.float64(960.3185956912097),np.float64(61.6135),np.float64(59168.58979562035),np.float64(0.0),1.0,
2020-02-24,XOM,buy,np.float64(1026.8759075949383),np.float64(57.62),np.float64(59168.58979562035),np.float64(0.0),1.0,
2020-03-02,AAPL,sell,np.float64(199.04659152129565),np.float64(282.28),np.float64(56186.87185463133),np.float64(0.0),,
2020-03-02,AMAT,sell,np.float64(967.914114111244),np.float64(58.7),np.float64(56816.55849833002),np.float64(0.0),,
2020-03-02,AVGO,sell,np.float64(201.11689257518813),np.float64(276.76),np.float64(55661.11118910906),np.float64(0.0),,
2020-03-02,XOM,sell,np.float64(1026.8759075949383),np.float64(52.59),np.float64(54003.40398041781),np.float64(0.0),,
2020-03-02,COST,buy,np.float64(187.64034776260075),np.float64(294.44),np.float64(55248.82399522016),np.float64(0.0),1.0,
2020-03-02,CSCO,buy,np.float64(1376.0603734799543),np.float64(40.15),np.float64(55248.82399522016),np.float64(0.0),1.0,
2020-03-02,INTC,buy,np.float64(29.9811712064452),np.float64(55.79),np.float64(1672.6495416075777),np.float64(0.0),1.0,
2020-03-02,JPM,buy,np.float64(473.7102288881091),np.float64(116.63),np.float64(55248.82399522016),np.float64(0.0),1.0,
2020-03-02,TSLA,buy,np.float64(77.67739503869213),np.float64(711.26),np.float64(55248.82399522016),np.float64(0.0),1.0,
2020-03-09,COST,sell,np.float64(187.64034776260075),np.float64(295.73),np.float64(55490.880043833924),np.float64(0.0),,
2020-03-09,CSCO,sell,np.float64(1376.0603734799543),np.float64(36.9),np.float64(50776.62778141031),np.float64(0.0),,
2020-03-09,INTC,sell,np.float64(990.2997668976549),np.float64(51.92),np.float64(51416.36389732624),np.float64(0.0),,
2020-03-09,TSLA,sell,np.float64(77.67739503869213),np.float64(606.26),np.float64(47092.69751615749),np.float64(0.0),,
2020-03-09,CRM,buy,np.float64(330.2871009129238),np.float64(151.7),np.float64(50104.553208490535),np.float64(0.0),np.float64(0.9999999999999999),
2020-03-09,JPM,buy,np.float64(45.13157714368697),np.float64(96.57),np.float64(4358.35640476585),np.float64(0.0),np.float64(0.9999999999999999),
2020-03-09,META,buy,np.float64(295.39295606939356),np.float64(169.62),np.float64(50104.553208490535),np.float64(0.0),np.float64(0.9999999999999999),
2020-03-09,ORCL,buy,np.float64(1114.6730413457294),np.float64(44.95),np.float64(50104.553208490535),np.float64(0.0),np.float64(0.9999999999999999),
2020-03-09,XOM,buy,np.float64(1201.2599666384688),np.float64(41.71),np.float64(50104.553208490535),np.float64(0.0),np.float64(0.9999999999999999),
2020-03-16,CRM,sell,np.float64(330.2871009129238),np.float64(134.01),np.float64(44261.774393340915),np.float64(0.0),,
2020-03-16,JPM,sell,np.float64(518.8418060317961),np.float64(85.2),np.float64(44205.32187390903),np.float64(0.0),,
2020-03-16,META,sell,np.float64(295.39295606939356),np.float64(152.32),np.float64(44994.25506849003),np.float64(0.0),,
2020-03-16,ORCL,sell,np.float64(1114.6730413457294),np.float64(42.51),np.float64(47384.75098760695),np.float64(0.0),,
2020-03-16,AVGO,buy,np.float64(213.43975903132892),np.float64(208.18),np.float64(44433.889035142056),np.float64(0.0),1.0,
2020-03-16,KO,buy,np.float64(1051.9386608698403),np.float64(42.24),np.float64(44433.889035142056),np.float64(0.0),1.0,
2020-03-16,MU,buy,np.float64(1189.6623570319157),np.float64(37.35),np.float64(44433.889035142056),np.float64(0.0),1.0,
2020-03-16,TSLA,buy,np.float64(94.64093168779885),np.float64(469.4997),np.float64(44433.889035142056),np.float64(0.0),1.0,
2020-03-16,XOM,buy,np.float64(90.42285415054447),np.float64(34.4),np.float64(3110.5461827787294),np.float64(0.0),1.0,
2020-03-23,AVGO,sell,np.float64(213.43975903132892),np.float64(192.8835),np.float64(41169.007761119334),np.float64(0.0),,
2020-03-23,MU,sell,np.float64(1189.6623570319157),np.float64(36.99),np.float64(44005.610586610564),np.float64(0.0),,
2020-03-23,TSLA,sell,np.float64(94.64093168779885),np.float64(433.6),np.float64(41036.30797982959),np.float64(0.0),,
2020-03-23,XOM,sell,np.float64(1291.6828207890132),np.float64(32.53),np.float64(42018.442160266604),np.float64(0.0),,
2020-03-23,AMAT,buy,np.float64(1085.356783160914),np.float64(38.64),np.float64(41938.18610133771),np.float64(0.0),np.float64(0.9999999999999998),
2020-03-23,JPM,buy,np.float64(507.2349552653327),np.float64(82.68),np.float64(41938.18610133771),np.float64(0.0),np.float64(0.9999999999999998),
2020-03-23,KO,buy,np.float64(30.197479017599104),np.float64(38.755),np.float64(1170.3032993270533),np.float64(0.0),np.float64(0.9999999999999998),
2020-03-23,PEP,buy,np.float64(395.6432651069596),np.float64(106.0),np.float64(41938.18610133771),np.float64(0.0),np.float64(0.9999999999999998),
2020-03-23,QCOM,buy,np.float64(681.367767690296),np.float64(61.55),np.float64(41938.18610133771),np.float64(0.0),np.float64(0.9999999999999998),
2020-03-30,AMAT,sell,np.float64(1085.356783160914),np.float64(45.4),np.float64(49275.197955505486),np.float64(0.0),,
2020-03-30,JPM,sell,np.float64(507.2349552653327),np.float64(90.65),np.float64(45980.848694802415),np.float64(0.0),,
2020-03-30,KO,sell,np.float64(1082.1361398874394),np.float64(43.04),np.float64(46575.13946075539),np.float64(0.0),,
2020-03-30,PEP,sell,np.float64(395.6432651069596),np.float64(121.61),np.float64(48114.177469657356),np.float64(0.0),,
2020-03-30,QCOM,sell,np.float64(681.367767690296),np.float64(67.19),np.float64(45781.10031111098),np.float64(0.0),,
2020-03-30,AMZN,buy,np.float64(24.518700445887742),np.float64(1922.83),np.float64(47145.292778366325),np.float64(0.0),np.float64(0.9999999999999999),
2020-03-30,COST,buy,np.float64(163.98933103191877),np.float64(287.49),np.float64(47145.292778366325),np.float64(0.0),np.float64(0.9999999999999999),
2020-03-30,GOOGL,buy,np.float64(41.62425199389596),np.float64(1132.64),np.float64(47145.292778366325),np.float64(0.0),np.float64(0.9999999999999999),
2020-03-30,JNJ,buy,np.float64(367.0036803547122),np.float64(128.46),np.float64(47145.292778366325),np.float64(0.0),np.float64(0.9999999999999999),
2020-03-30,WMT,buy,np.float64(421.46694777727805),np.float64(111.86),np.float64(47145.292778366325),np.float64(0.0),np.float64(0.9999999999999999),
2020-04-06,AMZN,sell,np.float64(24.518700445887742),np.float64(1936.0),np.float64(47468.20406323867),np.float64(0.0),,
2020-04-06,COST,sell,np.float64(163.98933103191877),np.float64(293.0),np.float64(48048.8739923522),np.float64(0.0),,
2020-04-06,GOOGL,sell,np.float64(41.62425199389596),np.float64(1133.0),np.float64(47160.277509084124),np.float64(0.0),,
2020-04-06,JNJ,sell,np.float64(367.0036803547122),np.float64(137.01),np.float64(50283.17424539911),np.float64(0.0),,
2020-04-06,WMT,sell,np.float64(421.46694777727805),np.float64(119.05),np.float64(50175.64013288495),np.float64(0.0),,
2020-04-06,AMAT,buy,np.float64(1084.4610612977656),np.float64(44.84),np.float64(48627.23398859181),np.float64(0.0),np.float64(0.9999999999999999),
2020-04-06,AMD,buy,np.float64(1097.6802254761133),np.float64(44.3),np.float64(48627.23398859181),np.float64(0.0),np.float64(0.9999999999999999),
2020-04-06,CRM,buy,np.float64(349.83621574526484),np.float64(139.0),np.float64(48627.23398859181),np.float64(0.0),np.float64(0.9999999999999999),
2020-04-06,JPM,buy,np.float64(546.4348127721296),np.float64(88.99),np.float64(48627.23398859181),np.float64(0.0),np.float64(0.9999999999999999),
2020-04-06,MU,buy,np.float64(1121.735501466939),np.float64(43.35),np.float64(48627.23398859181),np.float64(0.0),np.float64(0.9999999999999999),
2020-04-13,AMAT,sell,np.float64(1084.4610612977656),np.float64(49.3),np.float64(53463.93032197984),np.float64(0.0),,
2020-04-13,AMD,sell,np.float64(1097.6802254761133),np.float64(48.47),np.float64(53204.560528827205),np.float64(0.0),,
2020-04-13,CRM,sell,np.float64(349.83621574526484),np.float64(154.12),np.float64(53916.75757066022),np.float64(0.0),,
2020-04-13,JPM,sell,np.float64(546.4348127721296),np.float64(103.11),np.float64(56342.89354493428),np.float64(0.0),,
2020-04-13,MU,sell,np.float64(1121.735501466939),np.float64(44.9),np.float64(50365.92401586556),np.float64(0.0),,
2020-04-13,COST,buy,np.float64(179.043516633577),np.float64(298.58),np.float64(53458.81319645342),np.float64(0.0),1.0,
2020-04-13,CSCO,buy,np.float64(1302.6026607322958),np.float64(41.04),np.float64(53458.81319645342),np.float64(0.0),1.0,
2020-04-13,NFLX,buy,np.float64(143.97353477270588),np.float64(371.31),np.float64(53458.81319645342),np.float64(0.0),1.0,
2020-04-13,NVDA,buy,np.float64(205.21617349886148),np.float64(260.5),np.float64(53458.81319645342),np.float64(0.0),1.0,
2020-04-13,WMT,buy,np.float64(440.7883673850051),np.float64(121.28),np.float64(53458.81319645342),np.float64(0.0),1.0,
2020-04-20,COST,sell,np.float64(179.043516633577),np.float64(317.95),np.float64(56926.88611364581),np.float64(0.0),,
2020-04-20,CSCO,sell,np.float64(1302.6026607322958),np.float64(41.92),np.float64(54605.10353789784),np.float64(0.0),,
2020-04-20,NFLX,sell,np.float64(143.97353477270588),np.float64(435.17),np.float64(62652.96312703842),np.float64(0.0),,
2020-04-20,NVDA,sell,np.float64(205.21617349886148),np.float64(287.24),np.float64(58946.29367581297),np.float64(0.0),,
2020-04-20,WMT,sell,np.float64(440.7883673850051),np.float64(132.2),np.float64(58272.22216829767),np.float64(0.0),,
2020-04-20,JPM,buy,np.float64(630.2659643618313),np.float64(92.47),np.float64(58280.69372453854),np.float64(0.0),1.0,
2020-04-20,KO,buy,np.float64(1219.5165039660712),np.float64(47.79),np.float64(58280.69372453854),np.float64(0.0),1.0,
2020-04-20,META,buy,np.float64(328.50850416852796),np.float64(177.41),np.float64(58280.69372453854),np.float64(0.0),1.0,
2020-04-20,MU,buy,np.float64(1309.090155537703),np.float64(44.52),np.float64(58280.69372453854),np.float64(0.0),1.0,
2020-04-20,XOM,buy,np.float64(1430.2010729948108),np.float64(40.75),np.float64(58280.69372453854),np.float64(0.0),1.0,
2020-04-27,META,sell,np.float64(328.50850416852796),np.float64(192.657),np.float64(63289.4628875961),np.float64(0.0),,
2020-04-27,XOM,sell,np.float64(1430.2010729948108),np.float64(43.59),np.float64(62342.46477184381),np.float64(0.0),,
2020-04-27,CRM,buy,np.float64(383.9280118155564),np.float64(155.54),np.float64(59716.16295779164),np.float64(0.0),1.0,
2020-04-27,JPM,buy,np.float64(19.24635843337913),np.float64(91.94),np.float64(1769.510194364877),np.float64(0.0),1.0,
2020-04-27,KO,buy,np.float64(78.66095163809476),np.float64(46.0),np.float64(3618.403775352359),np.float64(0.0),1.0,
2020-04-27,MU,buy,np.float64(18.03890911825122),np.float64(44.9965),np.float64(811.687774139391),np.float64(0.0),1.0,
2020-04-27,ORCL,buy,np.float64(1119.118496210488),np.float64(53.36),np.float64(59716.16295779164),np.float64(0.0),1.0,
2020-05-04,CRM,sell,np.float64(383.9280118155564),np.float64(155.59),np.float64(59735.35935838242),np.float64(0.0),,
2020-05-04,JPM,sell,np.float64(649.5123227952104),np.float64(92.02),np.float64(59768.123943615254),np.float64(0.0),,
2020-05-04,KO,sell,np.float64(1298.177455604166),np.float64(45.32),np.float64(58833.4022879808),np.float64(0.0),,
2020-05-04,MU,sell,np.float64(1327.1290646559542),np.float64(44.19),np.float64(58645.83336714661),np.float64(0.0),,
2020-05-04,ORCL,sell,np.float64(1119.118496210488),np.float64(51.71),np.float64(57869.61743904434),np.float64(0.0),,
2020-05-04,AMAT,buy,np.float64(1266.547836753305),np.float64(46.56),np.float64(58970.46727923389),np.float64(0.0),1.0,
2020-05-04,AMD,buy,np.float64(1183.789366239765),np.float64(49.815),np.float64(58970.46727923389),np.float64(0.0),1.0,
2020-05-04,AMZN,buy,np.float64(26.13498935429045),np.float64(2256.38),np.float64(58970.46727923389),np.float64(0.0),1.0,
2020-05-04,JNJ,buy,np.float64(396.3868204559648),np.float64(148.77),np.float64(58970.46727923389),np.float64(0.0),1.0,
2020-05-04,WMT,buy,np.float64(476.1827138181031),np.float64(123.84),np.float64(58970.46727923389),np.float64(0.0),1.0,
2020-05-11,AMAT,sell,np.float64(1266.547836753305),np.float64(54.1265),np.float64(68553.80148602776),np.float64(0.0),,
2020-05-11,AMD,sell,np.float64(1183.789366239765),np.float64(52.9),np.float64(62622.45747408357),np.float64(0.0),,
2020-05-11,AMZN,sell,np.float64(26.13498935429045),np.float64(2374.7),np.float64(62062.759219633524),np.float64(0.0),,
2020-05-11,COST,buy,np.float64(203.45178377742408),np.float64(305.64),np.float64(62183.00319373189),np.float64(0.0),np.float64(0.9999999999999999),
2020-05-11,JNJ,buy,np.float64(22.49497943444883),np.float64(148.45),np.float64(3339.3796970439284),np.float64(0.0),np.float64(0.9999999999999999),
2020-05-11,JPM,buy,np.float64(682.5046997446152),np.float64(91.11),np.float64(62183.00319373189),np.float64(0.0),np.float64(0.9999999999999999),
2020-05-11,KO,buy,np.float64(1360.9762134762946),np.float64(45.69),np.float64(62183.00319373189),np.float64(0.0),np.float64(0.9999999999999999),
2020-05-11,WMT,buy,np.float64(29.32905915752406),np.float64(123.01),np.float64(3607.767566967035),np.float64(0.0),np.float64(0.9999999999999999),
2020-05-18,COST,sell,np.float64(203.45178377742408),np.float64(301.7206),np.float64(61385.59427239466),np.float64(0.0),,
2020-05-18,JNJ,sell,np.float64(418.8817998904137),np.float64(152.56),np.float64(63904.60739128151),np.float64(0.0),,
2020-05-18,WMT,sell,np.float64(505.51177297562714),np.float64(127.5),np.float64(64452.75105439246),np.float64(0.0),,
2020-05-18,JPM,buy,np.float64(19.430689648610855),np.float64(88.69),np.float64(1723.3078649352967),np.float64(0.0),np.float64(0.9999999999999997),
2020-05-18,KO,buy,np.float64(28.016416717485527),np.float64(44.82),np.float64(1255.6957972777013),np.float64(0.0),np.float64(0.9999999999999997),
2020-05-18,MU,buy,np.float64(1358.382057283116),np.float64(45.83),np.float64(62254.6496852852),np.float64(0.0),np.float64(0.9999999999999997),
2020-05-18,QCOM,buy,np.float64(805.6768433452207),np.float64(77.27),np.float64(62254.6496852852),np.float64(0.0),np.float64(0.9999999999999997),
2020-05-18,XOM,buy,np.float64(1402.1349076300892),np.float64(44.3999),np.float64(62254.6496852852),np.float64(0.0),np.float64(0.9999999999999997),
2020-05-26,JPM,sell,np.float64(701.935389393226),np.float64(92.89),np.float64(65202.77832073677),np.float64(0.0),,
2020-05-26,KO,sell,np.float64(1388.99263019378),np.float64(46.92),np.float64(65171.53420869217),np.float64(0.0),,
2020-05-26,MU,sell,np.float64(1358.382057283116),np.float64(46.22),np.float64(62784.41868762562),np.float64(0.0),,
2020-05-26,QCOM,sell,np.float64(805.6768433452207),np.float64(80.19),np.float64(64607.22606785325),np.float64(0.0),,
2020-05-26,XOM,sell,np.float64(1402.1349076300892),np.float64(45.74),np.float64(64133.65067500028),np.float64(0.0),,
2020-05-26,JNJ,buy,np.float64(440.385262959037),np.float64(146.19),np.float64(64379.92159198162),np.float64(0.0),1.0,
2020-05-26,NFLX,buy,np.float64(150.5012543936733),np.float64(427.77),np.float64(64379.92159198162),np.float64(0.0),1.0,
2020-05-26,ORCL,buy,np.float64(1199.9985385271505),np.float64(53.65),np.float64(64379.92159198162),np.float64(0.0),1.0,
2020-05-26,PEP,buy,np.float64(487.9484734878098),np.float64(131.94),np.float64(64379.92159198162),np.float64(0.0),1.0,
2020-05-26,WMT,buy,np.float64(517.773215312704),np.float64(124.34),np.float64(64379.92159198162),np.float64(0.0),1.0,
2020-06-01,JNJ,sell,np.float64(440.385262959037),np.float64(147.29),np.float64(64864.345381236555),np.float64(0.0),,
2020-06-01,ORCL,sell,np.float64(1199.9985385271505),np.float64(53.2),np.float64(63839.922249644405),np.float64(0.0),,
2020-06-01,PEP,sell,np.float64(487.9484734878098),np.float64(131.6),np.float64(64214.01911099577),np.float64(0.0),,
2020-06-01,AMD,buy,np.float64(1200.024958986228),np.float64(53.31),np.float64(63973.33056355582),np.float64(0.0),1.0,
2020-06-01,AMZN,buy,np.float64(26.132896472040777),np.float64(2448.0),np.float64(63973.33056355582),np.float64(0.0),1.0,
2020-06-01,META,buy,np.float64(284.8449644398941),np.float64(224.59),np.float64(63973.33056355582),np.float64(0.0),1.0,
2020-06-01,NFLX,buy,np.float64(2.2416975523569014),np.float64(418.83),np.float64(938.890185853641),np.float64(0.0),1.0,
2020-06-01,WMT,buy,np.float64(0.4812448586814511),np.float64(123.44),np.float64(59.40486535563832),np.float64(0.0),1.0,
2020-06-08,AMZN,sell,np.float64(26.132896472040777),np.float64(2500.2),np.float64(65337.46775939634),np.float64(0.0),,
2020-06-08,META,sell,np.float64(284.8449644398941),np.float64(229.03),np.float64(65238.04220566895),np.float64(0.0),,
2020-06-08,AMD,buy,np.float64(1.5235744656928152),np.float64(53.3),np.float64(81.20651902142704),np.float64(0.0),np.float64(0.9999999999999996),
2020-06-08,COST,buy,np.float64(206.14992864542376),np.float64(310.66),np.float64(64042.53683298735),np.float64(0.0),np.float64(0.9999999999999996),
2020-06-08,JNJ,buy,np.float64(438.97824959207185),np.float64(145.89),np.float64(64042.53683298735),np.float64(0.0),np.float64(0.9999999999999996),
2020-06-08,NFLX,buy,np.float64(0.8141785219777197),np.float64(417.06),np.float64(339.5612943760278),np.float64(0.0),np.float64(0.9999999999999996),
2020-06-08,WMT,buy,np.float64(17.307814732339153),np.float64(119.58),np.float64(2069.668485693116),np.float64(0.0),np.float64(0.9999999999999996),
2020-06-15,AMD,sell,np.float64(1201.5485334519208),np.float64(52.58),np.float64(63177.42188890199),np.float64(0.0),,
2020-06-15,COST,sell,np.float64(206.14992864542376),np.float64(297.05),np.float64(61236.83630412313),np.float64(0.0),,
2020-06-15,JNJ,sell,np.float64(438.97824959207185),np.float64(140.76),np.float64(61790.57841258003),np.float64(0.0),,
2020-06-15,NFLX,sell,np.float64(153.5571304680079),np.float64(421.4),np.float64(64708.97477921852),np.float64(0.0),,
2020-06-15,WMT,sell,np.float64(535.5622749037245),np.float64(118.4),np.float64(63410.573348600985),np.float64(0.0),,
2020-06-15,INTC,buy,np.float64(1059.5799249399113),np.float64(59.33),np.float64(62864.87694668493),np.float64(0.0),1.0,
2020-06-15,JPM,buy,np.float64(651.9900118926046),np.float64(96.42),np.float64(62864.87694668493),np.float64(0.0),1.0,
2020-06-15,KO,buy,np.float64(1410.4751390326437),np.float64(44.57),np.float64(62864.87694668493),np.float64(0.0),1.0,
2020-06-15,MU,buy,np.float64(1327.383381475611),np.float64(47.36),np.float64(62864.87694668493),np.float64(0.0),1.0,
2020-06-15,XOM,buy,np.float64(1386.215588681035),np.float64(45.35),np.float64(62864.87694668493),np.float64(0.0),1.0,
2020-06-22,INTC,sell,np.float64(1059.5799249399113),np.float64(59.56),np.float64(63108.580329421115),np.float64(0.0),,
2020-06-22,KO,sell,np.float64(1410.4751390326437),np.float64(46.03),np.float64(64924.17064967259),np.float64(0.0),,
2020-06-22,MU,sell,np.float64(1327.383381475611),np.float64(51.22),np.float64(67988.5767991808),np.float64(0.0),,
2020-06-22,COST,buy,np.float64(215.39108887665452),np.float64(299.7),np.float64(64552.709336333355),np.float64(0.0),1.0,
2020-06-22,CSCO,buy,np.float64(1431.9589471236327),np.float64(45.08),np.float64(64552.709336333355),np.float64(0.0),1.0,
2020-06-22,JNJ,buy,np.float64(449.93872821031124),np.float64(143.47),np.float64(64552.709336333355),np.float64(0.0),1.0,
2020-06-22,JPM,buy,np.float64(11.791060974576423),np.float64(97.25),np.float64(1146.680679777557),np.float64(0.0),1.0,
2020-06-22,XOM,buy,np.float64(26.625499879555186),np.float64(45.69),np.float64(1216.5190894968764),np.float64(0.0),1.0,
2020-06-29,COST,sell,np.float64(215.39108887665452),np.float64(297.44),np.float64(64065.92547547212),np.float64(0.0),,
2020-06-29,CSCO,sell,np.float64(1431.9589471236327),np.float64(46.34),np.float64(66356.97760970914),np.float64(0.0),,
2020-06-29,JPM,sell,np.float64(663.781072867181),np.float64(93.4),np.float64(61997.152205794715),np.float64(0.0),,
2020-06-29,XOM,sell,np.float64(1412.8410885605902),np.float64(43.81),np.float64(61896.56808983946),np.float64(0.0),,
2020-06-29,AMD,buy,np.float64(1263.1749652351505),np.float64(50.15),np.float64(63348.22450654279),np.float64(0.0),np.float64(0.9999999999999997),
2020-06-29,GOOGL,buy,np.float64(46.56793485933134),np.float64(1360.34),np.float64(63348.22450654279),np.float64(0.0),np.float64(0.9999999999999997),
2020-06-29,JNJ,buy,np.float64(6.6579598864367115),np.float64(138.74),np.float64(923.7253546442295),np.float64(0.0),np.float64(0.9999999999999997),
2020-06-29,KO,buy,np.float64(1439.0782486720307),np.float64(44.02),np.float64(63348.22450654279),np.float64(0.0),np.float64(0.9999999999999997),
2020-06-29,META,buy,np.float64(302.0177568845902),np.float64(209.75),np.float64(63348.22450654279),np.float64(0.0),np.float64(0.9999999999999997),
2020-07-06,AMD,sell,np.float64(1263.1749652351505),np.float64(52.9),np.float64(66821.95566093946),np.float64(0.0),,
2020-07-06,GOOGL,sell,np.float64(46.56793485933134),np.float64(1488.15),np.float64(69300.07226091393),np.float64(0.0),,
2020-07-06,JNJ,sell,np.float64(456.5966880967479),np.float64(142.16),np.float64(64909.785179833685),np.float64(0.0),,
2020-07-06,KO,sell,np.float64(1439.0782486720307),np.float64(45.14),np.float64(64959.99214505547),np.float64(0.0),,
2020-07-06,META,sell,np.float64(14.037370080958775),np.float64(233.76),np.float64(3281.375630124923),np.float64(0.0),,
2020-07-06,AAPL,buy,np.float64(181.94133843031588),np.float64(370.0),np.float64(67318.29521921687),np.float64(0.0),1.0,
2020-07-06,JPM,buy,np.float64(712.8909797650839),np.float64(94.43),np.float64(67318.29521921687),np.float64(0.0),1.0,
2020-07-06,WMT,buy,np.float64(561.9223307113261),np.float64(119.8),np.float64(67318.29521921687),np.float64(0.0),1.0,
2020-07-06,XOM,buy,np.float64(1507.0135486728648),np.float64(44.67),np.float64(67318.29521921687),np.float64(0.0),1.0,
2020-07-13,AAPL,sell,np.float64(181.94133843031588),np.float64(389.06),np.float64(70786.0971296987),np.float64(0.0),,
2020-07-13,JPM,sell,np.float64(712.8909797650839),np.float64(98.7303),np.float64(70383.94029950067),np.float64(0.0),,
2020-07-13,META,sell,np.float64(287.9803868036314),np.float64(247.005),np.float64(71132.59544243097),np.float64(0.0),,
2020-07-13,WMT,sell,np.float64(561.9223307113261),np.float64(131.33),np.float64(73797.25969231848),np.float64(0.0),,
2020-07-13,INTC,buy,np.float64(1172.6983117844538),np.float64(59.84),np.float64(70174.26697718172),np.float64(0.0),1.0,
2020-07-13,JNJ,buy,np.float64(488.6447112121838),np.float64(143.61),np.float64(70174.26697718172),np.float64(0.0),1.0,
2020-07-13,KO,buy,np.float64(1541.2753564063632),np.float64(45.53),np.float64(70174.26697718172),np.float64(0.0),1.0,
2020-07-13,PEP,buy,np.float64(513.0823058944338),np.float64(136.77),np.float64(70174.26697718172),np.float64(0.0),1.0,
2020-07-13,XOM,buy,np.float64(125.70555270409479),np.float64(42.98),np.float64(5402.824655221993),np.float64(0.0),1.0,
2020-07-20,INTC,sell,np.float64(1172.6983117844538),np.float64(60.08),np.float64(70455.71457200998),np.float64(0.0),,
2020-07-20,JNJ,sell,np.float64(488.6447112121838),np.float64(150.23),np.float64(73409.09496540636),np.float64(0.0),,
2020-07-20,KO,sell,np.float64(1541.2753564063632),np.float64(46.76),np.float64(72070.03566556155),np.float64(0.0),,
2020-07-20,PEP,sell,np.float64(513.0823058944338),np.float64(134.6136),np.float64(69067.85629275095),np.float64(0.0),,
2020-07-20,XOM,sell,np.float64(1632.7191013769595),np.float64(43.21),np.float64(70549.79237049843),np.float64(0.0),,
2020-07-20,ADBE,buy,np.float64(163.8264266996393),np.float64(434.06),np.float64(71110.49877324545),np.float64(0.0),1.0,
2020-07-20,AMZN,buy,np.float64(23.70191946311761),np.float64(3000.2),np.float64(71110.49877324545),np.float64(0.0),1.0,
2020-07-20,CRM,buy,np.float64(378.44863636639406),np.float64(187.9),np.float64(71110.49877324545),np.float64(0.0),1.0,
2020-07-20,MSFT,buy,np.float64(346.8804818207095),np.float64(205.0),np.float64(71110.49877324545),np.float64(0.0),1.0,
2020-07-20,NFLX,buy,np.float64(145.37862119893168),np.float64(489.14),np.float64(71110.49877324545),np.float64(0.0),1.0,
2020-07-27,ADBE,sell,np.float64(163.8264266996393),np.float64(431.77),np.float64(70735.33625610327),np.float64(0.0),,
2020-07-27,AMZN,sell,np.float64(23.70191946311761),np.float64(3062.0),np.float64(72575.27739606611),np.float64(0.0),,
2020-07-27,CRM,sell,np.float64(378.44863636639406),np.float64(189.9),np.float64(71867.39604597824),np.float64(0.0),,
2020-07-27,MSFT,sell,np.float64(346.8804818207095),np.float64(201.47),np.float64(69886.01067241834),np.float64(0.0),,
2020-07-27,NFLX,sell,np.float64(145.37862119893168),np.float64(484.51),np.float64(70437.39575709439),np.float64(0.0),,
2020-07-27,AAPL,buy,np.float64(189.68168612083042),np.float64(374.84),np.float64(71100.28322553207),np.float64(0.0),1.0,
2020-07-27,INTC,buy,np.float64(1393.303610141722),np.float64(51.03),np.float64(71100.28322553207),np.float64(0.0),1.0,
2020-07-27,META,buy,np.float64(307.1817299988424),np.float64(231.46),np.float64(71100.28322553207),np.float64(0.0),1.0,
2020-07-27,QCOM,buy,np.float64(789.8056955264748),np.float64(90.0225),np.float64(71100.28322553207),np.float64(0.0),1.0,
2020-07-27,TSLA,buy,np.float64(49.54723569723489),np.float64(1435.0),np.float64(71100.28322553207),np.float64(0.0),1.0,
2020-08-03,AAPL,sell,np.float64(189.68168612083042),np.float64(432.8),np.float64(82094.23375309541),np.float64(0.0),,
2020-08-03,META,sell,np.float64(307.1817299988424),np.float64(252.65),np.float64(77609.46408420753),np.float64(0.0),,
2020-08-03,QCOM,sell,np.float64(789.8056955264748),np.float64(107.41),np.float64(84833.02975649865),np.float64(0.0),,
2020-08-03,TSLA,sell,np.float64(49.54723569723489),np.float64(1449.2),np.float64(71803.8539724328),np.float64(0.0),,
2020-08-03,COST,buy,np.float64(235.6427465861296),np.float64(325.55),np.float64(76713.4961511145),np.float64(0.0),1.0,
2020-08-03,INTC,buy,np.float64(196.61340853422604),np.float64(48.25),np.float64(9486.596961776406),np.float64(0.0),1.0,
2020-08-03,JNJ,buy,np.float64(524.0350853959594),np.float64(146.39),np.float64(76713.4961511145),np.float64(0.0),1.0,
2020-08-03,KO,buy,np.float64(1627.3546065149446),np.float64(47.14),np.float64(76713.4961511145),np.float64(0.0),1.0,
2020-08-03,WMT,buy,np.float64(590.5126329852551),np.float64(129.91),np.float64(76713.4961511145),np.float64(0.0),1.0,
2020-08-10,COST,sell,np.float64(235.6427465861296),np.float64(340.71),np.float64(80285.84018936021),np.float64(0.0),,
2020-08-10,INTC,sell,np.float64(1589.917018675948),np.float64(48.2),np.float64(76634.00030018069),np.float64(0.0),,
2020-08-10,JNJ,sell,np.float64(524.0350853959594),np.float64(148.86),np.float64(78007.86281204253),np.float64(0.0),,
2020-08-10,KO,sell,np.float64(1627.3546065149446),np.float64(48.06),np.float64(78210.66238910824),np.float64(0.0),,
2020-08-10,AMAT,buy,np.float64(1227.2471441535092),np.float64(63.65),np.float64(78114.28072537086),np.float64(0.0),1.0,
2020-08-10,MU,buy,np.float64(1599.0640885439275),np.float64(48.85),np.float64(78114.28072537086),np.float64(0.0),1.0,
2020-08-10,ORCL,buy,np.float64(1412.8102862248302),np.float64(55.29),np.float64(78114.28072537086),np.float64(0.0),1.0,
2020-08-10,PEP,buy,np.float64(573.0214255088825),np.float64(136.32),np.float64(78114.28072537086),np.float64(0.0),1.0,
2020-08-10,WMT,buy,np.float64(9.259178481044428),np.float64(130.24),np.float64(1205.9154053712264),np.float64(0.0),1.0,
2020-08-17,AMAT,sell,np.float64(1227.2471441535092),np.float64(68.1),np.float64(83575.53051685398),np.float64(0.0),,
2020-08-17,PEP,sell,np.float64(573.0214255088825),np.float64(137.5),np.float64(78790.44600747136),np.float64(0.0),,
2020-08-17,WMT,sell,np.float64(599.7718114662995),np.float64(134.35),np.float64(80579.34287049733),np.float64(0.0),,
2020-08-17,COST,buy,np.float64(232.92791668921467),np.float64(337.65),np.float64(78648.11107011333),np.float64(0.0),np.float64(0.9999999999999998),
2020-08-17,CRM,buy,np.float64(402.6216395521313),np.float64(195.34),np.float64(78648.11107011333),np.float64(0.0),np.float64(0.9999999999999998),
2020-08-17,CSCO,buy,np.float64(1848.3692378405015),np.float64(42.55),np.float64(78648.11107011333),np.float64(0.0),np.float64(0.9999999999999998),
2020-08-17,MU,buy,np.float64(114.40238357183156),np.float64(45.9),np.float64(5251.069405947069),np.float64(0.0),np.float64(0.9999999999999998),
2020-08-17,ORCL,buy,np.float64(38.261873740360535),np.float64(54.2),np.float64(2073.7935567275413),np.float64(0.0),np.float64(0.9999999999999998),
2020-08-24,COST,sell,np.float64(232.92791668921467),np.float64(345.11),np.float64(80385.75332861488),np.float64(0.0),,
2020-08-24,CRM,sell,np.float64(402.6216395521313),np.float64(208.88),np.float64(84099.60806964918),np.float64(0.0),,
2020-08-24,CSCO,sell,np.float64(1848.3692378405015),np.float64(42.07),np.float64(77760.8938359499),np.float64(0.0),,
2020-08-24,ORCL,sell,np.float64(1451.0721599651906),np.float64(55.76),np.float64(80911.78363965903),np.float64(0.0),,
2020-08-24,AMAT,buy,np.float64(1253.2913925236883),np.float64(63.36),np.float64(79408.54263030089),np.float64(0.0),np.float64(0.9999999999999997),
2020-08-24,JPM,buy,np.float64(806.5875330655244),np.float64(98.45),np.float64(79408.54263030089),np.float64(0.0),np.float64(0.9999999999999997),
2020-08-24,KO,buy,np.float64(1674.2260727451167),np.float64(47.43),np.float64(79408.54263030089),np.float64(0.0),np.float64(0.9999999999999997),
2020-08-24,MU,buy,np.float64(128.1045536333347),np.float64(43.12),np.float64(5523.868352669391),np.float64(0.0),np.float64(0.9999999999999997),
2020-08-24,PEP,buy,np.float64(581.9180905049163),np.float64(136.46),np.float64(79408.54263030089),np.float64(0.0),np.float64(0.9999999999999997),
2020-08-31,AMAT,sell,np.float64(1253.2913925236883),np.float64(62.44),np.float64(78255.51454917909),np.float64(0.0),,
2020-08-31,JPM,sell,np.float64(806.5875330655244),np.float64(102.12),np.float64(82368.71887665136),np.float64(0.0),,
2020-08-31,KO,sell,np.float64(1674.2260727451167),np.float64(49.8),np.float64(83376.45842270681),np.float64(0.0),,
2020-08-31,MU,sell,np.float64(1841.5710257490937),np.float64(45.35),np.float64(83515.2460177214),np.float64(0.0),,
2020-08-31,COST,buy,np.float64(235.59969222165407),np.float64(346.85),np.float64(81717.75324708072),np.float64(0.0),1.0,
2020-08-31,CSCO,buy,np.float64(1941.0392695268579),np.float64(42.1),np.float64(81717.75324708072),np.float64(0.0),1.0,
2020-08-31,JNJ,buy,np.float64(534.1029623992204),np.float64(153.0),np.float64(81717.75324708072),np.float64(0.0),1.0,
2020-08-31,PEP,buy,np.float64(4.629090424460043),np.float64(139.32),np.float64(644.9248779357731),np.float64(0.0),1.0,
2020-08-31,XOM,buy,np.float64(2010.7714873789546),np.float64(40.64),np.float64(81717.75324708072),np.float64(0.0),1.0,
2020-09-08,COST,sell,np.float64(235.59969222165407),np.float64(343.84),np.float64(81008.59817349353),np.float64(0.0),,
2020-09-08,CSCO,sell,np.float64(1941.0392695268579),np.float64(40.05),np.float64(77738.62274455065),np.float64(0.0),,
2020-09-08,JNJ,sell,np.float64(4.807407660299301),np.float64(150.25),np.float64(722.3130009599699),np.float64(0.0),,
2020-09-08,PEP,sell,np.float64(586.5471809293764),np.float64(138.31),np.float64(81125.34059434205),np.float64(0.0),,
2020-09-08,XOM,sell,np.float64(2010.7714873789546),np.float64(38.25),np.float64(76912.00939224502),np.float64(0.0),,
2020-09-08,ADBE,buy,np.float64(168.52631307822315),np.float64(471.8946),np.float64(79526.65709952288),np.float64(0.0),1.0,
2020-09-08,CRM,buy,np.float64(330.5828241827485),np.float64(240.565),np.float64(79526.65709952288),np.float64(0.0),1.0,
2020-09-08,MSFT,buy,np.float64(385.1169835327985),np.float64(206.5),np.float64(79526.65709952288),np.float64(0.0),1.0,
2020-09-08,ORCL,buy,np.float64(1436.795972891109),np.float64(55.35),np.float64(79526.65709952288),np.float64(0.0),1.0,
2020-09-14,ADBE,sell,np.float64(168.52631307822315),np.float64(484.99),np.float64(81733.57657980744),np.float64(0.0),,
2020-09-14,CRM,sell,np.float64(330.5828241827485),np.float64(246.31),np.float64(81425.85542445278),np.float64(0.0),,
2020-09-14,JNJ,sell,np.float64(529.295554738921),np.float64(148.12),np.float64(78399.25756792899),np.float64(0.0),,
2020-09-14,MSFT,sell,np.float64(385.1169835327985),np.float64(204.24),np.float64(78656.29271673877),np.float64(0.0),,
2020-09-14,ORCL,sell,np.float64(1436.795972891109),np.float64(60.86),np.float64(87443.40291015289),np.float64(0.0),,
2020-09-14,AMAT,buy,np.float64(1449.9675802919473),np.float64(56.23),np.float64(81531.67703981619),np.float64(0.0),1.0,
2020-09-14,AMZN,buy,np.float64(25.69596304642153),np.float64(3172.9372),np.float64(81531.67703981619),np.float64(0.0),1.0,
2020-09-14,GOOGL,buy,np.float64(53.23137231795509),np.float64(1531.6471),np.float64(81531.67703981619),np.float64(0.0),1.0,
2020-09-14,META,buy,np.float64(300.91041535270784),np.float64(270.95),np.float64(81531.67703981619),np.float64(0.0),1.0,
2020-09-14,NFLX,buy,np.float64(169.63854404688982),np.float64(480.62),np.float64(81531.67703981619),np.float64(0.0),1.0,
2020-09-21,AMAT,sell,np.float64(1449.9675802919473),np.float64(55.21),np.float64(80052.71010791842),np.float64(0.0),,
2020-09-21,NFLX,sell,np.float64(169.63854404688982),np.float64(467.6923),np.float64(79338.6408339412),np.float64(0.0),,
2020-09-21,AAPL,buy,np.float64(736.1223053195407),np.float64(104.54),np.float64(76954.22579810479),np.float64(0.0),np.float64(0.9999999999999998),
2020-09-21,AMZN,buy,np.float64(0.7806327898436692),np.float64(2906.5),np.float64(2268.9092036806246),np.float64(0.0),np.float64(0.9999999999999998),
2020-09-21,GOOGL,buy,np.float64(0.5218763081501635),np.float64(1431.62),np.float64(747.1285602739371),np.float64(0.0),np.float64(0.9999999999999998),
2020-09-21,META,buy,np.float64(9.96550691482386),np.float64(247.54),np.float64(2466.8615816954984),np.float64(0.0),np.float64(0.9999999999999998),
2020-09-21,PEP,buy,np.float64(590.2755679842355),np.float64(130.37),np.float64(76954.22579810479),np.float64(0.0),np.float64(0.9999999999999998),
2020-09-28,AAPL,sell,np.float64(736.1223053195407),np.float64(114.98),np.float64(84639.3426656408),np.float64(0.0),,
2020-09-28,AMZN,sell,np.float64(26.476595836265197),np.float64(3148.85),np.float64(83370.82879902366),np.float64(0.0),,
2020-09-28,GOOGL,sell,np.float64(53.753248626105254),np.float64(1471.99),np.float64(79124.24444514068),np.float64(0.0),,
2020-09-28,META,sell,np.float64(310.8759222675317),np.float64(259.4),np.float64(80641.21423619772),np.float64(0.0),,
2020-09-28,PEP,sell,np.float64(590.2755679842355),np.float64(136.04),np.float64(80301.08826857539),np.float64(0.0),,
2020-09-28,CSCO,buy,np.float64(2082.2896717161793),np.float64(39.195),np.float64(81615.34368291564),np.float64(0.0),np.float64(0.9999999999999999),
2020-09-28,JNJ,buy,np.float64(556.228062992678),np.float64(146.73),np.float64(81615.34368291564),np.float64(0.0),np.float64(0.9999999999999999),
2020-09-28,JPM,buy,np.float64(858.5666282654706),np.float64(95.06),np.float64(81615.34368291564),np.float64(0.0),np.float64(0.9999999999999999),
2020-09-28,KO,buy,np.float64(1655.4836446838874),np.float64(49.3),np.float64(81615.34368291564),np.float64(0.0),np.float64(0.9999999999999999),
2020-09-28,XOM,buy,np.float64(2322.5766557460342),np.float64(35.14),np.float64(81615.34368291564),np.float64(0.0),np.float64(0.9999999999999999),
2020-10-05,CSCO,sell,np.float64(2082.2896717161793),np.float64(38.48),np.float64(80126.50656763857),np.float64(0.0),,
2020-10-05,JNJ,sell,np.float64(2.4220117109603576),np.float64(147.0),np.float64(356.0357215111726),np.float64(0.0),,
2020-10-05,JPM,sell,np.float64(858.5666282654706),np.float64(98.32),np.float64(84414.27089106107),np.float64(0.0),,
2020-10-05,KO,sell,np.float64(1655.4836446838874),np.float64(49.43),np.float64(81830.55655672455),np.float64(0.0),,
2020-10-05,MSFT,buy,np.float64(392.8650204536844),np.float64(207.22),np.float64(81409.48953841248),np.float64(0.0),np.float64(0.9999999999999999),
2020-10-05,MU,buy,np.float64(1732.4854126072032),np.float64(46.99),np.float64(81409.48953841248),np.float64(0.0),np.float64(0.9999999999999999),
2020-10-05,ORCL,buy,np.float64(1369.6078320728884),np.float64(59.44),np.float64(81409.48953841248),np.float64(0.0),np.float64(0.9999999999999999),
2020-10-05,XOM,buy,np.float64(120.68533520271994),np.float64(33.32),np.float64(4021.2353689546285),np.float64(0.0),np.float64(0.9999999999999999),
2020-10-12,MSFT,sell,np.float64(392.8650204536844),np.float64(218.79),np.float64(85954.9378250616),np.float64(0.0),,
2020-10-12,MU,sell,np.float64(1732.4854126072032),np.float64(50.58),np.float64(87629.11216967234),np.float64(0.0),,
2020-10-12,ORCL,sell,np.float64(1369.6078320728884),np.float64(61.24),np.float64(83874.7836361437),np.float64(0.0),,
2020-10-12,XOM,sell,np.float64(2443.2619909487544),np.float64(34.54),np.float64(84390.26916736997),np.float64(0.0),,
2020-10-12,JNJ,buy,np.float64(8.377070159250179),np.float64(151.6),np.float64(1269.9638361423272),np.float64(0.0),np.float64(0.9999999999999997),
2020-10-12,KO,buy,np.float64(1676.3761056343567),np.float64(50.84),np.float64(85226.9612104507),np.float64(0.0),np.float64(0.9999999999999997),
2020-10-12,META,buy,np.float64(315.4217661378634),np.float64(270.2),np.float64(85226.9612104507),np.float64(0.0),np.float64(0.9999999999999997),
2020-10-12,PEP,buy,np.float64(603.9325482599965),np.float64(141.12),np.float64(85226.9612104507),np.float64(0.0),np.float64(0.9999999999999997),
2020-10-12,WMT,buy,np.float64(595.9093917665409),np.float64(143.02),np.float64(85226.9612104507),np.float64(0.0),np.float64(0.9999999999999997),
2020-10-19,META,sell,np.float64(315.4217661378634),np.float64(265.53),np.float64(83753.94156258686),np.float64(0.0),,
2020-10-19,PEP,sell,np.float64(603.9325482599965),np.float64(141.34),np.float64(85359.8263710679),np.float64(0.0),,
2020-10-19,WMT,sell,np.float64(595.9093917665409),np.float64(145.1),np.float64(86466.45274532508),np.float64(0.0),,
2020-10-19,CRM,buy,np.float64(325.64704055396805),np.float64(259.76),np.float64(84590.07525429873),np.float64(0.0),1.0,
2020-10-19,JNJ,buy,np.float64(7.331961399527245),np.float64(148.53),np.float64(1089.0162266717816),np.float64(0.0),1.0,
2020-10-19,KO,buy,np.float64(14.410927231898036),np.float64(50.03),np.float64(720.9786894118588),np.float64(0.0),1.0,
2020-10-19,ORCL,buy,np.float64(1400.7298435883215),np.float64(60.39),np.float64(84590.07525429873),np.float64(0.0),1.0,
2020-10-19,XOM,buy,np.float64(2480.647368161253),np.float64(34.1),np.float64(84590.07525429873),np.float64(0.0),1.0,
2020-10-26,CRM,sell,np.float64(325.64704055396805),np.float64(245.3),np.float64(79881.21904788837),np.float64(0.0),,
2020-10-26,JNJ,sell,np.float64(569.5150828404951),np.float64(144.61),np.float64(82357.576129564),np.float64(0.0),,
2020-10-26,KO,sell,np.float64(1690.7870328662548),np.float64(50.34),np.float64(85114.21923448727),np.float64(0.0),,
2020-10-26,ORCL,sell,np.float64(1400.7298435883215),np.float64(58.1),np.float64(81382.40391248149),np.float64(0.0),,
2020-10-26,XOM,sell,np.float64(2480.647368161253),np.float64(33.61),np.float64(83374.55804389971),np.float64(0.0),,
2020-10-26,AAPL,buy,np.float64(722.9365430546809),np.float64(114.01),np.float64(82421.99527366417),np.float64(0.0),np.float64(0.9999999999999999),
2020-10-26,AMAT,buy,np.float64(1366.2991342505456),np.float64(60.325),np.float64(82421.99527366417),np.float64(0.0),np.float64(0.9999999999999999),
2020-10-26,CSCO,buy,np.float64(2146.406126918338),np.float64(38.4),np.float64(82421.99527366417),np.float64(0.0),np.float64(0.9999999999999999),
2020-10-26,INTC,buy,np.float64(1722.507738216597),np.float64(47.85),np.float64(82421.99527366417),np.float64(0.0),np.float64(0.9999999999999999),
2020-10-26,NFLX,buy,np.float64(169.24434347774985),np.float64(487.0),np.float64(82421.99527366417),np.float64(0.0),np.float64(0.9999999999999999),
2020-11-02,AAPL,sell,np.float64(722.9365430546809),np.float64(109.11),np.float64(78879.60621269624),np.float64(0.0),,
2020-11-02,AMAT,sell,np.float64(1366.2991342505456),np.float64(59.95),np.float64(81909.63309832022),np.float64(0.0),,
2020-11-02,NFLX,sell,np.float64(169.24434347774985),np.float64(478.87),np.float64(81046.03876119007),np.float64(0.0),,
2020-11-02,ADBE,buy,np.float64(176.03444067210617),np.float64(451.0),np.float64(79391.53274311988),np.float64(0.0),1.0,
2020-11-02,AMD,buy,np.float64(1046.691268861172),np.float64(75.85),np.float64(79391.53274311988),np.float64(0.0),1.0,
2020-11-02,CSCO,buy,np.float64(47.33614285562949),np.float64(36.19),np.float64(1713.0950099452311),np.float64(0.0),1.0,
2020-11-02,INTC,buy,np.float64(43.31816799158526),np.float64(44.96),np.float64(1947.5848329016735),np.float64(0.0),1.0,
2020-11-02,META,buy,np.float64(300.043585574905),np.float64(264.6),np.float64(79391.53274311988),np.float64(0.0),1.0,
2020-11-09,ADBE,sell,np.float64(176.03444067210617),np.float64(494.6963),np.float64(87083.58647306044),np.float64(0.0),,
2020-11-09,AMD,sell,np.float64(1046.691268861172),np.float64(84.24),np.float64(88173.27248886511),np.float64(0.0),,
2020-11-09,CSCO,sell,np.float64(2193.7422697739676),np.float64(39.92),np.float64(87574.19140937678),np.float64(0.0),,
2020-11-09,INTC,sell,np.float64(1765.8259062081825),np.float64(46.64),np.float64(82358.12026554963),np.float64(0.0),,
2020-11-09,META,sell,np.float64(300.043585574905),np.float64(289.87),np.float64(86973.63415059772),np.float64(0.0),,
2020-11-09,JNJ,buy,np.float64(583.1167624544361),np.float64(148.425),np.float64(86549.10546729968),np.float64(0.0),np.float64(0.9999999999999999),
2020-11-09,KO,buy,np.float64(1648.8684600361912),np.float64(52.49),np.float64(86549.10546729968),np.float64(0.0),np.float64(0.9999999999999999),
2020-11-09,ORCL,buy,np.float64(1487.353591120462),np.float64(58.19),np.float64(86549.10546729968),np.float64(0.0),np.float64(0.9999999999999999),
2020-11-09,PEP,buy,np.float64(609.5007427274626),np.float64(142.0),np.float64(86549.10546729968),np.float64(0.0),np.float64(0.9999999999999999),
2020-11-09,XOM,buy,np.float64(2376.4169540719295),np.float64(36.42),np.float64(86549.10546729968),np.float64(0.0),np.float64(0.9999999999999999),
2020-11-16,JNJ,sell,np.float64(583.1167624544361),np.float64(150.92),np.float64(88003.98178962349),np.float64(0.0),,
2020-11-16,KO,sell,np.float64(1648.8684600361912),np.float64(54.5),np.float64(89863.33107197242),np.float64(0.0),,
2020-11-16,ORCL,sell,np.float64(1487.353591120462),np.float64(57.02),np.float64(84808.90176568874),np.float64(0.0),,
2020-11-16,PEP,sell,np.float64(609.5007427274626),np.float64(145.0),np.float64(88377.60769548207),np.float64(0.0),,
2020-11-16,XOM,sell,np.float64(2376.4169540719295),np.float64(37.59),np.float64(89329.51330356384),np.float64(0.0),,
2020-11-16,ADBE,buy,np.float64(192.1902649160016),np.float64(460.43),np.float64(88490.16367527463),np.float64(0.0),np.float64(0.9999999999999999),
2020-11-16,AMZN,buy,np.float64(28.607967048776228),np.float64(3093.2),np.float64(88490.16367527463),np.float64(0.0),np.float64(0.9999999999999999),
2020-11-16,META,buy,np.float64(321.7239181067974),np.float64(275.05),np.float64(88490.16367527463),np.float64(0.0),np.float64(0.9999999999999999),
2020-11-16,NFLX,buy,np.float64(184.35450765682214),np.float64(480.0),np.float64(88490.16367527463),np.float64(0.0),np.float64(0.9999999999999999),
2020-11-16,NVDA,buy,np.float64(167.94489215273228),np.float64(526.9),np.float64(88490.16367527463),np.float64(0.0),np.float64(0.9999999999999999),
2020-11-23,ADBE,sell,np.float64(192.1902649160016),np.float64(464.6334),np.float64(89298.01623482254),np.float64(0.0),,
2020-11-23,AMZN,sell,np.float64(28.607967048776228),np.float64(3116.6986),np.float64(89162.41084976701),np.float64(0.0),,
2020-11-23,META,sell,np.float64(321.7239181067974),np.float64(270.89),np.float64(87151.79217595034),np.float64(0.0),,
2020-11-23,NFLX,sell,np.float64(184.35450765682214),np.float64(490.46),np.float64(90418.51182536499),np.float64(0.0),,
2020-11-23,NVDA,sell,np.float64(167.94489215273228),np.float64(526.8452),np.float64(88480.96029518466),np.float64(0.0),,
2020-11-23,JNJ,buy,np.float64(608.8784211781241),np.float64(146.01),np.float64(88902.3382762179),np.float64(0.0),np.float64(0.9999999999999999),
2020-11-23,KO,buy,np.float64(1678.9865585687987),np.float64(52.95),np.float64(88902.3382762179),np.float64(0.0),np.float64(0.9999999999999999),
2020-11-23,MSFT,buy,np.float64(421.4379629116753),np.float64(210.95),np.float64(88902.3382762179),np.float64(0.0),np.float64(0.9999999999999999),
2020-11-23,ORCL,buy,np.float64(1591.8055197174197),np.float64(55.85),np.float64(88902.3382762179),np.float64(0.0),np.float64(0.9999999999999999),
2020-11-23,PEP,buy,np.float64(620.349858880873),np.float64(143.31),np.float64(88902.3382762179),np.float64(0.0),np.float64(0.9999999999999999),
2020-11-30,MSFT,sell,np.float64(421.4379629116753),np.float64(214.1),np.float64(90229.86785938968),np.float64(0.0),,
2020-11-30,ORCL,sell,np.float64(1591.8055197174197),np.float64(57.61),np.float64(91703.91599092055),np.float64(0.0),,
2020-11-30,PEP,sell,np.float64(620.349858880873),np.float64(144.46),np.float64(89615.74061393092),np.float64(0.0),,
2020-11-30,CRM,buy,np.float64(364.60392168455576),np.float64(245.48),np.float64(89502.97069512475),np.float64(0.0),np.float64(0.9999999999999996),
2020-11-30,JNJ,buy,np.float64(11.678818613353437),np.float64(144.23),np.float64(1684.4360086039662),np.float64(0.0),np.float64(0.9999999999999996),
2020-11-30,KO,buy,np.float64(39.25054442841367),np.float64(52.09),np.float64(2044.5608592760682),np.float64(0.0),np.float64(0.9999999999999996),
2020-11-30,QCOM,buy,np.float64(618.8431177258079),np.float64(144.6295),np.float64(89502.97069512475),np.float64(0.0),np.float64(0.9999999999999996),
2020-11-30,WMT,buy,np.float64(590.3889887541211),np.float64(151.6),np.float64(89502.97069512475),np.float64(0.0),np.float64(0.9999999999999996),
2020-12-07,JNJ,sell,np.float64(620.5572397914775),np.float64(149.35),np.float64(92680.22376285716),np.float64(0.0),,
2020-12-07,KO,sell,np.float64(1718.2371029972123),np.float64(53.76),np.float64(92372.42665713013),np.float64(0.0),,
2020-12-07,QCOM,sell,np.float64(618.8431177258079),np.float64(158.55),np.float64(98117.57631542685),np.float64(0.0),,
2020-12-07,AMZN,buy,np.float64(28.7910219363238),np.float64(3156.48),np.float64(90878.28492156735),np.float64(0.0),np.float64(0.9999999999999998),
2020-12-07,COST,buy,np.float64(242.8147725480732),np.float64(374.27),np.float64(90878.28492156735),np.float64(0.0),np.float64(0.9999999999999998),
2020-12-07,CRM,buy,np.float64(33.79283830653344),np.float64(228.11),np.float64(7708.484346103343),np.float64(0.0),np.float64(0.9999999999999998),
2020-12-07,MSFT,buy,np.float64(423.93191641352496),np.float64(214.37),np.float64(90878.28492156735),np.float64(0.0),np.float64(0.9999999999999998),
2020-12-07,WMT,buy,np.float64(21.75088004264134),np.float64(148.46),np.float64(3229.135651130534),np.float64(0.0),np.float64(0.9999999999999998),
2020-12-14,AMZN,sell,np.float64(28.7910219363238),np.float64(3143.0),np.float64(90490.18194586571),np.float64(0.0),,
2020-12-14,COST,sell,np.float64(242.8147725480732),np.float64(376.56),np.float64(91434.33075070244),np.float64(0.0),,
2020-12-14,CRM,sell,np.float64(398.3967599910892),np.float64(223.09),np.float64(88878.33318641208),np.float64(0.0),,
2020-12-14,MSFT,sell,np.float64(423.93191641352496),np.float64(213.1),np.float64(90339.89138772216),np.float64(0.0),,
2020-12-14,WMT,sell,np.float64(612.1398687967625),np.float64(147.7),np.float64(90413.05862128182),np.float64(0.0),,
2020-12-14,GOOGL,buy,np.float64(51.039842710438066),np.float64(1770.72),np.float64(90377.27028422689),np.float64(0.0),np.float64(0.9999999999999998),
2020-12-14,INTC,buy,np.float64(1814.0760795709934),np.float64(49.82),np.float64(90377.27028422689),np.float64(0.0),np.float64(0.9999999999999998),
2020-12-14,MU,buy,np.float64(1265.7880992188639),np.float64(71.4),np.float64(90377.27028422689),np.float64(0.0),np.float64(0.9999999999999998),
2020-12-14,NVDA,buy,np.float64(172.63549331772134),np.float64(523.515),np.float64(90377.27028422689),np.float64(0.0),np.float64(0.9999999999999998),
2020-12-14,QCOM,buy,np.float64(623.7216720788605),np.float64(144.9),np.float64(90377.27028422689),np.float64(0.0),np.float64(0.9999999999999998),
2020-12-21,MU,sell,np.float64(1265.7880992188639),np.float64(70.0),np.float64(88605.16694532047),np.float64(0.0),,
2020-12-21,NVDA,sell,np.float64(172.63549331772134),np.float64(522.99),np.float64(90286.63665023509),np.float64(0.0),,
2020-12-21,QCOM,sell,np.float64(623.7216720788605),np.float64(145.005),np.float64(90442.76105979516),np.float64(0.0),,
2020-12-21,AMAT,buy,np.float64(1044.2526397648162),np.float64(84.385),np.float64(88119.25900655403),np.float64(0.0),1.0,
2020-12-21,COST,buy,np.float64(241.363113222915),np.float64(365.09),np.float64(88119.25900655403),np.float64(0.0),1.0,
2020-12-21,GOOGL,buy,np.float64(0.5181189464013879),np.float64(1709.13),np.float64(885.5326348630042),np.float64(0.0),1.0,
2020-12-21,INTC,buy,np.float64(88.32588516462883),np.float64(46.32),np.float64(4091.2550008256076),np.float64(0.0),1.0,
2020-12-21,WMT,buy,np.float64(605.6306460931548),np.float64(145.5),np.float64(88119.25900655403),np.float64(0.0),1.0,
2020-12-28,AMAT,sell,np.float64(1044.2526397648162),np.float64(86.3665),np.float64(90188.445612248),np.float64(0.0),,
2020-12-28,COST,sell,np.float64(241.363113222915),np.float64(365.5),np.float64(88218.21788297543),np.float64(0.0),,
2020-12-28,GOOGL,sell,np.float64(51.55796165683945),np.float64(1744.91),np.float64(89964.00287463573),np.float64(0.0),,
2020-12-28,INTC,sell,np.float64(14.798432847547398),np.float64(47.19),np.float64(698.3380460757617),np.float64(0.0),,
2020-12-28,AMD,buy,np.float64(958.5280390594882),np.float64(92.93),np.float64(89076.01066979824),np.float64(0.0),1.0,
2020-12-28,NFLX,buy,np.float64(172.48419082895697),np.float64(516.43),np.float64(89076.01066979824),np.float64(0.0),1.0,
2020-12-28,WMT,buy,np.float64(12.780980328660275),np.float64(144.04),np.float64(1840.972406540226),np.float64(0.0),1.0,
2020-12-28,XOM,buy,np.float64(2133.557141791575),np.float64(41.75),np.float64(89076.01066979824),np.float64(0.0),1.0,
2021-01-04,AMD,sell,np.float64(958.5280390594882),np.float64(92.11),np.float64(88290.01767776946),np.float64(0.0),,
2021-01-04,INTC,sell,np.float64(1887.6035318880747),np.float64(49.89),np.float64(94172.54020589605),np.float64(0.0),,
2021-01-04,NFLX,sell,np.float64(172.48419082895697),np.float64(539.0),np.float64(92968.97885680781),np.float64(0.0),,
2021-01-04,CRM,buy,np.float64(407.09257737926976),np.float64(222.64),np.float64(90635.09142772062),np.float64(0.0),np.float64(0.9999999999999998),
2021-01-04,MSFT,buy,np.float64(407.2938094985872),np.float64(222.53),np.float64(90635.09142772062),np.float64(0.0),np.float64(0.9999999999999998),
2021-01-04,ORCL,buy,np.float64(1401.0680387651973),np.float64(64.69),np.float64(90635.09142772062),np.float64(0.0),np.float64(0.9999999999999998),
2021-01-04,WMT,buy,np.float64(9.189583061962106),np.float64(144.4151),np.float64(1327.1145568515637),np.float64(0.0),np.float64(0.9999999999999998),
2021-01-04,XOM,buy,np.float64(53.0554378880543),np.float64(41.45),np.float64(2199.147900459851),np.float64(0.0),np.float64(0.9999999999999998),
2021-01-11,CRM,sell,np.float64(407.09257737926976),np.float64(219.63),np.float64(89409.74276980902),np.float64(0.0),,
2021-01-11,MSFT,sell,np.float64(407.2938094985872),np.float64(218.47),np.float64(88981.47856115636),np.float64(0.0),,
2021-01-11,WMT,sell,np.float64(627.6012094837772),np.float64(146.0),np.float64(91629.77658463147),np.float64(0.0),,
2021-01-11,XOM,sell,np.float64(2186.612579679629),np.float64(45.04),np.float64(98485.03058877049),np.float64(0.0),,
2021-01-11,COST,buy,np.float64(248.00017248572368),np.float64(368.58),np.float64(91407.90357478803),np.float64(0.0),1.0,
2021-01-11,KO,buy,np.float64(1805.766566076413),np.float64(50.62),np.float64(91407.90357478803),np.float64(0.0),1.0,
2021-01-11,NFLX,buy,np.float64(179.99350892956056),np.float64(507.84),np.float64(91407.90357478803),np.float64(0.0),1.0,
2021-01-11,ORCL,buy,np.float64(51.003503328337615),np.float64(62.95),np.float64(3210.670534518853),np.float64(0.0),1.0,
2021-01-11,PEP,buy,np.float64(634.644890472735),np.float64(144.03),np.float64(91407.90357478803),np.float64(0.0),1.0,
2021-01-19,COST,sell,np.float64(248.00017248572368),np.float64(362.355),np.float64(89864.10250106441),np.float64(0.0),,
2021-01-19,NFLX,sell,np.float64(179.99350892956056),np.float64(501.0),np.float64(90176.74797370985),np.float64(0.0),,
2021-01-19,ORCL,sell,np.float64(1452.0715420935348),np.float64(62.1),np.float64(90173.64276400852),np.float64(0.0),,
2021-01-19,PEP,sell,np.float64(634.644890472735),np.float64(142.375),np.float64(90357.56628105565),np.float64(0.0),,
2021-01-19,ADBE,buy,np.float64(194.54219569807347),np.float64(461.17),np.float64(89717.02439008055),np.float64(0.0),np.float64(0.9999999999999997),
2021-01-19,AMD,buy,np.float64(1001.7532870710199),np.float64(89.56),np.float64(89717.02439008055),np.float64(0.0),np.float64(0.9999999999999997),
2021-01-19,GOOGL,buy,np.float64(51.47276212856027),np.float64(1743.0),np.float64(89717.02439008055),np.float64(0.0),np.float64(0.9999999999999997),
2021-01-19,KO,buy,np.float64(34.960237166930796),np.float64(48.74),np.float64(1703.9619595162071),np.float64(0.0),np.float64(0.9999999999999997),
2021-01-19,META,buy,np.float64(349.2293670302863),np.float64(256.9),np.float64(89717.02439008055),np.float64(0.0),np.float64(0.9999999999999997),
2021-01-25,ADBE,sell,np.float64(194.54219569807347),np.float64(474.51),np.float64(92312.21728069284),np.float64(0.0),,
2021-01-25,AMD,sell,np.float64(1001.7532870710199),np.float64(94.14),np.float64(94305.05444486582),np.float64(0.0),,
2021-01-25,GOOGL,sell,np.float64(51.47276212856027),np.float64(1912.74),np.float64(98454.01103378237),np.float64(0.0),,
2021-01-25,KO,sell,np.float64(1840.7268032433437),np.float64(48.42),np.float64(89127.99181304271),np.float64(0.0),,
2021-01-25,META,sell,np.float64(349.2293670302863),np.float64(278.14),np.float64(97134.65614580383),np.float64(0.0),,
2021-01-25,INTC,buy,np.float64(1671.9898216324498),np.float64(56.38),np.float64(94266.78614363752),np.float64(0.0),1.0,
2021-01-25,JPM,buy,np.float64(713.3856980750533),np.float64(132.14),np.float64(94266.78614363752),np.float64(0.0),1.0,
2021-01-25,ORCL,buy,np.float64(1561.2253418952885),np.float64(60.38),np.float64(94266.78614363752),np.float64(0.0),1.0,
2021-01-25,PEP,buy,np.float64(682.7774870848566),np.float64(138.0637),np.float64(94266.78614363752),np.float64(0.0),1.0,
2021-01-25,WMT,buy,np.float64(649.4439279616777),np.float64(145.15),np.float64(94266.78614363752),np.float64(0.0),1.0,
2021-02-01,INTC,sell,np.float64(1671.9898216324498),np.float64(55.95),np.float64(93547.83052033557),np.float64(0.0),,
2021-02-01,JPM,sell,np.float64(713.3856980750533),np.float64(129.5),np.float64(92383.4479007194),np.float64(0.0),,
2021-02-01,ORCL,sell,np.float64(1561.2253418952885),np.float64(60.92),np.float64(95109.84782826097),np.float64(0.0),,
2021-02-01,PEP,sell,np.float64(682.7774870848566),np.float64(136.98),np.float64(93526.86018088365),np.float64(0.0),,
2021-02-01,WMT,sell,np.float64(649.4439279616777),np.float64(140.91),np.float64(91513.14388908),np.float64(0.0),,
2021-02-01,AAPL,buy,np.float64(696.94374627182),np.float64(133.75),np.float64(93216.22606385592),np.float64(0.0),1.0,
2021-02-01,AMAT,buy,np.float64(939.2441616171526),np.float64(99.246),np.float64(93216.22606385592),np.float64(0.0),1.0,
2021-02-01,AMD,buy,np.float64(1073.548612966209),np.float64(86.83),np.float64(93216.22606385592),np.float64(0.0),1.0,
2021-02-01,META,buy,np.float64(359.1870609735509),np.float64(259.52),np.float64(93216.22606385592),np.float64(0.0),1.0,
2021-02-01,TSLA,buy,np.float64(114.4754645935182),np.float64(814.29),np.float64(93216.22606385592),np.float64(0.0),1.0,
2021-02-08,AAPL,sell,np.float64(696.94374627182),np.float64(136.03),np.float64(94805.25780535568),np.float64(0.0),,
2021-02-08,AMAT,sell,np.float64(939.2441616171526),np.float64(101.85),np.float64(95662.01786070698),np.float64(0.0),,
2021-02-08,AMD,sell,np.float64(1073.548612966209),np.float64(88.31),np.float64(94805.07801104592),np.float64(0.0),,
2021-02-08,META,sell,np.float64(359.1870609735509),np.float64(268.75),np.float64(96531.5226366418),np.float64(0.0),,
2021-02-08,TSLA,sell,np.float64(114.4754645935182),np.float64(869.67),np.float64(99555.87729304496),np.float64(0.0),,
2021-02-08,COST,buy,np.float64(270.07467093405563),np.float64(356.57),np.float64(96300.52541495621),np.float64(0.0),1.0,
2021-02-08,JNJ,buy,np.float64(580.4012606931038),np.float64(165.9206),np.float64(96300.52541495621),np.float64(0.0),1.0,
2021-02-08,PEP,buy,np.float64(681.532380856024),np.float64(141.3),np.float64(96300.52541495621),np.float64(0.0),1.0,
2021-02-08,QCOM,buy,np.float64(654.6602679466772),np.float64(147.1),np.float64(96300.52541495621),np.float64(0.0),1.0,
2021-02-08,WMT,buy,np.float64(665.0129508663505),np.float64(144.81),np.float64(96300.52541495621),np.float64(0.0),1.0,
2021-02-16,JNJ,sell,np.float64(580.4012606931038),np.float64(166.58),np.float64(96683.24200625725),np.float64(0.0),,
2021-02-16,QCOM,sell,np.float64(654.6602679466772),np.float64(149.0),np.float64(97544.3799240549),np.float64(0.0),,
2021-02-16,WMT,sell,np.float64(665.0129508663505),np.float64(145.94),np.float64(97051.99004943519),np.float64(0.0),,
2021-02-16,AMZN,buy,np.float64(29.399953328173545),np.float64(3254.05),np.float64(95668.91812754313),np.float64(0.0),1.0,
2021-02-16,COST,buy,np.float64(0.8816088752762768),np.float64(353.0788),np.float64(311.2774037518975),np.float64(0.0),1.0,
2021-02-16,CSCO,buy,np.float64(2024.3105824702313),np.float64(47.26),np.float64(95668.91812754313),np.float64(0.0),1.0,
2021-02-16,ORCL,buy,np.float64(1515.9074334898294),np.float64(63.11),np.float64(95668.91812754313),np.float64(0.0),1.0,
2021-02-16,PEP,buy,np.float64(29.44088490579415),np.float64(134.5605),np.float64(3961.5801933661132),np.float64(0.0),1.0,
2021-02-22,AMZN,sell,np.float64(29.399953328173545),np.float64(3208.13),np.float64(94318.8722707134),np.float64(0.0),,
2021-02-22,COST,sell,np.float64(270.95627980933193),np.float64(352.75),np.float64(95579.82770274184),np.float64(0.0),,
2021-02-22,ORCL,sell,np.float64(15.669877081286398),np.float64(62.73),np.float64(982.9713893090957),np.float64(0.0),,
2021-02-22,PEP,sell,np.float64(710.9732657618182),np.float64(132.04),np.float64(93876.91001119047),np.float64(0.0),,
2021-02-22,AAPL,buy,np.float64(735.17617306076),np.float64(128.01),np.float64(94109.90191350789),np.float64(0.0),np.float64(0.9999999999999998),
2021-02-22,ADBE,buy,np.float64(200.02954836232757),np.float64(470.48),np.float64(94109.90191350789),np.float64(0.0),np.float64(0.9999999999999998),
2021-02-22,CSCO,buy,np.float64(53.629402372071496),np.float64(45.29),np.float64(2428.875633431118),np.float64(0.0),np.float64(0.9999999999999998),
2021-02-22,WMT,buy,np.float64(683.2430805394793),np.float64(137.74),np.float64(94109.90191350789),np.float64(0.0),np.float64(0.9999999999999998),
2021-03-01,AAPL,sell,np.float64(735.17617306076),np.float64(123.75),np.float64(90978.05141626905),np.float64(0.0),,
2021-03-01,ADBE,sell,np.float64(200.02954836232757),np.float64(465.68),np.float64(93149.7600813687),np.float64(0.0),,
2021-03-01,CSCO,sell,np.float64(2077.9399848423027),np.float64(45.22),np.float64(93964.44611456893),np.float64(0.0),,
2021-03-01,ORCL,sell,np.float64(1500.237556408543),np.float64(64.95),np.float64(97440.42928873487),np.float64(0.0),,
2021-03-01,COST,buy,np.float64(277.6968535773552),np.float64(335.21),np.float64(93086.76228766525),np.float64(0.0),np.float64(0.9999999999999999),
2021-03-01,CRM,buy,np.float64(423.31406224495333),np.float64(219.9),np.float64(93086.76228766525),np.float64(0.0),np.float64(0.9999999999999999),
2021-03-01,NVDA,buy,np.float64(167.72389601381124),np.float64(555.0),np.float64(93086.76228766525),np.float64(0.0),np.float64(0.9999999999999999),
2021-03-01,TSLA,buy,np.float64(134.8868474412271),np.float64(690.11),np.float64(93086.76228766525),np.float64(0.0),np.float64(0.9999999999999999),
2021-03-01,WMT,buy,np.float64(24.21065321690659),np.float64(131.58),np.float64(3185.6377502805694),np.float64(0.0),np.float64(0.9999999999999999),
2021-03-08,COST,sell,np.float64(4.882303150249359),np.float64(318.91),np.float64(1557.015297646023),np.float64(0.0),,
2021-03-08,CRM,sell,np.float64(423.31406224495333),np.float64(213.62),np.float64(90428.34997676693),np.float64(0.0),,
2021-03-08,WMT,sell,np.float64(707.4537337563859),np.float64(129.33),np.float64(91494.99138671339),np.float64(0.0),,
2021-03-08,ADBE,buy,np.float64(197.84266026175254),np.float64(439.76),np.float64(87003.28827670829),np.float64(0.0),np.float64(0.9999999999999996),
2021-03-08,AMD,buy,np.float64(1114.9979274216107),np.float64(78.03),np.float64(87003.28827670829),np.float64(0.0),np.float64(0.9999999999999996),
2021-03-08,NVDA,buy,np.float64(6.981502132189418),np.float64(498.0),np.float64(3476.78806183033),np.float64(0.0),np.float64(0.9999999999999996),
2021-03-08,TSLA,buy,np.float64(9.985833062824753),np.float64(600.55),np.float64(5996.992045879405),np.float64(0.0),np.float64(0.9999999999999996),
2021-03-15,ADBE,sell,np.float64(197.84266026175254),np.float64(444.4),np.float64(87921.27822032283),np.float64(0.0),,
2021-03-15,AMD,sell,np.float64(1114.9979274216107),np.float64(81.91),np.float64(91329.48023510413),np.float64(0.0),,
2021-03-15,COST,sell,np.float64(272.81455042710587),np.float64(333.6),np.float64(91010.93402248253),np.float64(0.0),,
2021-03-15,NVDA,sell,np.float64(174.70539814600065),np.float64(514.59),np.float64(89901.65083195048),np.float64(0.0),,
2021-03-15,TSLA,sell,np.float64(144.87268050405186),np.float64(694.11),np.float64(100557.57626466744),np.float64(0.0),,
2021-03-15,GOOGL,buy,np.float64(45.06156529426822),np.float64(2044.975),np.float64(92149.77448764615),np.float64(0.0),np.float64(0.9999999999999999),
2021-03-15,KO,buy,np.float64(1824.7480096563595),np.float64(50.5),np.float64(92149.77448764615),np.float64(0.0),np.float64(0.9999999999999999),
2021-03-15,MU,buy,np.float64(1049.9005866200998),np.float64(87.77),np.float64(92149.77448764615),np.float64(0.0),np.float64(0.9999999999999999),
2021-03-15,ORCL,buy,np.float64(1376.3969303606593),np.float64(66.95),np.float64(92149.77448764615),np.float64(0.0),np.float64(0.9999999999999999),
2021-03-15,PEP,buy,np.float64(689.9503929892644),np.float64(133.56),np.float64(92149.77448764615),np.float64(0.0),np.float64(0.9999999999999999),
2021-03-22,GOOGL,sell,np.float64(45.06156529426822),np.float64(2027.63),np.float64(91368.18163761708),np.float64(0.0),,
2021-03-22,KO,sell,np.float64(1824.7480096563595),np.float64(50.32),np.float64(91821.31984590802),np.float64(0.0),,
2021-03-22,MU,sell,np.float64(1049.9005866200998),np.float64(91.83),np.float64(96412.37086932377),np.float64(0.0),,
2021-03-22,ORCL,sell,np.float64(1376.3969303606593),np.float64(66.21),np.float64(91131.24075917924),np.float64(0.0),,
2021-03-22,PEP,sell,np.float64(689.9503929892644),np.float64(135.63),np.float64(93577.97180113393),np.float64(0.0),,
2021-03-22,AMD,buy,np.float64(1160.9228276363597),np.float64(79.99),np.float64(92862.21698263241),np.float64(0.0),1.0,
2021-03-22,MSFT,buy,np.float64(403.2753592853277),np.float64(230.27),np.float64(92862.21698263241),np.float64(0.0),1.0,
2021-03-22,TSLA,buy,np.float64(135.64647012464746),np.float64(684.59),np.float64(92862.21698263241),np.float64(0.0),1.0,
2021-03-22,WMT,buy,np.float64(708.8718853636062),np.float64(131.0),np.float64(92862.21698263241),np.float64(0.0),1.0,
2021-03-22,XOM,buy,np.float64(1643.5790616395116),np.float64(56.5),np.float64(92862.21698263241),np.float64(0.0),1.0,
2021-03-29,MSFT,sell,np.float64(403.2753592853277),np.float64(236.59),np.float64(95410.91725331568),np.float64(0.0),,
2021-03-29,WMT,sell,np.float64(708.8718853636062),np.float64(135.0),np.float64(95697.70452408685),np.float64(0.0),,
2021-03-29,XOM,sell,np.float64(1643.5790616395116),np.float64(57.34),np.float64(94242.8233944096),np.float64(0.0),,
2021-03-29,AMD,buy,np.float64(28.968704110177733),np.float64(77.03),np.float64(2231.459277606991),np.float64(0.0),np.float64(0.9999999999999998),
2021-03-29,AMZN,buy,np.float64(29.998089535153525),np.float64(3055.4394),np.float64(91657.34469043577),np.float64(0.0),np.float64(0.9999999999999998),
2021-03-29,CRM,buy,np.float64(438.5309061309783),np.float64(209.01),np.float64(91657.34469043577),np.float64(0.0),np.float64(0.9999999999999998),
2021-03-29,META,buy,np.float64(320.74938651468284),np.float64(285.76),np.float64(91657.34469043577),np.float64(0.0),np.float64(0.9999999999999998),
2021-03-29,TSLA,buy,np.float64(13.234929216584083),np.float64(615.64),np.float64(8147.951822897825),np.float64(0.0),np.float64(0.9999999999999998),
2021-04-05,AMD,sell,np.float64(1189.8915317465373),np.float64(81.74),np.float64(97261.73380496196),np.float64(0.0),,
2021-04-05,AMZN,sell,np.float64(29.998089535153525),np.float64(3173.0),np.float64(95183.93809504213),np.float64(0.0),,
2021-04-05,CRM,sell,np.float64(438.5309061309783),np.float64(219.61),np.float64(96305.77229542415),np.float64(0.0),,
2021-04-05,META,sell,np.float64(320.74938651468284),np.float64(300.89),np.float64(96510.28290840292),np.float64(0.0),,
2021-04-05,TSLA,sell,np.float64(148.88139934123154),np.float64(707.71),np.float64(105364.85512778298),np.float64(0.0),,
2021-04-05,JNJ,buy,np.float64(599.6413862522784),np.float64(163.64),np.float64(98125.31644632282),np.float64(0.0),np.float64(0.9999999999999999),
2021-04-05,JPM,buy,np.float64(635.5266609217799),np.float64(154.4),np.float64(98125.31644632282),np.float64(0.0),np.float64(0.9999999999999999),
2021-04-05,KO,buy,np.float64(1874.4091011714004),np.float64(52.35),np.float64(98125.31644632282),np.float64(0.0),np.float64(0.9999999999999999),
2021-04-05,PEP,buy,np.float64(691.7540813981165),np.float64(141.85),np.float64(98125.31644632282),np.float64(0.0),np.float64(0.9999999999999999),
2021-04-05,WMT,buy,np.float64(717.7100383727532),np.float64(136.72),np.float64(98125.31644632282),np.float64(0.0),np.float64(0.9999999999999999),
2021-04-12,JPM,sell,np.float64(635.5266609217799),np.float64(155.58),np.float64(98875.23790621053),np.float64(0.0),,
2021-04-12,KO,sell,np.float64(20.5528040300369),np.float64(53.33),np.float64(1096.0810389218677),np.float64(0.0),,
2021-04-12,WMT,sell,np.float64(717.7100383727532),np.float64(140.07),np.float64(100529.64507487153),np.float64(0.0),,
2021-04-12,CSCO,buy,np.float64(1898.7162728355845),np.float64(52.07),np.float64(98866.15632654888),np.float64(0.0),np.float64(0.9999999999999997),
2021-04-12,JNJ,buy,np.float64(14.091038644046114),np.float64(161.09),np.float64(2269.9254151693885),np.float64(0.0),np.float64(0.9999999999999997),
2021-04-12,PEP,buy,np.float64(3.5072148504695053),np.float64(142.2),np.float64(498.72595173676365),np.float64(0.0),np.float64(0.9999999999999997),
2021-04-12,XOM,buy,np.float64(1741.9814347026495),np.float64(56.755),np.float64(98866.15632654888),np.float64(0.0),np.float64(0.9999999999999997),
2021-04-19,CSCO,sell,np.float64(1898.7162728355845),np.float64(52.525),np.float64(99730.07223068907),np.float64(0.0),,
2021-04-19,JNJ,sell,np.float64(613.7324248963245),np.float64(162.5),np.float64(99731.51904565272),np.float64(0.0),,
2021-04-19,KO,sell,np.float64(1853.8562971413635),np.float64(54.0),np.float64(100108.24004563363),np.float64(0.0),,
2021-04-19,PEP,sell,np.float64(695.261296248586),np.float64(144.49),np.float64(100458.30469495819),np.float64(0.0),,
2021-04-19,XOM,sell,np.float64(1741.9814347026495),np.float64(56.8),np.float64(98944.54549111049),np.float64(0.0),,
2021-04-19,AMAT,buy,np.float64(748.1169457886044),np.float64(133.3943),np.float64(99794.53630160882),np.float64(0.0),np.float64(0.9999999999999999),
2021-04-19,INTC,buy,np.float64(1542.4194173355304),np.float64(64.7),np.float64(99794.53630160882),np.float64(0.0),np.float64(0.9999999999999999),
2021-04-19,JPM,buy,np.float64(650.4662775492689),np.float64(153.42),np.float64(99794.53630160882),np.float64(0.0),np.float64(0.9999999999999999),
2021-04-19,META,buy,np.float64(327.1876917631688),np.float64(305.007),np.float64(99794.53630160882),np.float64(0.0),np.float64(0.9999999999999999),
2021-04-19,MU,buy,np.float64(1100.6952661071948),np.float64(90.665),np.float64(99794.53630160882),np.float64(0.0),np.float64(0.9999999999999999),
2021-04-26,AMAT,sell,np.float64(748.1169457886044),np.float64(134.83),np.float64(100868.60780067755),np.float64(0.0),,
2021-04-26,JPM,sell,np.float64(650.4662775492689),np.float64(150.78),np.float64(98077.30532887876),np.float64(0.0),,
2021-04-26,META,sell,np.float64(327.1876917631688),np.float64(303.3396),np.float64(99248.98354436293),np.float64(0.0),,
2021-04-26,INTC,buy,np.float64(97.27264323549598),np.float64(59.1),np.float64(5748.813215217812),np.float64(0.0),np.float64(0.9999999999999996),
2021-04-26,MU,buy,np.float64(19.99168635895144),np.float64(86.47),np.float64(1728.681119458531),np.float64(0.0),np.float64(0.9999999999999996),
2021-04-26,NFLX,buy,np.float64(191.22622302420794),np.float64(506.76),np.float64(96905.80077974762),np.float64(0.0),np.float64(0.9999999999999996),
2021-04-26,NVDA,buy,np.float64(159.54151070962848),np.float64(607.4018),np.float64(96905.80077974762),np.float64(0.0),np.float64(0.9999999999999996),
2021-04-26,ORCL,buy,np.float64(1292.5943814825612),np.float64(74.97),np.float64(96905.80077974762),np.float64(0.0),np.float64(0.9999999999999996),
2021-05-03,MU,sell,np.float64(1120.6869524661463),np.float64(86.97),np.float64(97466.14425598075),np.float64(0.0),,
2021-05-03,NFLX,sell,np.float64(191.22622302420794),np.float64(512.65),np.float64(98032.1232333602),np.float64(0.0),,
2021-05-03,NVDA,sell,np.float64(159.54151070962848),np.float64(605.0),np.float64(96522.61397932524),np.float64(0.0),,
2021-05-03,ORCL,sell,np.float64(1292.5943814825612),np.float64(76.28),np.float64(98599.09941948976),np.float64(0.0),,
2021-05-03,AAPL,buy,np.float64(735.3595350689075),np.float64(132.04),np.float64(97096.87301049853),np.float64(0.0),1.0,
2021-05-03,CSCO,buy,np.float64(1896.0529781390067),np.float64(51.21),np.float64(97096.87301049853),np.float64(0.0),1.0,
2021-05-03,INTC,buy,np.float64(38.587656143147704),np.float64(57.855),np.float64(2232.48884616181),np.float64(0.0),1.0,
2021-05-03,JNJ,buy,np.float64(593.5016687683284),np.float64(163.6),np.float64(97096.87301049853),np.float64(0.0),1.0,
2021-05-03,MSFT,buy,np.float64(383.1762944376422),np.float64(253.4),np.float64(97096.87301049853),np.float64(0.0),1.0,
2021-05-10,AAPL,sell,np.float64(735.3595350689075),np.float64(129.41),np.float64(95162.8774332673),np.float64(0.0),,
2021-05-10,CSCO,sell,np.float64(1896.0529781390067),np.float64(53.97),np.float64(102329.9792301622),np.float64(0.0),,
2021-05-10,INTC,sell,np.float64(1678.2797167141741),np.float64(57.1465),np.float64(95907.81183120656),np.float64(0.0),,
2021-05-10,JNJ,sell,np.float64(593.5016687683284),np.float64(169.9),np.float64(100835.93352373899),np.float64(0.0),,
2021-05-10,MSFT,sell,np.float64(383.1762944376422),np.float64(250.87),np.float64(96127.4369855713),np.float64(0.0),,
2021-05-10,ADBE,buy,np.float64(201.46409332699665),np.float64(487.54),np.float64(98221.80406064395),np.float64(0.0),1.0,
2021-05-10,AMD,buy,np.float64(1256.0333000082346),np.float64(78.2),np.float64(98221.80406064395),np.float64(0.0),1.0,
2021-05-10,AMZN,buy,np.float64(29.924505855810505),np.float64(3282.32),np.float64(98221.80406064395),np.float64(0.0),1.0,
2021-05-10,CRM,buy,np.float64(455.78986376042445),np.float64(215.498),np.float64(98221.80406064395),np.float64(0.0),1.0,
2021-05-10,TSLA,buy,np.float64(147.724175155127),np.float64(664.9),np.float64(98221.80406064395),np.float64(0.0),1.0,
2021-05-17,ADBE,sell,np.float64(201.46409332699665),np.float64(487.03),np.float64(98119.05737304717),np.float64(0.0),,
2021-05-17,AMZN,sell,np.float64(29.924505855810505),np.float64(3245.93),np.float64(97132.85129255099),np.float64(0.0),,
2021-05-17,CRM,sell,np.float64(455.78986376042445),np.float64(216.59),np.float64(98719.52659187034),np.float64(0.0),,
2021-05-17,AMAT,buy,np.float64(774.1164812673048),np.float64(122.0),np.float64(94442.2107146112),np.float64(0.0),1.0,
2021-05-17,AMD,buy,np.float64(16.515520507984352),np.float64(74.215),np.float64(1225.6993545000587),np.float64(0.0),1.0,
2021-05-17,MU,buy,np.float64(1194.0351566421543),np.float64(79.095),np.float64(94442.2107146112),np.float64(0.0),1.0,
2021-05-17,QCOM,buy,np.float64(730.4680231619708),np.float64(129.29),np.float64(94442.2107146112),np.float64(0.0),1.0,
2021-05-17,TSLA,buy,np.float64(16.36530801264883),np.float64(575.5531),np.float64(9419.103759134872),np.float64(0.0),1.0,
2021-05-24,AMAT,sell,np.float64(774.1164812673048),np.float64(130.19),np.float64(100782.22469619042),np.float64(0.0),,
2021-05-24,AMD,sell,np.float64(1272.548820516219),np.float64(77.26),np.float64(98317.12187308309),np.float64(0.0),,
2021-05-24,MU,sell,np.float64(1194.0351566421543),np.float64(81.4175),np.float64(97215.35736591261),np.float64(0.0),,
2021-05-24,QCOM,sell,np.float64(730.4680231619708),np.float64(131.8),np.float64(96275.68545274776),np.float64(0.0),,
2021-05-24,TSLA,sell,np.float64(164.08948316777582),np.float64(581.6),np.float64(95434.44341037843),np.float64(0.0),,
2021-05-24,AAPL,buy,np.float64(774.5811170515233),np.float64(126.01),np.float64(97604.96655966245),np.float64(0.0),np.float64(0.9999999999999999),
2021-05-24,COST,buy,np.float64(253.95646262805144),np.float64(384.3374),np.float64(97604.96655966245),np.float64(0.0),np.float64(0.9999999999999999),
2021-05-24,CSCO,buy,np.float64(1842.9940815646235),np.float64(52.96),np.float64(97604.96655966245),np.float64(0.0),np.float64(0.9999999999999999),
2021-05-24,MSFT,buy,np.float64(393.9099080237402),np.float64(247.785),np.float64(97604.96655966245),np.float64(0.0),np.float64(0.9999999999999999),
2021-05-24,XOM,buy,np.float64(1652.0813567986197),np.float64(59.08),np.float64(97604.96655966245),np.float64(0.0),np.float64(0.9999999999999999),
2021-06-01,AAPL,sell,np.float64(774.5811170515233),np.float64(125.08),np.float64(96884.60612080453),np.float64(0.0),,
2021-06-01,CSCO,sell,np.float64(1842.9940815646235),np.float64(52.96),np.float64(97604.96655966245),np.float64(0.0),,
2021-06-01,MSFT,sell,np.float64(393.9099080237402),np.float64(251.23),np.float64(98961.98619280424),np.float64(0.0),,
2021-06-01,XOM,sell,np.float64(9.85358691161684),np.float64(59.45),np.float64(585.7957418956212),np.float64(0.0),,
2021-06-01,COST,buy,np.float64(3.016468660445819),np.float64(379.925),np.float64(1146.0318558198778),np.float64(0.0),1.0,
2021-06-01,JNJ,buy,np.float64(573.7904256231697),np.float64(170.15),np.float64(97630.44091978233),np.float64(0.0),1.0,
2021-06-01,PEP,buy,np.float64(656.2067544010104),np.float64(148.78),np.float64(97630.44091978233),np.float64(0.0),1.0,
2021-06-01,WMT,buy,np.float64(686.5230357906077),np.float64(142.21),np.float64(97630.44091978233),np.float64(0.0),1.0,
2021-06-07,COST,sell,np.float64(256.97293128849725),np.float64(385.47),np.float64(99055.35582377705),np.float64(0.0),,
2021-06-07,PEP,sell,np.float64(656.2067544010104),np.float64(147.76),np.float64(96961.11003029329),np.float64(0.0),,
2021-06-07,XOM,sell,np.float64(1642.227769887003),np.float64(61.33),np.float64(100717.82912716988),np.float64(0.0),,
2021-06-07,AMZN,buy,np.float64(30.655091624734712),np.float64(3197.33),np.float64(98014.44410451304),np.float64(0.0),np.float64(0.9999999999999998),
2021-06-07,JNJ,buy,np.float64(16.658032837752334),np.float64(166.0),np.float64(2765.2334510668875),np.float64(0.0),np.float64(0.9999999999999998),
2021-06-07,NFLX,buy,np.float64(198.8457772588301),np.float64(492.9169),np.float64(98014.44410451304),np.float64(0.0),np.float64(0.9999999999999998),
2021-06-07,TSLA,buy,np.float64(165.61389617625653),np.float64(591.825),np.float64(98014.44410451304),np.float64(0.0),np.float64(0.9999999999999998),
2021-06-07,WMT,buy,np.float64(4.449428816463612),np.float64(141.85),np.float64(631.1514776153634),np.float64(0.0),np.float64(0.9999999999999998),
2021-06-14,AMZN,sell,np.float64(30.655091624734712),np.float64(3346.83),np.float64(102597.38030241088),np.float64(0.0),,
2021-06-14,NFLX,sell,np.float64(198.8457772588301),np.float64(489.68),np.float64(97370.80020810393),np.float64(0.0),,
2021-06-14,TSLA,sell,np.float64(165.61389617625653),np.float64(612.23),np.float64(101393.79565598954),np.float64(0.0),,
2021-06-14,COST,buy,np.float64(260.4424995511439),np.float64(380.79),np.float64(99173.89940408009),np.float64(0.0),np.float64(0.9999999999999998),
2021-06-14,JNJ,buy,np.float64(12.432388980294565),np.float64(164.5),np.float64(2045.127987258456),np.float64(0.0),np.float64(0.9999999999999998),
2021-06-14,JPM,buy,np.float64(619.2563184769284),np.float64(160.15),np.float64(99173.89940408009),np.float64(0.0),np.float64(0.9999999999999998),
2021-06-14,MU,buy,np.float64(1247.4704327557245),np.float64(79.5),np.float64(99173.89940408009),np.float64(0.0),np.float64(0.9999999999999998),
2021-06-14,WMT,buy,np.float64(12.737883821794956),np.float64(140.93),np.float64(1795.1499670055632),np.float64(0.0),np.float64(0.9999999999999998),
2021-06-21,COST,sell,np.float64(260.4424995511439),np.float64(382.25),np.float64(99554.14545342476),np.float64(0.0),,
2021-06-21,JNJ,sell,np.float64(602.8808474412166),np.float64(162.77),np.float64(98130.91553800683),np.float64(0.0),,
2021-06-21,MU,sell,np.float64(1247.4704327557245),np.float64(76.85),np.float64(95868.10275727742),np.float64(0.0),,
2021-06-21,CSCO,buy,np.float64(1838.392978421119),np.float64(52.365),np.float64(96267.4483150219),np.float64(0.0),np.float64(0.9999999999999998),
2021-06-21,JPM,buy,np.float64(26.48723072498943),np.float64(149.08),np.float64(3948.7163564814246),np.float64(0.0),np.float64(0.9999999999999998),
2021-06-21,KO,buy,np.float64(1775.4970179826983),np.float64(54.22),np.float64(96267.4483150219),np.float64(0.0),np.float64(0.9999999999999998),
2021-06-21,ORCL,buy,np.float64(1256.591154092441),np.float64(76.61),np.float64(96267.4483150219),np.float64(0.0),np.float64(0.9999999999999998),
2021-06-21,WMT,buy,np.float64(5.912593595473363),np.float64(135.66),np.float64(802.1024471619164),np.float64(0.0),np.float64(0.9999999999999998),
2021-06-28,CSCO,sell,np.float64(1838.392978421119),np.float64(53.16),np.float64(97728.97073286668),np.float64(0.0),,
2021-06-28,JPM,sell,np.float64(645.7435492019179),np.float64(153.7),np.float64(99250.78351233476),np.float64(0.0),,
2021-06-28,ORCL,sell,np.float64(1256.591154092441),np.float64(78.49),np.float64(98629.83968471568),np.float64(0.0),,
2021-06-28,WMT,sell,np.float64(709.6229420243396),np.float64(138.04),np.float64(97956.35091703983),np.float64(0.0),,
2021-06-28,AMZN,buy,np.float64(28.681888645931988),np.float64(3416.0),np.float64(97977.33161450367),np.float64(0.0),np.float64(0.9999999999999999),
2021-06-28,CRM,buy,np.float64(401.2011449756507),np.float64(244.21),np.float64(97977.33161450367),np.float64(0.0),np.float64(0.9999999999999999),
2021-06-28,JNJ,buy,np.float64(595.8242010125497),np.float64(164.44),np.float64(97977.33161450367),np.float64(0.0),np.float64(0.9999999999999999),
2021-06-28,KO,buy,np.float64(30.536744496632206),np.float64(54.25),np.float64(1656.618388942297),np.float64(0.0),np.float64(0.9999999999999999),
2021-06-28,PEP,buy,np.float64(667.602423102369),np.float64(146.76),np.float64(97977.33161450367),np.float64(0.0),np.float64(0.9999999999999999),
2021-07-06,AMZN,sell,np.float64(28.681888645931988),np.float64(3530.11),np.float64(101250.22192789098),np.float64(0.0),,
2021-07-06,CRM,sell,np.float64(401.2011449756507),np.float64(249.0),np.float64(99899.08509893702),np.float64(0.0),,
2021-07-06,JNJ,sell,np.float64(595.8242010125497),np.float64(167.91),np.float64(100044.84159201721),np.float64(0.0),,
2021-07-06,PEP,sell,np.float64(667.602423102369),np.float64(149.07),np.float64(99519.49321187014),np.float64(0.0),,
2021-07-06,COST,buy,np.float64(249.21038648808246),np.float64(399.84),np.float64(99644.28093339488),np.float64(0.0),1.0,
2021-07-06,KO,buy,np.float64(39.572478183660316),np.float64(53.99),np.float64(2136.5180971358204),np.float64(0.0),1.0,
2021-07-06,MU,buy,np.float64(1233.3739439707251),np.float64(80.79),np.float64(99644.28093339488),np.float64(0.0),1.0,
2021-07-06,WMT,buy,np.float64(712.2536163931013),np.float64(139.9),np.float64(99644.28093339488),np.float64(0.0),1.0,
2021-07-06,XOM,buy,np.float64(1587.956668261273),np.float64(62.75),np.float64(99644.28093339488),np.float64(0.0),1.0,
2021-07-12,COST,sell,np.float64(249.21038648808246),np.float64(414.04),np.float64(103183.06842152566),np.float64(0.0),,
2021-07-12,KO,sell,np.float64(1845.6062406629908),np.float64(54.32),np.float64(100253.33099281366),np.float64(0.0),,
2021-07-12,MU,sell,np.float64(1233.3739439707251),np.float64(78.75),np.float64(97128.1980876946),np.float64(0.0),,
2021-07-12,WMT,sell,np.float64(712.2536163931013),np.float64(140.69),np.float64(100206.96129034543),np.float64(0.0),,
2021-07-12,AMAT,buy,np.float64(730.518274415362),np.float64(135.99),np.float64(99343.18013774509),np.float64(0.0),np.float64(0.9999999999999999),
2021-07-12,AMD,buy,np.float64(1089.0504290478523),np.float64(91.22),np.float64(99343.18013774509),np.float64(0.0),np.float64(0.9999999999999999),
2021-07-12,META,buy,np.float64(282.85171726480576),np.float64(351.22),np.float64(99343.18013774509),np.float64(0.0),np.float64(0.9999999999999999),
2021-07-12,TSLA,buy,np.float64(150.01990356047278),np.float64(662.2),np.float64(99343.18013774509),np.float64(0.0),np.float64(0.9999999999999999),
2021-07-12,XOM,buy,np.float64(56.25352931808985),np.float64(60.42),np.float64(3398.838241398989),np.float64(0.0),np.float64(0.9999999999999999),
2021-07-19,META,sell,np.float64(282.85171726480576),np.float64(337.57),np.float64(95482.25419708047),np.float64(0.0),,
2021-07-19,TSLA,sell,np.float64(150.01990356047278),np.float64(629.89),np.float64(94496.0370537062),np.float64(0.0),,
2021-07-19,AMAT,buy,np.float64(13.110011203199448),np.float64(125.19),np.float64(1641.2423025285389),np.float64(0.0),1.0,
2021-07-19,AMD,buy,np.float64(6.3116732769825905),np.float64(84.99),np.float64(536.4291118107503),np.float64(0.0),1.0,
2021-07-19,AMZN,buy,np.float64(26.35321070622257),np.float64(3532.58),np.float64(93094.82507658772),np.float64(0.0),1.0,
2021-07-19,NVDA,buy,np.float64(129.91002787651263),np.float64(716.61),np.float64(93094.82507658772),np.float64(0.0),1.0,
2021-07-19,XOM,buy,np.float64(28.953445062400498),np.float64(55.64),np.float64(1610.9696832719637),np.float64(0.0),1.0,
2021-07-26,AMAT,sell,np.float64(743.6282856185614),np.float64(138.23),np.float64(102791.73792105375),np.float64(0.0),,
2021-07-26,AMD,sell,np.float64(1095.362102324835),np.float64(92.01),np.float64(100784.26703490807),np.float64(0.0),,
2021-07-26,AMZN,sell,np.float64(26.35321070622257),np.float64(3673.17),np.float64(96799.82296977556),np.float64(0.0),,
2021-07-26,NVDA,sell,np.float64(519.6401115060505),np.float64(193.11),np.float64(100347.70193293343),np.float64(0.0),,
2021-07-26,XOM,sell,np.float64(1673.1636426417635),np.float64(57.16),np.float64(95638.03381340319),np.float64(0.0),,
2021-07-26,INTC,buy,np.float64(1879.8014151565005),np.float64(52.81),np.float64(99272.3127344148),np.float64(0.0),np.float64(0.9999999999999999),
2021-07-26,JPM,buy,np.float64(660.9781792024422),np.float64(150.19),np.float64(99272.3127344148),np.float64(0.0),np.float64(0.9999999999999999),
2021-07-26,NFLX,buy,np.float64(192.9941147292173),np.float64(514.38),np.float64(99272.3127344148),np.float64(0.0),np.float64(0.9999999999999999),
2021-07-26,PEP,buy,np.float64(633.1546191365189),np.float64(156.79),np.float64(99272.3127344148),np.float64(0.0),np.float64(0.9999999999999999),
2021-07-26,WMT,buy,np.float64(697.3329076595587),np.float64(142.36),np.float64(99272.3127344148),np.float64(0.0),np.float64(0.9999999999999999),
2021-08-02,INTC,sell,np.float64(1879.8014151565005),np.float64(53.99),np.float64(101490.47840429947),np.float64(0.0),,
2021-08-02,JPM,sell,np.float64(660.9781792024422),np.float64(152.03),np.float64(100488.51258414729),np.float64(0.0),,
2021-08-02,NFLX,sell,np.float64(192.9941147292173),np.float64(519.0),np.float64(100163.94554446379),np.float64(0.0),,
2021-08-02,PEP,sell,np.float64(633.1546191365189),np.float64(157.0),np.float64(99405.27520443348),np.float64(0.0),,
2021-08-02,WMT,sell,np.float64(697.3329076595587),np.float64(142.83),np.float64(99600.05920101478),np.float64(0.0),,
2021-08-02,AAPL,buy,np.float64(684.8158936025674),np.float64(146.36),np.float64(100229.65418767177),np.float64(0.0),np.float64(0.9999999999999999),
2021-08-02,AMZN,buy,np.float64(29.891638837992236),np.float64(3353.1),np.float64(100229.65418767177),np.float64(0.0),np.float64(0.9999999999999999),
2021-08-02,CRM,buy,np.float64(413.64225243560634),np.float64(242.31),np.float64(100229.65418767177),np.float64(0.0),np.float64(0.9999999999999999),
2021-08-02,META,buy,np.float64(279.8929187033559),np.float64(358.1),np.float64(100229.65418767177),np.float64(0.0),np.float64(0.9999999999999999),
2021-08-02,MSFT,buy,np.float64(350.01276081740383),np.float64(286.36),np.float64(100229.65418767177),np.float64(0.0),np.float64(0.9999999999999999),
2021-08-09,AAPL,sell,np.float64(684.8158936025674),np.float64(146.2),np.float64(100120.08364469535),np.float64(0.0),,
2021-08-09,AMZN,sell,np.float64(29.891638837992236),np.float64(3343.61),np.float64(99945.98253509922),np.float64(0.0),,
2021-08-09,CRM,sell,np.float64(413.64225243560634),np.float64(251.42),np.float64(103997.93510736014),np.float64(0.0),,
2021-08-09,META,sell,np.float64(279.8929187033559),np.float64(363.7623),np.float64(101814.49186124575),np.float64(0.0),,
2021-08-09,MSFT,sell,np.float64(350.01276081740383),np.float64(289.75),np.float64(101416.19744684277),np.float64(0.0),,
2021-08-09,CSCO,buy,np.float64(1818.1488717013108),np.float64(55.82),np.float64(101489.07001836717),np.float64(0.0),1.0,
2021-08-09,JNJ,buy,np.float64(584.2106264009162),np.float64(173.72),np.float64(101489.07001836717),np.float64(0.0),1.0,
2021-08-09,KO,buy,np.float64(1786.9367024978812),np.float64(56.795),np.float64(101489.07001836717),np.float64(0.0),1.0,
2021-08-09,PEP,buy,np.float64(656.292485892183),np.float64(154.64),np.float64(101489.07001836717),np.float64(0.0),1.0,
2021-08-09,QCOM,buy,np.float64(691.389536197065),np.float64(146.79),np.float64(101489.07001836717),np.float64(0.0),1.0,
2021-08-16,CSCO,sell,np.float64(1818.1488717013108),np.float64(56.3),np.float64(102361.7814767838),np.float64(0.0),,
2021-08-16,JNJ,sell,np.float64(584.2106264009162),np.float64(176.55),np.float64(103142.38609108176),np.float64(0.0),,
2021-08-16,KO,sell,np.float64(1786.9367024978812),np.float64(57.2),np.float64(102212.77938287881),np.float64(0.0),,
2021-08-16,PEP,sell,np.float64(656.292485892183),np.float64(156.93),np.float64(102991.97981106029),np.float64(0.0),,
2021-08-16,QCOM,sell,np.float64(691.389536197065),np.float64(148.4),np.float64(102602.20717164445),np.float64(0.0),,
2021-08-16,AMAT,buy,np.float64(793.2179006118587),np.float64(129.425),np.float64(102662.22678668982),np.float64(0.0),np.float64(0.9999999999999999),
2021-08-16,AMZN,buy,np.float64(31.270857991681332),np.float64(3283.0),np.float64(102662.22678668982),np.float64(0.0),np.float64(0.9999999999999999),
2021-08-16,INTC,buy,np.float64(1928.6535184424165),np.float64(53.23),np.float64(102662.22678668982),np.float64(0.0),np.float64(0.9999999999999999),
2021-08-16,MU,buy,np.float64(1462.4248830012793),np.float64(70.2),np.float64(102662.22678668982),np.float64(0.0),np.float64(0.9999999999999999),
2021-08-16,NFLX,buy,np.float64(199.25127471991658),np.float64(515.24),np.float64(102662.22678668982),np.float64(0.0),np.float64(0.9999999999999999),
2021-08-23,AMAT,sell,np.float64(793.2179006118587),np.float64(128.31),np.float64(101777.78882750758),np.float64(0.0),,
2021-08-23,AMZN,sell,np.float64(31.270857991681332),np.float64(3211.9),np.float64(100438.86878348127),np.float64(0.0),,
2021-08-23,INTC,sell,np.float64(1928.6535184424165),np.float64(52.59),np.float64(101427.88853488669),np.float64(0.0),,
2021-08-23,MU,sell,np.float64(1462.4248830012793),np.float64(70.84),np.float64(103598.17871181063),np.float64(0.0),,
2021-08-23,NFLX,sell,np.float64(199.25127471991658),np.float64(545.98),np.float64(108787.21097158006),np.float64(0.0),,
2021-08-23,AMD,buy,np.float64(980.1603795607886),np.float64(105.295),np.float64(103205.98716585324),np.float64(0.0),np.float64(0.9999999999999999),
2021-08-23,JPM,buy,np.float64(664.4304845545176),np.float64(155.33),np.float64(103205.98716585324),np.float64(0.0),np.float64(0.9999999999999999),
2021-08-23,QCOM,buy,np.float64(723.4782928154308),np.float64(142.6525),np.float64(103205.98716585324),np.float64(0.0),np.float64(0.9999999999999999),
2021-08-23,TSLA,buy,np.float64(150.56851953316726),np.float64(685.442),np.float64(103205.98716585324),np.float64(0.0),np.float64(0.9999999999999999),
2021-08-23,XOM,buy,np.float64(1912.993274621932),np.float64(53.95),np.float64(103205.98716585324),np.float64(0.0),np.float64(0.9999999999999999),
2021-08-30,AMD,sell,np.float64(980.1603795607886),np.float64(112.61),np.float64(110375.8603423404),np.float64(0.0),,
2021-08-30,JPM,sell,np.float64(664.4304845545176),np.float64(163.21),np.float64(108441.69938414283),np.float64(0.0),,
2021-08-30,QCOM,sell,np.float64(723.4782928154308),np.float64(145.59),np.float64(105331.20465099857),np.float64(0.0),,
2021-08-30,TSLA,sell,np.float64(150.56851953316726),np.float64(714.715),np.float64(107613.57943814764),np.float64(0.0),,
2021-08-30,XOM,sell,np.float64(1912.993274621932),np.float64(56.24),np.float64(107586.74176473745),np.float64(0.0),,
2021-08-30,COST,buy,np.float64(239.15798402818683),np.float64(451.04),np.float64(107869.81711607339),np.float64(0.0),1.0,
2021-08-30,JNJ,buy,np.float64(624.2827543033358),np.float64(172.79),np.float64(107869.81711607339),np.float64(0.0),1.0,
2021-08-30,KO,buy,np.float64(1936.9692425224168),np.float64(55.69),np.float64(107869.81711607339),np.float64(0.0),1.0,
2021-08-30,PEP,buy,np.float64(695.1270596473346),np.float64(155.18),np.float64(107869.81711607339),np.float64(0.0),1.0,
2021-08-30,WMT,buy,np.float64(736.7150465515189),np.float64(146.42),np.float64(107869.81711607339),np.float64(0.0),1.0,
2021-09-07,COST,sell,np.float64(239.15798402818683),np.float64(462.5),np.float64(110610.56761303642),np.float64(0.0),,
2021-09-07,JNJ,sell,np.float64(624.2827543033358),np.float64(174.35),np.float64(108843.69821278659),np.float64(0.0),,
2021-09-07,KO,sell,np.float64(1936.9692425224168),np.float64(56.6),np.float64(109632.4591267688),np.float64(0.0),,
2021-09-07,PEP,sell,np.float64(695.1270596473346),np.float64(156.48),np.float64(108773.48229361491),np.float64(0.0),,
2021-09-07,WMT,sell,np.float64(736.7150465515189),np.float64(148.97),np.float64(109748.44048477977),np.float64(0.0),,
2021-09-07,AMD,buy,np.float64(997.4187791734934),np.float64(109.955),np.float64(109671.18186402146),np.float64(0.0),1.0,
2021-09-07,GOOGL,buy,np.float64(38.12408770636442),np.float64(2876.69),np.float64(109671.18186402146),np.float64(0.0),1.0,
2021-09-07,INTC,buy,np.float64(2047.249988128084),np.float64(53.57),np.float64(109671.18186402146),np.float64(0.0),1.0,
2021-09-07,JPM,buy,np.float64(685.4877296332362),np.float64(159.99),np.float64(109671.18186402146),np.float64(0.0),1.0,
2021-09-07,XOM,buy,np.float64(2006.0578354494505),np.float64(54.67),np.float64(109671.18186402146),np.float64(0.0),1.0,
2021-09-13,AMD,sell,np.float64(997.4187791734934),np.float64(105.26),np.float64(104988.30069580191),np.float64(0.0),,
2021-09-13,GOOGL,sell,np.float64(38.12408770636442),np.float64(2838.99),np.float64(108233.90375749151),np.float64(0.0),,
2021-09-13,INTC,sell,np.float64(2047.249988128084),np.float64(54.61),np.float64(111800.32185167466),np.float64(0.0),,
2021-09-13,JPM,sell,np.float64(685.4877296332362),np.float64(158.53),np.float64(108670.36977875694),np.float64(0.0),,
2021-09-13,XOM,sell,np.float64(2006.0578354494505),np.float64(54.65),np.float64(109631.06070731247),np.float64(0.0),,
2021-09-13,AAPL,buy,np.float64(721.4020537622486),np.float64(150.63),np.float64(108664.7913582075),np.float64(0.0),np.float64(0.9999999999999998),
2021-09-13,CRM,buy,np.float64(422.82019983738326),np.float64(257.0),np.float64(108664.7913582075),np.float64(0.0),np.float64(0.9999999999999998),
2021-09-13,CSCO,buy,np.float64(1868.376742747722),np.float64(58.16),np.float64(108664.7913582075),np.float64(0.0),np.float64(0.9999999999999998),
2021-09-13,JNJ,buy,np.float64(647.1223877930414),np.float64(167.92),np.float64(108664.7913582075),np.float64(0.0),np.float64(0.9999999999999998),
2021-09-13,KO,buy,np.float64(1949.4939246180031),np.float64(55.74),np.float64(108664.7913582075),np.float64(0.0),np.float64(0.9999999999999998),
2021-09-20,CRM,sell,np.float64(422.82019983738326),np.float64(256.59),np.float64(108491.43507627415),np.float64(0.0),,
2021-09-20,JNJ,sell,np.float64(647.1223877930414),np.float64(163.48),np.float64(105791.5679564064),np.float64(0.0),,
2021-09-20,KO,sell,np.float64(1949.4939246180031),np.float64(54.11),np.float64(105487.11626108015),np.float64(0.0),,
2021-09-20,AAPL,buy,np.float64(15.267769366024247),np.float64(143.8),np.float64(2195.505234834287),np.float64(0.0),1.0,
2021-09-20,CSCO,buy,np.float64(10.536357036698472),np.float64(56.38),np.float64(594.0398097290599),np.float64(0.0),1.0,
2021-09-20,META,buy,np.float64(294.8319525907198),np.float64(359.3),np.float64(105933.12056584563),np.float64(0.0),1.0,
2021-09-20,ORCL,buy,np.float64(1245.8323011389584),np.float64(85.03),np.float64(105933.12056584563),np.float64(0.0),1.0,
2021-09-20,QCOM,buy,np.float64(805.7588846569228),np.float64(131.47),np.float64(105933.12056584563),np.float64(0.0),1.0,
2021-09-27,AAPL,sell,np.float64(736.6698231282728),np.float64(145.47),np.float64(107163.35917046985),np.float64(0.0),,
2021-09-27,CSCO,sell,np.float64(1878.9130997844204),np.float64(56.46),np.float64(106083.43361382838),np.float64(0.0),,
2021-09-27,ORCL,sell,np.float64(1245.8323011389584),np.float64(89.78),np.float64(111850.82399625568),np.float64(0.0),,
2021-09-27,QCOM,sell,np.float64(805.7588846569228),np.float64(132.43),np.float64(106706.64909511629),np.float64(0.0),,
2021-09-27,ADBE,buy,np.float64(173.73756318664078),np.float64(615.8),np.float64(106987.59141033339),np.float64(0.0),1.0,
2021-09-27,JNJ,buy,np.float64(652.3633622581305),np.float64(164.0),np.float64(106987.59141033339),np.float64(0.0),1.0,
2021-09-27,KO,buy,np.float64(1986.7704997276396),np.float64(53.85),np.float64(106987.59141033339),np.float64(0.0),1.0,
2021-09-27,META,buy,np.float64(11.017281726495174),np.float64(349.805),np.float64(3853.9002343366446),np.float64(0.0),1.0,
2021-09-27,WMT,buy,np.float64(748.8457437553957),np.float64(142.87),np.float64(106987.59141033339),np.float64(0.0),1.0,
2021-10-04,JNJ,sell,np.float64(652.3633622581305),np.float64(159.99),np.float64(104371.6143276783),np.float64(0.0),,
2021-10-04,KO,sell,np.float64(1986.7704997276396),np.float64(53.06),np.float64(105418.04271554857),np.float64(0.0),,
2021-10-04,META,sell,np.float64(305.849234317215),np.float64(335.53),np.float64(102621.59359045514),np.float64(0.0),,
2021-10-04,ADBE,buy,np.float64(5.485294099023334),np.float64(574.5901),np.float64(3151.7956848872273),np.float64(0.0),1.0,
2021-10-04,AMAT,buy,np.float64(806.6714671005443),np.float64(127.66),np.float64(102979.67949005548),np.float64(0.0),1.0,
2021-10-04,COST,buy,np.float64(229.691036914073),np.float64(448.34),np.float64(102979.67949005548),np.float64(0.0),1.0,
2021-10-04,NVDA,buy,np.float64(502.2419015316791),np.float64(205.04),np.float64(102979.67949005548),np.float64(0.0),1.0,
2021-10-04,WMT,buy,np.float64(2.3372709798546802),np.float64(137.09),np.float64(320.4164786282781),np.float64(0.0),1.0,
2021-10-11,ADBE,sell,np.float64(179.2228572856641),np.float64(574.5),np.float64(102963.53151061403),np.float64(0.0),,
2021-10-11,COST,sell,np.float64(229.691036914073),np.float64(450.04),np.float64(103370.15425280943),np.float64(0.0),,
2021-10-11,NVDA,sell,np.float64(502.2419015316791),np.float64(205.75),np.float64(103336.27124014297),np.float64(0.0),,
2021-10-11,WMT,sell,np.float64(751.1830147352504),np.float64(139.52),np.float64(104805.05421586214),np.float64(0.0),,
2021-10-11,AMAT,buy,np.float64(14.129829055330134),np.float64(125.7),np.float64(1776.119512254998),np.float64(0.0),1.0,
2021-10-11,CRM,buy,np.float64(379.6258846375503),np.float64(271.78),np.float64(103174.72292679342),np.float64(0.0),1.0,
2021-10-11,META,buy,np.float64(314.91712453809515),np.float64(327.625),np.float64(103174.72292679342),np.float64(0.0),1.0,
2021-10-11,MU,buy,np.float64(1476.033232142967),np.float64(69.9),np.float64(103174.72292679342),np.float64(0.0),1.0,
2021-10-11,QCOM,buy,np.float64(818.4897300923677),np.float64(126.055),np.float64(103174.72292679342),np.float64(0.0),1.0,
2021-10-18,AMAT,sell,np.float64(820.8012961558744),np.float64(130.36),np.float64(106999.6569668798),np.float64(0.0),,
2021-10-18,CRM,sell,np.float64(379.6258846375503),np.float64(290.78),np.float64(110387.61473490686),np.float64(0.0),,
2021-10-18,QCOM,sell,np.float64(818.4897300923677),np.float64(129.32),np.float64(105847.09189554499),np.float64(0.0),,
2021-10-18,JNJ,buy,np.float64(656.143948330781),np.float64(160.25),np.float64(105147.06772000765),np.float64(0.0),np.float64(0.9999999999999998),
2021-10-18,JPM,buy,np.float64(631.589786881353),np.float64(166.48),np.float64(105147.06772000765),np.float64(0.0),np.float64(0.9999999999999998),
2021-10-18,META,buy,np.float64(4.727404174498473),np.float64(328.95),np.float64(1555.0796032012727),np.float64(0.0),np.float64(0.9999999999999998),
2021-10-18,MU,buy,np.float64(93.09178979417165),np.float64(67.01),np.float64(6238.080834107443),np.float64(0.0),np.float64(0.9999999999999998),
2021-10-18,NFLX,buy,np.float64(166.3456220851252),np.float64(632.1),np.float64(105147.06772000765),np.float64(0.0),np.float64(0.9999999999999998),
2021-10-25,JNJ,sell,np.float64(656.143948330781),np.float64(163.72),np.float64(107423.88722071546),np.float64(0.0),,
2021-10-25,JPM,sell,np.float64(631.589786881353),np.float64(172.71),np.float64(109081.87209227849),np.float64(0.0),,
2021-10-25,META,sell,np.float64(319.6445287125936),np.float64(320.3),np.float64(102382.14254664374),np.float64(0.0),,
2021-10-25,MU,sell,np.float64(1569.1250219371389),np.float64(69.62),np.float64(109242.48402726362),np.float64(0.0),,
2021-10-25,NFLX,sell,np.float64(166.3456220851252),np.float64(663.74),np.float64(110410.243202781),np.float64(0.0),,
2021-10-25,AMZN,buy,np.float64(32.29628960058064),np.float64(3335.0),np.float64(107708.12581793645),np.float64(0.0),1.0,
2021-10-25,CSCO,buy,np.float64(1954.4207188883406),np.float64(55.11),np.float64(107708.12581793645),np.float64(0.0),1.0,
2021-10-25,GOOGL,buy,np.float64(39.15235398689075),np.float64(2751.0),np.float64(107708.12581793645),np.float64(0.0),1.0,
2021-10-25,INTC,buy,np.float64(2161.728566340922),np.float64(49.825),np.float64(107708.12581793645),np.float64(0.0),1.0,
2021-10-25,KO,buy,np.float64(1980.656966126084),np.float64(54.38),np.float64(107708.12581793645),np.float64(0.0),1.0,
2021-11-01,AMZN,sell,np.float64(32.29628960058064),np.float64(3361.8),np.float64(108573.66637923202),np.float64(0.0),,
2021-11-01,CSCO,sell,np.float64(1954.4207188883406),np.float64(55.8691),np.float64(109191.7265856446),np.float64(0.0),,
2021-11-01,GOOGL,sell,np.float64(39.15235398689075),np.float64(2960.92),np.float64(115926.98796686457),np.float64(0.0),,
2021-11-01,INTC,sell,np.float64(2161.728566340922),np.float64(49.4),np.float64(106789.39117724154),np.float64(0.0),,
2021-11-01,KO,sell,np.float64(1980.656966126084),np.float64(56.39),np.float64(111689.24631984987),np.float64(0.0),,
2021-11-01,JNJ,buy,np.float64(676.8460632861396),np.float64(163.16),np.float64(110434.20368576654),np.float64(0.0),1.0,
2021-11-01,JPM,buy,np.float64(641.9100423492591),np.float64(172.04),np.float64(110434.20368576654),np.float64(0.0),1.0,
2021-11-01,ORCL,buy,np.float64(1150.3562883934014),np.float64(96.0),np.float64(110434.20368576654),np.float64(0.0),1.0,
2021-11-01,PEP,buy,np.float64(685.0757052466907),np.float64(161.2),np.float64(110434.20368576654),np.float64(0.0),1.0,
2021-11-01,WMT,buy,np.float64(736.3262013986301),np.float64(149.98),np.float64(110434.20368576654),np.float64(0.0),1.0,
2021-11-08,JNJ,sell,np.float64(1.0447223424139565),np.float64(163.68),np.float64(171.0001530063164),np.float64(0.0),,
2021-11-08,JPM,sell,np.float64(641.9100423492591),np.float64(169.05),np.float64(108514.89265914226),np.float64(0.0),,
2021-11-08,PEP,sell,np.float64(685.0757052466907),np.float64(165.81),np.float64(113592.40268695379),np.float64(0.0),,
2021-11-08,KO,buy,np.float64(1949.1658763994542),np.float64(56.75),np.float64(110615.16348566902),np.float64(0.0),1.0,
2021-11-08,NFLX,buy,np.float64(170.10128325157856),np.float64(650.29),np.float64(110615.16348566902),np.float64(0.0),1.0,
2021-11-08,ORCL,buy,np.float64(10.95776394958039),np.float64(95.25),np.float64(1043.727016197532),np.float64(0.0),1.0,
2021-11-08,WMT,buy,np.float64(0.02823533195844276),np.float64(150.22),np.float64(4.241511566797271),np.float64(0.0),1.0,
2021-11-15,JNJ,sell,np.float64(675.8013409437257),np.float64(165.0),np.float64(111507.22125571474),np.float64(0.0),,
2021-11-15,KO,sell,np.float64(1949.1658763994542),np.float64(56.53),np.float64(110186.34699286114),np.float64(0.0),,
2021-11-15,NFLX,sell,np.float64(170.10128325157856),np.float64(681.235),np.float64(115878.94769588913),np.float64(0.0),,
2021-11-15,AAPL,buy,np.float64(739.0010110220392),np.float64(150.37),np.float64(111123.58202738404),np.float64(0.0),np.float64(0.9999999999999998),
2021-11-15,ORCL,buy,np.float64(23.119778688611405),np.float64(93.82),np.float64(2169.097636565522),np.float64(0.0),np.float64(0.9999999999999998),
2021-11-15,PEP,buy,np.float64(683.7953481470928),np.float64(162.51),np.float64(111123.58202738404),np.float64(0.0),np.float64(0.9999999999999998),
2021-11-15,TSLA,buy,np.float64(109.19841398876216),np.float64(1017.63),np.float64(111123.58202738404),np.float64(0.0),np.float64(0.9999999999999998),
2021-11-15,WMT,buy,np.float64(13.72036601921953),np.float64(148.15),np.float64(2032.6722257473734),np.float64(0.0),np.float64(0.9999999999999998),
2021-11-22,AAPL,sell,np.float64(739.0010110220392),np.float64(161.68),np.float64(119481.6834620433),np.float64(0.0),,
2021-11-22,ORCL,sell,np.float64(1184.4338310315932),np.float64(93.73),np.float64(111016.98298259123),np.float64(0.0),,
2021-11-22,PEP,sell,np.float64(683.7953481470928),np.float64(163.2028),np.float64(111597.31544458035),np.float64(0.0),,
2021-11-22,TSLA,sell,np.float64(109.19841398876216),np.float64(1162.31),np.float64(126922.40856327814),np.float64(0.0),,
2021-11-22,CSCO,buy,np.float64(2159.415414480902),np.float64(53.35),np.float64(115204.81236255613),np.float64(0.0),np.float64(0.9999999999999999),
2021-11-22,JPM,buy,np.float64(701.7837010389628),np.float64(164.16),np.float64(115204.81236255613),np.float64(0.0),np.float64(0.9999999999999999),
2021-11-22,KO,buy,np.float64(2090.8314403367717),np.float64(55.1),np.float64(115204.81236255613),np.float64(0.0),np.float64(0.9999999999999999),
2021-11-22,WMT,buy,np.float64(57.473300170114356),np.float64(142.66),np.float64(8199.141002268514),np.float64(0.0),np.float64(0.9999999999999999),
2021-11-22,XOM,buy,np.float64(1909.8941041537819),np.float64(60.32),np.float64(115204.81236255613),np.float64(0.0),np.float64(0.9999999999999999),
2021-11-29,CSCO,sell,np.float64(2159.415414480902),np.float64(55.14),np.float64(119070.16595447695),np.float64(0.0),,
2021-11-29,JPM,sell,np.float64(701.7837010389628),np.float64(163.31),np.float64(114608.29621667301),np.float64(0.0),,
2021-11-29,KO,sell,np.float64(2090.8314403367717),np.float64(54.045),np.float64(112998.98519300083),np.float64(0.0),,
2021-11-29,WMT,sell,np.float64(807.5481029199225),np.float64(145.0),np.float64(117094.47492338876),np.float64(0.0),,
2021-11-29,XOM,sell,np.float64(1909.8941041537819),np.float64(62.57),np.float64(119502.07409690213),np.float64(0.0),,
2021-11-29,AMAT,buy,np.float64(794.8136490896527),np.float64(146.77),np.float64(116654.79927688833),np.float64(0.0),1.0,
2021-11-29,AMZN,buy,np.float64(32.88232680962078),np.float64(3547.6443),np.float64(116654.79927688833),np.float64(0.0),1.0,
2021-11-29,AVGO,buy,np.float64(209.73534569739),np.float64(556.2),np.float64(116654.79927688833),np.float64(0.0),1.0,
2021-11-29,CRM,buy,np.float64(402.92483861870795),np.float64(289.52),np.float64(116654.79927688833),np.float64(0.0),1.0,
2021-11-29,GOOGL,buy,np.float64(40.50513863780845),np.float64(2880.0),np.float64(116654.79927688833),np.float64(0.0),1.0,
2021-12-06,AMAT,sell,np.float64(794.8136490896527),np.float64(145.7815),np.float64(115869.1259847632),np.float64(0.0),,
2021-12-06,AMZN,sell,np.float64(32.88232680962078),np.float64(3393.0),np.float64(111569.7348650433),np.float64(0.0),,
2021-12-06,AVGO,sell,np.float64(209.73534569739),np.float64(564.6474),np.float64(118426.51763613243),np.float64(0.0),,
2021-12-06,GOOGL,sell,np.float64(40.50513863780845),np.float64(2860.81),np.float64(115877.50566642878),np.float64(0.0),,
2021-12-06,ADBE,buy,np.float64(182.98279602980512),np.float64(617.47),np.float64(112986.38706452376),np.float64(0.0),1.0,
2021-12-06,CRM,buy,np.float64(38.25589962621104),np.float64(256.1),np.float64(9797.335894272648),np.float64(0.0),1.0,
2021-12-06,META,buy,np.float64(366.6841497566734),np.float64(308.13),np.float64(112986.38706452376),np.float64(0.0),1.0,
2021-12-06,NFLX,buy,np.float64(186.44310665586997),np.float64(606.01),np.float64(112986.38706452376),np.float64(0.0),1.0,
2021-12-06,WMT,buy,np.float64(821.3607666801669),np.float64(137.56),np.float64(112986.38706452376),np.float64(0.0),1.0,
2021-12-13,ADBE,sell,np.float64(182.98279602980512),np.float64(652.77),np.float64(119445.67976437588),np.float64(0.0),,
2021-12-13,CRM,sell,np.float64(441.180738244919),np.float64(265.8),np.float64(117265.84022549947),np.float64(0.0),,
2021-12-13,META,sell,np.float64(366.6841497566734),np.float64(330.95),np.float64(121354.11936197105),np.float64(0.0),,
2021-12-13,NFLX,sell,np.float64(186.44310665586997),np.float64(612.0),np.float64(114103.18127339242),np.float64(0.0),,
2021-12-13,WMT,sell,np.float64(821.3607666801669),np.float64(140.24),np.float64(115187.63391922662),np.float64(0.0),,
2021-12-13,AMD,buy,np.float64(850.3554473289541),np.float64(138.25),np.float64(117561.64059322792),np.float64(0.0),1.0,
2021-12-13,AMZN,buy,np.float64(34.17489552128718),np.float64(3440.0),np.float64(117561.64059322792),np.float64(0.0),1.0,
2021-12-13,JPM,buy,np.float64(737.0635773870089),np.float64(159.5),np.float64(117561.64059322792),np.float64(0.0),1.0,
2021-12-13,NVDA,buy,np.float64(388.64637043613976),np.float64(302.49),np.float64(117561.64059322792),np.float64(0.0),1.0,
2021-12-13,PEP,buy,np.float64(695.9192600084526),np.float64(168.93),np.float64(117561.64059322792),np.float64(0.0),1.0,
2021-12-20,AMD,sell,np.float64(850.3554473289541),np.float64(135.97),np.float64(115622.8301733179),np.float64(0.0),,
2021-12-20,AMZN,sell,np.float64(34.17489552128718),np.float64(3337.0),np.float64(114041.62635453533),np.float64(0.0),,
2021-12-20,JPM,sell,np.float64(737.0635773870089),np.float64(154.51),np.float64(113883.69334206673),np.float64(0.0),,
2021-12-20,PEP,sell,np.float64(695.9192600084526),np.float64(167.1583),np.float64(116328.68044027092),np.float64(0.0),,
2021-12-20,ADBE,buy,np.float64(207.4730015057564),np.float64(545.61),np.float64(113199.34435155576),np.float64(0.0),np.float64(0.9999999999999998),
2021-12-20,MSFT,buy,np.float64(353.69268661632793),np.float64(320.05),np.float64(113199.34435155576),np.float64(0.0),np.float64(0.9999999999999998),
2021-12-20,NVDA,buy,np.float64(25.92731332711157),np.float64(273.05),np.float64(7079.452903967815),np.float64(0.0),np.float64(0.9999999999999998),
2021-12-20,ORCL,buy,np.float64(1174.023484251771),np.float64(96.42),np.float64(113199.34435155576),np.float64(0.0),np.float64(0.9999999999999998),
2021-12-20,TSLA,buy,np.float64(124.29926908043895),np.float64(910.7),np.float64(113199.34435155576),np.float64(0.0),np.float64(0.9999999999999998),
2021-12-27,ADBE,sell,np.float64(207.4730015057564),np.float64(575.04),np.float64(119305.27478587015),np.float64(0.0),,
2021-12-27,MSFT,sell,np.float64(353.69268661632793),np.float64(335.46),np.float64(118649.74865231336),np.float64(0.0),,
2021-12-27,NVDA,sell,np.float64(414.5736837632513),np.float64(296.6),np.float64(122962.55460418035),np.float64(0.0),,
2021-12-27,TSLA,sell,np.float64(124.29926908043895),np.float64(1073.67),np.float64(133456.3962335949),np.float64(0.0),,
2021-12-27,JNJ,buy,np.float64(709.0976478814504),np.float64(169.14),np.float64(119936.77616266851),np.float64(0.0),np.float64(0.9999999999999998),
2021-12-27,JPM,buy,np.float64(761.0201533164246),np.float64(157.6),np.float64(119936.77616266851),np.float64(0.0),np.float64(0.9999999999999998),
2021-12-27,ORCL,buy,np.float64(163.06432135211463),np.float64(89.7),np.float64(14626.869625284682),np.float64(0.0),np.float64(0.9999999999999998),
2021-12-27,PEP,buy,np.float64(705.5727044307939),np.float64(169.985),np.float64(119936.77616266851),np.float64(0.0),np.float64(0.9999999999999998),
2021-12-27,WMT,buy,np.float64(859.145961050634),np.float64(139.6),np.float64(119936.77616266851),np.float64(0.0),np.float64(0.9999999999999998),
2022-01-03,JNJ,sell,np.float64(709.0976478814504),np.float64(170.21),np.float64(120695.51064590167),np.float64(0.0),,
2022-01-03,JPM,sell,np.float64(761.0201533164246),np.float64(159.86),np.float64(121656.68170916365),np.float64(0.0),,
2022-01-03,PEP,sell,np.float64(705.5727044307939),np.float64(172.2),np.float64(121499.6197029827),np.float64(0.0),,
2022-01-03,WMT,sell,np.float64(859.145961050634),np.float64(144.0),np.float64(123717.01839129129),np.float64(0.0),,
2022-01-03,AMZN,buy,np.float64(36.069036616695115),np.float64(3351.0),np.float64(120867.34170254532),np.float64(0.0),1.0,
2022-01-03,GOOGL,buy,np.float64(41.66259063891122),np.float64(2901.1),np.float64(120867.34170254532),np.float64(0.0),1.0,
2022-01-03,MU,buy,np.float64(1287.1236004743657),np.float64(93.905),np.float64(120867.34170254532),np.float64(0.0),1.0,
2022-01-03,NFLX,buy,np.float64(199.57950116831842),np.float64(605.61),np.float64(120867.34170254532),np.float64(0.0),1.0,
2022-01-03,ORCL,buy,np.float64(46.94221503673421),np.float64(87.33),np.float64(4099.463639157999),np.float64(0.0),1.0,
2022-01-10,AMZN,sell,np.float64(36.069036616695115),np.float64(3211.71),np.float64(115843.28559220587),np.float64(0.0),,
2022-01-10,GOOGL,sell,np.float64(41.66259063891122),np.float64(2701.56),np.float64(112553.988366457),np.float64(0.0),,
2022-01-10,MU,sell,np.float64(1287.1236004743657),np.float64(94.26),np.float64(121324.27058071372),np.float64(0.0),,
2022-01-10,ORCL,sell,np.float64(1384.0300206406198),np.float64(87.38),np.float64(120936.54320357736),np.float64(0.0),,
2022-01-10,ADBE,buy,np.float64(231.4290171734747),np.float64(500.0),np.float64(115714.50858673736),np.float64(0.0),np.float64(0.9999999999999998),
2022-01-10,AVGO,buy,np.float64(190.05109316877008),np.float64(608.86),np.float64(115714.50858673736),np.float64(0.0),np.float64(0.9999999999999998),
2022-01-10,CRM,buy,np.float64(513.1463795420725),np.float64(225.5),np.float64(115714.50858673736),np.float64(0.0),np.float64(0.9999999999999998),
2022-01-10,MSFT,buy,np.float64(373.89375442020565),np.float64(309.485),np.float64(115714.50858673736),np.float64(0.0),np.float64(0.9999999999999998),
2022-01-10,NFLX,buy,np.float64(15.30751360769855),np.float64(538.49),np.float64(8242.943002609592),np.float64(0.0),np.float64(0.9999999999999998),
2022-01-18,ADBE,sell,np.float64(231.4290171734747),np.float64(510.39),np.float64(118119.05607516975),np.float64(0.0),,
2022-01-18,CRM,sell,np.float64(513.1463795420725),np.float64(228.45),np.float64(117228.29040638646),np.float64(0.0),,
2022-01-18,MSFT,sell,np.float64(373.89375442020565),np.float64(304.07),np.float64(113689.87390655193),np.float64(0.0),,
2022-01-18,AVGO,buy,np.float64(4.607092228928414),np.float64(588.32),np.float64(2710.4445001231647),np.float64(0.0),np.float64(0.9999999999999998),
2022-01-18,COST,buy,np.float64(231.60836473083612),np.float64(494.461),np.float64(114521.30363317396),np.float64(0.0),np.float64(0.9999999999999998),
2022-01-18,JNJ,buy,np.float64(685.3459224008017),np.float64(167.1),np.float64(114521.30363317396),np.float64(0.0),np.float64(0.9999999999999998),
2022-01-18,JPM,buy,np.float64(735.1476674359607),np.float64(155.78),np.float64(114521.30363317396),np.float64(0.0),np.float64(0.9999999999999998),
2022-01-18,NFLX,buy,np.float64(5.312384610950376),np.float64(520.08),np.float64(2762.8649884630718),np.float64(0.0),np.float64(0.9999999999999998),
2022-01-24,AVGO,sell,np.float64(194.6581853976985),np.float64(530.89),np.float64(103342.08404578416),np.float64(0.0),,
2022-01-24,COST,sell,np.float64(231.60836473083612),np.float64(475.5513),np.float64(110141.65893862327),np.float64(0.0),,
2022-01-24,JNJ,sell,np.float64(685.3459224008017),np.float64(164.0),np.float64(112396.73127373148),np.float64(0.0),,
2022-01-24,JPM,sell,np.float64(11.203281999387588),np.float64(142.28),np.float64(1594.002962872866),np.float64(0.0),,
2022-01-24,AMAT,buy,np.float64(783.2317478512326),np.float64(131.51),np.float64(103002.8071599156),np.float64(0.0),np.float64(0.9999999999999997),
2022-01-24,AMZN,buy,np.float64(37.051369481984025),np.float64(2780.0),np.float64(103002.8071599156),np.float64(0.0),np.float64(0.9999999999999997),
2022-01-24,MU,buy,np.float64(1283.2042750705818),np.float64(80.27),np.float64(103002.8071599156),np.float64(0.0),np.float64(0.9999999999999997),
2022-01-24,NFLX,buy,np.float64(48.099960254395484),np.float64(383.91),np.float64(18466.055741264972),np.float64(0.0),np.float64(0.9999999999999997),
2022-01-31,AMAT,sell,np.float64(783.2317478512326),np.float64(132.92),np.float64(104107.16392438584),np.float64(0.0),,
2022-01-31,AMZN,sell,np.float64(37.051369481984025),np.float64(2895.0),np.float64(107263.71465034375),np.float64(0.0),,
2022-01-31,JPM,sell,np.float64(723.944385436573),np.float64(145.64),np.float64(105435.2602949825),np.float64(0.0),,
2022-01-31,NFLX,sell,np.float64(268.2993596413628),np.float64(401.97),np.float64(107848.29359503862),np.float64(0.0),,
2022-01-31,AMD,buy,np.float64(974.6618030655494),np.float64(107.93),np.float64(105195.24840486476),np.float64(0.0),np.float64(0.9999999999999998),
2022-01-31,INTC,buy,np.float64(2206.2761829879355),np.float64(47.68),np.float64(105195.24840486476),np.float64(0.0),np.float64(0.9999999999999998),
2022-01-31,MU,buy,np.float64(49.05570979346074),np.float64(78.96),np.float64(3873.43884529166),np.float64(0.0),np.float64(0.9999999999999998),
2022-01-31,TSLA,buy,np.float64(120.53860779052005),np.float64(872.71),np.float64(105195.24840486476),np.float64(0.0),np.float64(0.9999999999999998),
2022-01-31,WMT,buy,np.float64(767.344433619263),np.float64(137.09),np.float64(105195.24840486476),np.float64(0.0),np.float64(0.9999999999999998),
2022-02-07,AMD,sell,np.float64(974.6618030655494),np.float64(123.56),np.float64(120429.21238677928),np.float64(0.0),,
2022-02-07,INTC,sell,np.float64(2206.2761829879355),np.float64(48.13),np.float64(106188.07268720934),np.float64(0.0),,
2022-02-07,MU,sell,np.float64(1332.2599848640425),np.float64(81.36),np.float64(108392.6723685385),np.float64(0.0),,
2022-02-07,TSLA,sell,np.float64(120.53860779052005),np.float64(923.79),np.float64(111352.36049080451),np.float64(0.0),,
2022-02-07,WMT,sell,np.float64(767.344433619263),np.float64(140.06),np.float64(107474.26137271397),np.float64(0.0),,
2022-02-07,CSCO,buy,np.float64(2004.8504251322472),np.float64(55.33),np.float64(110928.37402256724),np.float64(0.0),1.0,
2022-02-07,JNJ,buy,np.float64(647.1522899630548),np.float64(171.41),np.float64(110928.37402256724),np.float64(0.0),1.0,
2022-02-07,KO,buy,np.float64(1807.2397201460938),np.float64(61.38),np.float64(110928.37402256724),np.float64(0.0),1.0,
2022-02-07,META,buy,np.float64(466.6738494849274),np.float64(237.7),np.float64(110928.37402256724),np.float64(0.0),1.0,
2022-02-07,PEP,buy,np.float64(642.1695844770594),np.float64(172.74),np.float64(110928.37402256724),np.float64(0.0),1.0,
2022-02-14,CSCO,sell,np.float64(2004.8504251322472),np.float64(53.41),np.float64(107079.06120631332),np.float64(0.0),,
2022-02-14,JNJ,sell,np.float64(647.1522899630548),np.float64(167.71),np.float64(108533.91054970393),np.float64(0.0),,
2022-02-14,KO,sell,np.float64(1807.2397201460938),np.float64(60.16),np.float64(108723.541563989),np.float64(0.0),,
2022-02-14,PEP,sell,np.float64(642.1695844770594),np.float64(169.415),np.float64(108793.16015418101),np.float64(0.0),,
2022-02-14,ADBE,buy,np.float64(226.32118148974078),np.float64(473.2),np.float64(107095.18308094534),np.float64(0.0),np.float64(0.9999999999999999),
2022-02-14,AMD,buy,np.float64(927.1507495536779),np.float64(115.51),np.float64(107095.18308094534),np.float64(0.0),np.float64(0.9999999999999999),
2022-02-14,GOOGL,buy,np.float64(40.18384959868574),np.float64(2665.13),np.float64(107095.18308094534),np.float64(0.0),np.float64(0.9999999999999999),
2022-02-14,META,buy,np.float64(21.654010990861902),np.float64(219.31),np.float64(4748.9411504059235),np.float64(0.0),np.float64(0.9999999999999999),
2022-02-14,QCOM,buy,np.float64(647.6878323613265),np.float64(165.35),np.float64(107095.18308094534),np.float64(0.0),np.float64(0.9999999999999999),
2022-02-22,AMD,sell,np.float64(927.1507495536779),np.float64(115.27),np.float64(106872.66690105245),np.float64(0.0),,
2022-02-22,GOOGL,sell,np.float64(40.18384959868574),np.float64(2596.7618),np.float64(104347.88561481246),np.float64(0.0),,
2022-02-22,META,sell,np.float64(488.3278604757893),np.float64(202.34),np.float64(98808.25928867121),np.float64(0.0),,
2022-02-22,QCOM,sell,np.float64(647.6878323613265),np.float64(164.0589),np.float64(106258.95332058362),np.float64(0.0),,
2022-02-22,ADBE,buy,np.float64(8.014368592751364),np.float64(440.35),np.float64(3529.1272098180634),np.float64(0.0),1.0,
2022-02-22,CRM,buy,np.float64(527.7433615241928),np.float64(195.53),np.float64(103189.65947882542),np.float64(0.0),1.0,
2022-02-22,INTC,buy,np.float64(2307.977174655008),np.float64(44.71),np.float64(103189.65947882542),np.float64(0.0),1.0,
2022-02-22,ORCL,buy,np.float64(1397.8550457711383),np.float64(73.82),np.float64(103189.65947882542),np.float64(0.0),1.0,
2022-02-22,XOM,buy,np.float64(1295.2134991693913),np.float64(79.67),np.float64(103189.65947882542),np.float64(0.0),1.0,
2022-02-28,ADBE,sell,np.float64(234.33555008249215),np.float64(462.4),np.float64(108356.75835814436),np.float64(0.0),,
2022-02-28,CRM,sell,np.float64(527.7433615241928),np.float64(207.79),np.float64(109659.79309111202),np.float64(0.0),,
2022-02-28,INTC,sell,np.float64(2307.977174655008),np.float64(47.0),np.float64(108474.92720878539),np.float64(0.0),,
2022-02-28,ORCL,sell,np.float64(1397.8550457711383),np.float64(75.57),np.float64(105635.90580892492),np.float64(0.0),,
2022-02-28,XOM,sell,np.float64(1295.2134991693913),np.float64(76.51),np.float64(99096.78482145013),np.float64(0.0),,
2022-02-28,AAPL,buy,np.float64(651.5689553396503),np.float64(163.06),np.float64(106244.83385768338),np.float64(0.0),1.0,
2022-02-28,JPM,buy,np.float64(740.1242344666205),np.float64(143.55),np.float64(106244.83385768338),np.float64(0.0),1.0,
2022-02-28,MU,buy,np.float64(1201.1852329868104),np.float64(88.45),np.float64(106244.83385768338),np.float64(0.0),1.0,
2022-02-28,TSLA,buy,np.float64(130.36015982341735),np.float64(815.01),np.float64(106244.83385768338),np.float64(0.0),1.0,
2022-02-28,WMT,buy,np.float64(786.9987693161731),np.float64(135.0),np.float64(106244.83385768338),np.float64(0.0),1.0,
2022-03-07,AAPL,sell,np.float64(651.5689553396503),np.float64(163.36),np.float64(106440.30454428529),np.float64(0.0),,
2022-03-07,TSLA,sell,np.float64(130.36015982341735),np.float64(856.3),np.float64(111627.40485679227),np.float64(0.0),,
2022-03-07,WMT,sell,np.float64(786.9987693161731),np.float64(141.3),np.float64(111202.92610437528),np.float64(0.0),,
2022-03-07,AMAT,buy,np.float64(823.6151775225898),np.float64(127.56),np.float64(105060.35204478155),np.float64(0.0),1.0,
2022-03-07,AMD,buy,np.float64(968.0305173203866),np.float64(108.53),np.float64(105060.35204478155),np.float64(0.0),1.0,
2022-03-07,JPM,buy,np.float64(54.76380400490529),np.float64(132.17),np.float64(7238.1319753283315),np.float64(0.0),1.0,
2022-03-07,MU,buy,np.float64(83.79950337304207),np.float64(81.76),np.float64(6851.44739577992),np.float64(0.0),1.0,
2022-03-07,NFLX,buy,np.float64(291.50232247934724),np.float64(360.41),np.float64(105060.35204478155),np.float64(0.0),1.0,
2022-03-14,AMAT,sell,np.float64(823.6151775225898),np.float64(123.74),np.float64(101914.14206664525),np.float64(0.0),,
2022-03-14,AMD,sell,np.float64(968.0305173203866),np.float64(102.99),np.float64(99697.46297882662),np.float64(0.0),,
2022-03-14,JPM,sell,np.float64(794.8880384715258),np.float64(129.46),np.float64(102906.20546052374),np.float64(0.0),,
2022-03-14,NFLX,sell,np.float64(291.50232247934724),np.float64(338.72),np.float64(98737.6666702045),np.float64(0.0),,
2022-03-14,ADBE,buy,np.float64(239.71992065512845),np.float64(413.36),np.float64(99090.6264020039),np.float64(0.0),np.float64(0.9999999999999999),
2022-03-14,KO,buy,np.float64(1709.3432189408986),np.float64(57.97),np.float64(99090.6264020039),np.float64(0.0),np.float64(0.9999999999999999),
2022-03-14,MU,buy,np.float64(96.06929014891264),np.float64(71.75),np.float64(6892.971568184482),np.float64(0.0),np.float64(0.9999999999999999),
2022-03-14,PEP,buy,np.float64(638.6762900548108),np.float64(155.15),np.float64(99090.6264020039),np.float64(0.0),np.float64(0.9999999999999999),
2022-03-14,QCOM,buy,np.float64(657.0996445756226),np.float64(150.8),np.float64(99090.6264020039),np.float64(0.0),np.float64(0.9999999999999999),
2022-03-21,ADBE,sell,np.float64(239.71992065512845),np.float64(451.42),np.float64(108214.36658213809),np.float64(0.0),,
2022-03-21,MU,sell,np.float64(1381.0540265087652),np.float64(78.99),np.float64(109089.45755392736),np.float64(0.0),,
2022-03-21,PEP,sell,np.float64(638.6762900548108),np.float64(162.27),np.float64(103638.00158719416),np.float64(0.0),,
2022-03-21,QCOM,sell,np.float64(657.0996445756226),np.float64(153.99),np.float64(101186.77426820013),np.float64(0.0),,
2022-03-21,CSCO,buy,np.float64(1874.9335167227403),np.float64(56.06),np.float64(105108.77294747683),np.float64(0.0),1.0,
2022-03-21,JNJ,buy,np.float64(601.7907531631561),np.float64(174.66),np.float64(105108.77294747683),np.float64(0.0),1.0,
2022-03-21,KO,buy,np.float64(27.991871100040786),np.float64(60.5),np.float64(1693.5082015524677),np.float64(0.0),1.0,
2022-03-21,WMT,buy,np.float64(722.7447771950548),np.float64(145.43),np.float64(105108.77294747683),np.float64(0.0),1.0,
2022-03-21,XOM,buy,np.float64(1311.8918241072993),np.float64(80.12),np.float64(105108.77294747683),np.float64(0.0),1.0,
2022-03-28,JNJ,sell,np.float64(601.7907531631561),np.float64(176.65),np.float64(106306.33654627153),np.float64(0.0),,
2022-03-28,KO,sell,np.float64(1737.3350900409393),np.float64(61.53),np.float64(106898.228090219),np.float64(0.0),,
2022-03-28,XOM,sell,np.float64(1311.8918241072993),np.float64(83.17),np.float64(109110.04301100408),np.float64(0.0),,
2022-03-28,ADBE,buy,np.float64(244.00394074565534),np.float64(433.415),np.float64(105754.96797827822),np.float64(0.0),np.float64(0.9999999999999997),
2022-03-28,COST,buy,np.float64(189.95396051707837),np.float64(556.74),np.float64(105754.96797827822),np.float64(0.0),np.float64(0.9999999999999997),
2022-03-28,CRM,buy,np.float64(502.68546429450623),np.float64(210.38),np.float64(105754.96797827822),np.float64(0.0),np.float64(0.9999999999999997),
2022-03-28,CSCO,buy,np.float64(54.901665362629444),np.float64(54.8),np.float64(3008.6112618720936),np.float64(0.0),np.float64(0.9999999999999997),
2022-03-28,WMT,buy,np.float64(14.223640772040977),np.float64(143.5),np.float64(2041.0924507878801),np.float64(0.0),np.float64(0.9999999999999997),
2022-04-04,ADBE,sell,np.float64(244.00394074565534),np.float64(461.04),np.float64(112495.57684137694),np.float64(0.0),,
2022-04-04,COST,sell,np.float64(189.95396051707837),np.float64(573.94),np.float64(109022.17609917196),np.float64(0.0),,
2022-04-04,CRM,sell,np.float64(502.68546429450623),np.float64(214.63),np.float64(107891.38120152988),np.float64(0.0),,
2022-04-04,CSCO,sell,np.float64(1929.8351820853698),np.float64(55.46),np.float64(107028.65919845461),np.float64(0.0),,
2022-04-04,WMT,sell,np.float64(736.9684179670958),np.float64(150.91),np.float64(111215.90395541443),np.float64(0.0),,
2022-04-04,AMAT,buy,np.float64(861.2938543617958),np.float64(127.17),np.float64(109530.73945918957),np.float64(0.0),1.0,
2022-04-04,AMD,buy,np.float64(996.0056329834462),np.float64(109.97),np.float64(109530.73945918957),np.float64(0.0),1.0,
2022-04-04,INTC,buy,np.float64(2273.8372318702422),np.float64(48.17),np.float64(109530.73945918957),np.float64(0.0),1.0,
2022-04-04,JPM,buy,np.float64(816.662238735383),np.float64(134.12),np.float64(109530.73945918957),np.float64(0.0),1.0,
2022-04-04,QCOM,buy,np.float64(741.3749794178257),np.float64(147.74),np.float64(109530.73945918957),np.float64(0.0),1.0,
2022-04-11,AMAT,sell,np.float64(861.2938543617958),np.float64(118.2),np.float64(101804.93358556426),np.float64(0.0),,
2022-04-11,AMD,sell,np.float64(996.0056329834462),np.float64(98.6),np.float64(98206.15541216779),np.float64(0.0),,
2022-04-11,INTC,sell,np.float64(2273.8372318702422),np.float64(46.9),np.float64(106642.96617471435),np.float64(0.0),,
2022-04-11,JPM,sell,np.float64(816.662238735383),np.float64(133.0),np.float64(108616.07775180593),np.float64(0.0),,
2022-04-11,AVGO,buy,np.float64(177.0220480960439),np.float64(582.58),np.float64(103129.50477979326),np.float64(0.0),np.float64(0.9999999999999999),
2022-04-11,CRM,buy,np.float64(531.0205693825924),np.float64(194.21),np.float64(103129.50477979326),np.float64(0.0),np.float64(0.9999999999999999),
2022-04-11,GOOGL,buy,np.float64(39.11650987107506),np.float64(2636.47),np.float64(103129.50477979326),np.float64(0.0),np.float64(0.9999999999999999),
2022-04-11,NVDA,buy,np.float64(464.25454569097536),np.float64(222.14),np.float64(103129.50477979326),np.float64(0.0),np.float64(0.9999999999999999),
2022-04-11,QCOM,buy,np.float64(26.574747891271524),np.float64(134.292),np.float64(3568.7760438146356),np.float64(0.0),np.float64(0.9999999999999999),
2022-04-18,AVGO,sell,np.float64(177.0220480960439),np.float64(572.85),np.float64(101407.08025181876),np.float64(0.0),,
2022-04-18,CRM,sell,np.float64(531.0205693825924),np.float64(188.3),np.float64(99991.17321474216),np.float64(0.0),,
2022-04-18,QCOM,sell,np.float64(767.9497273090972),np.float64(135.62),np.float64(104149.34201765976),np.float64(0.0),,
2022-04-18,AMD,buy,np.float64(1093.8291736243357),np.float64(92.03),np.float64(100665.09884864761),np.float64(0.0),1.0,
2022-04-18,CSCO,buy,np.float64(1978.4807163649293),np.float64(50.88),np.float64(100665.09884864761),np.float64(0.0),1.0,
2022-04-18,GOOGL,buy,np.float64(0.5154188094948642),np.float64(2540.0),np.float64(1309.163776116955),np.float64(0.0),1.0,
2022-04-18,MSFT,buy,np.float64(360.9232327584081),np.float64(278.91),np.float64(100665.09884864761),np.float64(0.0),1.0,
2022-04-18,NVDA,buy,np.float64(10.580826236607706),np.float64(212.0),np.float64(2243.1351621608337),np.float64(0.0),1.0,
2022-04-25,AMD,sell,np.float64(1093.8291736243357),np.float64(89.86),np.float64(98291.48954188281),np.float64(0.0),,
2022-04-25,CSCO,sell,np.float64(1978.4807163649293),np.float64(51.45),np.float64(101792.83285697561),np.float64(0.0),,
2022-04-25,MSFT,sell,np.float64(360.9232327584081),np.float64(273.29),np.float64(98636.71028054536),np.float64(0.0),,
2022-04-25,CRM,buy,np.float64(570.8090842744175),np.float64(169.69),np.float64(96860.5935105259),np.float64(0.0),1.0,
2022-04-25,GOOGL,buy,np.float64(1.0312872078465911),np.float64(2382.02),np.float64(2456.546754834737),np.float64(0.0),1.0,
2022-04-25,META,buy,np.float64(530.0749384913584),np.float64(182.73),np.float64(96860.5935105259),np.float64(0.0),1.0,
2022-04-25,NFLX,buy,np.float64(453.02181147058553),np.float64(213.81),np.float64(96860.5935105259),np.float64(0.0),1.0,
2022-04-25,NVDA,buy,np.float64(29.594341177957485),np.float64(192.02),np.float64(5682.705392991396),np.float64(0.0),1.0,
2022-05-02,CRM,sell,np.float64(570.8090842744175),np.float64(175.09),np.float64(99942.96256560776),np.float64(0.0),,
2022-05-02,GOOGL,sell,np.float64(40.66321588841651),np.float64(2268.1),np.float64(92228.23995651749),np.float64(0.0),,
2022-05-02,META,sell,np.float64(530.0749384913584),np.float64(201.165),np.float64(106632.52500161409),np.float64(0.0),,
2022-05-02,NVDA,sell,np.float64(504.42971310554054),np.float64(185.405),np.float64(93523.79095833274),np.float64(0.0),,
2022-05-02,AMZN,buy,np.float64(39.14807313331574),np.float64(2448.02),np.float64(95835.2659918196),np.float64(0.0),np.float64(0.9999999999999999),
2022-05-02,COST,buy,np.float64(180.06363036998965),np.float64(532.23),np.float64(95835.2659918196),np.float64(0.0),np.float64(0.9999999999999999),
2022-05-02,JPM,buy,np.float64(799.4266432417385),np.float64(119.88),np.float64(95835.2659918196),np.float64(0.0),np.float64(0.9999999999999999),
2022-05-02,NFLX,buy,np.float64(46.87525175939521),np.float64(191.71),np.float64(8986.454514793657),np.float64(0.0),np.float64(0.9999999999999999),
2022-05-02,TSLA,buy,np.float64(111.33667064583989),np.float64(860.77),np.float64(95835.2659918196),np.float64(0.0),np.float64(0.9999999999999999),
2022-05-09,JPM,sell,np.float64(799.4266432417385),np.float64(122.11),np.float64(97617.98740624868),np.float64(0.0),,
2022-05-09,NFLX,sell,np.float64(499.89706322998074),np.float64(177.655),np.float64(88809.21276812223),np.float64(0.0),,
2022-05-09,TSLA,sell,np.float64(111.33667064583989),np.float64(836.45),np.float64(93127.55816171278),np.float64(0.0),,
2022-05-09,AMZN,buy,np.float64(1.82106538892388),np.float64(2226.25),np.float64(4054.1468220917877),np.float64(0.0),np.float64(0.9999999999999998),
2022-05-09,COST,buy,np.float64(3.7854819765855376),np.float64(496.1),np.float64(1877.9776085840854),np.float64(0.0),np.float64(0.9999999999999998),
2022-05-09,CRM,buy,np.float64(547.0702053451053),np.float64(166.72),np.float64(91207.54463513594),np.float64(0.0),np.float64(0.9999999999999998),
2022-05-09,JNJ,buy,np.float64(519.8492142213505),np.float64(175.45),np.float64(91207.54463513594),np.float64(0.0),np.float64(0.9999999999999998),
2022-05-09,WMT,buy,np.float64(614.3163240731187),np.float64(148.47),np.float64(91207.54463513594),np.float64(0.0),np.float64(0.9999999999999998),
2022-05-16,AMZN,sell,np.float64(40.96913852223962),np.float64(2262.0),np.float64(92672.19133730601),np.float64(0.0),,
2022-05-16,COST,sell,np.float64(183.8491123465752),np.float64(496.14),np.float64(91214.89859962981),np.float64(0.0),,
2022-05-16,CRM,sell,np.float64(547.0702053451053),np.float64(164.74),np.float64(90124.34562855265),np.float64(0.0),,
2022-05-16,JNJ,sell,np.float64(519.8492142213505),np.float64(176.85),np.float64(91935.33353504584),np.float64(0.0),,
2022-05-16,WMT,sell,np.float64(614.3163240731187),np.float64(149.38),np.float64(91766.57249004247),np.float64(0.0),,
2022-05-16,AAPL,buy,np.float64(628.9431007771581),np.float64(145.55),np.float64(91542.66831811536),np.float64(0.0),1.0,
2022-05-16,JPM,buy,np.float64(772.2512933871719),np.float64(118.54),np.float64(91542.66831811536),np.float64(0.0),1.0,
2022-05-16,MSFT,buy,np.float64(352.1481345545012),np.float64(259.955),np.float64(91542.66831811536),np.float64(0.0),1.0,
2022-05-16,NVDA,buy,np.float64(522.8320767497594),np.float64(175.09),np.float64(91542.66831811536),np.float64(0.0),1.0,
2022-05-16,TSLA,buy,np.float64(119.32669627993556),np.float64(767.16),np.float64(91542.66831811536),np.float64(0.0),1.0,
2022-05-23,AAPL,sell,np.float64(628.9431007771581),np.float64(137.79),np.float64(86662.0698560846),np.float64(0.0),,
2022-05-23,JPM,sell,np.float64(772.2512933871719),np.float64(120.46),np.float64(93025.39080141873),np.float64(0.0),,
2022-05-23,MSFT,sell,np.float64(352.1481345545012),np.float64(255.49),np.float64(89970.32689732952),np.float64(0.0),,
2022-05-23,NVDA,sell,np.float64(522.8320767497594),np.float64(162.74),np.float64(85085.69217025585),np.float64(0.0),,
2022-05-23,COST,buy,np.float64(206.24913531704564),np.float64(420.0),np.float64(86624.63683315917),np.float64(0.0),np.float64(0.9999999999999999),
2022-05-23,CSCO,buy,np.float64(1998.7225849829063),np.float64(43.34),np.float64(86624.63683315917),np.float64(0.0),np.float64(0.9999999999999999),
2022-05-23,KO,buy,np.float64(1405.1035982669775),np.float64(61.65),np.float64(86624.63683315917),np.float64(0.0),np.float64(0.9999999999999999),
2022-05-23,TSLA,buy,np.float64(12.920619577838519),np.float64(655.02),np.float64(8463.264235875786),np.float64(0.0),np.float64(0.9999999999999999),
2022-05-23,WMT,buy,np.float64(722.3535426380851),np.float64(119.92),np.float64(86624.63683315917),np.float64(0.0),np.float64(0.9999999999999999),
2022-05-31,COST,sell,np.float64(206.24913531704564),np.float64(470.76),np.float64(97093.8429418524),np.float64(0.0),,
2022-05-31,CSCO,sell,np.float64(1998.7225849829063),np.float64(45.27),np.float64(90482.17142217618),np.float64(0.0),,
2022-05-31,KO,sell,np.float64(1405.1035982669775),np.float64(64.08),np.float64(90039.03857694792),np.float64(0.0),,
2022-05-31,TSLA,sell,np.float64(132.24731585777408),np.float64(773.56),np.float64(102301.23365493972),np.float64(0.0),,
2022-05-31,WMT,sell,np.float64(722.3535426380851),np.float64(127.46),np.float64(92071.18254465032),np.float64(0.0),,
2022-05-31,CRM,buy,np.float64(565.3898767855374),np.float64(166.96),np.float64(94397.49382811332),np.float64(0.0),1.0,
2022-05-31,GOOGL,buy,np.float64(41.86271583956634),np.float64(2254.93),np.float64(94397.49382811332),np.float64(0.0),1.0,
2022-05-31,JNJ,buy,np.float64(530.3229990343445),np.float64(178.0),np.float64(94397.49382811332),np.float64(0.0),1.0,
2022-05-31,META,buy,np.float64(484.37536920806286),np.float64(194.885),np.float64(94397.49382811332),np.float64(0.0),1.0,
2022-05-31,PEP,buy,np.float64(552.0967003632783),np.float64(170.98),np.float64(94397.49382811332),np.float64(0.0),1.0,
2022-06-06,CRM,sell,np.float64(565.3898767855374),np.float64(188.93),np.float64(106819.10942109158),np.float64(0.0),,
2022-06-06,GOOGL,sell,np.float64(41.86271583956634),np.float64(2334.09),np.float64(97711.34641397341),np.float64(0.0),,
2022-06-06,META,sell,np.float64(484.37536920806286),np.float64(193.99),np.float64(93963.97787267211),np.float64(0.0),,
2022-06-06,JNJ,buy,np.float64(17.061347576458907),np.float64(177.21),np.float64(3023.441404024283),np.float64(0.0),np.float64(0.9999999999999996),
2022-06-06,KO,buy,np.float64(1531.690826826156),np.float64(63.33),np.float64(97001.98006290045),np.float64(0.0),np.float64(0.9999999999999996),
2022-06-06,ORCL,buy,np.float64(1335.5635421024433),np.float64(72.63),np.float64(97001.98006290045),np.float64(0.0),np.float64(0.9999999999999996),
2022-06-06,PEP,buy,np.float64(30.637770758315437),np.float64(166.46),np.float64(5099.963320429188),np.float64(0.0),np.float64(0.9999999999999996),
2022-06-06,WMT,buy,np.float64(770.9583537029125),np.float64(125.82),np.float64(97001.98006290045),np.float64(0.0),np.float64(0.9999999999999996),
2022-06-13,JNJ,sell,np.float64(547.3843466108035),np.float64(170.08),np.float64(93099.12967156546),np.float64(0.0),,
2022-06-13,KO,sell,np.float64(1531.690826826156),np.float64(60.75),np.float64(93050.21772968897),np.float64(0.0),,
2022-06-13,ORCL,sell,np.float64(1335.5635421024433),np.float64(65.78),np.float64(87853.36979949872),np.float64(0.0),,
2022-06-13,PEP,sell,np.float64(582.7344711215937),np.float64(160.53),np.float64(93546.36464914944),np.float64(0.0),,
2022-06-13,WMT,sell,np.float64(770.9583537029125),np.float64(119.74),np.float64(92314.55327238674),np.float64(0.0),,
2022-06-13,AMAT,buy,np.float64(936.013912318928),np.float64(98.26),np.float64(91972.72702445787),np.float64(0.0),np.float64(0.9999999999999999),
2022-06-13,AMZN,buy,np.float64(882.7404455749868),np.float64(104.19),np.float64(91972.72702445787),np.float64(0.0),np.float64(0.9999999999999999),
2022-06-13,INTC,buy,np.float64(2385.8035544606455),np.float64(38.55),np.float64(91972.72702445787),np.float64(0.0),np.float64(0.9999999999999999),
2022-06-13,JPM,buy,np.float64(787.0334333771852),np.float64(116.86),np.float64(91972.72702445787),np.float64(0.0),np.float64(0.9999999999999999),
2022-06-13,MU,buy,np.float64(1532.3679944094945),np.float64(60.02),np.float64(91972.72702445787),np.float64(0.0),np.float64(0.9999999999999999),
2022-06-21,AMZN,sell,np.float64(882.7404455749868),np.float64(108.2),np.float64(95512.51621121357),np.float64(0.0),,
2022-06-21,INTC,sell,np.float64(2385.8035544606455),np.float64(37.36),np.float64(89133.62079464972),np.float64(0.0),,
2022-06-21,JPM,sell,np.float64(787.0334333771852),np.float64(115.865),np.float64(91189.62875824756),np.float64(0.0),,
2022-06-21,AMAT,buy,np.float64(42.6768818492989),np.float64(91.7),np.float64(3913.470065580709),np.float64(0.0),np.float64(0.9999999999999998),
2022-06-21,AMD,buy,np.float64(1066.2462376764452),np.float64(84.17),np.float64(89745.94582522639),np.float64(0.0),np.float64(0.9999999999999998),
2022-06-21,MU,buy,np.float64(47.24911067237494),np.float64(56.815),np.float64(2684.458222850982),np.float64(0.0),np.float64(0.9999999999999998),
2022-06-21,QCOM,buy,np.float64(725.1025759491507),np.float64(123.77),np.float64(89745.94582522639),np.float64(0.0),np.float64(0.9999999999999998),
2022-06-21,XOM,buy,np.float64(1013.1626306753939),np.float64(88.58),np.float64(89745.94582522639),np.float64(0.0),np.float64(0.9999999999999998),
2022-06-27,AMAT,sell,np.float64(978.6907941682268),np.float64(97.97),np.float64(95882.33710466119),np.float64(0.0),,
2022-06-27,AMD,sell,np.float64(1066.2462376764452),np.float64(87.355),np.float64(93141.94009222586),np.float64(0.0),,
2022-06-27,MU,sell,np.float64(1579.6171050818693),np.float64(59.575),np.float64(94105.68903525238),np.float64(0.0),,
2022-06-27,QCOM,sell,np.float64(725.1025759491507),np.float64(126.2),np.float64(91507.94508478283),np.float64(0.0),,
2022-06-27,CSCO,buy,np.float64(2093.491632045738),np.float64(44.29),np.float64(92720.74438330572),np.float64(0.0),np.float64(0.9999999999999999),
2022-06-27,JPM,buy,np.float64(785.3696796824133),np.float64(118.06),np.float64(92720.74438330572),np.float64(0.0),np.float64(0.9999999999999999),
2022-06-27,ORCL,buy,np.float64(1336.6115667191252),np.float64(69.37),np.float64(92720.74438330572),np.float64(0.0),np.float64(0.9999999999999999),
2022-06-27,WMT,buy,np.float64(749.0769460599912),np.float64(123.78),np.float64(92720.74438330572),np.float64(0.0),np.float64(0.9999999999999999),
2022-06-27,XOM,buy,np.float64(42.76202919598445),np.float64(87.81),np.float64(3754.933783699394),np.float64(0.0),np.float64(0.9999999999999999),
2022-07-05,CSCO,sell,np.float64(2093.491632045738),np.float64(41.52),np.float64(86921.77256253904),np.float64(0.0),,
2022-07-05,JPM,sell,np.float64(785.3696796824133),np.float64(110.77),np.float64(86995.39941842092),np.float64(0.0),,
2022-07-05,ORCL,sell,np.float64(1336.6115667191252),np.float64(70.38),np.float64(94070.72206569203),np.float64(0.0),,
2022-07-05,WMT,sell,np.float64(749.0769460599912),np.float64(122.21),np.float64(91544.69357799152),np.float64(0.0),,
2022-07-05,XOM,sell,np.float64(1055.9246598713783),np.float64(86.34),np.float64(91168.5351332948),np.float64(0.0),,
2022-07-05,AMAT,buy,np.float64(1086.693943435363),np.float64(83.24),np.float64(90456.40385155962),np.float64(0.0),1.0,
2022-07-05,AMD,buy,np.float64(1256.6880223889916),np.float64(71.98),np.float64(90456.40385155962),np.float64(0.0),1.0,
2022-07-05,CRM,buy,np.float64(544.5900292086671),np.float64(166.1),np.float64(90456.40385155962),np.float64(0.0),1.0,
2022-07-05,GOOGL,buy,np.float64(42.229683265512115),np.float64(2142.01),np.float64(90456.40385155962),np.float64(0.0),1.0,
2022-07-05,NVDA,buy,np.float64(638.140415178551),np.float64(141.75),np.float64(90456.40385155962),np.float64(0.0),1.0,
2022-07-11,AMD,sell,np.float64(1256.6880223889916),np.float64(77.845),np.float64(97826.87910287105),np.float64(0.0),,
2022-07-11,CRM,sell,np.float64(544.5900292086671),np.float64(174.0),np.float64(94758.66508230809),np.float64(0.0),,
2022-07-11,GOOGL,sell,np.float64(42.229683265512115),np.float64(2359.96),np.float64(99660.36331927797),np.float64(0.0),,
2022-07-11,NVDA,sell,np.float64(638.140415178551),np.float64(155.26),np.float64(99077.68086062183),np.float64(0.0),,
2022-07-11,AMAT,buy,np.float64(5.110964503282662),np.float64(89.5),np.float64(457.4313230437983),np.float64(0.0),np.float64(0.9999999999999999),
2022-07-11,INTC,buy,np.float64(2594.703644729389),np.float64(37.66),np.float64(97716.53926050878),np.float64(0.0),np.float64(0.9999999999999999),
2022-07-11,JNJ,buy,np.float64(549.8961128897512),np.float64(177.7),np.float64(97716.53926050878),np.float64(0.0),np.float64(0.9999999999999999),
2022-07-11,KO,buy,np.float64(1551.3024172171579),np.float64(62.99),np.float64(97716.53926050878),np.float64(0.0),np.float64(0.9999999999999999),
2022-07-11,XOM,buy,np.float64(1147.3117207996804),np.float64(85.17),np.float64(97716.53926050878),np.float64(0.0),np.float64(0.9999999999999999),
2022-07-18,AMAT,sell,np.float64(1091.8049079386458),np.float64(95.76),np.float64(104551.23798420472),np.float64(0.0),,
2022-07-18,INTC,sell,np.float64(2594.703644729389),np.float64(39.1),np.float64(101452.91250891911),np.float64(0.0),,
2022-07-18,JNJ,sell,np.float64(549.8961128897512),np.float64(177.74),np.float64(97738.53510502438),np.float64(0.0),,
2022-07-18,KO,sell,np.float64(1551.3024172171579),np.float64(62.52),np.float64(96987.42712441672),np.float64(0.0),,
2022-07-18,XOM,sell,np.float64(1147.3117207996804),np.float64(86.58),np.float64(99334.24878683632),np.float64(0.0),,
2022-07-18,ADBE,buy,np.float64(260.56554282333394),np.float64(383.83),np.float64(100012.87230188026),np.float64(0.0),np.float64(0.9999999999999999),
2022-07-18,CRM,buy,np.float64(591.5121380522844),np.float64(169.08),np.float64(100012.87230188026),np.float64(0.0),np.float64(0.9999999999999999),
2022-07-18,GOOGL,buy,np.float64(887.8983691573176),np.float64(112.64),np.float64(100012.87230188026),np.float64(0.0),np.float64(0.9999999999999999),
2022-07-18,MSFT,buy,np.float64(385.035119545256),np.float64(259.75),np.float64(100012.87230188026),np.float64(0.0),np.float64(0.9999999999999999),
2022-07-18,TSLA,buy,np.float64(136.10711925787655),np.float64(734.81),np.float64(100012.87230188026),np.float64(0.0),np.float64(0.9999999999999999),
2022-07-25,ADBE,sell,np.float64(260.56554282333394),np.float64(400.11),np.float64(104254.87933904414),np.float64(0.0),,
2022-07-25,CRM,sell,np.float64(591.5121380522844),np.float64(181.83),np.float64(107554.65206204688),np.float64(0.0),,
2022-07-25,MSFT,sell,np.float64(385.035119545256),np.float64(260.995),np.float64(100492.24102571409),np.float64(0.0),,
2022-07-25,TSLA,sell,np.float64(136.10711925787655),np.float64(816.65),np.float64(111151.87894194487),np.float64(0.0),,
2022-07-25,GOOGL,buy,np.float64(70.8890371134966),np.float64(108.41),np.float64(7685.080513474167),np.float64(0.0),np.float64(0.9999999999999999),
2022-07-25,JNJ,buy,np.float64(603.8934621997382),np.float64(172.12),np.float64(103942.14271381895),np.float64(0.0),np.float64(0.9999999999999999),
2022-07-25,KO,buy,np.float64(1688.7431797533543),np.float64(61.55),np.float64(103942.14271381895),np.float64(0.0),np.float64(0.9999999999999999),
2022-07-25,MU,buy,np.float64(1694.2484549929738),np.float64(61.35),np.float64(103942.14271381895),np.float64(0.0),np.float64(0.9999999999999999),
2022-07-25,PEP,buy,np.float64(610.3114480289997),np.float64(170.31),np.float64(103942.14271381895),np.float64(0.0),np.float64(0.9999999999999999),
2022-08-01,GOOGL,sell,np.float64(958.7874062708141),np.float64(115.3),np.float64(110548.18794302487),np.float64(0.0),,
2022-08-01,KO,sell,np.float64(1688.7431797533543),np.float64(64.09),np.float64(108231.55039039248),np.float64(0.0),,
2022-08-01,MU,sell,np.float64(1694.2484549929738),np.float64(62.5),np.float64(105890.52843706087),np.float64(0.0),,
2022-08-01,PEP,sell,np.float64(610.3114480289997),np.float64(174.55),np.float64(106529.86325346191),np.float64(0.0),,
2022-08-01,INTC,buy,np.float64(2975.7573056048186),np.float64(36.05),np.float64(107276.05086705371),np.float64(0.0),1.0,
2022-08-01,JNJ,buy,np.float64(12.033797759231264),np.float64(174.17),np.float64(2095.9265557253093),np.float64(0.0),1.0,
2022-08-01,META,buy,np.float64(682.2006414439028),np.float64(157.25),np.float64(107276.05086705371),np.float64(0.0),1.0,
2022-08-01,QCOM,buy,np.float64(743.3722601833117),np.float64(144.31),np.float64(107276.05086705371),np.float64(0.0),1.0,
2022-08-01,WMT,buy,np.float64(818.5262541359202),np.float64(131.06),np.float64(107276.05086705371),np.float64(0.0),1.0,
2022-08-08,META,sell,np.float64(682.2006414439028),np.float64(168.0),np.float64(114609.70776257566),np.float64(0.0),,
2022-08-08,QCOM,sell,np.float64(743.3722601833117),np.float64(149.81),np.float64(111364.59829806193),np.float64(0.0),,
2022-08-08,INTC,buy,np.float64(86.78752200069897),np.float64(35.36),np.float64(3068.8067779447156),np.float64(0.0),1.0,
2022-08-08,JNJ,buy,np.float64(16.247784431754948),np.float64(171.3),np.float64(2783.2454731596226),np.float64(0.0),1.0,
2022-08-08,KO,buy,np.float64(1705.3792929784424),np.float64(63.5),np.float64(108291.5851041311),np.float64(0.0),1.0,
2022-08-08,WMT,buy,np.float64(36.519818537834965),np.float64(126.65),np.float64(4625.235017816798),np.float64(0.0),1.0,
2022-08-08,XOM,buy,np.float64(1222.1147173471516),np.float64(88.61),np.float64(108291.5851041311),np.float64(0.0),1.0,
2022-08-15,INTC,sell,np.float64(3062.5448276055176),np.float64(36.1),np.float64(110557.8682765592),np.float64(0.0),,
2022-08-15,WMT,sell,np.float64(855.0460726737551),np.float64(131.63),np.float64(112549.71454604638),np.float64(0.0),,
2022-08-15,XOM,sell,np.float64(1222.1147173471516),np.float64(90.53),np.float64(110638.04536143763),np.float64(0.0),,
2022-08-15,AMD,buy,np.float64(1092.0278802248931),np.float64(100.505),np.float64(109754.26210200289),np.float64(0.0),1.0,
2022-08-15,COST,buy,np.float64(204.61271831096735),np.float64(536.4),np.float64(109754.26210200289),np.float64(0.0),1.0,
2022-08-15,JNJ,buy,np.float64(28.99520923579906),np.float64(166.0),np.float64(4813.204733142644),np.float64(0.0),1.0,
2022-08-15,KO,buy,np.float64(19.231990836813576),np.float64(63.64),np.float64(1223.9238968548161),np.float64(0.0),1.0,
2022-08-15,NVDA,buy,np.float64(586.8898032297893),np.float64(187.01),np.float64(109754.26210200289),np.float64(0.0),1.0,
2022-08-22,COST,sell,np.float64(204.61271831096735),np.float64(553.0),np.float64(113150.83322596495),np.float64(0.0),,
2022-08-22,JNJ,sell,np.float64(661.1702536265234),np.float64(168.9),np.float64(111671.65583751981),np.float64(0.0),,
2022-08-22,KO,sell,np.float64(1724.611283815256),np.float64(64.84),np.float64(111823.7956425812),np.float64(0.0),,
2022-08-22,NVDA,sell,np.float64(586.8898032297893),np.float64(174.9),np.float64(102647.02658489016),np.float64(0.0),,
2022-08-22,ADBE,buy,np.float64(258.9961448562428),np.float64(419.41),np.float64(108625.57311415678),np.float64(0.0),np.float64(0.9999999999999996),
2022-08-22,AMAT,buy,np.float64(1056.720396071373),np.float64(102.795),np.float64(108625.57311415678),np.float64(0.0),np.float64(0.9999999999999996),
2022-08-22,AMD,buy,np.float64(58.66675022168327),np.float64(94.4),np.float64(5538.141220926901),np.float64(0.0),np.float64(0.9999999999999996),
2022-08-22,META,buy,np.float64(656.38753467978),np.float64(165.49),np.float64(108625.57311415678),np.float64(0.0),np.float64(0.9999999999999996),
2022-08-22,MU,buy,np.float64(1823.7395170436987),np.float64(59.562),np.float64(108625.57311415678),np.float64(0.0),np.float64(0.9999999999999996),
2022-08-29,AMAT,sell,np.float64(1056.720396071373),np.float64(97.55),np.float64(103083.07463676244),np.float64(0.0),,
2022-08-29,AMD,sell,np.float64(1150.6946304465764),np.float64(90.05),np.float64(103620.0514717142),np.float64(0.0),,
2022-08-29,META,sell,np.float64(656.38753467978),np.float64(160.655),np.float64(105451.93938398005),np.float64(0.0),,
2022-08-29,MU,sell,np.float64(1823.7395170436987),np.float64(57.31),np.float64(104518.51172177438),np.float64(0.0),,
2022-08-29,ADBE,buy,np.float64(12.19760884189136),np.float64(380.09),np.float64(4636.189144714487),np.float64(0.0),np.float64(0.9999999999999999),
2022-08-29,CRM,buy,np.float64(627.4533348132687),np.float64(164.28),np.float64(103078.03384312379),np.float64(0.0),np.float64(0.9999999999999999),
2022-08-29,MSFT,buy,np.float64(387.73005019042233),np.float64(265.85),np.float64(103078.03384312379),np.float64(0.0),np.float64(0.9999999999999999),
2022-08-29,NFLX,buy,np.float64(464.46191971848685),np.float64(221.93),np.float64(103078.03384312379),np.float64(0.0),np.float64(0.9999999999999999),
2022-08-29,NVDA,buy,np.float64(643.4334197448427),np.float64(160.2),np.float64(103078.03384312379),np.float64(0.0),np.float64(0.9999999999999999),
2022-09-06,ADBE,sell,np.float64(271.1937536981341),np.float64(367.23),np.float64(99590.4821705658),np.float64(0.0),,
2022-09-06,MSFT,sell,np.float64(387.73005019042233),np.float64(256.2),np.float64(99336.43885878619),np.float64(0.0),,
2022-09-06,NFLX,sell,np.float64(464.46191971848685),np.float64(225.59),np.float64(104777.96446929345),np.float64(0.0),,
2022-09-06,AMAT,buy,np.float64(1071.070663279329),np.float64(91.12),np.float64(97595.95883801246),np.float64(0.0),1.0,
2022-09-06,AMD,buy,np.float64(1213.7291237161107),np.float64(80.41),np.float64(97595.95883801246),np.float64(0.0),1.0,
2022-09-06,CRM,buy,np.float64(10.929441468864061),np.float64(152.88),np.float64(1670.8930117599375),np.float64(0.0),1.0,
2022-09-06,INTC,buy,np.float64(3109.1417278755166),np.float64(31.39),np.float64(97595.95883801246),np.float64(0.0),1.0,
2022-09-06,NVDA,buy,np.float64(67.33752802307271),np.float64(137.31),np.float64(9246.115972848114),np.float64(0.0),1.0,
2022-09-12,AMAT,sell,np.float64(1071.070663279329),np.float64(96.895),np.float64(103781.39191845058),np.float64(0.0),,
2022-09-12,AMD,sell,np.float64(1213.7291237161107),np.float64(84.89),np.float64(103033.46531226064),np.float64(0.0),,
2022-09-12,CRM,sell,np.float64(638.3827762821328),np.float64(163.69),np.float64(104496.87664962231),np.float64(0.0),,
2022-09-12,NVDA,sell,np.float64(710.7709477679155),np.float64(143.69),np.float64(102130.67748477178),np.float64(0.0),,
2022-09-12,AAPL,buy,np.float64(641.8189798071878),np.float64(159.59),np.float64(102427.8909874291),np.float64(0.0),np.float64(0.9999999999999999),
2022-09-12,INTC,buy,np.float64(118.458429283113),np.float64(31.735),np.float64(3759.278253299591),np.float64(0.0),np.float64(0.9999999999999999),
2022-09-12,JNJ,buy,np.float64(616.6268797027818),np.float64(166.11),np.float64(102427.8909874291),np.float64(0.0),np.float64(0.9999999999999999),
2022-09-12,KO,buy,np.float64(1640.6838216791461),np.float64(62.43),np.float64(102427.8909874291),np.float64(0.0),np.float64(0.9999999999999999),
2022-09-12,PEP,buy,np.float64(591.3167705081925),np.float64(173.22),np.float64(102427.8909874291),np.float64(0.0),np.float64(0.9999999999999999),
2022-09-19,AAPL,sell,np.float64(641.8189798071878),np.float64(149.31),np.float64(95829.99187501121),np.float64(0.0),,
2022-09-19,INTC,sell,np.float64(3227.60015715863),np.float64(29.02),np.float64(93664.95656074343),np.float64(0.0),,
2022-09-19,JNJ,sell,np.float64(616.6268797027818),np.float64(166.3),np.float64(102545.05009457262),np.float64(0.0),,
2022-09-19,KO,sell,np.float64(1640.6838216791461),np.float64(59.39),np.float64(97440.21216952449),np.float64(0.0),,
2022-09-19,PEP,sell,np.float64(591.3167705081925),np.float64(167.06),np.float64(98785.37968109864),np.float64(0.0),,
2022-09-19,ADBE,buy,np.float64(331.6518524569243),np.float64(294.88),np.float64(97797.49825249784),np.float64(0.0),1.0,
2022-09-19,AMD,buy,np.float64(1297.2210936795045),np.float64(75.39),np.float64(97797.49825249784),np.float64(0.0),1.0,
2022-09-19,META,buy,np.float64(673.3741746307559),np.float64(145.235),np.float64(97797.49825249784),np.float64(0.0),1.0,
2022-09-19,MU,buy,np.float64(1881.8067779968799),np.float64(51.97),np.float64(97797.49825249784),np.float64(0.0),1.0,
2022-09-19,ORCL,buy,np.float64(1433.9809127932233),np.float64(68.2),np.float64(97797.49825249784),np.float64(0.0),1.0,
2022-09-26,ADBE,sell,np.float64(331.6518524569243),np.float64(286.03),np.float64(94862.37935825405),np.float64(0.0),,
2022-09-26,META,sell,np.float64(673.3741746307559),np.float64(140.12),np.float64(94353.18934926152),np.float64(0.0),,
2022-09-26,MU,sell,np.float64(1881.8067779968799),np.float64(49.925),np.float64(93949.20339149423),np.float64(0.0),,
2022-09-26,ORCL,sell,np.float64(1433.9809127932233),np.float64(64.33),np.float64(92247.99211998805),np.float64(0.0),,
2022-09-26,AMD,buy,np.float64(68.4932421007397),np.float64(67.87),np.float64(4648.636341377204),np.float64(0.0),np.float64(0.9999999999999999),
2022-09-26,COST,buy,np.float64(198.96329870866373),np.float64(465.87),np.float64(92691.03196940517),np.float64(0.0),np.float64(0.9999999999999999),
2022-09-26,JPM,buy,np.float64(858.2502960130108),np.float64(108.0),np.float64(92691.03196940517),np.float64(0.0),np.float64(0.9999999999999999),
2022-09-26,TSLA,buy,np.float64(340.98897093553023),np.float64(271.83),np.float64(92691.03196940517),np.float64(0.0),np.float64(0.9999999999999999),
2022-09-26,XOM,buy,np.float64(1091.7671610059501),np.float64(84.9),np.float64(92691.03196940517),np.float64(0.0),np.float64(0.9999999999999999),
2022-10-03,AMD,sell,np.float64(1365.7143357802443),np.float64(64.46),np.float64(88033.94608439454),np.float64(0.0),,
2022-10-03,COST,sell,np.float64(198.96329870866373),np.float64(474.5),np.float64(94408.08523726094),np.float64(0.0),,
2022-10-03,JPM,sell,np.float64(858.2502960130108),np.float64(105.62),np.float64(90648.39626489421),np.float64(0.0),,
2022-10-03,TSLA,sell,np.float64(340.98897093553023),np.float64(254.5),np.float64(86781.69310309245),np.float64(0.0),,
2022-10-03,XOM,sell,np.float64(1091.7671610059501),np.float64(90.04),np.float64(98302.71517697576),np.float64(0.0),,
2022-10-03,AAPL,buy,np.float64(663.0125690856202),np.float64(138.21),np.float64(91634.96717332357),np.float64(0.0),np.float64(0.9999999999999999),
2022-10-03,INTC,buy,np.float64(3480.24941790063),np.float64(26.33),np.float64(91634.96717332357),np.float64(0.0),np.float64(0.9999999999999999),
2022-10-03,KO,buy,np.float64(1625.8865715635836),np.float64(56.36),np.float64(91634.96717332357),np.float64(0.0),np.float64(0.9999999999999999),
2022-10-03,ORCL,buy,np.float64(1502.4588813465089),np.float64(60.99),np.float64(91634.96717332357),np.float64(0.0),np.float64(0.9999999999999999),
2022-10-03,QCOM,buy,np.float64(796.8950967329644),np.float64(114.99),np.float64(91634.96717332357),np.float64(0.0),np.float64(0.9999999999999999),
2022-10-10,AAPL,sell,np.float64(663.0125690856202),np.float64(140.42),np.float64(93100.22495100278),np.float64(0.0),,
2022-10-10,INTC,sell,np.float64(3480.24941790063),np.float64(25.94),np.float64(90277.66990034234),np.float64(0.0),,
2022-10-10,ORCL,sell,np.float64(1502.4588813465089),np.float64(63.61),np.float64(95571.40944245143),np.float64(0.0),,
2022-10-10,QCOM,sell,np.float64(796.8950967329644),np.float64(120.59),np.float64(96097.57971502817),np.float64(0.0),,
2022-10-10,AMD,buy,np.float64(1618.6365060764138),np.float64(57.31),np.float64(92764.05816323927),np.float64(0.0),1.0,
2022-10-10,JNJ,buy,np.float64(577.5014515547487),np.float64(160.63),np.float64(92764.05816323927),np.float64(0.0),1.0,
2022-10-10,KO,buy,np.float64(73.08885267156792),np.float64(54.6),np.float64(3990.651355867609),np.float64(0.0),1.0,
2022-10-10,PEP,buy,np.float64(572.6529919330777),np.float64(161.99),np.float64(92764.05816323927),np.float64(0.0),1.0,
2022-10-10,TSLA,buy,np.float64(414.254714255523),np.float64(223.93),np.float64(92764.05816323927),np.float64(0.0),1.0,
2022-10-17,AMD,sell,np.float64(1618.6365060764138),np.float64(57.35),np.float64(92828.80362348234),np.float64(0.0),,
2022-10-17,JNJ,sell,np.float64(577.5014515547487),np.float64(165.4),np.float64(95518.74008715543),np.float64(0.0),,
2022-10-17,KO,sell,np.float64(1698.9754242351516),np.float64(55.63),np.float64(94514.00285020149),np.float64(0.0),,
2022-10-17,PEP,sell,np.float64(572.6529919330777),np.float64(172.27),np.float64(98650.93092031131),np.float64(0.0),,
2022-10-17,AMAT,buy,np.float64(1213.6317514917257),np.float64(77.21),np.float64(93704.50753267613),np.float64(0.0),1.0,
2022-10-17,AMZN,buy,np.float64(851.008151236728),np.float64(110.11),np.float64(93704.50753267613),np.float64(0.0),1.0,
2022-10-17,AVGO,buy,np.float64(213.18281772875923),np.float64(439.55),np.float64(93704.50753267613),np.float64(0.0),1.0,
2022-10-17,QCOM,buy,np.float64(822.5465899989126),np.float64(113.92),np.float64(93704.50753267613),np.float64(0.0),1.0,
2022-10-17,TSLA,buy,np.float64(31.872249811683854),np.float64(210.04),np.float64(6694.447350446077),np.float64(0.0),1.0,
2022-10-24,AMAT,sell,np.float64(1213.6317514917257),np.float64(82.83),np.float64(100525.11797605964),np.float64(0.0),,
2022-10-24,AMZN,sell,np.float64(851.008151236728),np.float64(119.98),np.float64(102103.95798538263),np.float64(0.0),,
2022-10-24,AVGO,sell,np.float64(213.18281772875923),np.float64(452.73),np.float64(96514.25707034118),np.float64(0.0),,
2022-10-24,QCOM,sell,np.float64(822.5465899989126),np.float64(116.34),np.float64(95695.07028047349),np.float64(0.0),,
2022-10-24,TSLA,sell,np.float64(446.12696406720687),np.float64(205.82),np.float64(91821.85174431252),np.float64(0.0),,
2022-10-24,JNJ,buy,np.float64(573.1820918162292),np.float64(169.81),np.float64(97332.05101131389),np.float64(0.0),np.float64(0.9999999999999999),
2022-10-24,KO,buy,np.float64(1718.4331040133102),np.float64(56.64),np.float64(97332.05101131389),np.float64(0.0),np.float64(0.9999999999999999),
2022-10-24,META,buy,np.float64(764.8884165918577),np.float64(127.25),np.float64(97332.05101131389),np.float64(0.0),np.float64(0.9999999999999999),
2022-10-24,PEP,buy,np.float64(556.7876609536862),np.float64(174.81),np.float64(97332.05101131389),np.float64(0.0),np.float64(0.9999999999999999),
2022-10-24,WMT,buy,np.float64(708.1269626141426),np.float64(137.45),np.float64(97332.05101131389),np.float64(0.0),np.float64(0.9999999999999999),
2022-10-31,JNJ,sell,np.float64(573.1820918162292),np.float64(174.52),np.float64(100031.73866376832),np.float64(0.0),,
2022-10-31,KO,sell,np.float64(1718.4331040133102),np.float64(60.51),np.float64(103982.3871238454),np.float64(0.0),,
2022-10-31,PEP,sell,np.float64(556.7876609536862),np.float64(181.18),np.float64(100878.78841158887),np.float64(0.0),,
2022-10-31,WMT,sell,np.float64(708.1269626141426),np.float64(142.34),np.float64(100794.79185849706),np.float64(0.0),,
2022-10-31,AMZN,buy,np.float64(928.5728975190265),np.float64(103.56),np.float64(96163.00926707039),np.float64(0.0),1.0,
2022-10-31,GOOGL,buy,np.float64(1007.7867246601382),np.float64(95.42),np.float64(96163.00926707039),np.float64(0.0),1.0,
2022-10-31,META,buy,np.float64(214.16889624738477),np.float64(98.22),np.float64(21035.668989418133),np.float64(0.0),1.0,
2022-10-31,MSFT,buy,np.float64(411.3749540856879),np.float64(233.76),np.float64(96163.00926707039),np.float64(0.0),1.0,
2022-10-31,MU,buy,np.float64(1783.7694169369393),np.float64(53.91),np.float64(96163.00926707039),np.float64(0.0),1.0,
2022-11-07,GOOGL,sell,np.float64(1007.7867246601382),np.float64(87.28),np.float64(87959.62532833687),np.float64(0.0),,
2022-11-07,META,sell,np.float64(979.0573128392424),np.float64(94.78),np.float64(92795.0521109034),np.float64(0.0),,
2022-11-07,MSFT,sell,np.float64(411.3749540856879),np.float64(221.99),np.float64(91321.12605748186),np.float64(0.0),,
2022-11-07,MU,sell,np.float64(1783.7694169369393),np.float64(56.43),np.float64(100658.10819775148),np.float64(0.0),,
2022-11-07,AAPL,buy,np.float64(668.2462105190693),np.float64(137.11),np.float64(91623.2379242696),np.float64(0.0),np.float64(0.9999999999999999),
2022-11-07,ADBE,buy,np.float64(317.06833901190294),np.float64(288.97),np.float64(91623.2379242696),np.float64(0.0),np.float64(0.9999999999999999),
2022-11-07,AMZN,buy,np.float64(67.8734094333347),np.float64(91.95),np.float64(6240.959997395125),np.float64(0.0),np.float64(0.9999999999999999),
2022-11-07,CRM,buy,np.float64(651.5661920371896),np.float64(140.62),np.float64(91623.2379242696),np.float64(0.0),np.float64(0.9999999999999999),
2022-11-07,QCOM,buy,np.float64(852.4677886515593),np.float64(107.48),np.float64(91623.2379242696),np.float64(0.0),np.float64(0.9999999999999999),
2022-11-14,AAPL,sell,np.float64(668.2462105190693),np.float64(148.97),np.float64(99548.63798102576),np.float64(0.0),,
2022-11-14,ADBE,sell,np.float64(317.06833901190294),np.float64(338.07),np.float64(107191.29336975403),np.float64(0.0),,
2022-11-14,AMZN,sell,np.float64(996.4463069523612),np.float64(98.77),np.float64(98419.00173768471),np.float64(0.0),,
2022-11-14,CRM,sell,np.float64(651.5661920371896),np.float64(155.82),np.float64(101527.04404323487),np.float64(0.0),,
2022-11-14,QCOM,sell,np.float64(852.4677886515593),np.float64(120.74),np.float64(102926.96080178926),np.float64(0.0),,
2022-11-14,CSCO,buy,np.float64(2273.4338772907236),np.float64(44.832),np.float64(101922.58758669771),np.float64(0.0),1.0,
2022-11-14,JNJ,buy,np.float64(598.6642442684154),np.float64(170.25),np.float64(101922.58758669771),np.float64(0.0),1.0,
2022-11-14,PEP,buy,np.float64(570.4516012016439),np.float64(178.67),np.float64(101922.58758669771),np.float64(0.0),1.0,
2022-11-14,TSLA,buy,np.float64(528.7263971919785),np.float64(192.77),np.float64(101922.58758669771),np.float64(0.0),1.0,
2022-11-14,WMT,buy,np.float64(719.589011484734),np.float64(141.64),np.float64(101922.58758669771),np.float64(0.0),1.0,
2022-11-21,CSCO,sell,np.float64(2273.4338772907236),np.float64(47.61),np.float64(108238.18689781135),np.float64(0.0),,
2022-11-21,JNJ,sell,np.float64(598.6642442684154),np.float64(175.89),np.float64(105299.05392437158),np.float64(0.0),,
2022-11-21,PEP,sell,np.float64(570.4516012016439),np.float64(182.27),np.float64(103976.21335102365),np.float64(0.0),,
2022-11-21,WMT,sell,np.float64(719.589011484734),np.float64(150.61),np.float64(108377.3010197158),np.float64(0.0),,
2022-11-21,AMAT,buy,np.float64(1003.6584231336908),np.float64(103.53),np.float64(103908.75654703101),np.float64(0.0),np.float64(0.9999999999999998),
2022-11-21,AMZN,buy,np.float64(1105.765207481441),np.float64(93.97),np.float64(103908.75654703101),np.float64(0.0),np.float64(0.9999999999999998),
2022-11-21,CRM,buy,np.float64(711.6063316465621),np.float64(146.02),np.float64(103908.75654703101),np.float64(0.0),np.float64(0.9999999999999998),
2022-11-21,MU,buy,np.float64(1790.9127291801276),np.float64(58.02),np.float64(103908.75654703101),np.float64(0.0),np.float64(0.9999999999999998),
2022-11-21,TSLA,buy,np.float64(62.16786807404954),np.float64(175.85),np.float64(10932.21960082161),np.float64(0.0),np.float64(0.9999999999999998),
2022-11-28,AMAT,sell,np.float64(1003.6584231336908),np.float64(104.0),np.float64(104380.47600590384),np.float64(0.0),,
2022-11-28,CRM,sell,np.float64(711.6063316465621),np.float64(152.0),np.float64(108164.16241027744),np.float64(0.0),,
2022-11-28,MU,sell,np.float64(1790.9127291801276),np.float64(57.32),np.float64(102655.11763660492),np.float64(0.0),,
2022-11-28,TSLA,sell,np.float64(590.8942652660281),np.float64(179.96),np.float64(106337.33197727443),np.float64(0.0),,
2022-11-28,AAPL,buy,np.float64(724.3524392432233),np.float64(145.14),np.float64(105132.51303176142),np.float64(0.0),1.0,
2022-11-28,AMZN,buy,np.float64(13.499277047052855),np.float64(93.93),np.float64(1267.9870930296747),np.float64(0.0),1.0,
2022-11-28,GOOGL,buy,np.float64(1083.4348901572032),np.float64(97.0363),np.float64(105132.51303176142),np.float64(0.0),1.0,
2022-11-28,INTC,buy,np.float64(3612.8011351120763),np.float64(29.1),np.float64(105132.51303176142),np.float64(0.0),1.0,
2022-11-28,NFLX,buy,np.float64(370.18490504141346),np.float64(284.0),np.float64(105132.51303176142),np.float64(0.0),1.0,
2022-12-05,AAPL,sell,np.float64(724.3524392432233),np.float64(147.77),np.float64(107037.55994697112),np.float64(0.0),,
2022-12-05,AMZN,sell,np.float64(1119.2644845284938),np.float64(93.05),np.float64(104147.56028537634),np.float64(0.0),,
2022-12-05,GOOGL,sell,np.float64(1083.4348901572032),np.float64(99.4),np.float64(107693.428081626),np.float64(0.0),,
2022-12-05,INTC,sell,np.float64(3612.8011351120763),np.float64(29.42),np.float64(106288.60939499729),np.float64(0.0),,
2022-12-05,NFLX,sell,np.float64(370.18490504141346),np.float64(316.46),np.float64(117148.7150494057),np.float64(0.0),,
2022-12-05,COST,buy,np.float64(220.22979604401073),np.float64(492.5),np.float64(108463.17455167529),np.float64(0.0),1.0,
2022-12-05,CRM,buy,np.float64(759.5460402778381),np.float64(142.8),np.float64(108463.17455167529),np.float64(0.0),1.0,
2022-12-05,JPM,buy,np.float64(807.9795482097384),np.float64(134.24),np.float64(108463.17455167529),np.float64(0.0),1.0,
2022-12-05,MU,buy,np.float64(1994.9084890872778),np.float64(54.37),np.float64(108463.17455167529),np.float64(0.0),1.0,
2022-12-05,XOM,buy,np.float64(979.7938080548806),np.float64(110.7),np.float64(108463.17455167529),np.float64(0.0),1.0,
2022-12-12,COST,sell,np.float64(220.22979604401073),np.float64(482.73),np.float64(106311.52944432531),np.float64(0.0),,
2022-12-12,JPM,sell,np.float64(807.9795482097384),np.float64(132.4),np.float64(106976.49218296936),np.float64(0.0),,
2022-12-12,MU,sell,np.float64(1994.9084890872778),np.float64(53.52),np.float64(106767.50233595111),np.float64(0.0),,
2022-12-12,AMD,buy,np.float64(1521.3422846046358),np.float64(68.54),np.float64(104272.80018680175),np.float64(0.0),1.0,
2022-12-12,CRM,buy,np.float64(35.822382199673314),np.float64(131.1),np.float64(4696.314306377171),np.float64(0.0),1.0,
2022-12-12,GOOGL,buy,np.float64(1124.7200969345458),np.float64(92.71),np.float64(104272.80018680175),np.float64(0.0),1.0,
2022-12-12,TSLA,buy,np.float64(592.1226586416908),np.float64(176.1),np.float64(104272.80018680175),np.float64(0.0),1.0,
2022-12-12,XOM,buy,np.float64(24.470857136314073),np.float64(103.83),np.float64(2540.8090964634903),np.float64(0.0),1.0,
2022-12-19,AMD,sell,np.float64(1521.3422846046358),np.float64(65.12),np.float64(99069.8095734539),np.float64(0.0),,
2022-12-19,CRM,sell,np.float64(795.3684224775113),np.float64(127.77),np.float64(101624.22333995163),np.float64(0.0),,
2022-12-19,GOOGL,sell,np.float64(1124.7200969345458),np.float64(90.255),np.float64(101511.61234882743),np.float64(0.0),,
2022-12-19,XOM,sell,np.float64(1004.2646651911947),np.float64(105.26),np.float64(105708.89865802517),np.float64(0.0),,
2022-12-19,AAPL,buy,np.float64(738.8075395619545),np.float64(135.11),np.float64(99820.28667021569),np.float64(0.0),np.float64(0.9999999999999997),
2022-12-19,COST,buy,np.float64(216.5674882196817),np.float64(460.92),np.float64(99820.28667021569),np.float64(0.0),np.float64(0.9999999999999997),
2022-12-19,MU,buy,np.float64(1913.3656636039043),np.float64(52.17),np.float64(99820.28667021569),np.float64(0.0),np.float64(0.9999999999999997),
2022-12-19,NFLX,buy,np.float64(344.528653126068),np.float64(289.73),np.float64(99820.28667021569),np.float64(0.0),np.float64(0.9999999999999997),
2022-12-19,TSLA,buy,np.float64(56.061021035034585),np.float64(154.0),np.float64(8633.397239395326),np.float64(0.0),np.float64(0.9999999999999997),
2022-12-27,AAPL,sell,np.float64(738.8075395619545),np.float64(131.38),np.float64(97064.53454764959),np.float64(0.0),,
2022-12-27,COST,sell,np.float64(216.5674882196817),np.float64(464.4),np.float64(100573.94152922017),np.float64(0.0),,
2022-12-27,MU,sell,np.float64(19.66986073388544),np.float64(49.61),np.float64(975.8217910080566),np.float64(0.0),,
2022-12-27,NFLX,sell,np.float64(344.528653126068),np.float64(293.19),np.float64(101012.35581003188),np.float64(0.0),,
2022-12-27,AMAT,buy,np.float64(976.7753044331631),np.float64(96.18),np.float64(93946.24878038163),np.float64(0.0),1.0,
2022-12-27,INTC,buy,np.float64(3634.987377844134),np.float64(25.845),np.float64(93946.24878038163),np.float64(0.0),1.0,
2022-12-27,NVDA,buy,np.float64(623.2337055883086),np.float64(150.74),np.float64(93946.24878038163),np.float64(0.0),1.0,
2022-12-27,TSLA,buy,np.float64(151.39288766981386),np.float64(117.495),np.float64(17787.90733676478),np.float64(0.0),1.0,
