session,ticker,side,shares,price,notional,cost,lambda,slot
2017-02-01,GOOGL,buy,np.float64(24.254955969675247),np.float64(823.75),np.float64(19980.019980019984),np.float64(19.980019980019986),np.float64(0.9990009990009991),
2017-02-01,INTC,buy,np.float64(541.0240991069587),np.float64(36.93),np.float64(19980.019980019984),np.float64(19.980019980019986),np.float64(0.9990009990009991),
2017-02-01,QCOM,buy,np.float64(372.4835939601041),np.float64(53.64),np.float64(19980.019980019984),np.float64(19.980019980019986),np.float64(0.9990009990009991),
2017-02-01,WMT,buy,np.float64(300.8133089433903),np.float64(66.42),np.float64(19980.019980019984),np.float64(19.980019980019986),np.float64(0.9990009990009991),
2017-02-01,XOM,buy,np.float64(237.85738071452363),np.float64(84.0),np.float64(19980.019980019984),np.float64(19.980019980019986),np.float64(0.9990009990009991),
2017-02-06,QCOM,sell,np.float64(372.4835939601041),np.float64(53.33),np.float64(19864.550065892352),np.float64(19.864550065892352),,
2017-02-06,WMT,sell,np.float64(300.8133089433903),np.float64(66.37),np.float64(19964.979314572818),np.float64(19.96497931457282),,
2017-02-06,AMZN,buy,np.float64(24.50891667211646),np.float64(809.97),np.float64(19851.48723691417),np.float64(19.85148723691417),np.float64(0.9980055137651245),
2017-02-06,GOOGL,buy,np.float64(0.005208374242685798),np.float64(819.91),np.float64(4.270398125320512),np.float64(0.0042703981253205126),np.float64(0.9980055137651245),
2017-02-06,INTC,buy,np.float64(4.528011456157208),np.float64(36.46),np.float64(165.0912976914918),np.float64(0.1650912976914918),np.float64(0.9980055137651245),
2017-02-06,MSFT,buy,np.float64(312.5726222156223),np.float64(63.51),np.float64(19851.48723691417),np.float64(19.85148723691417),np.float64(0.9980055137651245),
2017-02-06,XOM,buy,np.float64(0.21710917493890639),np.float64(83.55),np.float64(18.139471566145627),np.float64(0.018139471566145628),np.float64(0.9980055137651245),
2017-02-13,AMZN,sell,np.float64(24.50891667211646),np.float64(831.62),np.float64(20382.10528286549),np.float64(20.382105282865492),,
2017-02-13,GOOGL,sell,np.float64(24.260164343917932),np.float64(837.7),np.float64(20322.739670900053),np.float64(20.322739670900052),,
2017-02-13,MSFT,sell,np.float64(312.5726222156223),np.float64(64.225),np.float64(20074.97666179834),np.float64(20.074976661798342),,
2017-02-13,INTC,buy,np.float64(16.872859177022328),np.float64(35.59),np.float64(600.5050581102247),np.float64(0.6005050581102247),np.float64(0.9980049242198094),
2017-02-13,JPM,buy,np.float64(228.47630241830288),np.float64(87.44),np.float64(19977.967883456404),np.float64(19.977967883456405),np.float64(0.9980049242198094),
2017-02-13,KO,buy,np.float64(490.0163817379544),np.float64(40.77),np.float64(19977.967883456404),np.float64(19.977967883456405),np.float64(0.9980049242198094),
2017-02-13,MU,buy,np.float64(828.9613229649959),np.float64(24.1),np.float64(19977.967883456404),np.float64(19.977967883456405),np.float64(0.9980049242198094),
2017-02-13,XOM,buy,np.float64(3.6511555607477364),np.float64(82.81),np.float64(302.35219198552005),np.float64(0.30235219198552005),np.float64(0.9980049242198094),
2017-02-21,INTC,sell,np.float64(562.4249697401382),np.float64(36.55),np.float64(20556.63264400205),np.float64(20.55663264400205),,
2017-02-21,JPM,sell,np.float64(228.47630241830288),np.float64(90.51),np.float64(20679.390131880595),np.float64(20.679390131880595),,
2017-02-21,KO,sell,np.float64(490.0163817379544),np.float64(41.2),np.float64(20188.674927603723),np.float64(20.188674927603724),,
2017-02-21,META,buy,np.float64(150.87891606139104),np.float64(133.5),np.float64(20142.335294195702),np.float64(20.142335294195703),np.float64(0.9980019980019978),
2017-02-21,MU,buy,np.float64(22.94126229153657),np.float64(23.69),np.float64(543.4785036865014),np.float64(0.5434785036865014),np.float64(0.9980019980019978),
2017-02-21,NFLX,buy,np.float64(140.85549156780212),np.float64(143.0),np.float64(20142.335294195702),np.float64(20.142335294195703),np.float64(0.9980019980019978),
2017-02-21,NVDA,buy,np.float64(186.00365032963063),np.float64(108.29),np.float64(20142.335294195702),np.float64(20.142335294195703),np.float64(0.9980019980019978),
2017-02-21,XOM,buy,np.float64(4.036612865008899),np.float64(82.12),np.float64(331.4866484745308),np.float64(0.3314866484745308),np.float64(0.9980019980019978),
2017-02-27,META,sell,np.float64(150.87891606139104),np.float64(135.24),np.float64(20404.864608142525),np.float64(20.404864608142525),,
2017-02-27,MU,sell,np.float64(851.9025852565325),np.float64(23.45),np.float64(19977.115624265687),np.float64(19.977115624265686),,
2017-02-27,NFLX,sell,np.float64(140.85549156780212),np.float64(143.14),np.float64(20162.055063015192),np.float64(20.162055063015192),,
2017-02-27,XOM,sell,np.float64(0.4317002299941003),np.float64(81.13),np.float64(35.023839659421355),np.float64(0.03502383965942136),,
2017-02-27,JPM,buy,np.float64(219.92813498935033),np.float64(90.32),np.float64(19863.90915223812),np.float64(19.863909152238122),np.float64(0.9980024272479974),
2017-02-27,MSFT,buy,np.float64(308.11089114686087),np.float64(64.47),np.float64(19863.90915223812),np.float64(19.863909152238122),np.float64(0.9980024272479974),
2017-02-27,NVDA,buy,np.float64(8.731008744903113),np.float64(102.2),np.float64(892.3090937290981),np.float64(0.8923090937290982),np.float64(0.9980024272479974),
2017-02-27,TSLA,buy,np.float64(79.98352789304658),np.float64(248.35),np.float64(19863.90915223812),np.float64(19.863909152238122),np.float64(0.9980024272479974),
2017-03-06,JPM,sell,np.float64(219.92813498935033),np.float64(92.25),np.float64(20288.37045276757),np.float64(20.28837045276757),,
2017-03-06,MSFT,sell,np.float64(308.11089114686087),np.float64(63.97),np.float64(19709.85370666469),np.float64(19.70985370666469),,
2017-03-06,NVDA,sell,np.float64(194.73465907453374),np.float64(96.99),np.float64(18887.314583639025),np.float64(18.887314583639025),,
2017-03-06,TSLA,sell,np.float64(79.98352789304658),np.float64(247.67),np.float64(19809.520353270847),np.float64(19.809520353270848),,
2017-03-06,XOM,sell,np.float64(245.33055808522505),np.float64(82.44),np.float64(20225.051208545952),np.float64(20.225051208545953),,
2017-03-06,AMD,buy,np.float64(1517.6397805819577),np.float64(13.01),np.float64(19744.493545371268),np.float64(19.744493545371267),np.float64(0.9980019980019981),
2017-03-06,COST,buy,np.float64(116.62429737372278),np.float64(169.3),np.float64(19744.493545371268),np.float64(19.744493545371267),np.float64(0.9980019980019981),
2017-03-06,INTC,buy,np.float64(551.6762655873504),np.float64(35.79),np.float64(19744.493545371268),np.float64(19.744493545371267),np.float64(0.9980019980019981),
2017-03-06,NFLX,buy,np.float64(140.04180115874365),np.float64(140.99),np.float64(19744.493545371268),np.float64(19.744493545371267),np.float64(0.9980019980019981),
2017-03-06,WMT,buy,np.float64(282.0641935053038),np.float64(70.0),np.float64(19744.493545371268),np.float64(19.744493545371267),np.float64(0.9980019980019981),
2017-03-13,AMD,sell,np.float64(1517.6397805819577),np.float64(14.48),np.float64(21975.424022826748),np.float64(21.975424022826747),,
2017-03-13,INTC,sell,np.float64(551.6762655873504),np.float64(35.85),np.float64(19777.594121306513),np.float64(19.777594121306514),,
2017-03-13,NFLX,sell,np.float64(140.04180115874365),np.float64(141.0),np.float64(19745.893963382856),np.float64(19.745893963382855),,
2017-03-13,WMT,sell,np.float64(282.0641935053038),np.float64(69.97),np.float64(19736.031619566107),np.float64(19.73603161956611),,
2017-03-13,COST,buy,np.float64(5.4204405921683785),np.float64(164.85),np.float64(893.5596316189572),np.float64(0.8935596316189571),np.float64(0.9980037639291913),
2017-03-13,JPM,buy,np.float64(219.91782265153603),np.float64(91.31),np.float64(20080.696386311756),np.float64(20.080696386311757),np.float64(0.9980037639291913),
2017-03-13,PEP,buy,np.float64(183.68730686344455),np.float64(109.32),np.float64(20080.696386311756),np.float64(20.080696386311757),np.float64(0.9980037639291913),
2017-03-13,TSLA,buy,np.float64(82.07928218398429),np.float64(244.65),np.float64(20080.696386311756),np.float64(20.080696386311757),np.float64(0.9980037639291913),
2017-03-13,XOM,buy,np.float64(246.38891271548167),np.float64(81.5),np.float64(20080.696386311756),np.float64(20.080696386311757),np.float64(0.9980037639291913),
2017-03-20,COST,sell,np.float64(122.04473796589116),np.float64(167.76),np.float64(20474.2252411579),np.float64(20.4742252411579),,
2017-03-20,JPM,sell,np.float64(219.91782265153603),np.float64(90.27),np.float64(19851.981850754157),np.float64(19.851981850754157),,
2017-03-20,PEP,sell,np.float64(183.68730686344455),np.float64(111.07),np.float64(20402.149173322785),np.float64(20.402149173322787),,
2017-03-20,TSLA,sell,np.float64(82.07928218398429),np.float64(260.6),np.float64(21389.860937146306),np.float64(21.389860937146306),,
2017-03-20,XOM,sell,np.float64(246.38891271548167),np.float64(81.72),np.float64(20134.901947109163),np.float64(20.134901947109164),,
2017-03-20,AVGO,buy,np.float64(92.3393360296138),np.float64(221.03),np.float64(20409.76344262554),np.float64(20.40976344262554),np.float64(0.998001998001998),
2017-03-20,CRM,buy,np.float64(245.78231506051947),np.float64(83.04),np.float64(20409.76344262554),np.float64(20.40976344262554),np.float64(0.998001998001998),
2017-03-20,CSCO,buy,np.float64(595.7315657508914),np.float64(34.26),np.float64(20409.76344262554),np.float64(20.40976344262554),np.float64(0.998001998001998),
2017-03-20,INTC,buy,np.float64(578.3441043532315),np.float64(35.29),np.float64(20409.76344262554),np.float64(20.40976344262554),np.float64(0.998001998001998),
2017-03-20,MSFT,buy,np.float64(314.48017631164157),np.float64(64.9),np.float64(20409.76344262554),np.float64(20.40976344262554),np.float64(0.998001998001998),
2017-03-27,AVGO,sell,np.float64(92.3393360296138),np.float64(216.83),np.float64(20021.938231301163),np.float64(20.021938231301164),,
2017-03-27,CRM,sell,np.float64(245.78231506051947),np.float64(81.0),np.float64(19908.367519902076),np.float64(19.908367519902075),,
2017-03-27,CSCO,sell,np.float64(595.7315657508914),np.float64(33.82),np.float64(20147.641553695146),np.float64(20.147641553695145),,
2017-03-27,INTC,sell,np.float64(578.3441043532315),np.float64(35.0),np.float64(20242.043652363103),np.float64(20.242043652363105),,
2017-03-27,MSFT,sell,np.float64(314.48017631164157),np.float64(64.57),np.float64(20305.984984442694),np.float64(20.305984984442695),,
2017-03-27,GOOGL,buy,np.float64(24.201401366587167),np.float64(829.91),np.float64(20084.985008144355),np.float64(20.084985008144354),np.float64(0.9980019980019982),
2017-03-27,JNJ,buy,np.float64(160.4744727400476),np.float64(125.16),np.float64(20084.985008144355),np.float64(20.084985008144354),np.float64(0.9980019980019982),
2017-03-27,JPM,buy,np.float64(234.82970896930146),np.float64(85.53),np.float64(20084.985008144355),np.float64(20.084985008144354),np.float64(0.9980019980019982),
2017-03-27,NFLX,buy,np.float64(142.61865375377656),np.float64(140.83),np.float64(20084.985008144355),np.float64(20.084985008144354),np.float64(0.9980019980019982),
2017-03-27,ORCL,buy,np.float64(452.36452721045845),np.float64(44.4),np.float64(20084.985008144355),np.float64(20.084985008144354),np.float64(0.9980019980019982),
2017-04-03,GOOGL,sell,np.float64(24.201401366587167),np.float64(848.75),np.float64(20540.939409890856),np.float64(20.540939409890857),,
2017-04-03,JPM,sell,np.float64(234.82970896930146),np.float64(87.99),np.float64(20662.666092208834),np.float64(20.662666092208834),,
2017-04-03,NFLX,sell,np.float64(142.61865375377656),np.float64(147.01),np.float64(20966.36828834269),np.float64(20.966368288342693),,
2017-04-03,AMAT,buy,np.float64(524.2011348447436),np.float64(38.99),np.float64(20438.602247596555),np.float64(20.438602247596556),np.float64(0.9980019980019981),
2017-04-03,CSCO,buy,np.float64(605.7677014699631),np.float64(33.74),np.float64(20438.602247596555),np.float64(20.438602247596556),np.float64(0.9980019980019981),
2017-04-03,JNJ,buy,np.float64(3.7089171228264974),np.float64(124.73),np.float64(462.61323273014904),np.float64(0.46261323273014904),np.float64(0.9980019980019981),
2017-04-03,ORCL,buy,np.float64(5.983394876310495),np.float64(44.68),np.float64(267.3380830735529),np.float64(0.26733808307355295),np.float64(0.9980019980019981),
2017-04-03,PEP,buy,np.float64(182.56902409644087),np.float64(111.95),np.float64(20438.602247596555),np.float64(20.438602247596556),np.float64(0.9980019980019981),
2017-04-10,AMAT,sell,np.float64(524.2011348447436),np.float64(38.82),np.float64(20349.488054672947),np.float64(20.349488054672946),,
2017-04-10,JNJ,sell,np.float64(164.1833898628741),np.float64(124.87),np.float64(20501.579892177087),np.float64(20.501579892177087),,
2017-04-10,ORCL,sell,np.float64(458.34792208676896),np.float64(44.21),np.float64(20263.561635456055),np.float64(20.263561635456057),,
2017-04-10,PEP,sell,np.float64(182.56902409644087),np.float64(111.7),np.float64(20392.959991572447),np.float64(20.392959991572447),,
2017-04-10,AMD,buy,np.float64(1501.9749809140762),np.float64(13.52),np.float64(20306.70174195831),np.float64(20.30670174195831),np.float64(0.9980052081661686),
2017-04-10,CSCO,buy,np.float64(11.542066796261212),np.float64(32.96),np.float64(380.42652160476956),np.float64(0.3804265216047696),np.float64(0.9980052081661686),
2017-04-10,JPM,buy,np.float64(235.90499235546363),np.float64(86.08),np.float64(20306.70174195831),np.float64(20.30670174195831),np.float64(0.9980052081661686),
2017-04-10,NFLX,buy,np.float64(141.96519674187857),np.float64(143.04),np.float64(20306.70174195831),np.float64(20.30670174195831),np.float64(0.9980052081661686),
2017-04-10,NVDA,buy,np.float64(202.3385984651087),np.float64(100.36),np.float64(20306.70174195831),np.float64(20.30670174195831),np.float64(0.9980052081661686),
2017-04-17,CSCO,sell,np.float64(617.3097682662243),np.float64(32.48),np.float64(20050.221273286963),np.float64(20.050221273286965),,
2017-04-17,JPM,sell,np.float64(235.90499235546363),np.float64(84.44),np.float64(19919.81755449535),np.float64(19.91981755449535),,
2017-04-17,NFLX,sell,np.float64(141.96519674187857),np.float64(144.43),np.float64(20504.033365429525),np.float64(20.504033365429525),,
2017-04-17,AMAT,buy,np.float64(523.5021471363791),np.float64(37.64),np.float64(19704.62081821331),np.float64(19.70462081821331),np.float64(0.9980019980019981),
2017-04-17,AMD,buy,np.float64(73.6214045084205),np.float64(12.53),np.float64(922.4761984905089),np.float64(0.9224761984905089),np.float64(0.9980019980019981),
2017-04-17,MU,buy,np.float64(732.2415762992682),np.float64(26.91),np.float64(19704.62081821331),np.float64(19.70462081821331),np.float64(0.9980019980019981),
2017-04-17,NVDA,buy,np.float64(3.3007626602651543),np.float64(96.01),np.float64(316.90622301205747),np.float64(0.31690622301205745),np.float64(0.9980019980019981),
2017-04-17,QCOM,buy,np.float64(371.8554598643764),np.float64(52.99),np.float64(19704.62081821331),np.float64(19.70462081821331),np.float64(0.9980019980019981),
2017-04-24,AMAT,sell,np.float64(523.5021471363791),np.float64(40.37),np.float64(21133.781679895623),np.float64(21.133781679895623),,
2017-04-24,AMD,sell,np.float64(1575.5963854224967),np.float64(13.23),np.float64(20845.14017913963),np.float64(20.84514017913963),,
2017-04-24,MU,sell,np.float64(732.2415762992682),np.float64(27.74),np.float64(20312.381326541697),np.float64(20.312381326541697),,
2017-04-24,NVDA,sell,np.float64(205.63936112537385),np.float64(102.96),np.float64(21172.62862146849),np.float64(21.17262862146849),,
2017-04-24,JNJ,buy,np.float64(168.0865881502135),np.float64(122.52),np.float64(20593.968780164156),np.float64(20.593968780164158),np.float64(0.9980019980019981),
2017-04-24,KO,buy,np.float64(476.27124838492495),np.float64(43.24),np.float64(20593.968780164156),np.float64(20.593968780164158),np.float64(0.9980019980019981),
2017-04-24,PEP,buy,np.float64(180.080174712873),np.float64(114.36),np.float64(20593.968780164156),np.float64(20.593968780164158),np.float64(0.9980019980019981),
2017-04-24,QCOM,buy,np.float64(17.379656364407804),np.float64(53.01),np.float64(921.2955838772577),np.float64(0.9212955838772577),np.float64(0.9980019980019981),
2017-04-24,XOM,buy,np.float64(253.3706788898149),np.float64(81.28),np.float64(20593.968780164156),np.float64(20.593968780164158),np.float64(0.9980019980019981),
2017-05-01,JNJ,sell,np.float64(168.0865881502135),np.float64(123.4),np.float64(20741.884977736347),np.float64(20.741884977736348),,
2017-05-01,QCOM,sell,np.float64(389.23511622878425),np.float64(53.65),np.float64(20882.463985674276),np.float64(20.882463985674278),,
2017-05-01,XOM,sell,np.float64(253.3706788898149),np.float64(81.51),np.float64(20652.244036308814),np.float64(20.652244036308815),,
2017-05-01,AAPL,buy,np.float64(141.91975535990852),np.float64(145.1),np.float64(20592.556502722728),np.float64(20.59255650272273),np.float64(0.9980019980019985),
2017-05-01,INTC,buy,np.float64(570.2729577048665),np.float64(36.11),np.float64(20592.556502722728),np.float64(20.59255650272273),np.float64(0.9980019980019985),
2017-05-01,KO,buy,np.float64(1.8016702021882993),np.float64(43.16),np.float64(77.76008592644699),np.float64(0.077760085926447),np.float64(0.9980019980019985),
2017-05-01,PEP,buy,np.float64(2.6275980552787734),np.float64(112.93),np.float64(296.7346483826319),np.float64(0.2967346483826319),np.float64(0.9980019980019985),
2017-05-01,WMT,buy,np.float64(274.23833403546047),np.float64(75.09),np.float64(20592.556502722728),np.float64(20.59255650272273),np.float64(0.9980019980019985),
2017-05-08,AAPL,sell,np.float64(141.91975535990852),np.float64(149.03),np.float64(21150.301141287167),np.float64(21.15030114128717),,
2017-05-08,INTC,sell,np.float64(570.2729577048665),np.float64(36.73),np.float64(20946.125736499744),np.float64(20.946125736499745),,
2017-05-08,KO,sell,np.float64(478.07291858711324),np.float64(43.59),np.float64(20839.198521212267),np.float64(20.839198521212268),,
2017-05-08,WMT,sell,np.float64(274.23833403546047),np.float64(76.5),np.float64(20979.232553712725),np.float64(20.979232553712727),,
2017-05-08,AMD,buy,np.float64(2045.686051592412),np.float64(10.22),np.float64(20906.91144727445),np.float64(20.906911447274453),np.float64(0.998003844601994),
2017-05-08,JNJ,buy,np.float64(169.27302604869607),np.float64(123.51),np.float64(20906.91144727445),np.float64(20.906911447274453),np.float64(0.998003844601994),
2017-05-08,META,buy,np.float64(138.72278844983379),np.float64(150.71),np.float64(20906.91144727445),np.float64(20.906911447274453),np.float64(0.998003844601994),
2017-05-08,PEP,buy,np.float64(2.4285837083542337),np.float64(113.15),np.float64(274.79424660028155),np.float64(0.27479424660028157),np.float64(0.998003844601994),
2017-05-08,TSLA,buy,np.float64(67.24641829293809),np.float64(310.9),np.float64(20906.91144727445),np.float64(20.906911447274453),np.float64(0.998003844601994),
2017-05-15,AMD,sell,np.float64(2045.686051592412),np.float64(11.41),np.float64(23341.277848669422),np.float64(23.341277848669424),,
2017-05-15,JNJ,sell,np.float64(169.27302604869607),np.float64(124.41),np.float64(21059.257170718276),np.float64(21.059257170718276),,
2017-05-15,META,sell,np.float64(138.72278844983379),np.float64(150.17),np.float64(20832.001141511537),np.float64(20.832001141511537),,
2017-05-15,TSLA,sell,np.float64(67.24641829293809),np.float64(318.38),np.float64(21409.91465610563),np.float64(21.40991465610563),,
2017-05-15,CSCO,buy,np.float64(631.3607018272339),np.float64(34.0),np.float64(21466.263862125954),np.float64(21.466263862125956),np.float64(0.9980019980019981),
2017-05-15,INTC,buy,np.float64(604.0879094449404),np.float64(35.535),np.float64(21466.263862125954),np.float64(21.466263862125956),np.float64(0.9980019980019981),
2017-05-15,KO,buy,np.float64(493.59079931308236),np.float64(43.49),np.float64(21466.263862125954),np.float64(21.466263862125956),np.float64(0.9980019980019981),
2017-05-15,MSFT,buy,np.float64(315.0317561216019),np.float64(68.14),np.float64(21466.263862125954),np.float64(21.466263862125956),np.float64(0.9980019980019981),
2017-05-15,PEP,buy,np.float64(5.351904868097507),np.float64(112.91),np.float64(604.2835786568895),np.float64(0.6042835786568895),np.float64(0.9980019980019981),
2017-05-22,INTC,sell,np.float64(604.0879094449404),np.float64(35.48),np.float64(21433.039027106483),np.float64(21.43303902710648),,
2017-05-22,KO,sell,np.float64(493.59079931308236),np.float64(43.89),np.float64(21663.700181851185),np.float64(21.663700181851187),,
2017-05-22,MSFT,sell,np.float64(315.0317561216019),np.float64(67.89),np.float64(21387.505923095556),np.float64(21.387505923095556),,
2017-05-22,PEP,sell,np.float64(190.48826134460353),np.float64(113.69),np.float64(21656.610432267975),np.float64(21.656610432267975),,
2017-05-22,AAPL,buy,np.float64(137.3466376415491),np.float64(154.0),np.float64(21151.382196798564),np.float64(21.151382196798565),np.float64(0.9980034208440475),
2017-05-22,CRM,buy,np.float64(241.61962756224082),np.float64(87.54),np.float64(21151.382196798564),np.float64(21.151382196798565),np.float64(0.9980034208440475),
2017-05-22,CSCO,buy,np.float64(47.61156106510813),np.float64(31.21),np.float64(1485.9568208420246),np.float64(1.4859568208420246),np.float64(0.9980034208440475),
2017-05-22,JPM,buy,np.float64(248.31394924628506),np.float64(85.18),np.float64(21151.382196798564),np.float64(21.151382196798565),np.float64(0.9980034208440475),
2017-05-22,TSLA,buy,np.float64(67.61950830178569),np.float64(312.8),np.float64(21151.382196798564),np.float64(21.151382196798565),np.float64(0.9980034208440475),
2017-05-30,CRM,sell,np.float64(241.61962756224082),np.float64(90.5),np.float64(21866.576294382794),np.float64(21.866576294382796),,
2017-05-30,CSCO,sell,np.float64(678.9722628923421),np.float64(31.4),np.float64(21319.72905481954),np.float64(21.319729054819543),,
2017-05-30,TSLA,sell,np.float64(67.61950830178569),np.float64(326.0),np.float64(22043.959706382135),np.float64(22.043959706382136),,
2017-05-30,AAPL,buy,np.float64(2.7091467001097174),np.float64(153.42),np.float64(415.6372867308328),np.float64(0.4156372867308328),np.float64(0.9980019980019981),
2017-05-30,JNJ,buy,np.float64(169.26011912189674),np.float64(126.7),np.float64(21445.257092744316),np.float64(21.445257092744317),np.float64(0.9980019980019981),
2017-05-30,JPM,buy,np.float64(4.094047817566544),np.float64(85.13),np.float64(348.5262907094399),np.float64(0.34852629070943986),np.float64(0.9980019980019981),
2017-05-30,WMT,buy,np.float64(274.939193496722),np.float64(78.0),np.float64(21445.257092744316),np.float64(21.445257092744317),np.float64(0.9980019980019981),
2017-05-30,XOM,buy,np.float64(263.8442063575826),np.float64(81.28),np.float64(21445.257092744316),np.float64(21.445257092744317),np.float64(0.9980019980019981),
2017-06-05,AAPL,sell,np.float64(140.05578434165884),np.float64(154.34),np.float64(21616.209755291624),np.float64(21.616209755291624),,
2017-06-05,JNJ,sell,np.float64(169.26011912189674),np.float64(130.0),np.float64(22003.815485846575),np.float64(22.003815485846577),,
2017-06-05,WMT,sell,np.float64(274.939193496722),np.float64(79.6),np.float64(21885.15980233907),np.float64(21.885159802339068),,
2017-06-05,CRM,buy,np.float64(235.41482594893725),np.float64(90.99),np.float64(21420.3950130938),np.float64(21.4203950130938),np.float64(0.9980019980019982),
2017-06-05,INTC,buy,np.float64(590.0935265315096),np.float64(36.3),np.float64(21420.3950130938),np.float64(21.4203950130938),np.float64(0.9980019980019982),
2017-06-05,JPM,buy,np.float64(7.391739059869429),np.float64(82.61),np.float64(610.6315637358135),np.float64(0.6106315637358135),np.float64(0.9980019980019982),
2017-06-05,PEP,buy,np.float64(182.47205906034415),np.float64(117.39),np.float64(21420.3950130938),np.float64(21.4203950130938),np.float64(0.9980019980019982),
2017-06-05,XOM,buy,np.float64(6.32538960049985),np.float64(79.44),np.float64(502.48894986370806),np.float64(0.5024889498637081),np.float64(0.9980019980019982),
2017-06-12,INTC,sell,np.float64(590.0935265315096),np.float64(35.59),np.float64(21001.42860925643),np.float64(21.00142860925643),,
2017-06-12,JPM,sell,np.float64(259.79973612372106),np.float64(87.32),np.float64(22685.71295832332),np.float64(22.68571295832332),,
2017-06-12,PEP,sell,np.float64(182.47205906034415),np.float64(116.23),np.float64(21208.7274245838),np.float64(21.208727424583802),,
2017-06-12,XOM,sell,np.float64(270.1695959580825),np.float64(82.67),np.float64(22334.92049785468),np.float64(22.334920497854682),,
2017-06-12,AAPL,buy,np.float64(147.23469145982327),np.float64(145.74),np.float64(21457.983933354644),np.float64(21.457983933354644),np.float64(0.9980019980019981),
2017-06-12,ADBE,buy,np.float64(160.4695178982549),np.float64(133.72),np.float64(21457.983933354644),np.float64(21.457983933354644),np.float64(0.9980019980019981),
2017-06-12,AMAT,buy,np.float64(486.13466092783517),np.float64(44.14),np.float64(21457.983933354644),np.float64(21.457983933354644),np.float64(0.9980019980019981),
2017-06-12,CRM,buy,np.float64(14.2193040514553),np.float64(86.12),np.float64(1224.5664649113305),np.float64(1.2245664649113306),np.float64(0.9980019980019981),
2017-06-12,NFLX,buy,np.float64(138.17117793531645),np.float64(155.3),np.float64(21457.983933354644),np.float64(21.457983933354644),np.float64(0.9980019980019981),
2017-06-19,ADBE,sell,np.float64(160.4695178982549),np.float64(138.79),np.float64(22271.564389098796),np.float64(22.271564389098796),,
2017-06-19,CRM,sell,np.float64(249.63413000039256),np.float64(86.62),np.float64(21623.308340634005),np.float64(21.623308340634004),,
2017-06-19,AAPL,buy,np.float64(2.570998415604871),np.float64(143.66),np.float64(369.34963238579576),np.float64(0.36934963238579577),np.float64(0.9980019980019978),
2017-06-19,AMAT,buy,np.float64(6.342911630644413),np.float64(43.7),np.float64(277.1852382591609),np.float64(0.2771852382591609),np.float64(0.9980019980019978),
2017-06-19,COST,buy,np.float64(128.5772175825448),np.float64(167.05),np.float64(21478.824197164107),np.float64(21.47882419716411),np.float64(0.9980019980019978),
2017-06-19,NFLX,buy,np.float64(1.315622667338091),np.float64(154.29),np.float64(202.98742134359406),np.float64(0.20298742134359407),np.float64(0.9980019980019978),
2017-06-19,WMT,buy,np.float64(284.9406234699404),np.float64(75.38),np.float64(21478.824197164107),np.float64(21.47882419716411),np.float64(0.9980019980019978),
2017-06-26,AAPL,sell,np.float64(149.80568987542813),np.float64(147.17),np.float64(22046.903378966756),np.float64(22.046903378966757),,
2017-06-26,AMAT,sell,np.float64(492.4775725584796),np.float64(44.47),np.float64(21900.47765167559),np.float64(21.90047765167559),,
2017-06-26,NFLX,sell,np.float64(139.48680060265454),np.float64(158.78),np.float64(22147.71419968949),np.float64(22.14771419968949),,
2017-06-26,WMT,sell,np.float64(284.9406234699404),np.float64(74.95),np.float64(21356.299729072034),np.float64(21.356299729072035),,
2017-06-26,COST,buy,np.float64(7.715753951479254),np.float64(158.15),np.float64(1220.246487426444),np.float64(1.220246487426444),np.float64(0.998001998001998),
2017-06-26,INTC,buy,np.float64(627.9657064369562),np.float64(34.26),np.float64(21514.10510253012),np.float64(21.51410510253012),np.float64(0.998001998001998),
2017-06-26,KO,buy,np.float64(474.71547004700176),np.float64(45.32),np.float64(21514.10510253012),np.float64(21.51410510253012),np.float64(0.998001998001998),
2017-06-26,PEP,buy,np.float64(183.22351475498314),np.float64(117.42),np.float64(21514.10510253012),np.float64(21.51410510253012),np.float64(0.998001998001998),
2017-06-26,XOM,buy,np.float64(263.7502157966179),np.float64(81.57),np.float64(21514.10510253012),np.float64(21.51410510253012),np.float64(0.998001998001998),
2017-07-03,COST,sell,np.float64(136.29297153402405),np.float64(160.21),np.float64(21835.496969465992),np.float64(21.835496969465993),,
2017-07-03,INTC,sell,np.float64(627.9657064369562),np.float64(33.51),np.float64(21043.130822702402),np.float64(21.043130822702402),,
2017-07-03,KO,sell,np.float64(474.71547004700176),np.float64(45.11),np.float64(21414.41485382025),np.float64(21.41441485382025),,
2017-07-03,PEP,sell,np.float64(183.22351475498314),np.float64(115.55),np.float64(21171.477129938303),np.float64(21.171477129938303),,
2017-07-03,XOM,sell,np.float64(263.7502157966179),np.float64(80.79),np.float64(21308.379934208762),np.float64(21.308379934208762),,
2017-07-03,AMAT,buy,np.float64(515.6523941116981),np.float64(41.33),np.float64(21311.913448636482),np.float64(21.31191344863648),np.float64(0.9980019980019981),
2017-07-03,AMD,buy,np.float64(1695.458508244748),np.float64(12.57),np.float64(21311.913448636482),np.float64(21.31191344863648),np.float64(0.9980019980019981),
2017-07-03,GOOGL,buy,np.float64(22.836966040844047),np.float64(933.22),np.float64(21311.913448636482),np.float64(21.31191344863648),np.float64(0.9980019980019981),
2017-07-03,MU,buy,np.float64(708.2722980603683),np.float64(30.09),np.float64(21311.913448636482),np.float64(21.31191344863648),np.float64(0.9980019980019981),
2017-07-03,NFLX,buy,np.float64(142.2501231386763),np.float64(149.82),np.float64(21311.913448636482),np.float64(21.31191344863648),np.float64(0.9980019980019981),
2017-07-10,AMAT,sell,np.float64(515.6523941116981),np.float64(43.6),np.float64(22482.444383270038),np.float64(22.48244438327004),,
2017-07-10,AMD,sell,np.float64(1695.458508244748),np.float64(13.61),np.float64(23075.19029721102),np.float64(23.07519029721102),,
2017-07-10,GOOGL,sell,np.float64(22.836966040844047),np.float64(941.95),np.float64(21511.28016217305),np.float64(21.51128016217305),,
2017-07-10,NFLX,sell,np.float64(142.2501231386763),np.float64(150.34),np.float64(21385.88351266859),np.float64(21.385883512668592),,
2017-07-10,COST,buy,np.float64(142.78793263795495),np.float64(153.51),np.float64(21919.375539252465),np.float64(21.919375539252467),np.float64(0.9980019980019981),
2017-07-10,KO,buy,np.float64(493.1243090945436),np.float64(44.45),np.float64(21919.375539252465),np.float64(21.919375539252467),np.float64(0.9980019980019981),
2017-07-10,MU,buy,np.float64(19.912577402720334),np.float64(30.16),np.float64(600.5633344660453),np.float64(0.6005633344660453),np.float64(0.9980019980019981),
2017-07-10,ORCL,buy,np.float64(444.88279966008656),np.float64(49.27),np.float64(21919.375539252465),np.float64(21.919375539252467),np.float64(0.9980019980019981),
2017-07-10,TSLA,buy,np.float64(70.05233473714435),np.float64(312.9),np.float64(21919.375539252465),np.float64(21.919375539252467),np.float64(0.9980019980019981),
2017-07-17,MU,sell,np.float64(728.1848754630886),np.float64(31.67),np.float64(23061.615005916017),np.float64(23.061615005916018),,
2017-07-17,ORCL,sell,np.float64(444.88279966008656),np.float64(50.31),np.float64(22382.053650898957),np.float64(22.382053650898957),,
2017-07-17,TSLA,sell,np.float64(70.05233473714435),np.float64(325.54),np.float64(22804.837050329974),np.float64(22.804837050329976),,
2017-07-17,COST,buy,np.float64(3.8742750479279873),np.float64(153.0),np.float64(592.7640823329821),np.float64(0.5927640823329821),np.float64(0.9980032337628646),
2017-07-17,JNJ,buy,np.float64(168.75665221254562),np.float64(132.71),np.float64(22395.69531512693),np.float64(22.39569531512693),np.float64(0.9980032337628646),
2017-07-17,JPM,buy,np.float64(243.90868345814562),np.float64(91.82),np.float64(22395.69531512693),np.float64(22.39569531512693),np.float64(0.9980032337628646),
2017-07-17,KO,buy,np.float64(9.331355067497032),np.float64(44.66),np.float64(416.73831731441743),np.float64(0.41673831731441746),np.float64(0.9980032337628646),
2017-07-17,PEP,buy,np.float64(194.84683587199348),np.float64(114.94),np.float64(22395.69531512693),np.float64(22.39569531512693),np.float64(0.9980032337628646),
2017-07-24,JNJ,sell,np.float64(168.75665221254562),np.float64(134.99),np.float64(22780.460482171533),np.float64(22.780460482171534),,
2017-07-24,KO,sell,np.float64(502.45566416204065),np.float64(45.04),np.float64(22630.60311385831),np.float64(22.63060311385831),,
2017-07-24,PEP,sell,np.float64(194.84683587199348),np.float64(116.5),np.float64(22699.65637908724),np.float64(22.69965637908724),,
2017-07-24,COST,buy,np.float64(2.700260058809336),np.float64(150.45),np.float64(406.2541258478646),np.float64(0.40625412584786463),np.float64(0.9980019980019977),
2017-07-24,CRM,buy,np.float64(250.25102321432695),np.float64(89.62),np.float64(22427.496700467982),np.float64(22.427496700467984),np.float64(0.9980019980019977),
2017-07-24,JPM,buy,np.float64(3.143034226798775),np.float64(90.96),np.float64(285.89039326961654),np.float64(0.28589039326961657),np.float64(0.9980019980019977),
2017-07-24,QCOM,buy,np.float64(417.1781380295384),np.float64(53.76),np.float64(22427.496700467982),np.float64(22.427496700467984),np.float64(0.9980019980019977),
2017-07-24,XOM,buy,np.float64(280.13360854943767),np.float64(80.06),np.float64(22427.496700467982),np.float64(22.427496700467984),np.float64(0.9980019980019977),
2017-07-31,COST,sell,np.float64(149.36246774469228),np.float64(153.08),np.float64(22864.406562357497),np.float64(22.864406562357498),,
2017-07-31,CRM,sell,np.float64(250.25102321432695),np.float64(90.81),np.float64(22725.295418093032),np.float64(22.725295418093033),,
2017-07-31,JPM,sell,np.float64(247.05171768494438),np.float64(91.5),np.float64(22605.23216817241),np.float64(22.60523216817241),,
2017-07-31,QCOM,sell,np.float64(417.1781380295384),np.float64(53.1),np.float64(22152.15912936849),np.float64(22.152159129368492),,
2017-07-31,XOM,sell,np.float64(280.13360854943767),np.float64(79.83),np.float64(22363.065970501608),np.float64(22.36306597050161),,
2017-07-31,ADBE,buy,np.float64(153.7099810400648),np.float64(146.36),np.float64(22496.992825023888),np.float64(22.496992825023888),np.float64(0.9980019980019982),
2017-07-31,AMAT,buy,np.float64(495.20125082597156),np.float64(45.43),np.float64(22496.992825023888),np.float64(22.496992825023888),np.float64(0.9980019980019982),
2017-07-31,GOOGL,buy,np.float64(23.43436752606655),np.float64(960.0),np.float64(22496.992825023888),np.float64(22.496992825023888),np.float64(0.9980019980019982),
2017-07-31,JNJ,buy,np.float64(170.2511943773565),np.float64(132.14),np.float64(22496.992825023888),np.float64(22.496992825023888),np.float64(0.9980019980019982),
2017-07-31,MU,buy,np.float64(764.4238132865745),np.float64(29.43),np.float64(22496.992825023888),np.float64(22.496992825023888),np.float64(0.9980019980019982),
2017-08-07,ADBE,sell,np.float64(153.7099810400648),np.float64(147.74),np.float64(22709.112598859174),np.float64(22.709112598859175),,
2017-08-07,GOOGL,sell,np.float64(23.43436752606655),np.float64(947.52),np.float64(22204.531918298577),np.float64(22.204531918298578),,
2017-08-07,JNJ,sell,np.float64(170.2511943773565),np.float64(133.09),np.float64(22658.731459682378),np.float64(22.65873145968238),,
2017-08-07,AMAT,buy,np.float64(18.746560064710135),np.float64(42.86),np.float64(803.4775643734764),np.float64(0.8034775643734764),np.float64(0.9980019980019983),
2017-08-07,AMD,buy,np.float64(1649.3170990096621),np.float64(13.33),np.float64(21985.396929798797),np.float64(21.985396929798796),np.float64(0.9980019980019983),
2017-08-07,AMZN,buy,np.float64(22.19290054994074),np.float64(990.65),np.float64(21985.396929798797),np.float64(21.985396929798796),np.float64(0.9980019980019983),
2017-08-07,KO,buy,np.float64(482.98323659487687),np.float64(45.52),np.float64(21985.396929798797),np.float64(21.985396929798796),np.float64(0.9980019980019983),
2017-08-07,MU,buy,np.float64(24.26415613529535),np.float64(27.93),np.float64(677.6978808587992),np.float64(0.6776978808587992),np.float64(0.9980019980019983),
2017-08-14,AMAT,sell,np.float64(513.9478108906817),np.float64(43.7),np.float64(22459.519335922792),np.float64(22.459519335922792),,
2017-08-14,AMZN,sell,np.float64(22.19290054994074),np.float64(978.41),np.float64(21713.75582706752),np.float64(21.713755827067523),,
2017-08-14,KO,sell,np.float64(482.98323659487687),np.float64(45.67),np.float64(22057.84441528803),np.float64(22.05784441528803),,
2017-08-14,MU,sell,np.float64(788.6879694218699),np.float64(28.82),np.float64(22729.98727873829),np.float64(22.72998727873829),,
2017-08-14,AMD,buy,np.float64(94.68278882350725),np.float64(12.58),np.float64(1191.1094833997213),np.float64(1.1911094833997213),np.float64(0.9980019980019978),
2017-08-14,JPM,buy,np.float64(237.06899670989532),np.float64(92.37),np.float64(21898.063226093032),np.float64(21.898063226093033),np.float64(0.9980019980019978),
2017-08-14,NFLX,buy,np.float64(128.96385881091302),np.float64(169.8),np.float64(21898.063226093032),np.float64(21.898063226093033),np.float64(0.9980019980019978),
2017-08-14,NVDA,buy,np.float64(137.14575828955367),np.float64(159.67),np.float64(21898.063226093032),np.float64(21.898063226093033),np.float64(0.9980019980019978),
2017-08-14,ORCL,buy,np.float64(451.5064582699594),np.float64(48.5),np.float64(21898.063226093032),np.float64(21.898063226093033),np.float64(0.9980019980019978),
2017-08-21,AMD,sell,np.float64(1743.9998878331694),np.float64(12.42),np.float64(21660.478606887962),np.float64(21.660478606887963),,
2017-08-21,JPM,sell,np.float64(237.06899670989532),np.float64(90.83),np.float64(21532.97697115979),np.float64(21.53297697115979),,
2017-08-21,NFLX,sell,np.float64(128.96385881091302),np.float64(166.91),np.float64(21525.357674129493),np.float64(21.525357674129495),,
2017-08-21,NVDA,sell,np.float64(137.14575828955367),np.float64(162.49),np.float64(22284.814264469576),np.float64(22.284814264469578),,
2017-08-21,ORCL,sell,np.float64(451.5064582699594),np.float64(48.65),np.float64(21965.789194833524),np.float64(21.965789194833523),,
2017-08-21,CSCO,buy,np.float64(716.1784366096128),np.float64(30.37),np.float64(21750.33911983394),np.float64(21.750339119833942),np.float64(0.9980019980019978),
2017-08-21,INTC,buy,np.float64(619.8443750308902),np.float64(35.09),np.float64(21750.33911983394),np.float64(21.750339119833942),np.float64(0.9980019980019978),
2017-08-21,QCOM,buy,np.float64(418.2757523044989),np.float64(52.0),np.float64(21750.33911983394),np.float64(21.750339119833942),np.float64(0.9980019980019978),
2017-08-21,WMT,buy,np.float64(274.90317391094464),np.float64(79.12),np.float64(21750.33911983394),np.float64(21.750339119833942),np.float64(0.9980019980019978),
2017-08-21,XOM,buy,np.float64(284.4296994878245),np.float64(76.47),np.float64(21750.33911983394),np.float64(21.750339119833942),np.float64(0.9980019980019978),
2017-08-28,CSCO,sell,np.float64(716.1784366096128),np.float64(31.6),np.float64(22631.238596863768),np.float64(22.631238596863767),,
2017-08-28,QCOM,sell,np.float64(418.2757523044989),np.float64(51.77),np.float64(21654.13569680391),np.float64(21.654135696803912),,
2017-08-28,WMT,sell,np.float64(274.90317391094464),np.float64(78.41),np.float64(21555.157866357167),np.float64(21.555157866357167),,
2017-08-28,XOM,sell,np.float64(284.4296994878245),np.float64(76.9),np.float64(21872.643890613705),np.float64(21.872643890613706),,
2017-08-28,AMAT,buy,np.float64(504.11105347169587),np.float64(43.36),np.float64(21858.25527853273),np.float64(21.85825527853273),np.float64(0.9980047060711877),
2017-08-28,AMZN,buy,np.float64(23.092796161316723),np.float64(946.54),np.float64(21858.25527853273),np.float64(21.85825527853273),np.float64(0.9980047060711877),
2017-08-28,COST,buy,np.float64(143.89898142549526),np.float64(151.9),np.float64(21858.25527853273),np.float64(21.85825527853273),np.float64(0.9980047060711877),
2017-08-28,INTC,buy,np.float64(9.86437134333255),np.float64(34.78),np.float64(343.08283532110613),np.float64(0.3430828353211061),np.float64(0.9980047060711877),
2017-08-28,PEP,buy,np.float64(188.2385056711396),np.float64(116.12),np.float64(21858.25527853273),np.float64(21.85825527853273),np.float64(0.9980047060711877),
2017-09-05,AMAT,sell,np.float64(504.11105347169587),np.float64(44.63),np.float64(22498.47631644179),np.float64(22.49847631644179),,
2017-09-05,AMZN,sell,np.float64(23.092796161316723),np.float64(975.4),np.float64(22524.71337574833),np.float64(22.52471337574833),,
2017-09-05,COST,sell,np.float64(143.89898142549526),np.float64(157.96),np.float64(22730.283105971233),np.float64(22.730283105971235),,
2017-09-05,INTC,sell,np.float64(629.7087463742228),np.float64(35.02),np.float64(22052.400298025284),np.float64(22.052400298025283),,
2017-09-05,JNJ,buy,np.float64(170.65746280278645),np.float64(130.72),np.float64(22308.343537580244),np.float64(22.308343537580246),np.float64(0.9980036808052791),
2017-09-05,JPM,buy,np.float64(245.0927657391809),np.float64(91.02),np.float64(22308.343537580244),np.float64(22.308343537580246),np.float64(0.9980036808052791),
2017-09-05,KO,buy,np.float64(487.6140663951966),np.float64(45.75),np.float64(22308.343537580244),np.float64(22.308343537580246),np.float64(0.9980036808052791),
2017-09-05,PEP,buy,np.float64(4.699587815589214),np.float64(115.85),np.float64(544.4472484360105),np.float64(0.5444472484360104),np.float64(0.9980036808052791),
2017-09-05,XOM,buy,np.float64(291.079639060285),np.float64(76.64),np.float64(22308.343537580244),np.float64(22.308343537580246),np.float64(0.9980036808052791),
2017-09-11,JNJ,sell,np.float64(170.65746280278645),np.float64(131.37),np.float64(22419.270888402058),np.float64(22.419270888402057),,
2017-09-11,KO,sell,np.float64(487.6140663951966),np.float64(46.35),np.float64(22600.911977417363),np.float64(22.600911977417365),,
2017-09-11,PEP,sell,np.float64(192.9380934867288),np.float64(115.08),np.float64(22203.31579845275),np.float64(22.20331579845275),,
2017-09-11,XOM,sell,np.float64(291.079639060285),np.float64(79.41),np.float64(23114.63413777723),np.float64(23.11463413777723),,
2017-09-11,AAPL,buy,np.float64(139.59215632509958),np.float64(160.5),np.float64(22404.54109017848),np.float64(22.404541090178483),np.float64(0.9980019980019978),
2017-09-11,AMD,buy,np.float64(1798.1172624541316),np.float64(12.46),np.float64(22404.54109017848),np.float64(22.404541090178483),np.float64(0.9980019980019978),
2017-09-11,AVGO,buy,np.float64(90.70664408979142),np.float64(247.0),np.float64(22404.54109017848),np.float64(22.404541090178483),np.float64(0.9980019980019978),
2017-09-11,JPM,buy,np.float64(6.035044988267219),np.float64(89.39),np.float64(539.4726715012067),np.float64(0.5394726715012067),np.float64(0.9980019980019978),
2017-09-11,QCOM,buy,np.float64(448.62917681574856),np.float64(49.94),np.float64(22404.54109017848),np.float64(22.404541090178483),np.float64(0.9980019980019978),
2017-09-18,AAPL,sell,np.float64(139.59215632509958),np.float64(160.11),np.float64(22350.100149211696),np.float64(22.350100149211695),,
2017-09-18,AMD,sell,np.float64(1798.1172624541316),np.float64(12.77),np.float64(22961.95744153926),np.float64(22.961957441539262),,
2017-09-18,AVGO,sell,np.float64(90.70664408979142),np.float64(251.05),np.float64(22771.902998742138),np.float64(22.77190299874214),,
2017-09-18,JPM,sell,np.float64(251.12781072744812),np.float64(91.93),np.float64(23086.17964017431),np.float64(23.086179640174308),,
2017-09-18,QCOM,sell,np.float64(448.62917681574856),np.float64(52.24),np.float64(23436.388196854707),np.float64(23.436388196854708),,
2017-09-18,CRM,buy,np.float64(241.14171624681865),np.float64(94.94),np.float64(22893.994540472962),np.float64(22.893994540472963),np.float64(0.9980028038356057),
2017-09-18,GOOGL,buy,np.float64(24.48529378346003),np.float64(935.01),np.float64(22893.994540472962),np.float64(22.893994540472963),np.float64(0.9980028038356057),
2017-09-18,KO,buy,np.float64(496.5082311965509),np.float64(46.11),np.float64(22893.994540472962),np.float64(22.893994540472963),np.float64(0.9980028038356057),
2017-09-18,ORCL,buy,np.float64(468.3714104024747),np.float64(48.88),np.float64(22893.994540472962),np.float64(22.893994540472963),np.float64(0.9980028038356057),
2017-09-18,PEP,buy,np.float64(198.78435825712393),np.float64(115.17),np.float64(22893.994540472962),np.float64(22.893994540472963),np.float64(0.9980028038356057),
2017-09-25,CRM,sell,np.float64(241.14171624681865),np.float64(94.87),np.float64(22877.114620335688),np.float64(22.87711462033569),,
2017-09-25,GOOGL,sell,np.float64(24.48529378346003),np.float64(939.45),np.float64(23002.709244871527),np.float64(23.00270924487153),,
2017-09-25,KO,sell,np.float64(496.5082311965509),np.float64(45.5),np.float64(22591.124519443067),np.float64(22.591124519443067),,
2017-09-25,ORCL,sell,np.float64(468.3714104024747),np.float64(48.52),np.float64(22725.38083272807),np.float64(22.72538083272807),,
2017-09-25,AAPL,buy,np.float64(150.99862546652625),np.float64(149.99),np.float64(22648.283833724276),np.float64(22.648283833724275),np.float64(0.9980019980019976),
2017-09-25,ADBE,buy,np.float64(152.62675270384983),np.float64(148.39),np.float64(22648.283833724276),np.float64(22.648283833724275),np.float64(0.9980019980019976),
2017-09-25,AVGO,buy,np.float64(95.48582922435295),np.float64(237.19),np.float64(22648.283833724276),np.float64(22.648283833724275),np.float64(0.9980019980019976),
2017-09-25,PEP,buy,np.float64(3.7574387227282613),np.float64(112.04),np.float64(420.9834344944744),np.float64(0.4209834344944744),np.float64(0.9980019980019976),
2017-09-25,TSLA,buy,np.float64(64.13219264823525),np.float64(353.15),np.float64(22648.283833724276),np.float64(22.648283833724275),np.float64(0.9980019980019976),
2017-10-02,AAPL,sell,np.float64(150.99862546652625),np.float64(154.26),np.float64(23293.04796446634),np.float64(23.29304796446634),,
2017-10-02,ADBE,sell,np.float64(152.62675270384983),np.float64(149.79),np.float64(22861.961287509665),np.float64(22.861961287509665),,
2017-10-02,AVGO,sell,np.float64(95.48582922435295),np.float64(245.31),np.float64(23423.628767026024),np.float64(23.423628767026024),,
2017-10-02,TSLA,sell,np.float64(64.13219264823525),np.float64(342.52),np.float64(21966.558625873535),np.float64(21.966558625873535),,
2017-10-02,CRM,buy,np.float64(242.37549815278274),np.float64(93.72),np.float64(22715.431686878797),np.float64(22.715431686878798),np.float64(0.9980019980019981),
2017-10-02,JNJ,buy,np.float64(174.51929691824523),np.float64(130.16),np.float64(22715.431686878797),np.float64(22.715431686878798),np.float64(0.9980019980019981),
2017-10-02,KO,buy,np.float64(504.22711846567813),np.float64(45.05),np.float64(22715.431686878797),np.float64(22.715431686878798),np.float64(0.9980019980019981),
2017-10-02,PEP,buy,np.float64(4.554708021441747),np.float64(109.9),np.float64(500.56241155644796),np.float64(0.500562411556448),np.float64(0.9980019980019981),
2017-10-02,WMT,buy,np.float64(291.59732589061355),np.float64(77.9),np.float64(22715.431686878797),np.float64(22.715431686878798),np.float64(0.9980019980019981),
2017-10-09,CRM,sell,np.float64(242.37549815278274),np.float64(96.33),np.float64(23348.03173705756),np.float64(23.34803173705756),,
2017-10-09,JNJ,sell,np.float64(174.51929691824523),np.float64(133.66),np.float64(23326.249226092656),np.float64(23.326249226092656),,
2017-10-09,WMT,sell,np.float64(291.59732589061355),np.float64(79.5),np.float64(23181.987408303776),np.float64(23.181987408303776),,
2017-10-09,COST,buy,np.float64(147.11851996109505),np.float64(157.01),np.float64(23099.07881909153),np.float64(23.09907881909153),np.float64(0.9980019980019982),
2017-10-09,KO,buy,np.float64(3.895121279271586),np.float64(45.55),np.float64(177.42277427082072),np.float64(0.17742277427082073),np.float64(0.9980019980019982),
2017-10-09,ORCL,buy,np.float64(477.6484453906437),np.float64(48.36),np.float64(23099.07881909153),np.float64(23.09907881909153),np.float64(0.9980019980019982),
2017-10-09,PEP,buy,np.float64(2.1885900726058685),np.float64(110.59),np.float64(242.036176129483),np.float64(0.24203617612948303),np.float64(0.9980019980019982),
2017-10-09,XOM,buy,np.float64(282.2468086399258),np.float64(81.84),np.float64(23099.07881909153),np.float64(23.09907881909153),np.float64(0.9980019980019982),
2017-10-16,COST,sell,np.float64(147.11851996109505),np.float64(159.38),np.float64(23447.749711399327),np.float64(23.44774971139933),,
2017-10-16,KO,sell,np.float64(508.1222397449497),np.float64(46.13),np.float64(23439.67891943453),np.float64(23.43967891943453),,
2017-10-16,ORCL,sell,np.float64(477.6484453906437),np.float64(48.61),np.float64(23218.49093043919),np.float64(23.21849093043919),,
2017-10-16,PEP,sell,np.float64(209.2850950738998),np.float64(112.93),np.float64(23634.565786695508),np.float64(23.634565786695507),,
2017-10-16,CRM,buy,np.float64(241.27729127552203),np.float64(96.945),np.float64(23390.62700270548),np.float64(23.390627002705482),np.float64(0.9980029642318323),
2017-10-16,CSCO,buy,np.float64(696.1496131757583),np.float64(33.6),np.float64(23390.62700270548),np.float64(23.390627002705482),np.float64(0.9980029642318323),
2017-10-16,INTC,buy,np.float64(589.036187426479),np.float64(39.71),np.float64(23390.62700270548),np.float64(23.390627002705482),np.float64(0.9980029642318323),
2017-10-16,JPM,buy,np.float64(242.79247459731658),np.float64(96.34),np.float64(23390.62700270548),np.float64(23.390627002705482),np.float64(0.9980029642318323),
2017-10-16,XOM,buy,np.float64(0.9830356762521814),np.float64(82.75),np.float64(81.34620220986801),np.float64(0.08134620220986802),np.float64(0.9980029642318323),
2017-10-23,CRM,sell,np.float64(241.27729127552203),np.float64(99.07),np.float64(23903.341246665965),np.float64(23.903341246665967),,
2017-10-23,CSCO,sell,np.float64(696.1496131757583),np.float64(34.45),np.float64(23982.354173904874),np.float64(23.982354173904874),,
2017-10-23,INTC,sell,np.float64(589.036187426479),np.float64(40.55),np.float64(23885.417400143724),np.float64(23.885417400143723),,
2017-10-23,JPM,sell,np.float64(242.79247459731658),np.float64(99.51),np.float64(24160.279147178975),np.float64(24.160279147178976),,
2017-10-23,XOM,sell,np.float64(283.229844316178),np.float64(83.15),np.float64(23550.561554890202),np.float64(23.5505615548902),,
2017-10-23,AMZN,buy,np.float64(24.169373251227803),np.float64(986.73),np.float64(23848.64566818401),np.float64(23.84864566818401),np.float64(0.9980019980019981),
2017-10-23,AVGO,buy,np.float64(97.26994725582841),np.float64(245.18),np.float64(23848.64566818401),np.float64(23.84864566818401),np.float64(0.9980019980019981),
2017-10-23,NFLX,buy,np.float64(122.82353436773967),np.float64(194.17),np.float64(23848.64566818401),np.float64(23.84864566818401),np.float64(0.9980019980019981),
2017-10-23,PEP,buy,np.float64(213.62097517183813),np.float64(111.64),np.float64(23848.64566818401),np.float64(23.84864566818401),np.float64(0.9980019980019981),
2017-10-23,QCOM,buy,np.float64(455.9970491048568),np.float64(52.3),np.float64(23848.64566818401),np.float64(23.84864566818401),np.float64(0.9980019980019981),
2017-10-30,AMZN,sell,np.float64(24.169373251227803),np.float64(1095.01),np.float64(26465.705403826956),np.float64(26.465705403826956),,
2017-10-30,AVGO,sell,np.float64(97.26994725582841),np.float64(253.3),np.float64(24638.47763990134),np.float64(24.63847763990134),,
2017-10-30,NFLX,sell,np.float64(122.82353436773967),np.float64(199.62),np.float64(24518.033930488193),np.float64(24.518033930488194),,
2017-10-30,QCOM,sell,np.float64(455.9970491048568),np.float64(54.16),np.float64(24696.800179519043),np.float64(24.696800179519045),,
2017-10-30,AMD,buy,np.float64(2197.1867980216302),np.float64(11.255),np.float64(24729.33741173345),np.float64(24.72933741173345),np.float64(0.9980019980019982),
2017-10-30,JNJ,buy,np.float64(175.3604978849344),np.float64(141.02),np.float64(24729.33741173345),np.float64(24.72933741173345),np.float64(0.9980019980019982),
2017-10-30,KO,buy,np.float64(537.5942915594228),np.float64(46.0),np.float64(24729.33741173345),np.float64(24.72933741173345),np.float64(0.9980019980019982),
2017-10-30,PEP,buy,np.float64(10.884649420904278),np.float64(110.36),np.float64(1201.229910090996),np.float64(1.2012299100909962),np.float64(0.9980019980019982),
2017-10-30,TSLA,buy,np.float64(77.47771605906838),np.float64(319.18),np.float64(24729.33741173345),np.float64(24.72933741173345),np.float64(0.9980019980019982),
2017-11-06,AMD,sell,np.float64(2197.1867980216302),np.float64(12.04),np.float64(26454.129048180424),np.float64(26.454129048180423),,
2017-11-06,JNJ,buy,np.float64(1.9969051342742798),np.float64(140.01),np.float64(279.5866878497419),np.float64(0.2795866878497419),np.float64(0.9980019980019981),
2017-11-06,KO,buy,np.float64(3.291511114256633),np.float64(45.91),np.float64(151.113275255522),np.float64(0.151113275255522),np.float64(0.9980019980019981),
2017-11-06,PEP,buy,np.float64(1.3021688429871972),np.float64(109.97),np.float64(143.19950766330206),np.float64(0.14319950766330206),np.float64(0.9980019980019981),
2017-11-06,TSLA,buy,np.float64(3.4026696065970663),np.float64(307.0),np.float64(1044.6195692252993),np.float64(1.0446195692252993),np.float64(0.9980019980019981),
2017-11-06,XOM,buy,np.float64(297.5120600899507),np.float64(83.3),np.float64(24782.754605492893),np.float64(24.782754605492894),np.float64(0.9980019980019981),
2017-11-13,JNJ,sell,np.float64(177.35740301920868),np.float64(138.71),np.float64(24601.245372794438),np.float64(24.601245372794438),,
2017-11-13,KO,sell,np.float64(540.8858026736794),np.float64(46.6),np.float64(25205.278404593464),np.float64(25.205278404593464),,
2017-11-13,PEP,sell,np.float64(225.8077934357296),np.float64(112.69),np.float64(25446.28024227237),np.float64(25.44628024227237),,
2017-11-13,TSLA,sell,np.float64(80.88038566566546),np.float64(300.13),np.float64(24274.63014983617),np.float64(24.274630149836174),,
2017-11-13,XOM,sell,np.float64(297.5120600899507),np.float64(82.65),np.float64(24589.371766434426),np.float64(24.589371766434425),,
2017-11-13,AVGO,buy,np.float64(94.55061008801803),np.float64(262.5),np.float64(24819.535148104733),np.float64(24.819535148104734),np.float64(0.9980038384764229),
2017-11-13,CSCO,buy,np.float64(733.0045820468025),np.float64(33.86),np.float64(24819.535148104733),np.float64(24.819535148104734),np.float64(0.9980038384764229),
2017-11-13,JPM,buy,np.float64(256.691851774793),np.float64(96.69),np.float64(24819.535148104733),np.float64(24.819535148104734),np.float64(0.9980038384764229),
2017-11-13,NFLX,buy,np.float64(129.86362049029265),np.float64(191.12),np.float64(24819.535148104733),np.float64(24.819535148104734),np.float64(0.9980038384764229),
2017-11-13,ORCL,buy,np.float64(505.489514218019),np.float64(49.1),np.float64(24819.535148104733),np.float64(24.819535148104734),np.float64(0.9980038384764229),
2017-11-20,AVGO,sell,np.float64(94.55061008801803),np.float64(272.62),np.float64(25776.38732219548),np.float64(25.77638732219548),,
2017-11-20,CSCO,sell,np.float64(733.0045820468025),np.float64(35.93),np.float64(26336.854632941613),np.float64(26.336854632941613),,
2017-11-20,JPM,sell,np.float64(256.691851774793),np.float64(98.45),np.float64(25271.312807228373),np.float64(25.271312807228373),,
2017-11-20,NFLX,sell,np.float64(129.86362049029265),np.float64(193.3),np.float64(25102.63784077357),np.float64(25.102637840773568),,
2017-11-20,ORCL,sell,np.float64(505.489514218019),np.float64(49.04),np.float64(24789.205777251653),np.float64(24.789205777251652),,
2017-11-20,AAPL,buy,np.float64(149.18327545026509),np.float64(170.29),np.float64(25404.41997642564),np.float64(25.40441997642564),np.float64(0.9980019980019982),
2017-11-20,INTC,buy,np.float64(567.9503683529095),np.float64(44.73),np.float64(25404.41997642564),np.float64(25.40441997642564),np.float64(0.9980019980019982),
2017-11-20,JNJ,buy,np.float64(183.89011926475308),np.float64(138.15),np.float64(25404.41997642564),np.float64(25.40441997642564),np.float64(0.9980019980019982),
2017-11-20,KO,buy,np.float64(556.1387910776191),np.float64(45.68),np.float64(25404.41997642564),np.float64(25.40441997642564),np.float64(0.9980019980019982),
2017-11-20,XOM,buy,np.float64(316.64489563038313),np.float64(80.23),np.float64(25404.41997642564),np.float64(25.40441997642564),np.float64(0.9980019980019982),
2017-11-27,AAPL,sell,np.float64(149.18327545026509),np.float64(175.05),np.float64(26114.532367568903),np.float64(26.114532367568902),,
2017-11-27,XOM,sell,np.float64(316.64489563038313),np.float64(81.32),np.float64(25749.562912662754),np.float64(25.749562912662753),,
2017-11-27,INTC,buy,np.float64(8.4964570857132),np.float64(44.42),np.float64(377.41262374738034),np.float64(0.3774126237473803),np.float64(0.9980049645081444),
2017-11-27,JNJ,buy,np.float64(2.3209522650010372),np.float64(137.51),np.float64(319.1541459602926),np.float64(0.3191541459602926),np.float64(0.9980049645081444),
2017-11-27,JPM,buy,np.float64(260.0003715701985),np.float64(98.29),np.float64(25555.436521634812),np.float64(25.555436521634814),np.float64(0.9980049645081444),
2017-11-27,KO,buy,np.float64(2.3412058463571435),np.float64(45.85),np.float64(107.34428805547503),np.float64(0.10734428805547504),np.float64(0.9980049645081444),
2017-11-27,WMT,buy,np.float64(263.866148906916),np.float64(96.85),np.float64(25555.436521634812),np.float64(25.555436521634814),np.float64(0.9980049645081444),
2017-12-04,INTC,sell,np.float64(576.4468254386228),np.float64(45.02),np.float64(25951.6360812468),np.float64(25.9516360812468),,
2017-12-04,JNJ,sell,np.float64(186.21107152975412),np.float64(140.62),np.float64(26185.000878514027),np.float64(26.18500087851403),,
2017-12-04,JPM,sell,np.float64(260.0003715701985),np.float64(107.82),np.float64(28033.240062698802),np.float64(28.033240062698802),,
2017-12-04,KO,sell,np.float64(558.4799969239763),np.float64(45.99),np.float64(25684.49505853367),np.float64(25.68449505853367),,
2017-12-04,WMT,sell,np.float64(263.866148906916),np.float64(97.73),np.float64(25787.638732672902),np.float64(25.787638732672903),,
2017-12-04,AMAT,buy,np.float64(505.51448705621857),np.float64(52.06),np.float64(26317.08419614674),np.float64(26.31708419614674),np.float64(0.9980035636696797),
2017-12-04,META,buy,np.float64(149.28290995601986),np.float64(176.29),np.float64(26317.08419614674),np.float64(26.31708419614674),np.float64(0.9980035636696797),
2017-12-04,MU,buy,np.float64(627.7930390302181),np.float64(41.92),np.float64(26317.08419614674),np.float64(26.31708419614674),np.float64(0.9980035636696797),
2017-12-04,NFLX,buy,np.float64(138.97910961209726),np.float64(189.36),np.float64(26317.08419614674),np.float64(26.31708419614674),np.float64(0.9980035636696797),
2017-12-04,NVDA,buy,np.float64(131.55253284752183),np.float64(200.05),np.float64(26317.08419614674),np.float64(26.31708419614674),np.float64(0.9980035636696797),
2017-12-11,AMAT,sell,np.float64(505.51448705621857),np.float64(51.57),np.float64(26069.382097489193),np.float64(26.069382097489193),,
2017-12-11,META,sell,np.float64(149.28290995601986),np.float64(179.3),np.float64(26766.425755114364),np.float64(26.766425755114366),,
2017-12-11,MU,sell,np.float64(627.7930390302181),np.float64(43.46),np.float64(27283.88547625328),np.float64(27.28388547625328),,
2017-12-11,NFLX,sell,np.float64(138.97910961209726),np.float64(187.85),np.float64(26107.225740632468),np.float64(26.10722574063247),,
2017-12-11,NVDA,sell,np.float64(131.55253284752183),np.float64(192.06),np.float64(25265.979458695045),np.float64(25.265979458695046),,
2017-12-11,ADBE,buy,np.float64(151.038931293321),np.float64(173.77),np.float64(26246.035090840396),np.float64(26.246035090840397),np.float64(0.9980019980019982),
2017-12-11,AMD,buy,np.float64(2632.5010121204004),np.float64(9.97),np.float64(26246.035090840396),np.float64(26.246035090840397),np.float64(0.9980019980019982),
2017-12-11,AVGO,buy,np.float64(101.20318921431479),np.float64(259.34),np.float64(26246.035090840396),np.float64(26.246035090840397),np.float64(0.9980019980019982),
2017-12-11,INTC,buy,np.float64(606.4241009898428),np.float64(43.28),np.float64(26246.035090840396),np.float64(26.246035090840397),np.float64(0.9980019980019982),
2017-12-11,KO,buy,np.float64(581.4363112724943),np.float64(45.14),np.float64(26246.035090840396),np.float64(26.246035090840397),np.float64(0.9980019980019982),
2017-12-18,ADBE,sell,np.float64(151.038931293321),np.float64(178.42),np.float64(26948.366121354335),np.float64(26.948366121354336),,
2017-12-18,AMD,sell,np.float64(2632.5010121204004),np.float64(10.6),np.float64(27904.510728476245),np.float64(27.904510728476247),,
2017-12-18,AVGO,sell,np.float64(101.20318921431479),np.float64(264.08),np.float64(26725.738207716247),np.float64(26.725738207716248),,
2017-12-18,INTC,sell,np.float64(606.4241009898428),np.float64(45.15),np.float64(27380.048159691403),np.float64(27.380048159691405),,
2017-12-18,KO,sell,np.float64(581.4363112724943),np.float64(46.2),np.float64(26862.357580789238),np.float64(26.862357580789237),,
2017-12-18,JPM,buy,np.float64(253.24485265337245),np.float64(107.19),np.float64(27145.31575591499),np.float64(27.145315755914993),np.float64(0.9980032989658953),
2017-12-18,MU,buy,np.float64(625.7564720127937),np.float64(43.38),np.float64(27145.31575591499),np.float64(27.145315755914993),np.float64(0.9980032989658953),
2017-12-18,NVDA,buy,np.float64(140.50370474076084),np.float64(193.2),np.float64(27145.31575591499),np.float64(27.145315755914993),np.float64(0.9980032989658953),
2017-12-18,ORCL,buy,np.float64(560.5062101159403),np.float64(48.43),np.float64(27145.31575591499),np.float64(27.145315755914993),np.float64(0.9980032989658953),
2017-12-18,XOM,buy,np.float64(326.34426251400566),np.float64(83.18),np.float64(27145.31575591499),np.float64(27.145315755914993),np.float64(0.9980032989658953),
2017-12-26,JPM,sell,np.float64(253.24485265337245),np.float64(107.2),np.float64(27147.84820444153),np.float64(27.14784820444153),,
2017-12-26,MU,sell,np.float64(625.7564720127937),np.float64(43.19),np.float64(27026.422026232558),np.float64(27.02642202623256),,
2017-12-26,NVDA,sell,np.float64(140.50370474076084),np.float64(193.03),np.float64(27121.430126109066),np.float64(27.12143012610907),,
2017-12-26,XOM,sell,np.float64(326.34426251400566),np.float64(83.96),np.float64(27399.864280675913),np.float64(27.399864280675914),,
2017-12-26,COST,buy,np.float64(144.98793764036117),np.float64(186.19),np.float64(26995.304109258846),np.float64(26.995304109258846),np.float64(0.9980019980019981),
2017-12-26,CRM,buy,np.float64(264.2712100759554),np.float64(102.15),np.float64(26995.304109258846),np.float64(26.995304109258846),np.float64(0.9980019980019981),
2017-12-26,JNJ,buy,np.float64(192.13739579543662),np.float64(140.5),np.float64(26995.304109258846),np.float64(26.995304109258846),np.float64(0.9980019980019981),
2017-12-26,ORCL,buy,np.float64(10.495550878279472),np.float64(47.37),np.float64(497.1742451040986),np.float64(0.4971742451040986),np.float64(0.9980019980019981),
2017-12-26,TSLA,buy,np.float64(83.36257946842123),np.float64(323.83),np.float64(26995.304109258846),np.float64(26.995304109258846),np.float64(0.9980019980019981),
2018-01-02,COST,sell,np.float64(144.98793764036117),np.float64(187.23),np.float64(27146.09156440482),np.float64(27.14609156440482),,
2018-01-02,CRM,sell,np.float64(264.2712100759554),np.float64(102.88),np.float64(27188.222092614295),np.float64(27.188222092614296),,
2018-01-02,JNJ,sell,np.float64(192.13739579543662),np.float64(139.7),np.float64(26841.594192622495),np.float64(26.841594192622495),,
2018-01-02,ORCL,sell,np.float64(571.0017609942198),np.float64(47.57),np.float64(27162.553770495037),np.float64(27.162553770495037),,
2018-01-02,AAPL,buy,np.float64(157.59186608862436),np.float64(170.16),np.float64(26815.83193364032),np.float64(26.815831933640318),np.float64(0.998001998001998),
2018-01-02,AMD,buy,np.float64(2573.496346798495),np.float64(10.42),np.float64(26815.83193364032),np.float64(26.815831933640318),np.float64(0.998001998001998),
2018-01-02,GOOGL,buy,np.float64(25.46564351450145),np.float64(1053.02),np.float64(26815.83193364032),np.float64(26.815831933640318),np.float64(0.998001998001998),
2018-01-02,MU,buy,np.float64(645.5424153500318),np.float64(41.54),np.float64(26815.83193364032),np.float64(26.815831933640318),np.float64(0.998001998001998),
2018-01-02,TSLA,buy,np.float64(2.7521584064034785),np.float64(312.0),np.float64(858.6734227978853),np.float64(0.8586734227978854),np.float64(0.998001998001998),
2018-01-08,AAPL,sell,np.float64(157.59186608862436),np.float64(174.35),np.float64(27476.141852551656),np.float64(27.476141852551656),,
2018-01-08,AMD,sell,np.float64(2573.496346798495),np.float64(12.01),np.float64(30907.69112504992),np.float64(30.907691125049922),,
2018-01-08,GOOGL,sell,np.float64(25.46564351450145),np.float64(1111.0),np.float64(28292.329944611112),np.float64(28.29232994461111),,
2018-01-08,MU,sell,np.float64(645.5424153500318),np.float64(45.31),np.float64(29249.52683950994),np.float64(29.24952683950994),,
2018-01-08,TSLA,sell,np.float64(86.11473787482471),np.float64(316.0),np.float64(27212.25716844461),np.float64(27.21225716844461),,
2018-01-08,COST,buy,np.float64(152.5218417960825),np.float64(187.32),np.float64(28570.391405242175),np.float64(28.570391405242177),np.float64(0.9980019980019981),
2018-01-08,INTC,buy,np.float64(645.3668715889355),np.float64(44.27),np.float64(28570.391405242175),np.float64(28.570391405242177),np.float64(0.9980019980019981),
2018-01-08,JNJ,buy,np.float64(201.62590970530823),np.float64(141.7),np.float64(28570.391405242175),np.float64(28.570391405242177),np.float64(0.9980019980019981),
2018-01-08,KO,buy,np.float64(621.0954653313516),np.float64(46.0),np.float64(28570.391405242175),np.float64(28.570391405242177),np.float64(0.9980019980019981),
2018-01-08,PEP,buy,np.float64(241.69183153068417),np.float64(118.21),np.float64(28570.391405242175),np.float64(28.570391405242177),np.float64(0.9980019980019981),
2018-01-16,COST,sell,np.float64(152.5218417960825),np.float64(192.35),np.float64(29337.576269476467),np.float64(29.337576269476468),,
2018-01-16,JNJ,sell,np.float64(201.62590970530823),np.float64(146.42),np.float64(29522.06569905123),np.float64(29.52206569905123),,
2018-01-16,KO,sell,np.float64(621.0954653313516),np.float64(46.17),np.float64(28675.977634348506),np.float64(28.675977634348506),,
2018-01-16,AVGO,buy,np.float64(108.3641163772155),np.float64(265.18),np.float64(28735.996380910005),np.float64(28.735996380910006),np.float64(0.9980019980019982),
2018-01-16,INTC,buy,np.float64(15.761754820391209),np.float64(43.55),np.float64(686.4244224280371),np.float64(0.6864244224280371),np.float64(0.9980019980019982),
2018-01-16,META,buy,np.float64(158.32504893063364),np.float64(181.5),np.float64(28735.996380910005),np.float64(28.735996380910006),np.float64(0.9980019980019982),
2018-01-16,MU,buy,np.float64(666.1102545412612),np.float64(43.14),np.float64(28735.996380910005),np.float64(28.735996380910006),np.float64(0.9980019980019982),
2018-01-16,PEP,buy,np.float64(3.978751662587571),np.float64(117.2),np.float64(466.30969485526333),np.float64(0.46630969485526336),np.float64(0.9980019980019982),
2018-01-22,AVGO,sell,np.float64(108.3641163772155),np.float64(265.65),np.float64(28786.927515607294),np.float64(28.786927515607296),,
2018-01-22,INTC,sell,np.float64(661.1286264093267),np.float64(44.8),np.float64(29618.562463137834),np.float64(29.618562463137835),,
2018-01-22,PEP,sell,np.float64(245.67058319327174),np.float64(120.1),np.float64(29505.037041511936),np.float64(29.505037041511937),,
2018-01-22,COST,buy,np.float64(150.16731110853382),np.float64(192.5),np.float64(28907.20738839276),np.float64(28.90720738839276),np.float64(0.9980019980019984),
2018-01-22,JNJ,buy,np.float64(196.6342928262891),np.float64(147.01),np.float64(28907.20738839276),np.float64(28.90720738839276),np.float64(0.9980019980019984),
2018-01-22,META,buy,np.float64(1.8762814506800323),np.float64(180.8),np.float64(339.23168628294985),np.float64(0.33923168628294986),np.float64(0.9980019980019984),
2018-01-22,MU,buy,np.float64(15.870679542358866),np.float64(42.47),np.float64(674.027760163981),np.float64(0.674027760163981),np.float64(0.9980019980019984),
2018-01-22,XOM,buy,np.float64(331.61876090848637),np.float64(87.17),np.float64(28907.20738839276),np.float64(28.90720738839276),np.float64(0.9980019980019984),
2018-01-29,COST,sell,np.float64(150.16731110853382),np.float64(198.37),np.float64(29788.689504599854),np.float64(29.788689504599855),,
2018-01-29,META,sell,np.float64(160.20133038131368),np.float64(188.75),np.float64(30238.001109472956),np.float64(30.238001109472957),,
2018-01-29,MU,sell,np.float64(681.98093408362),np.float64(43.25),np.float64(29495.675399116564),np.float64(29.495675399116564),,
2018-01-29,XOM,sell,np.float64(331.61876090848637),np.float64(88.59),np.float64(29378.10602888281),np.float64(29.378106028882808),,
2018-01-29,AAPL,buy,np.float64(172.88255516063887),np.float64(170.16),np.float64(29417.69558613431),np.float64(29.417695586134307),np.float64(0.9980019980019981),
2018-01-29,AVGO,buy,np.float64(118.4859657891667),np.float64(248.28),np.float64(29417.69558613431),np.float64(29.417695586134307),np.float64(0.9980019980019981),
2018-01-29,JNJ,buy,np.float64(6.849335980887278),np.float64(144.85),np.float64(992.1263168315222),np.float64(0.9921263168315222),np.float64(0.9980019980019981),
2018-01-29,PEP,buy,np.float64(242.36031954304093),np.float64(121.38),np.float64(29417.69558613431),np.float64(29.417695586134307),np.float64(0.9980019980019981),
2018-01-29,TSLA,buy,np.float64(86.56082267510462),np.float64(339.85),np.float64(29417.69558613431),np.float64(29.417695586134307),np.float64(0.9980019980019981),
2018-02-05,AVGO,sell,np.float64(118.4859657891667),np.float64(234.68),np.float64(27806.28645140164),np.float64(27.80628645140164),,
2018-02-05,PEP,sell,np.float64(242.36031954304093),np.float64(118.57),np.float64(28736.66308821836),np.float64(28.73666308821836),,
2018-02-05,TSLA,sell,np.float64(86.56082267510462),np.float64(337.97),np.float64(29254.96123950511),np.float64(29.25496123950511),,
2018-02-05,AAPL,buy,np.float64(4.4753228552482405),np.float64(159.1),np.float64(712.0238662699951),np.float64(0.7120238662699951),np.float64(0.9980019980019978),
2018-02-05,AMAT,buy,np.float64(563.4790340045679),np.float64(49.98),np.float64(28162.6821195483),np.float64(28.1626821195483),np.float64(0.9980019980019978),
2018-02-05,GOOGL,buy,np.float64(25.58824844363426),np.float64(1100.61),np.float64(28162.6821195483),np.float64(28.1626821195483),np.float64(0.9980019980019978),
2018-02-05,INTC,buy,np.float64(607.6091072178705),np.float64(46.35),np.float64(28162.6821195483),np.float64(28.1626821195483),np.float64(0.9980019980019978),
2018-02-05,JNJ,buy,np.float64(3.1220980893918036),np.float64(136.58),np.float64(426.41615704913255),np.float64(0.42641615704913255),np.float64(0.9980019980019978),
2018-02-12,AAPL,sell,np.float64(177.3578780158871),np.float64(158.5),np.float64(28111.223665518108),np.float64(28.111223665518107),,
2018-02-12,AMAT,sell,np.float64(563.4790340045679),np.float64(48.96),np.float64(27587.933504863646),np.float64(27.587933504863646),,
2018-02-12,GOOGL,sell,np.float64(25.58824844363426),np.float64(1056.67),np.float64(27038.334482935017),np.float64(27.038334482935017),,
2018-02-12,INTC,sell,np.float64(607.6091072178705),np.float64(44.15),np.float64(26825.94208366898),np.float64(26.82594208366898),,
2018-02-12,JNJ,sell,np.float64(206.6057268965682),np.float64(130.0),np.float64(26858.744496553867),np.float64(26.858744496553868),,
2018-02-12,AMD,buy,np.float64(2379.133930596369),np.float64(11.47),np.float64(27288.666183940353),np.float64(27.288666183940354),np.float64(0.9980041464268262),
2018-02-12,KO,buy,np.float64(626.4615744706233),np.float64(43.56),np.float64(27288.666183940353),np.float64(27.288666183940354),np.float64(0.9980041464268262),
2018-02-12,PEP,buy,np.float64(243.86654319875203),np.float64(111.9),np.float64(27288.666183940353),np.float64(27.288666183940354),np.float64(0.9980041464268262),
2018-02-12,TSLA,buy,np.float64(86.32102674197436),np.float64(316.13),np.float64(27288.666183940353),np.float64(27.288666183940354),np.float64(0.9980041464268262),
2018-02-12,XOM,buy,np.float64(354.1682827247288),np.float64(77.05),np.float64(27288.666183940353),np.float64(27.288666183940354),np.float64(0.9980041464268262),
2018-02-20,AMD,sell,np.float64(2379.133930596369),np.float64(11.72),np.float64(27883.449666589444),np.float64(27.883449666589446),,
2018-02-20,KO,sell,np.float64(626.4615744706233),np.float64(44.75),np.float64(28034.15545756039),np.float64(28.03415545756039),,
2018-02-20,TSLA,sell,np.float64(86.32102674197436),np.float64(334.47),np.float64(28871.79381438817),np.float64(28.87179381438817),,
2018-02-20,JNJ,buy,np.float64(208.7069956801379),np.float64(132.87),np.float64(27730.898516019926),np.float64(27.730898516019927),np.float64(0.9980019980019984),
2018-02-20,META,buy,np.float64(157.76809760493785),np.float64(175.77),np.float64(27730.898516019926),np.float64(27.730898516019927),np.float64(0.9980019980019984),
2018-02-20,PEP,buy,np.float64(6.538677732107),np.float64(110.96),np.float64(725.5316811545927),np.float64(0.7255316811545927),np.float64(0.9980019980019984),
2018-02-20,QCOM,buy,np.float64(440.10313467735165),np.float64(63.01),np.float64(27730.898516019926),np.float64(27.730898516019927),np.float64(0.9980019980019984),
2018-02-20,XOM,buy,np.float64(9.176962479862047),np.float64(76.47),np.float64(701.7623208350507),np.float64(0.7017623208350506),np.float64(0.9980019980019984),
2018-02-26,JNJ,sell,np.float64(208.7069956801379),np.float64(131.71),np.float64(27488.798401030966),np.float64(27.488798401030966),,
2018-02-26,META,sell,np.float64(157.76809760493785),np.float64(184.58),np.float64(29120.83545591943),np.float64(29.12083545591943),,
2018-02-26,QCOM,sell,np.float64(3.1869848156758054),np.float64(64.55),np.float64(205.71986985187323),np.float64(0.20571986985187324),,
2018-02-26,XOM,sell,np.float64(363.3452452045908),np.float64(77.74),np.float64(28246.45936220489),np.float64(28.246459362204888),,
2018-02-26,COST,buy,np.float64(148.06231403151546),np.float64(190.1),np.float64(28146.645897391085),np.float64(28.146645897391085),np.float64(0.9980040527256127),
2018-02-26,KO,buy,np.float64(636.3700180282859),np.float64(44.23),np.float64(28146.645897391085),np.float64(28.146645897391085),np.float64(0.9980040527256127),
2018-02-26,PEP,buy,np.float64(5.694337649492317),np.float64(110.12),np.float64(627.060461962094),np.float64(0.627060461962094),np.float64(0.9980040527256127),
2018-02-26,WMT,buy,np.float64(302.94527927447086),np.float64(92.91),np.float64(28146.645897391085),np.float64(28.146645897391085),np.float64(0.9980040527256127),
2018-03-05,COST,sell,np.float64(148.06231403151546),np.float64(188.45),np.float64(27902.343079239086),np.float64(27.90234307923909),,
2018-03-05,KO,sell,np.float64(636.3700180282859),np.float64(43.57),np.float64(27726.641685492417),np.float64(27.726641685492417),,
2018-03-05,PEP,sell,np.float64(256.09955858035136),np.float64(108.46),np.float64(27776.558123624905),np.float64(27.776558123624906),,
2018-03-05,QCOM,sell,np.float64(436.9161498616758),np.float64(64.34),np.float64(28111.185082100223),np.float64(28.111185082100224),,
2018-03-05,GOOGL,buy,np.float64(25.671287654025157),np.float64(1078.13),np.float64(27676.985358434144),np.float64(27.676985358434145),np.float64(0.9980060592662919),
2018-03-05,JPM,buy,np.float64(247.00567031177283),np.float64(112.05),np.float64(27676.985358434144),np.float64(27.676985358434145),np.float64(0.9980060592662919),
2018-03-05,META,buy,np.float64(157.0771019207386),np.float64(176.2),np.float64(27676.985358434144),np.float64(27.676985358434145),np.float64(0.9980060592662919),
2018-03-05,TSLA,buy,np.float64(83.26660055487272),np.float64(332.39),np.float64(27676.985358434144),np.float64(27.676985358434145),np.float64(0.9980060592662919),
2018-03-05,WMT,buy,np.float64(11.812979499436317),np.float64(88.1),np.float64(1040.7234939003395),np.float64(1.0407234939003396),np.float64(0.9980060592662919),
2018-03-12,GOOGL,sell,np.float64(25.671287654025157),np.float64(1165.05),np.float64(29908.33368132201),np.float64(29.90833368132201),,
2018-03-12,JPM,sell,np.float64(247.00567031177283),np.float64(118.0),np.float64(29146.669096789195),np.float64(29.146669096789196),,
2018-03-12,META,sell,np.float64(157.0771019207386),np.float64(185.23),np.float64(29095.391588778413),np.float64(29.095391588778416),,
2018-03-12,COST,buy,np.float64(152.2374524476707),np.float64(188.27),np.float64(28661.745172322964),np.float64(28.661745172322966),np.float64(0.998003849471263),
2018-03-12,QCOM,buy,np.float64(454.58755229695424),np.float64(63.05),np.float64(28661.745172322964),np.float64(28.661745172322966),np.float64(0.998003849471263),
2018-03-12,TSLA,buy,np.float64(4.120771458736938),np.float64(328.61),np.float64(1354.1267090555452),np.float64(1.3541267090555453),np.float64(0.998003849471263),
2018-03-12,WMT,buy,np.float64(9.001333264646492),np.float64(88.7),np.float64(798.4182605741438),np.float64(0.7984182605741438),np.float64(0.998003849471263),
2018-03-12,XOM,buy,np.float64(382.82015723685004),np.float64(74.87),np.float64(28661.745172322964),np.float64(28.661745172322966),np.float64(0.998003849471263),
2018-03-19,COST,sell,np.float64(152.2374524476707),np.float64(185.63),np.float64(28259.83829786111),np.float64(28.259838297861112),,
2018-03-19,TSLA,sell,np.float64(87.38737201360966),np.float64(316.5),np.float64(27658.103242307458),np.float64(27.658103242307458),,
2018-03-19,WMT,sell,np.float64(323.7595920385537),np.float64(88.9),np.float64(28782.227732227428),np.float64(28.78222773222743),,
2018-03-19,XOM,sell,np.float64(382.82015723685004),np.float64(75.0),np.float64(28711.51179276375),np.float64(28.71151179276375),,
2018-03-19,AMAT,buy,np.float64(477.7015997673714),np.float64(58.82),np.float64(28098.408098316788),np.float64(28.09840809831679),np.float64(0.9980019980019978),
2018-03-19,JPM,buy,np.float64(244.12170372125794),np.float64(115.1),np.float64(28098.408098316788),np.float64(28.09840809831679),np.float64(0.9980019980019978),
2018-03-19,KO,buy,np.float64(646.5349309322777),np.float64(43.46),np.float64(28098.408098316788),np.float64(28.09840809831679),np.float64(0.9980019980019978),
2018-03-19,NFLX,buy,np.float64(88.97532646712092),np.float64(315.8),np.float64(28098.408098316788),np.float64(28.09840809831679),np.float64(0.9980019980019978),
2018-03-19,QCOM,buy,np.float64(13.149225893464983),np.float64(60.19),np.float64(791.4519065276573),np.float64(0.7914519065276574),np.float64(0.9980019980019978),
2018-03-26,AMAT,sell,np.float64(477.7015997673714),np.float64(57.21),np.float64(27329.30852269132),np.float64(27.32930852269132),,
2018-03-26,JPM,sell,np.float64(244.12170372125794),np.float64(109.19),np.float64(26655.648829324153),np.float64(26.655648829324154),,
2018-03-26,KO,sell,np.float64(646.5349309322777),np.float64(42.61),np.float64(27548.85340702435),np.float64(27.548853407024353),,
2018-03-26,NFLX,sell,np.float64(88.97532646712092),np.float64(309.36),np.float64(27525.40699586853),np.float64(27.52540699586853),,
2018-03-26,CRM,buy,np.float64(227.19787455006582),np.float64(118.24),np.float64(26863.87668679978),np.float64(26.86387668679978),np.float64(0.9980019980019981),
2018-03-26,GOOGL,buy,np.float64(25.57003301618102),np.float64(1050.6),np.float64(26863.87668679978),np.float64(26.86387668679978),np.float64(0.9980019980019981),
2018-03-26,META,buy,np.float64(167.11587363483534),np.float64(160.75),np.float64(26863.87668679978),np.float64(26.86387668679978),np.float64(0.9980019980019981),
2018-03-26,ORCL,buy,np.float64(589.7667768781511),np.float64(45.55),np.float64(26863.87668679978),np.float64(26.86387668679978),np.float64(0.9980019980019981),
2018-03-26,QCOM,buy,np.float64(25.39044471847557),np.float64(54.58),np.float64(1385.8104727343966),np.float64(1.3858104727343967),np.float64(0.9980019980019981),
2018-04-02,CRM,sell,np.float64(227.19787455006582),np.float64(115.87),np.float64(26325.417724116127),np.float64(26.32541772411613),,
2018-04-02,GOOGL,sell,np.float64(25.57003301618102),np.float64(1027.62),np.float64(26276.277328087937),np.float64(26.27627732808794),,
2018-04-02,META,sell,np.float64(167.11587363483534),np.float64(157.81),np.float64(26372.556018313364),np.float64(26.372556018313364),,
2018-04-02,ORCL,sell,np.float64(589.7667768781511),np.float64(45.65),np.float64(26922.853364487597),np.float64(26.922853364487597),,
2018-04-02,QCOM,sell,np.float64(493.1272229088948),np.float64(55.1),np.float64(27171.309982280105),np.float64(27.171309982280107),,
2018-04-02,AMAT,buy,np.float64(481.16863572249434),np.float64(55.2),np.float64(26560.50869188169),np.float64(26.56050869188169),np.float64(0.9980019980019977),
2018-04-02,AMD,buy,np.float64(2658.709578766936),np.float64(9.99),np.float64(26560.50869188169),np.float64(26.56050869188169),np.float64(0.9980019980019977),
2018-04-02,AMZN,buy,np.float64(18.73598615417509),np.float64(1417.62),np.float64(26560.50869188169),np.float64(26.56050869188169),np.float64(0.9980019980019977),
2018-04-02,MU,buy,np.float64(515.3377705060475),np.float64(51.54),np.float64(26560.50869188169),np.float64(26.56050869188169),np.float64(0.9980019980019977),
2018-04-02,TSLA,buy,np.float64(103.64672087677238),np.float64(256.26),np.float64(26560.50869188169),np.float64(26.56050869188169),np.float64(0.9980019980019977),
2018-04-09,AMD,sell,np.float64(2658.709578766936),np.float64(9.75),np.float64(25922.418392977626),np.float64(25.922418392977626),,
2018-04-09,AMZN,sell,np.float64(18.73598615417509),np.float64(1425.03),np.float64(26699.34234928413),np.float64(26.69934234928413),,
2018-04-09,TSLA,sell,np.float64(103.64672087677238),np.float64(300.37),np.float64(31132.36554975612),np.float64(31.13236554975612),,
2018-04-09,AMAT,buy,np.float64(26.761876330518632),np.float64(52.98),np.float64(1417.844207990877),np.float64(1.417844207990877),np.float64(0.998001998001998),
2018-04-09,CSCO,buy,np.float64(655.9029263399857),np.float64(40.95),np.float64(26859.224833622415),np.float64(26.859224833622417),np.float64(0.998001998001998),
2018-04-09,INTC,buy,np.float64(546.3634018230761),np.float64(49.16),np.float64(26859.224833622415),np.float64(26.859224833622417),np.float64(0.998001998001998),
2018-04-09,MU,buy,np.float64(32.38890029487886),np.float64(49.13),np.float64(1591.2666714873983),np.float64(1.5912666714873984),np.float64(0.998001998001998),
2018-04-09,NVDA,buy,np.float64(123.88941343921778),np.float64(216.8),np.float64(26859.224833622415),np.float64(26.859224833622417),np.float64(0.998001998001998),
2018-04-16,AMAT,sell,np.float64(507.930512053013),np.float64(56.44),np.float64(28667.59810027205),np.float64(28.667598100272052),,
2018-04-16,CSCO,sell,np.float64(655.9029263399857),np.float64(43.12),np.float64(28282.534183780183),np.float64(28.282534183780182),,
2018-04-16,INTC,sell,np.float64(546.3634018230761),np.float64(52.29),np.float64(28569.342281328645),np.float64(28.569342281328645),,
2018-04-16,MU,sell,np.float64(547.7266708009264),np.float64(52.25),np.float64(28618.718549348403),np.float64(28.618718549348404),,
2018-04-16,NVDA,sell,np.float64(123.88941343921778),np.float64(231.772),np.float64(28714.097131634382),np.float64(28.714097131634382),,
2018-04-16,JNJ,buy,np.float64(216.9802466859939),np.float64(131.41),np.float64(28513.374217006458),np.float64(28.513374217006458),np.float64(0.9980019980019981),
2018-04-16,JPM,buy,np.float64(257.0161728592614),np.float64(110.94),np.float64(28513.374217006458),np.float64(28.513374217006458),np.float64(0.9980019980019981),
2018-04-16,KO,buy,np.float64(638.5974068758445),np.float64(44.65),np.float64(28513.374217006458),np.float64(28.513374217006458),np.float64(0.9980019980019981),
2018-04-16,PEP,buy,np.float64(259.8029541412889),np.float64(109.75),np.float64(28513.374217006458),np.float64(28.513374217006458),np.float64(0.9980019980019981),
2018-04-16,WMT,buy,np.float64(330.78160344555056),np.float64(86.2),np.float64(28513.374217006458),np.float64(28.513374217006458),np.float64(0.9980019980019981),
2018-04-23,JPM,sell,np.float64(257.0161728592614),np.float64(111.57),np.float64(28675.294405907796),np.float64(28.675294405907795),,
2018-04-23,KO,sell,np.float64(638.5974068758445),np.float64(43.75),np.float64(27938.6365508182),np.float64(27.9386365508182),,
2018-04-23,WMT,sell,np.float64(330.78160344555056),np.float64(86.89),np.float64(28741.613523383887),np.float64(28.741613523383887),,
2018-04-23,AAPL,buy,np.float64(166.93161417566094),np.float64(166.8348),np.float64(27850.00246467356),np.float64(27.850002464673558),np.float64(0.9980019980019982),
2018-04-23,AMAT,buy,np.float64(540.4619147035428),np.float64(51.53),np.float64(27850.00246467356),np.float64(27.850002464673558),np.float64(0.9980019980019982),
2018-04-23,JNJ,buy,np.float64(2.9520386715967097),np.float64(126.88),np.float64(374.5546666521905),np.float64(0.3745546666521905),np.float64(0.9980019980019982),
2018-04-23,PEP,buy,np.float64(12.290998254755884),np.float64(102.55),np.float64(1260.441871025216),np.float64(1.2604418710252159),np.float64(0.9980019980019982),
2018-04-23,QCOM,buy,np.float64(540.7767468868652),np.float64(51.5),np.float64(27850.00246467356),np.float64(27.850002464673558),np.float64(0.9980019980019982),
2018-04-30,JNJ,sell,np.float64(219.93228535759062),np.float64(128.86),np.float64(28340.47429117913),np.float64(28.34047429117913),,
2018-04-30,PEP,sell,np.float64(272.0939523960448),np.float64(101.85),np.float64(27712.76905153716),np.float64(27.712769051537162),,
2018-04-30,QCOM,sell,np.float64(540.7767468868652),np.float64(51.25),np.float64(27714.808277951845),np.float64(27.714808277951846),,
2018-04-30,AAPL,buy,np.float64(2.798442245338234),np.float64(162.1302),np.float64(453.7120009251369),np.float64(0.4537120009251369),np.float64(0.9980019980019981),
2018-04-30,AMAT,buy,np.float64(15.228041495113557),np.float64(49.52),np.float64(754.0926148380233),np.float64(0.7540926148380234),np.float64(0.9980019980019981),
2018-04-30,GOOGL,buy,np.float64(26.55042705748089),np.float64(1034.42),np.float64(27464.292756799383),np.float64(27.464292756799384),np.float64(0.9980019980019981),
2018-04-30,MU,buy,np.float64(583.6016310412108),np.float64(47.06),np.float64(27464.292756799383),np.float64(27.464292756799384),np.float64(0.9980019980019981),
2018-04-30,NFLX,buy,np.float64(88.28975072105759),np.float64(311.07),np.float64(27464.292756799383),np.float64(27.464292756799384),np.float64(0.9980019980019981),
2018-05-07,AAPL,sell,np.float64(169.73005642099918),np.float64(185.18),np.float64(31430.61184804063),np.float64(31.43061184804063),,
2018-05-07,AMAT,sell,np.float64(555.6899561986563),np.float64(52.74),np.float64(29307.088289917134),np.float64(29.307088289917136),,
2018-05-07,GOOGL,sell,np.float64(26.55042705748089),np.float64(1053.89),np.float64(27981.229571608535),np.float64(27.981229571608537),,
2018-05-07,MU,sell,np.float64(583.6016310412108),np.float64(48.26),np.float64(28164.614714048832),np.float64(28.16461471404883),,
2018-05-07,NFLX,sell,np.float64(88.28975072105759),np.float64(321.9947),np.float64(28428.831796501723),np.float64(28.428831796501722),,
2018-05-07,COST,buy,np.float64(148.14796383909967),np.float64(195.78),np.float64(29004.408360418933),np.float64(29.004408360418932),np.float64(0.9980019980019981),
2018-05-07,JNJ,buy,np.float64(233.64272885789376),np.float64(124.14),np.float64(29004.408360418933),np.float64(29.004408360418932),np.float64(0.9980019980019981),
2018-05-07,KO,buy,np.float64(685.0356249508486),np.float64(42.34),np.float64(29004.408360418933),np.float64(29.004408360418932),np.float64(0.9980019980019981),
2018-05-07,PEP,buy,np.float64(293.03302041239573),np.float64(98.98),np.float64(29004.408360418933),np.float64(29.004408360418932),np.float64(0.9980019980019981),
2018-05-07,XOM,buy,np.float64(373.09503936736473),np.float64(77.74),np.float64(29004.408360418933),np.float64(29.004408360418932),np.float64(0.9980019980019981),
2018-05-14,JNJ,sell,np.float64(233.64272885789376),np.float64(127.35),np.float64(29754.40152005277),np.float64(29.75440152005277),,
2018-05-14,XOM,sell,np.float64(373.09503936736473),np.float64(81.7),np.float64(30481.8647163137),np.float64(30.4818647163137),,
2018-05-14,COST,buy,np.float64(2.109995831724401),np.float64(195.96),np.float64(413.4747831847136),np.float64(0.4134747831847136),np.float64(0.998008430689422),
2018-05-14,CSCO,buy,np.float64(642.3329481766935),np.float64(45.75),np.float64(29386.73237908373),np.float64(29.38673237908373),np.float64(0.998008430689422),
2018-05-14,KO,buy,np.float64(11.872632611573888),np.float64(42.25),np.float64(501.61872783899673),np.float64(0.5016187278389967),np.float64(0.998008430689422),
2018-05-14,PEP,buy,np.float64(8.366752648920109),np.float64(97.69),np.float64(817.3480662730054),np.float64(0.8173480662730055),np.float64(0.998008430689422),
2018-05-14,WMT,buy,np.float64(350.30077934299356),np.float64(83.89),np.float64(29386.73237908373),np.float64(29.38673237908373),np.float64(0.998008430689422),
2018-05-21,COST,sell,np.float64(150.25795967082408),np.float64(199.6),np.float64(29991.488750296485),np.float64(29.991488750296487),,
2018-05-21,KO,sell,np.float64(696.9082575624225),np.float64(42.31),np.float64(29486.188377466096),np.float64(29.486188377466096),,
2018-05-21,PEP,sell,np.float64(301.39977306131584),np.float64(98.22),np.float64(29603.48571008244),np.float64(29.603485710082442),,
2018-05-21,WMT,sell,np.float64(350.30077934299356),np.float64(84.14),np.float64(29474.30757391948),np.float64(29.47430757391948),,
2018-05-21,AMAT,buy,np.float64(576.6490827739725),np.float64(50.706),np.float64(29239.56839113705),np.float64(29.239568391137052),np.float64(0.998001998001998),
2018-05-21,AVGO,buy,np.float64(122.10627407975048),np.float64(239.46),np.float64(29239.56839113705),np.float64(29.239568391137052),np.float64(0.998001998001998),
2018-05-21,CSCO,buy,np.float64(31.27897862634006),np.float64(43.49),np.float64(1360.3227804595292),np.float64(1.3603227804595293),np.float64(0.998001998001998),
2018-05-21,GOOGL,buy,np.float64(27.098765886132576),np.float64(1079.0),np.float64(29239.56839113705),np.float64(29.239568391137052),np.float64(0.998001998001998),
2018-05-21,TSLA,buy,np.float64(103.933346572129),np.float64(281.33),np.float64(29239.56839113705),np.float64(29.239568391137052),np.float64(0.998001998001998),
2018-05-29,AMAT,sell,np.float64(576.6490827739725),np.float64(51.1),np.float64(29466.768129749995),np.float64(29.466768129749994),,
2018-05-29,AVGO,sell,np.float64(122.10627407975048),np.float64(248.64),np.float64(30360.503987189157),np.float64(30.36050398718916),,
2018-05-29,CSCO,sell,np.float64(673.6119268030336),np.float64(42.7646),np.float64(28806.74460496101),np.float64(28.80674460496101),,
2018-05-29,GOOGL,sell,np.float64(27.098765886132576),np.float64(1076.0),np.float64(29158.272093478652),np.float64(29.158272093478654),,
2018-05-29,TSLA,sell,np.float64(103.933346572129),np.float64(278.51),np.float64(28946.476353803646),np.float64(28.946476353803646),,
2018-05-29,COST,buy,np.float64(147.96647695622713),np.float64(198.1),np.float64(29312.15908502859),np.float64(29.31215908502859),np.float64(0.998002782553508),
2018-05-29,JNJ,buy,np.float64(243.25443224090117),np.float64(120.5),np.float64(29312.15908502859),np.float64(29.31215908502859),np.float64(0.998002782553508),
2018-05-29,KO,buy,np.float64(695.92020619726),np.float64(42.12),np.float64(29312.15908502859),np.float64(29.31215908502859),np.float64(0.998002782553508),
2018-05-29,WMT,buy,np.float64(357.63981314090523),np.float64(81.96),np.float64(29312.15908502859),np.float64(29.31215908502859),np.float64(0.998002782553508),
2018-05-29,XOM,buy,np.float64(375.0756120924963),np.float64(78.15),np.float64(29312.15908502859),np.float64(29.31215908502859),np.float64(0.998002782553508),
2018-06-04,KO,sell,np.float64(695.92020619726),np.float64(43.36),np.float64(30175.10014071319),np.float64(30.17510014071319),,
2018-06-04,XOM,sell,np.float64(375.0756120924963),np.float64(82.05),np.float64(30774.953972189323),np.float64(30.774953972189323),,
2018-06-04,COST,buy,np.float64(3.7089239531644793),np.float64(197.32),np.float64(731.844874438415),np.float64(0.7318448744384151),np.float64(0.9980019980019977),
2018-06-04,JNJ,buy,np.float64(2.371147040053396),np.float64(121.85),np.float64(288.92426683050627),np.float64(0.28892426683050626),np.float64(0.9980019980019977),
2018-06-04,JPM,buy,np.float64(274.06417976080786),np.float64(108.99),np.float64(29870.25495213045),np.float64(29.870254952130452),np.float64(0.9980019980019977),
2018-06-04,MU,buy,np.float64(520.1158793684564),np.float64(57.43),np.float64(29870.25495213045),np.float64(29.870254952130452),np.float64(0.9980019980019977),
2018-06-04,WMT,buy,np.float64(0.8023561374465984),np.float64(83.5),np.float64(66.99673747679097),np.float64(0.06699673747679097),np.float64(0.9980019980019977),
2018-06-11,COST,sell,np.float64(151.6754009093916),np.float64(203.76),np.float64(30905.379689297635),np.float64(30.905379689297636),,
2018-06-11,JNJ,sell,np.float64(245.62557928095455),np.float64(124.27),np.float64(30523.890737244223),np.float64(30.523890737244223),,
2018-06-11,JPM,sell,np.float64(274.06417976080786),np.float64(111.12),np.float64(30454.01165502097),np.float64(30.45401165502097),,
2018-06-11,MU,sell,np.float64(520.1158793684564),np.float64(61.71),np.float64(32096.350915827443),np.float64(32.09635091582744),,
2018-06-11,WMT,sell,np.float64(358.44216927835186),np.float64(84.41),np.float64(30256.10350878568),np.float64(30.25610350878568),,
2018-06-11,AMAT,buy,np.float64(601.279582798724),np.float64(51.2),np.float64(30785.514639294674),np.float64(30.785514639294675),np.float64(0.9980019980019984),
2018-06-11,CSCO,buy,np.float64(705.7660394152837),np.float64(43.62),np.float64(30785.514639294674),np.float64(30.785514639294675),np.float64(0.9980019980019984),
2018-06-11,GOOGL,buy,np.float64(27.173120058692138),np.float64(1132.94),np.float64(30785.514639294674),np.float64(30.785514639294675),np.float64(0.9980019980019984),
2018-06-11,INTC,buy,np.float64(561.7794642207058),np.float64(54.8),np.float64(30785.514639294674),np.float64(30.785514639294675),np.float64(0.9980019980019984),
2018-06-11,META,buy,np.float64(163.05023377625483),np.float64(188.81),np.float64(30785.514639294674),np.float64(30.785514639294675),np.float64(0.9980019980019984),
2018-06-18,AMAT,sell,np.float64(601.279582798724),np.float64(48.88),np.float64(29390.546007201632),np.float64(29.390546007201632),,
2018-06-18,CSCO,sell,np.float64(705.7660394152837),np.float64(43.87),np.float64(30961.956149148493),np.float64(30.961956149148495),,
2018-06-18,GOOGL,sell,np.float64(27.173120058692138),np.float64(1152.69),np.float64(31322.18376045384),np.float64(31.322183760453843),,
2018-06-18,INTC,sell,np.float64(561.7794642207058),np.float64(54.3),np.float64(30504.624907184323),np.float64(30.504624907184322),,
2018-06-18,META,sell,np.float64(163.05023377625483),np.float64(194.8),np.float64(31762.185539614442),np.float64(31.762185539614443),,
2018-06-18,JNJ,buy,np.float64(252.66659147486692),np.float64(121.61),np.float64(30726.784189258567),np.float64(30.726784189258566),np.float64(0.9980019980019981),
2018-06-18,JPM,buy,np.float64(286.4701117775365),np.float64(107.26),np.float64(30726.784189258567),np.float64(30.726784189258566),np.float64(0.9980019980019981),
2018-06-18,MU,buy,np.float64(533.4511143968501),np.float64(57.6),np.float64(30726.784189258567),np.float64(30.726784189258566),np.float64(0.9980019980019981),
2018-06-18,ORCL,buy,np.float64(670.597647081156),np.float64(45.82),np.float64(30726.784189258567),np.float64(30.726784189258566),np.float64(0.9980019980019981),
2018-06-18,XOM,buy,np.float64(382.17393270222095),np.float64(80.4),np.float64(30726.784189258567),np.float64(30.726784189258566),np.float64(0.9980019980019981),
2018-06-25,JNJ,sell,np.float64(252.66659147486692),np.float64(122.82),np.float64(31032.510764943152),np.float64(31.032510764943154),,
2018-06-25,JPM,sell,np.float64(286.4701117775365),np.float64(105.66),np.float64(30268.432010414504),np.float64(30.268432010414504),,
2018-06-25,MU,sell,np.float64(533.4511143968501),np.float64(55.54),np.float64(29627.874893601056),np.float64(29.627874893601057),,
2018-06-25,XOM,sell,np.float64(382.17393270222095),np.float64(80.78),np.float64(30872.01028368541),np.float64(30.87201028368541),,
2018-06-25,ADBE,buy,np.float64(125.5190769409929),np.float64(240.15),np.float64(30143.406327379445),np.float64(30.143406327379445),np.float64(0.9980019980019982),
2018-06-25,INTC,buy,np.float64(589.0835709865047),np.float64(51.17),np.float64(30143.406327379445),np.float64(30.143406327379445),np.float64(0.9980019980019982),
2018-06-25,NVDA,buy,np.float64(122.21125614181814),np.float64(246.65),np.float64(30143.406327379445),np.float64(30.143406327379445),np.float64(0.9980019980019982),
2018-06-25,ORCL,buy,np.float64(22.580774512707453),np.float64(43.57),np.float64(983.8443455186638),np.float64(0.9838443455186638),np.float64(0.9980019980019982),
2018-06-25,TSLA,buy,np.float64(91.31045173688187),np.float64(330.12),np.float64(30143.406327379445),np.float64(30.143406327379445),np.float64(0.9980019980019982),
2018-07-02,ADBE,sell,np.float64(125.5190769409929),np.float64(241.05),np.float64(30256.37349662634),np.float64(30.256373496626342),,
2018-07-02,ORCL,sell,np.float64(693.1784215938634),np.float64(43.96),np.float64(30472.123413266236),np.float64(30.472123413266235),,
2018-07-02,TSLA,sell,np.float64(91.31045173688187),np.float64(360.07),np.float64(32878.15435689905),np.float64(32.87815435689905),,
2018-07-02,AVGO,buy,np.float64(125.64067909695905),np.float64(240.09),np.float64(30165.0706443889),np.float64(30.1650706443889),np.float64(0.9980019980019978),
2018-07-02,INTC,buy,np.float64(26.70366049353378),np.float64(49.08),np.float64(1310.6156570226378),np.float64(1.310615657022638),np.float64(0.9980019980019978),
2018-07-02,MU,buy,np.float64(585.5021476007162),np.float64(51.52),np.float64(30165.0706443889),np.float64(30.1650706443889),np.float64(0.9980019980019978),
2018-07-02,NVDA,buy,np.float64(6.89391857979826),np.float64(234.09),np.float64(1613.7974003449747),np.float64(1.6137974003449747),np.float64(0.9980019980019978),
2018-07-02,QCOM,buy,np.float64(544.4958600070198),np.float64(55.4),np.float64(30165.0706443889),np.float64(30.1650706443889),np.float64(0.9980019980019978),
2018-07-09,AVGO,sell,np.float64(125.64067909695905),np.float64(249.0),np.float64(31284.529095142803),np.float64(31.284529095142805),,
2018-07-09,INTC,sell,np.float64(615.7872314800385),np.float64(51.64),np.float64(31799.25263362919),np.float64(31.799252633629187),,
2018-07-09,MU,sell,np.float64(585.5021476007162),np.float64(53.8),np.float64(31500.015540918528),np.float64(31.50001554091853),,
2018-07-09,NVDA,sell,np.float64(129.1051747216164),np.float64(250.3297),np.float64(32318.85965650982),np.float64(32.31885965650982),,
2018-07-09,QCOM,sell,np.float64(544.4958600070198),np.float64(58.06),np.float64(31613.42963200757),np.float64(31.61342963200757),,
2018-07-09,COST,buy,np.float64(150.2939113628626),np.float64(210.52),np.float64(31639.874220109836),np.float64(31.639874220109835),np.float64(0.998001998001998),
2018-07-09,CSCO,buy,np.float64(740.1140168446746),np.float64(42.75),np.float64(31639.874220109836),np.float64(31.639874220109835),np.float64(0.998001998001998),
2018-07-09,JPM,buy,np.float64(302.16669105252447),np.float64(104.71),np.float64(31639.874220109836),np.float64(31.639874220109835),np.float64(0.998001998001998),
2018-07-09,TSLA,buy,np.float64(101.41310368957285),np.float64(311.99),np.float64(31639.874220109836),np.float64(31.639874220109835),np.float64(0.998001998001998),
2018-07-09,WMT,buy,np.float64(372.23381435423335),np.float64(85.0),np.float64(31639.874220109836),np.float64(31.639874220109835),np.float64(0.998001998001998),
2018-07-16,COST,sell,np.float64(150.2939113628626),np.float64(216.64),np.float64(32559.67295765055),np.float64(32.55967295765055),,
2018-07-16,JPM,sell,np.float64(302.16669105252447),np.float64(107.05),np.float64(32346.944277172744),np.float64(32.346944277172746),,
2018-07-16,TSLA,sell,np.float64(101.41310368957285),np.float64(311.71),np.float64(31611.47855107675),np.float64(31.61147855107675),,
2018-07-16,WMT,sell,np.float64(372.23381435423335),np.float64(87.62),np.float64(32615.12681371793),np.float64(32.61512681371793),,
2018-07-16,AVGO,buy,np.float64(158.66550313865562),np.float64(201.6),np.float64(31986.96543275297),np.float64(31.98696543275297),np.float64(0.9980019980019981),
2018-07-16,CSCO,buy,np.float64(22.05356556108529),np.float64(42.05),np.float64(927.3524318436363),np.float64(0.9273524318436362),np.float64(0.9980019980019981),
2018-07-16,JNJ,buy,np.float64(253.86480502184898),np.float64(126.0),np.float64(31986.96543275297),np.float64(31.98696543275297),np.float64(0.9980019980019981),
2018-07-16,KO,buy,np.float64(715.1121268221099),np.float64(44.73),np.float64(31986.96543275297),np.float64(31.98696543275297),np.float64(0.9980019980019981),
2018-07-16,NFLX,buy,np.float64(80.17185180398258),np.float64(398.98),np.float64(31986.96543275297),np.float64(31.98696543275297),np.float64(0.9980019980019981),
2018-07-23,AVGO,sell,np.float64(158.66550313865562),np.float64(210.41),np.float64(33384.808515404526),np.float64(33.38480851540453),,
2018-07-23,CSCO,sell,np.float64(762.1675824057598),np.float64(41.92),np.float64(31950.065054449453),np.float64(31.950065054449453),,
2018-07-23,JNJ,sell,np.float64(253.86480502184898),np.float64(125.75),np.float64(31923.49923149751),np.float64(31.92349923149751),,
2018-07-23,KO,sell,np.float64(715.1121268221099),np.float64(45.28),np.float64(32380.277102505137),np.float64(32.38027710250514),,
2018-07-23,GOOGL,buy,np.float64(26.448228799432997),np.float64(1195.66),np.float64(31623.08924633006),np.float64(31.62308924633006),np.float64(0.998001998001998),
2018-07-23,MU,buy,np.float64(590.9753176290424),np.float64(53.51),np.float64(31623.08924633006),np.float64(31.62308924633006),np.float64(0.998001998001998),
2018-07-23,NFLX,buy,np.float64(8.03929394874501),np.float64(359.1453),np.float64(2887.274637010212),np.float64(2.887274637010212),np.float64(0.998001998001998),
2018-07-23,TSLA,buy,np.float64(104.76772212539777),np.float64(301.84),np.float64(31623.08924633006),np.float64(31.62308924633006),np.float64(0.998001998001998),
2018-07-23,XOM,buy,np.float64(385.88272417730394),np.float64(81.95),np.float64(31623.08924633006),np.float64(31.62308924633006),np.float64(0.998001998001998),
2018-07-30,GOOGL,sell,np.float64(26.448228799432997),np.float64(1245.05),np.float64(32929.36726673405),np.float64(32.929367266734054),,
2018-07-30,MU,sell,np.float64(590.9753176290424),np.float64(54.19),np.float64(32024.952462317804),np.float64(32.024952462317806),,
2018-07-30,NFLX,sell,np.float64(88.21114575272759),np.float64(351.93),np.float64(31044.14852475742),np.float64(31.04414852475742),,
2018-07-30,XOM,sell,np.float64(385.88272417730394),np.float64(82.13),np.float64(31692.54813668197),np.float64(31.69254813668197),,
2018-07-30,CRM,buy,np.float64(220.66980474176663),np.float64(143.54),np.float64(31674.94377263318),np.float64(31.67494377263318),np.float64(0.9980019980019982),
2018-07-30,INTC,buy,np.float64(665.0208644264787),np.float64(47.63),np.float64(31674.94377263318),np.float64(31.67494377263318),np.float64(0.9980019980019982),
2018-07-30,META,buy,np.float64(180.6899245443992),np.float64(175.3),np.float64(31674.94377263318),np.float64(31.67494377263318),np.float64(0.9980019980019982),
2018-07-30,PEP,buy,np.float64(278.38762324339234),np.float64(113.78),np.float64(31674.94377263318),np.float64(31.67494377263318),np.float64(0.9980019980019982),
2018-07-30,TSLA,buy,np.float64(2.4877133966996734),np.float64(295.9),np.float64(736.1143940834334),np.float64(0.7361143940834334),np.float64(0.9980019980019982),
2018-08-06,INTC,sell,np.float64(665.0208644264787),np.float64(48.77),np.float64(32433.06755807937),np.float64(32.43306755807937),,
2018-08-06,META,sell,np.float64(180.6899245443992),np.float64(178.97),np.float64(32338.075795711124),np.float64(32.33807579571113),,
2018-08-06,PEP,sell,np.float64(278.38762324339234),np.float64(117.25),np.float64(32640.948825287753),np.float64(32.64094882528775),,
2018-08-06,TSLA,sell,np.float64(107.25543552209744),np.float64(345.46),np.float64(37052.46275546378),np.float64(37.05246275546378),,
2018-08-06,ADBE,buy,np.float64(130.90393133070407),np.float64(252.74),np.float64(33084.659604522145),np.float64(33.084659604522145),np.float64(0.9980034780327548),
2018-08-06,CRM,buy,np.float64(14.596941013623267),np.float64(140.89),np.float64(2056.563019409382),np.float64(2.056563019409382),np.float64(0.9980034780327548),
2018-08-06,GOOGL,buy,np.float64(26.64657952539215),np.float64(1241.61),np.float64(33084.659604522145),np.float64(33.084659604522145),np.float64(0.9980034780327548),
2018-08-06,NFLX,buy,np.float64(96.49462807849656),np.float64(342.8653),np.float64(33084.659604522145),np.float64(33.084659604522145),np.float64(0.9980034780327548),
2018-08-06,XOM,buy,np.float64(412.2699016139831),np.float64(80.25),np.float64(33084.659604522145),np.float64(33.084659604522145),np.float64(0.9980034780327548),
2018-08-13,ADBE,sell,np.float64(130.90393133070407),np.float64(254.16),np.float64(33270.543187011746),np.float64(33.27054318701175),,
2018-08-13,CRM,sell,np.float64(235.2667457553899),np.float64(145.63),np.float64(34261.89618435743),np.float64(34.26189618435743),,
2018-08-13,GOOGL,sell,np.float64(26.64657952539215),np.float64(1251.2),np.float64(33340.200302170655),np.float64(33.34020030217066),,
2018-08-13,NFLX,sell,np.float64(96.49462807849656),np.float64(339.89),np.float64(32797.5591376002),np.float64(32.797559137600196),,
2018-08-13,XOM,sell,np.float64(412.2699016139831),np.float64(79.45),np.float64(32754.84368323096),np.float64(32.75484368323096),,
2018-08-13,AVGO,buy,np.float64(157.26931114828952),np.float64(211.65),np.float64(33286.04970453548),np.float64(33.28604970453548),np.float64(0.998004023171763),
2018-08-13,COST,buy,np.float64(150.59516673996959),np.float64(221.03),np.float64(33286.04970453548),np.float64(33.28604970453548),np.float64(0.998004023171763),
2018-08-13,KO,buy,np.float64(722.8240978183601),np.float64(46.05),np.float64(33286.04970453548),np.float64(33.28604970453548),np.float64(0.998004023171763),
2018-08-13,MU,buy,np.float64(644.9534916592808),np.float64(51.61),np.float64(33286.04970453548),np.float64(33.28604970453548),np.float64(0.998004023171763),
2018-08-13,PEP,buy,np.float64(295.0629350636954),np.float64(112.81),np.float64(33286.04970453548),np.float64(33.28604970453548),np.float64(0.998004023171763),
2018-08-20,AVGO,sell,np.float64(157.26931114828952),np.float64(209.48),np.float64(32944.77529934369),np.float64(32.94477529934369),,
2018-08-20,COST,sell,np.float64(150.59516673996959),np.float64(226.0),np.float64(34034.507683233125),np.float64(34.03450768323312),,
2018-08-20,KO,sell,np.float64(722.8240978183601),np.float64(46.68),np.float64(33741.42888616105),np.float64(33.741428886161046),,
2018-08-20,PEP,sell,np.float64(295.0629350636954),np.float64(114.99),np.float64(33929.28690297434),np.float64(33.92928690297434),,
2018-08-20,AMAT,buy,np.float64(752.9254922341848),np.float64(43.8),np.float64(32978.136559857296),np.float64(32.9781365598573),np.float64(0.9980019980019981),
2018-08-20,MU,buy,np.float64(52.07640433979291),np.float64(47.4),np.float64(2468.4215657061836),np.float64(2.468421565706184),np.float64(0.9980019980019981),
2018-08-20,NFLX,buy,np.float64(104.81228248111269),np.float64(314.64),np.float64(32978.136559857296),np.float64(32.9781365598573),np.float64(0.9980019980019981),
2018-08-20,NVDA,buy,np.float64(135.61204276608805),np.float64(243.18),np.float64(32978.136559857296),np.float64(32.9781365598573),np.float64(0.9980019980019981),
2018-08-20,TSLA,buy,np.float64(113.05361971953471),np.float64(291.7035),np.float64(32978.136559857296),np.float64(32.9781365598573),np.float64(0.9980019980019981),
2018-08-27,AMAT,sell,np.float64(752.9254922341848),np.float64(42.96),np.float64(32345.679146380582),np.float64(32.34567914638058),,
2018-08-27,MU,sell,np.float64(697.0298959990737),np.float64(51.35),np.float64(35792.48515955244),np.float64(35.79248515955244),,
2018-08-27,NFLX,sell,np.float64(104.81228248111269),np.float64(367.1453),np.float64(38481.336895212866),np.float64(38.48133689521287),,
2018-08-27,NVDA,sell,np.float64(135.61204276608805),np.float64(273.42),np.float64(37079.044733103794),np.float64(37.07904473310379),,
2018-08-27,TSLA,sell,np.float64(113.05361971953471),np.float64(318.0),np.float64(35951.051070812035),np.float64(35.951051070812035),,
2018-08-27,AAPL,buy,np.float64(165.26925297268102),np.float64(217.15),np.float64(35888.21828301768),np.float64(35.888218283017686),np.float64(0.9980028346789247),
2018-08-27,JPM,buy,np.float64(311.47559697116543),np.float64(115.22),np.float64(35888.21828301768),np.float64(35.888218283017686),np.float64(0.9980028346789247),
2018-08-27,KO,buy,np.float64(779.3315588060301),np.float64(46.05),np.float64(35888.21828301768),np.float64(35.888218283017686),np.float64(0.9980028346789247),
2018-08-27,PEP,buy,np.float64(318.7796969534347),np.float64(112.58),np.float64(35888.21828301768),np.float64(35.888218283017686),np.float64(0.9980028346789247),
2018-08-27,WMT,buy,np.float64(376.7396418540592),np.float64(95.26),np.float64(35888.21828301768),np.float64(35.888218283017686),np.float64(0.9980028346789247),
2018-09-04,AAPL,sell,np.float64(165.26925297268102),np.float64(228.41),np.float64(37749.15007149007),np.float64(37.74915007149007),,
2018-09-04,JPM,sell,np.float64(311.47559697116543),np.float64(114.35),np.float64(35617.234513652766),np.float64(35.61723451365277),,
2018-09-04,PEP,sell,np.float64(318.7796969534347),np.float64(111.82),np.float64(35645.945713333065),np.float64(35.64594571333306),,
2018-09-04,WMT,sell,np.float64(376.7396418540592),np.float64(95.76),np.float64(36076.58810394471),np.float64(36.076588103944715),,
2018-09-04,GOOGL,buy,np.float64(29.36357213758404),np.float64(1222.52),np.float64(35897.55420963924),np.float64(35.89755420963924),np.float64(0.9980019980019981),
2018-09-04,JNJ,buy,np.float64(266.5198174299446),np.float64(134.69),np.float64(35897.55420963924),np.float64(35.89755420963924),np.float64(0.9980019980019981),
2018-09-04,KO,buy,np.float64(27.103444282683327),np.float64(44.6),np.float64(1208.8136150076764),np.float64(1.2088136150076765),np.float64(0.9980019980019981),
2018-09-04,ORCL,buy,np.float64(742.2984741447319),np.float64(48.36),np.float64(35897.55420963924),np.float64(35.89755420963924),np.float64(0.9980019980019981),
2018-09-04,TSLA,buy,np.float64(120.89160843820044),np.float64(296.94),np.float64(35897.55420963924),np.float64(35.89755420963924),np.float64(0.9980019980019981),
2018-09-10,JNJ,sell,np.float64(266.5198174299446),np.float64(137.53),np.float64(36654.47049114029),np.float64(36.65447049114029),,
2018-09-10,KO,sell,np.float64(806.4350030887134),np.float64(45.91),np.float64(37023.43099180283),np.float64(37.02343099180283),,
2018-09-10,ORCL,sell,np.float64(742.2984741447319),np.float64(48.0),np.float64(35630.326758947136),np.float64(35.630326758947135),,
2018-09-10,AMAT,buy,np.float64(881.6036625606362),np.float64(40.1),np.float64(35352.30686868151),np.float64(35.35230686868151),np.float64(0.9980019980019984),
2018-09-10,GOOGL,buy,np.float64(0.548420834653002),np.float64(1184.2),np.float64(649.4399523960849),np.float64(0.6494399523960849),np.float64(0.9980019980019984),
2018-09-10,META,buy,np.float64(216.2088365768547),np.float64(163.51),np.float64(35352.30686868151),np.float64(35.35230686868151),np.float64(0.9980019980019984),
2018-09-10,MU,buy,np.float64(781.266450136608),np.float64(45.25),np.float64(35352.30686868151),np.float64(35.35230686868151),np.float64(0.9980019980019984),
2018-09-10,TSLA,buy,np.float64(8.722350966201866),np.float64(273.26),np.float64(2383.469625024322),np.float64(2.383469625024322),np.float64(0.9980019980019984),
2018-09-17,GOOGL,sell,np.float64(29.91199297223704),np.float64(1177.77),np.float64(35229.44796291162),np.float64(35.22944796291162),,
2018-09-17,META,sell,np.float64(216.2088365768547),np.float64(161.92),np.float64(35008.53481852431),np.float64(35.00853481852431),,
2018-09-17,MU,sell,np.float64(781.266450136608),np.float64(43.64),np.float64(34094.46788396157),np.float64(34.09446788396158),,
2018-09-17,TSLA,sell,np.float64(129.6139594044023),np.float64(290.04),np.float64(37593.23278565284),np.float64(37.593232785652845),,
2018-09-17,AMAT,buy,np.float64(23.42848930929996),np.float64(38.95),np.float64(912.5396585972335),np.float64(0.9125396585972335),np.float64(0.9980019980019978),
2018-09-17,COST,buy,np.float64(150.31356916319547),np.float64(234.06),np.float64(35182.39399833753),np.float64(35.18239399833753),np.float64(0.9980019980019978),
2018-09-17,INTC,buy,np.float64(776.824773644017),np.float64(45.29),np.float64(35182.39399833753),np.float64(35.18239399833753),np.float64(0.9980019980019978),
2018-09-17,JPM,buy,np.float64(309.1870462987743),np.float64(113.79),np.float64(35182.39399833753),np.float64(35.18239399833753),np.float64(0.9980019980019978),
2018-09-17,WMT,buy,np.float64(371.31814246266526),np.float64(94.75),np.float64(35182.39399833753),np.float64(35.18239399833753),np.float64(0.9980019980019978),
2018-09-24,AMAT,sell,np.float64(905.0321518699361),np.float64(39.24),np.float64(35513.46163937629),np.float64(35.513461639376295),,
2018-09-24,COST,sell,np.float64(150.31356916319547),np.float64(234.19),np.float64(35201.93476232875),np.float64(35.20193476232875),,
2018-09-24,INTC,sell,np.float64(776.824773644017),np.float64(46.31),np.float64(35974.75526745443),np.float64(35.97475526745443),,
2018-09-24,JPM,sell,np.float64(309.1870462987743),np.float64(117.76),np.float64(36409.86657214366),np.float64(36.40986657214366),,
2018-09-24,WMT,sell,np.float64(371.31814246266526),np.float64(95.42),np.float64(35431.17715378752),np.float64(35.431177153787516),,
2018-09-24,AAPL,buy,np.float64(164.36761043356606),np.float64(216.8),np.float64(35634.89794199712),np.float64(35.634897941997124),np.float64(0.9980019980019982),
2018-09-24,ADBE,buy,np.float64(137.057299776912),np.float64(260.0),np.float64(35634.89794199712),np.float64(35.634897941997124),np.float64(0.9980019980019982),
2018-09-24,AMD,buy,np.float64(1144.7124298746264),np.float64(31.13),np.float64(35634.89794199712),np.float64(35.634897941997124),np.float64(0.9980019980019982),
2018-09-24,AMZN,buy,np.float64(18.717872213845602),np.float64(1903.79),np.float64(35634.89794199712),np.float64(35.634897941997124),np.float64(0.9980019980019982),
2018-09-24,NVDA,buy,np.float64(135.907314805481),np.float64(262.2),np.float64(35634.89794199712),np.float64(35.634897941997124),np.float64(0.9980019980019982),
2018-10-01,AAPL,sell,np.float64(164.36761043356606),np.float64(227.95),np.float64(37467.59679833138),np.float64(37.467596798331385),,
2018-10-01,ADBE,sell,np.float64(137.057299776912),np.float64(271.76),np.float64(37246.6917873736),np.float64(37.2466917873736),,
2018-10-01,AMD,sell,np.float64(1144.7124298746264),np.float64(30.62),np.float64(35051.09460276106),np.float64(35.05109460276106),,
2018-10-01,AMZN,sell,np.float64(18.717872213845602),np.float64(2021.99),np.float64(37847.35043767367),np.float64(37.84735043767367),,
2018-10-01,NVDA,sell,np.float64(135.907314805481),np.float64(284.16),np.float64(38619.422575125485),np.float64(38.61942257512548),,
2018-10-01,JNJ,buy,np.float64(268.8558715189974),np.float64(138.26),np.float64(37172.01279621658),np.float64(37.17201279621658),np.float64(0.9980019980019983),
2018-10-01,JPM,buy,np.float64(327.8822686444084),np.float64(113.37),np.float64(37172.01279621658),np.float64(37.17201279621658),np.float64(0.9980019980019983),
2018-10-01,PEP,buy,np.float64(331.4490663951545),np.float64(112.15),np.float64(37172.01279621658),np.float64(37.17201279621658),np.float64(0.9980019980019983),
2018-10-01,QCOM,buy,np.float64(513.0004526113246),np.float64(72.46),np.float64(37172.01279621658),np.float64(37.17201279621658),np.float64(0.9980019980019983),
2018-10-01,TSLA,buy,np.float64(121.56854104790065),np.float64(305.77),np.float64(37172.01279621658),np.float64(37.17201279621658),np.float64(0.9980019980019983),
2018-10-08,JNJ,sell,np.float64(268.8558715189974),np.float64(138.88),np.float64(37338.70343655835),np.float64(37.338703436558355),,
2018-10-08,JPM,sell,np.float64(327.8822686444084),np.float64(114.25),np.float64(37460.54919262366),np.float64(37.46054919262366),,
2018-10-08,QCOM,sell,np.float64(513.0004526113246),np.float64(70.78),np.float64(36310.17203582956),np.float64(36.31017203582956),,
2018-10-08,TSLA,sell,np.float64(121.56854104790065),np.float64(264.52),np.float64(32157.31047799068),np.float64(32.15731047799068),,
2018-10-08,AMD,buy,np.float64(1332.5248942854946),np.float64(26.78),np.float64(35685.016668965545),np.float64(35.685016668965545),np.float64(0.9980038237215139),
2018-10-08,AMZN,buy,np.float64(19.042164711294316),np.float64(1874.0),np.float64(35685.016668965545),np.float64(35.685016668965545),np.float64(0.9980038237215139),
2018-10-08,COST,buy,np.float64(162.69269932053226),np.float64(219.34),np.float64(35685.016668965545),np.float64(35.685016668965545),np.float64(0.9980038237215139),
2018-10-08,ORCL,buy,np.float64(724.2747446512186),np.float64(49.27),np.float64(35685.016668965545),np.float64(35.685016668965545),np.float64(0.9980038237215139),
2018-10-08,PEP,buy,np.float64(4.724191568461209),np.float64(106.36),np.float64(502.4650152215342),np.float64(0.5024650152215342),np.float64(0.9980038237215139),
2018-10-15,AMD,sell,np.float64(1332.5248942854946),np.float64(26.38),np.float64(35152.00671125135),np.float64(35.15200671125135),,
2018-10-15,AMZN,sell,np.float64(19.042164711294316),np.float64(1795.0),np.float64(34180.6856567733),np.float64(34.1806856567733),,
2018-10-15,COST,sell,np.float64(162.69269932053226),np.float64(226.25),np.float64(36809.223221270426),np.float64(36.80922322127043),,
2018-10-15,ORCL,sell,np.float64(724.2747446512186),np.float64(46.96),np.float64(34011.94200882123),np.float64(34.01194200882123),,
2018-10-15,PEP,sell,np.float64(336.1732579636157),np.float64(105.2),np.float64(35365.42673777237),np.float64(35.365426737772374),,
2018-10-15,AMAT,buy,np.float64(1048.4812869728153),np.float64(33.44),np.float64(35061.21423637094),np.float64(35.061214236370944),np.float64(0.9980027806341033),
2018-10-15,CSCO,buy,np.float64(770.2375710977799),np.float64(45.52),np.float64(35061.21423637094),np.float64(35.061214236370944),np.float64(0.9980027806341033),
2018-10-15,JPM,buy,np.float64(327.06356563778866),np.float64(107.2),np.float64(35061.21423637094),np.float64(35.061214236370944),np.float64(0.9980027806341033),
2018-10-15,NVDA,buy,np.float64(142.5252611234591),np.float64(246.0),np.float64(35061.21423637094),np.float64(35.061214236370944),np.float64(0.9980027806341033),
2018-10-15,QCOM,buy,np.float64(545.8697530183861),np.float64(64.23),np.float64(35061.21423637094),np.float64(35.061214236370944),np.float64(0.9980027806341033),
2018-10-22,AMAT,sell,np.float64(1048.4812869728153),np.float64(34.39),np.float64(36057.27145899512),np.float64(36.057271458995125),,
2018-10-22,CSCO,sell,np.float64(770.2375710977799),np.float64(45.77),np.float64(35253.77362914539),np.float64(35.25377362914539),,
2018-10-22,JPM,sell,np.float64(327.06356563778866),np.float64(108.17),np.float64(35378.4658950396),np.float64(35.3784658950396),,
2018-10-22,QCOM,sell,np.float64(545.8697530183861),np.float64(65.69),np.float64(35858.18407577778),np.float64(35.858184075777785),,
2018-10-22,AMD,buy,np.float64(1432.218039639346),np.float64(24.46),np.float64(35032.05324957841),np.float64(35.032053249578404),np.float64(0.9980019980019981),
2018-10-22,AVGO,buy,np.float64(151.9433260304407),np.float64(230.56),np.float64(35032.05324957841),np.float64(35.032053249578404),np.float64(0.9980019980019981),
2018-10-22,CRM,buy,np.float64(246.86106158535978),np.float64(141.91),np.float64(35032.05324957841),np.float64(35.032053249578404),np.float64(0.9980019980019981),
2018-10-22,MU,buy,np.float64(863.709399644438),np.float64(40.56),np.float64(35032.05324957841),np.float64(35.032053249578404),np.float64(0.9980019980019981),
2018-10-22,NVDA,buy,np.float64(9.229814428856312),np.float64(231.28),np.float64(2134.671481105888),np.float64(2.134671481105888),np.float64(0.9980019980019981),
2018-10-29,AVGO,sell,np.float64(151.9433260304407),np.float64(216.19),np.float64(32848.62765452097),np.float64(32.84862765452097),,
2018-10-29,CRM,sell,np.float64(246.86106158535978),np.float64(138.1),np.float64(34091.51260493819),np.float64(34.09151260493819),,
2018-10-29,MU,sell,np.float64(4.8726186463280445),np.float64(36.14),np.float64(176.09643787829555),np.float64(0.17609643787829554),,
2018-10-29,AMD,buy,np.float64(271.70594878354837),np.float64(18.21),np.float64(4947.765327348416),np.float64(4.9477653273484155),np.float64(0.9980019980019978),
2018-10-29,NFLX,buy,np.float64(101.47528846704112),np.float64(305.26),np.float64(30976.34655744897),np.float64(30.97634655744897),np.float64(0.9980019980019978),
2018-10-29,NVDA,buy,np.float64(0.4004111969775309),np.float64(203.99),np.float64(81.67988007144653),np.float64(0.08167988007144654),np.float64(0.9980019980019978),
2018-10-29,XOM,buy,np.float64(396.7765666382602),np.float64(78.07),np.float64(30976.34655744897),np.float64(30.97634655744897),np.float64(0.9980019980019978),
2018-11-05,AMD,sell,np.float64(1703.9239884228944),np.float64(20.12),np.float64(34282.95064706864),np.float64(34.28295064706864),,
2018-11-05,MU,sell,np.float64(858.8367809981099),np.float64(40.1),np.float64(34439.35491802421),np.float64(34.439354918024215),,
2018-11-05,NFLX,sell,np.float64(101.47528846704112),np.float64(311.1),np.float64(31568.962242096495),np.float64(31.568962242096497),,
2018-11-05,NVDA,sell,np.float64(152.15548674929295),np.float64(214.39),np.float64(32620.614804180914),np.float64(32.62061480418092),,
2018-11-05,XOM,sell,np.float64(396.7765666382602),np.float64(82.5),np.float64(32734.066747656467),np.float64(32.73406674765647),,
2018-11-05,AAPL,buy,np.float64(161.86721670542101),np.float64(204.26),np.float64(33062.9976842493),np.float64(33.0629976842493),np.float64(0.9980019980019981),
2018-11-05,ADBE,buy,np.float64(137.76249035103874),np.float64(240.0),np.float64(33062.9976842493),np.float64(33.0629976842493),np.float64(0.9980019980019981),
2018-11-05,GOOGL,buy,np.float64(30.827107572048615),np.float64(1072.53),np.float64(33062.9976842493),np.float64(33.0629976842493),np.float64(0.9980019980019981),
2018-11-05,MSFT,buy,np.float64(310.8300995040829),np.float64(106.37),np.float64(33062.9976842493),np.float64(33.0629976842493),np.float64(0.9980019980019981),
2018-11-05,PEP,buy,np.float64(296.0246905206312),np.float64(111.69),np.float64(33062.9976842493),np.float64(33.0629976842493),np.float64(0.9980019980019981),
2018-11-12,AAPL,sell,np.float64(161.86721670542101),np.float64(199.0),np.float64(32211.576124378782),np.float64(32.21157612437878),,
2018-11-12,ADBE,sell,np.float64(137.76249035103874),np.float64(244.14),np.float64(33633.3343943026),np.float64(33.6333343943026),,
2018-11-12,GOOGL,sell,np.float64(30.827107572048615),np.float64(1073.13),np.float64(33081.49394879254),np.float64(33.081493948792534),,
2018-11-12,MSFT,sell,np.float64(310.8300995040829),np.float64(109.42),np.float64(34011.029487736756),np.float64(34.01102948773676),,
2018-11-12,PEP,sell,np.float64(296.0246905206312),np.float64(117.0),np.float64(34634.88879091385),np.float64(34.63488879091385),,
2018-11-12,AMAT,buy,np.float64(992.3246838638585),np.float64(33.73),np.float64(33471.111586727944),np.float64(33.47111158672794),np.float64(0.9980027019478575),
2018-11-12,META,buy,np.float64(231.6660547254149),np.float64(144.48),np.float64(33471.111586727944),np.float64(33.47111158672794),np.float64(0.9980027019478575),
2018-11-12,MU,buy,np.float64(875.2905749667349),np.float64(38.24),np.float64(33471.111586727944),np.float64(33.47111158672794),np.float64(0.9980027019478575),
2018-11-12,NVDA,buy,np.float64(165.71497963525076),np.float64(201.98),np.float64(33471.111586727944),np.float64(33.47111158672794),np.float64(0.9980027019478575),
2018-11-12,QCOM,buy,np.float64(593.7752632025536),np.float64(56.37),np.float64(33471.111586727944),np.float64(33.47111158672794),np.float64(0.9980027019478575),
2018-11-19,AMAT,sell,np.float64(992.3246838638585),np.float64(35.24),np.float64(34969.52185936237),np.float64(34.969521859362374),,
2018-11-19,META,sell,np.float64(231.6660547254149),np.float64(137.61),np.float64(31879.565790764347),np.float64(31.87956579076435),,
2018-11-19,MU,sell,np.float64(875.2905749667349),np.float64(39.2),np.float64(34311.39053869601),np.float64(34.31139053869601),,
2018-11-19,QCOM,sell,np.float64(593.7752632025536),np.float64(55.85),np.float64(33162.34844986262),np.float64(33.16234844986262),,
2018-11-19,AAPL,buy,np.float64(169.2756920349952),np.float64(190.0),np.float64(32162.381486649087),np.float64(32.16238148664909),np.float64(0.998001998001998),
2018-11-19,AMZN,buy,np.float64(20.39453236609095),np.float64(1577.01),np.float64(32162.381486649087),np.float64(32.16238148664909),np.float64(0.998001998001998),
2018-11-19,NFLX,buy,np.float64(113.33162368881597),np.float64(283.79),np.float64(32162.381486649087),np.float64(32.16238148664909),np.float64(0.998001998001998),
2018-11-19,NVDA,buy,np.float64(33.40703020018307),np.float64(161.79),np.float64(5404.923416087619),np.float64(5.40492341608762),np.float64(0.998001998001998),
2018-11-19,WMT,buy,np.float64(328.3886204477138),np.float64(97.94),np.float64(32162.381486649087),np.float64(32.16238148664909),np.float64(0.998001998001998),
2018-11-26,AMZN,sell,np.float64(20.39453236609095),np.float64(1539.0),np.float64(31387.18531141397),np.float64(31.387185311413972),,
2018-11-26,WMT,sell,np.float64(328.3886204477138),np.float64(95.88),np.float64(31485.900928526797),np.float64(31.485900928526796),,
2018-11-26,AAPL,buy,np.float64(4.891094755862933),np.float64(174.24),np.float64(852.2243502615574),np.float64(0.8522243502615575),np.float64(0.9980019980019982),
2018-11-26,META,buy,np.float64(227.7285012597118),np.float64(133.0),np.float64(30287.89066754167),np.float64(30.28789066754167),np.float64(0.9980019980019982),
2018-11-26,MU,buy,np.float64(802.3282296037528),np.float64(37.75),np.float64(30287.89066754167),np.float64(30.28789066754167),np.float64(0.9980019980019982),
2018-11-26,NFLX,buy,np.float64(3.140795342214207),np.float64(260.55),np.float64(818.3342264139117),np.float64(0.8183342264139117),np.float64(0.9980019980019982),
2018-11-26,NVDA,buy,np.float64(3.343290254546738),np.float64(149.89),np.float64(501.12577625401053),np.float64(0.5011257762540106),np.float64(0.9980019980019982),
2018-12-03,AAPL,sell,np.float64(174.1667867908581),np.float64(184.46),np.float64(32126.80549144169),np.float64(32.126805491441694),,
2018-12-03,META,sell,np.float64(227.7285012597118),np.float64(143.0),np.float64(32565.17568013879),np.float64(32.56517568013879),,
2018-12-03,MU,sell,np.float64(802.3282296037528),np.float64(40.2),np.float64(32253.594830070866),np.float64(32.25359483007087),,
2018-12-03,NFLX,sell,np.float64(116.47241903103017),np.float64(293.19),np.float64(34148.548535707734),np.float64(34.14854853570773),,
2018-12-03,NVDA,sell,np.float64(202.46530008998056),np.float64(172.6),np.float64(34945.510795530645),np.float64(34.945510795530645),,
2018-12-03,JNJ,buy,np.float64(227.71209712945745),np.float64(145.57),np.float64(33148.04997913512),np.float64(33.148049979135116),np.float64(0.9980021928697671),
2018-12-03,JPM,buy,np.float64(294.78034663526114),np.float64(112.45),np.float64(33148.04997913512),np.float64(33.148049979135116),np.float64(0.9980021928697671),
2018-12-03,KO,buy,np.float64(664.6891914805518),np.float64(49.87),np.float64(33148.04997913512),np.float64(33.148049979135116),np.float64(0.9980021928697671),
2018-12-03,ORCL,buy,np.float64(670.470266568267),np.float64(49.44),np.float64(33148.04997913512),np.float64(33.148049979135116),np.float64(0.9980021928697671),
2018-12-03,WMT,buy,np.float64(338.1763923600808),np.float64(98.02),np.float64(33148.04997913512),np.float64(33.148049979135116),np.float64(0.9980021928697671),
2018-12-10,JNJ,sell,np.float64(227.71209712945745),np.float64(145.39),np.float64(33107.06180165181),np.float64(33.10706180165182),,
2018-12-10,KO,sell,np.float64(664.6891914805518),np.float64(49.45),np.float64(32868.88051871329),np.float64(32.86888051871329),,
2018-12-10,ORCL,sell,np.float64(670.470266568267),np.float64(46.01),np.float64(30848.336964805963),np.float64(30.848336964805963),,
2018-12-10,WMT,sell,np.float64(338.1763923600808),np.float64(93.56),np.float64(31639.78326920916),np.float64(31.63978326920916),,
2018-12-10,AAPL,buy,np.float64(192.29531318800016),np.float64(165.0),np.float64(31728.72667602003),np.float64(31.72872667602003),np.float64(0.9980033636438284),
2018-12-10,AMAT,buy,np.float64(943.184502854341),np.float64(33.64),np.float64(31728.72667602003),np.float64(31.72872667602003),np.float64(0.9980033636438284),
2018-12-10,JPM,buy,np.float64(14.273385617579999),np.float64(102.86),np.float64(1468.1604446242786),np.float64(1.4681604446242786),np.float64(0.9980033636438284),
2018-12-10,MU,buy,np.float64(910.9597093316115),np.float64(34.83),np.float64(31728.72667602003),np.float64(31.72872667602003),np.float64(0.9980033636438284),
2018-12-10,NFLX,buy,np.float64(120.09813647761092),np.float64(264.19),np.float64(31728.72667602003),np.float64(31.72872667602003),np.float64(0.9980033636438284),
2018-12-17,AAPL,sell,np.float64(192.29531318800016),np.float64(165.45),np.float64(31815.259566954624),np.float64(31.815259566954627),,
2018-12-17,MU,sell,np.float64(910.9597093316115),np.float64(34.16),np.float64(31118.383670767846),np.float64(31.118383670767845),,
2018-12-17,NFLX,sell,np.float64(120.09813647761092),np.float64(266.51),np.float64(32007.354352648086),np.float64(32.007354352648086),,
2018-12-17,AMAT,buy,np.float64(18.94023859054783),np.float64(32.52),np.float64(615.9365589646154),np.float64(0.6159365589646154),np.float64(0.9980019980019981),
2018-12-17,COST,buy,np.float64(151.0887030925042),np.float64(206.68),np.float64(31227.01315515877),np.float64(31.22701315515877),np.float64(0.9980019980019981),
2018-12-17,JNJ,buy,np.float64(243.35265862810763),np.float64(128.32),np.float64(31227.01315515877),np.float64(31.22701315515877),np.float64(0.9980019980019981),
2018-12-17,JPM,buy,np.float64(4.553766292991703),np.float64(99.77),np.float64(454.3292630517822),np.float64(0.45432926305178223),np.float64(0.9980019980019981),
2018-12-17,XOM,buy,np.float64(414.92177989846886),np.float64(75.26),np.float64(31227.01315515877),np.float64(31.22701315515877),np.float64(0.9980019980019981),
2018-12-24,AMAT,sell,np.float64(962.1247414448887),np.float64(30.0),np.float64(28863.742243346664),np.float64(28.863742243346664),,
2018-12-24,COST,sell,np.float64(151.0887030925042),np.float64(193.9),np.float64(29296.099529636565),np.float64(29.296099529636567),,
2018-12-24,JNJ,sell,np.float64(243.35265862810763),np.float64(127.3),np.float64(30978.7934433581),np.float64(30.9787934433581),,
2018-12-24,JPM,sell,np.float64(313.60749854583287),np.float64(92.89),np.float64(29131.000539922414),np.float64(29.131000539922415),,
2018-12-24,AMD,buy,np.float64(1764.209636887281),np.float64(16.52),np.float64(29144.74320137788),np.float64(29.14474320137788),np.float64(0.998001998001998),
2018-12-24,AMZN,buy,np.float64(21.652855275912245),np.float64(1346.0),np.float64(29144.74320137788),np.float64(29.14474320137788),np.float64(0.998001998001998),
2018-12-24,META,buy,np.float64(236.7566466399503),np.float64(123.1),np.float64(29144.74320137788),np.float64(29.14474320137788),np.float64(0.998001998001998),
2018-12-24,MU,buy,np.float64(976.0463228860643),np.float64(29.86),np.float64(29144.74320137788),np.float64(29.14474320137788),np.float64(0.998001998001998),
2018-12-24,XOM,buy,np.float64(21.74906508461563),np.float64(66.87),np.float64(1454.3599822082472),np.float64(1.4543599822082471),np.float64(0.998001998001998),
2018-12-31,AMD,sell,np.float64(1764.209636887281),np.float64(18.15),np.float64(32020.40490950415),np.float64(32.02040490950415),,
2018-12-31,AMZN,sell,np.float64(21.652855275912245),np.float64(1510.8),np.float64(32713.133750848217),np.float64(32.713133750848215),,
2018-12-31,META,sell,np.float64(236.7566466399503),np.float64(134.45),np.float64(31831.931140741315),np.float64(31.831931140741315),,
2018-12-31,MU,sell,np.float64(976.0463228860643),np.float64(31.99),np.float64(31223.721869125195),np.float64(31.223721869125196),,
2018-12-31,JNJ,buy,np.float64(245.44798508663084),np.float64(128.18),np.float64(31461.522728404343),np.float64(31.461522728404343),np.float64(0.998001998001998),
2018-12-31,KO,buy,np.float64(662.4873179280762),np.float64(47.49),np.float64(31461.522728404343),np.float64(31.461522728404343),np.float64(0.998001998001998),
2018-12-31,MSFT,buy,np.float64(310.6083791924607),np.float64(101.29),np.float64(31461.522728404343),np.float64(31.461522728404343),np.float64(0.998001998001998),
2018-12-31,ORCL,buy,np.float64(696.205415543358),np.float64(45.19),np.float64(31461.522728404343),np.float64(31.461522728404343),np.float64(0.998001998001998),
2018-12-31,XOM,buy,np.float64(24.70400609369645),np.float64(68.32),np.float64(1687.7776963213412),np.float64(1.6877776963213411),np.float64(0.998001998001998),
2019-01-07,MSFT,sell,np.float64(310.6083791924607),np.float64(101.64),np.float64(31570.235661121704),np.float64(31.570235661121703),,
2019-01-07,ORCL,sell,np.float64(696.205415543358),np.float64(46.93),np.float64(32672.920151449787),np.float64(32.67292015144979),,
2019-01-07,XOM,sell,np.float64(461.37485107678094),np.float64(71.25),np.float64(32872.958139220646),np.float64(32.87295813922064),,
2019-01-07,AAPL,buy,np.float64(214.71091765025184),np.float64(148.7),np.float64(31927.51345459245),np.float64(31.92751345459245),np.float64(0.9980019980019983),
2019-01-07,AVGO,buy,np.float64(136.64675135712582),np.float64(233.65),np.float64(31927.51345459245),np.float64(31.92751345459245),np.float64(0.9980019980019983),
2019-01-07,JNJ,buy,np.float64(5.199228866228544),np.float64(127.63),np.float64(663.5775801967491),np.float64(0.6635775801967491),np.float64(0.9980019980019983),
2019-01-07,KO,buy,np.float64(10.005419762543243),np.float64(47.57),np.float64(475.9578181041821),np.float64(0.4759578181041821),np.float64(0.9980019980019983),
2019-01-07,PEP,buy,np.float64(290.22373833826424),np.float64(110.01),np.float64(31927.51345459245),np.float64(31.92751345459245),np.float64(0.9980019980019983),
2019-01-14,AAPL,sell,np.float64(214.71091765025184),np.float64(150.85),np.float64(32389.141927540488),np.float64(32.389141927540486),,
2019-01-14,AVGO,sell,np.float64(136.64675135712582),np.float64(248.11),np.float64(33903.42547921649),np.float64(33.90342547921649),,
2019-01-14,JNJ,sell,np.float64(250.64721395285937),np.float64(128.74),np.float64(32268.32232429112),np.float64(32.26832232429112),,
2019-01-14,GOOGL,buy,np.float64(30.629018382256664),np.float64(1053.34),np.float64(32262.77022276623),np.float64(32.26277022276623),np.float64(0.9980019980019982),
2019-01-14,JPM,buy,np.float64(326.315062433157),np.float64(98.87),np.float64(32262.77022276623),np.float64(32.26277022276623),np.float64(0.9980019980019982),
2019-01-14,KO,buy,np.float64(11.660855947504402),np.float64(47.25),np.float64(550.975443519583),np.float64(0.550975443519583),np.float64(0.9980019980019982),
2019-01-14,PEP,buy,np.float64(9.500962119817833),np.float64(107.85),np.float64(1024.6787646223534),np.float64(1.0246787646223534),np.float64(0.9980019980019982),
2019-01-14,XOM,buy,np.float64(453.0651625160263),np.float64(71.21),np.float64(32262.77022276623),np.float64(32.26277022276623),np.float64(0.9980019980019982),
2019-01-22,GOOGL,sell,np.float64(30.629018382256664),np.float64(1095.54),np.float64(33555.314798497464),np.float64(33.55531479849746),,
2019-01-22,JPM,sell,np.float64(326.315062433157),np.float64(103.08),np.float64(33636.55663560982),np.float64(33.63655663560982),,
2019-01-22,PEP,sell,np.float64(299.72470045808205),np.float64(109.86),np.float64(32927.755592324895),np.float64(32.92775559232489),,
2019-01-22,XOM,sell,np.float64(453.0651625160263),np.float64(72.39),np.float64(32797.387114535144),np.float64(32.79738711453515),,
2019-01-22,JNJ,buy,np.float64(257.7540858781598),np.float64(128.2),np.float64(33044.073809580084),np.float64(33.044073809580084),np.float64(0.998001998001998),
2019-01-22,KO,buy,np.float64(9.961225216454217),np.float64(47.7),np.float64(475.15044282486616),np.float64(0.4751504428248662),np.float64(0.998001998001998),
2019-01-22,MU,buy,np.float64(937.4205336051087),np.float64(35.25),np.float64(33044.073809580084),np.float64(33.044073809580084),np.float64(0.998001998001998),
2019-01-22,QCOM,buy,np.float64(601.1292306636362),np.float64(54.97),np.float64(33044.073809580084),np.float64(33.044073809580084),np.float64(0.998001998001998),
2019-01-22,TSLA,buy,np.float64(108.40520244596838),np.float64(304.82),np.float64(33044.073809580084),np.float64(33.044073809580084),np.float64(0.998001998001998),
2019-01-28,JNJ,sell,np.float64(257.7540858781598),np.float64(127.81),np.float64(32943.549716087604),np.float64(32.9435497160876),,
2019-01-28,KO,sell,np.float64(694.1148188545781),np.float64(47.22),np.float64(32776.10174631317),np.float64(32.776101746313174),,
2019-01-28,MU,sell,np.float64(937.4205336051087),np.float64(36.95),np.float64(34637.68871670877),np.float64(34.63768871670877),,
2019-01-28,COST,buy,np.float64(155.29493678990914),np.float64(208.68),np.float64(32406.947409318243),np.float64(32.40694740931824),np.float64(0.9980019980019983),
2019-01-28,INTC,buy,np.float64(702.5134925063569),np.float64(46.13),np.float64(32406.947409318243),np.float64(32.40694740931824),np.float64(0.9980019980019983),
2019-01-28,NFLX,buy,np.float64(96.8238643839804),np.float64(334.7),np.float64(32406.947409318243),np.float64(32.40694740931824),np.float64(0.9980019980019983),
2019-01-28,QCOM,buy,np.float64(44.08906460432202),np.float64(50.32),np.float64(2218.561730889484),np.float64(2.218561730889484),np.float64(0.9980019980019983),
2019-01-28,TSLA,buy,np.float64(2.449291775881073),np.float64(292.91),np.float64(717.4220540733251),np.float64(0.717422054073325),np.float64(0.9980019980019983),
2019-02-04,COST,sell,np.float64(155.29493678990914),np.float64(210.7),np.float64(32720.643181633855),np.float64(32.720643181633854),,
2019-02-04,INTC,sell,np.float64(702.5134925063569),np.float64(48.62),np.float64(34156.20600565907),np.float64(34.15620600565907),,
2019-02-04,NFLX,sell,np.float64(96.8238643839804),np.float64(342.6),np.float64(33171.85593795169),np.float64(33.17185593795169),,
2019-02-04,TSLA,sell,np.float64(110.85449422184946),np.float64(312.98),np.float64(34695.239601554444),np.float64(34.69523960155444),,
2019-02-04,AMZN,buy,np.float64(20.515643129314892),np.float64(1623.0),np.float64(33296.88879887807),np.float64(33.29688879887807),np.float64(0.9980019980019983),
2019-02-04,MSFT,buy,np.float64(323.5220442953563),np.float64(102.92),np.float64(33296.88879887807),np.float64(33.29688879887807),np.float64(0.9980019980019983),
2019-02-04,NVDA,buy,np.float64(229.0492453661558),np.float64(145.37),np.float64(33296.88879887807),np.float64(33.29688879887807),np.float64(0.9980019980019983),
2019-02-04,QCOM,buy,np.float64(25.893600090605425),np.float64(49.71),np.float64(1287.1708605039958),np.float64(1.2871708605039958),np.float64(0.9980019980019983),
2019-02-04,WMT,buy,np.float64(354.7505731821657),np.float64(93.86),np.float64(33296.88879887807),np.float64(33.29688879887807),np.float64(0.9980019980019983),
2019-02-11,MSFT,sell,np.float64(323.5220442953563),np.float64(106.2),np.float64(34358.04110416684),np.float64(34.358041104166844),,
2019-02-11,NVDA,sell,np.float64(229.0492453661558),np.float64(146.39),np.float64(33530.51902915154),np.float64(33.53051902915154),,
2019-02-11,QCOM,sell,np.float64(671.1118953585637),np.float64(50.55),np.float64(33924.7063103754),np.float64(33.9247063103754),,
2019-02-11,WMT,sell,np.float64(354.7505731821657),np.float64(95.65),np.float64(33931.89232487415),np.float64(33.93189232487415),,
2019-02-11,AMD,buy,np.float64(1459.8997775554833),np.float64(23.05),np.float64(33650.68987265389),np.float64(33.65068987265389),np.float64(0.9980019980019978),
2019-02-11,AMZN,buy,np.float64(0.5441543176764536),np.float64(1600.98),np.float64(871.1801795136487),np.float64(0.8711801795136487),np.float64(0.9980019980019978),
2019-02-11,JNJ,buy,np.float64(254.33217347633507),np.float64(132.31),np.float64(33650.68987265389),np.float64(33.65068987265389),np.float64(0.9980019980019978),
2019-02-11,JPM,buy,np.float64(330.6543173101493),np.float64(101.77),np.float64(33650.68987265389),np.float64(33.65068987265389),np.float64(0.9980019980019978),
2019-02-11,XOM,buy,np.float64(455.47766476250536),np.float64(73.88),np.float64(33650.68987265389),np.float64(33.65068987265389),np.float64(0.9980019980019978),
2019-02-19,AMD,sell,np.float64(1459.8997775554833),np.float64(23.625),np.float64(34490.132244748296),np.float64(34.490132244748295),,
2019-02-19,AMZN,sell,np.float64(21.059797446991347),np.float64(1601.0),np.float64(33716.73571263315),np.float64(33.716735712633145),,
2019-02-19,JNJ,sell,np.float64(254.33217347633507),np.float64(136.14),np.float64(34624.78209706825),np.float64(34.624782097068255),,
2019-02-19,JPM,sell,np.float64(330.6543173101493),np.float64(104.91),np.float64(34688.94442900776),np.float64(34.68894442900776),,
2019-02-19,XOM,sell,np.float64(455.47766476250536),np.float64(77.56),np.float64(35326.84767897992),np.float64(35.32684767897992),,
2019-02-19,AAPL,buy,np.float64(203.2904279390104),np.float64(169.71),np.float64(34500.41852552946),np.float64(34.50041852552946),np.float64(0.9980019980019981),
2019-02-19,AMAT,buy,np.float64(884.6261160392169),np.float64(39.0),np.float64(34500.41852552946),np.float64(34.50041852552946),np.float64(0.9980019980019981),
2019-02-19,KO,buy,np.float64(761.2625446939421),np.float64(45.32),np.float64(34500.41852552946),np.float64(34.50041852552946),np.float64(0.9980019980019981),
2019-02-19,META,buy,np.float64(214.95587866373495),np.float64(160.5),np.float64(34500.41852552946),np.float64(34.50041852552946),np.float64(0.9980019980019981),
2019-02-19,ORCL,buy,np.float64(670.1713000297098),np.float64(51.48),np.float64(34500.41852552946),np.float64(34.50041852552946),np.float64(0.9980019980019981),
2019-02-25,AAPL,sell,np.float64(203.2904279390104),np.float64(174.15),np.float64(35403.028025578664),np.float64(35.403028025578664),,
2019-02-25,AMAT,sell,np.float64(3.182905643882008),np.float64(39.92),np.float64(127.06159330376977),np.float64(0.12706159330376976),,
2019-02-25,META,sell,np.float64(214.95587866373495),np.float64(163.07),np.float64(35052.85513369526),np.float64(35.05285513369526),,
2019-02-25,ORCL,sell,np.float64(670.1713000297098),np.float64(52.75),np.float64(35351.53607656719),np.float64(35.351536076567186),,
2019-02-25,AVGO,buy,np.float64(125.0693334571445),np.float64(280.78),np.float64(35116.96744809703),np.float64(35.11696744809703),np.float64(0.9980036636898004),
2019-02-25,GOOGL,buy,np.float64(31.300497756631007),np.float64(1121.93),np.float64(35116.96744809703),np.float64(35.11696744809703),np.float64(0.9980036636898004),
2019-02-25,KO,buy,np.float64(12.058673741384217),np.float64(45.5),np.float64(548.6696552329819),np.float64(0.548669655232982),np.float64(0.9980036636898004),
2019-02-25,TSLA,buy,np.float64(117.87777331441383),np.float64(297.91),np.float64(35116.96744809703),np.float64(35.11696744809703),np.float64(0.9980036636898004),
2019-03-04,GOOGL,sell,np.float64(31.300497756631007),np.float64(1154.56),np.float64(36138.30268989589),np.float64(36.138302689895895),,
2019-03-04,KO,sell,np.float64(773.3212184353264),np.float64(45.53),np.float64(35209.31507536041),np.float64(35.209315075360415),,
2019-03-04,TSLA,sell,np.float64(117.87777331441383),np.float64(298.12),np.float64(35141.72178049305),np.float64(35.14172178049305),,
2019-03-04,AMAT,buy,np.float64(17.844893476701774),np.float64(38.97),np.float64(695.4154987870681),np.float64(0.6954154987870682),np.float64(0.9980019980019981),
2019-03-04,AVGO,buy,np.float64(2.3682875214564487),np.float64(275.0),np.float64(651.2790684005234),np.float64(0.6512790684005234),np.float64(0.9980019980019981),
2019-03-04,JPM,buy,np.float64(333.364719358824),np.float64(104.92),np.float64(34976.62635512782),np.float64(34.97662635512782),np.float64(0.9980019980019981),
2019-03-04,MU,buy,np.float64(835.1629979734436),np.float64(41.88),np.float64(34976.62635512782),np.float64(34.97662635512782),np.float64(0.9980019980019981),
2019-03-04,WMT,buy,np.float64(356.46785930623537),np.float64(98.12),np.float64(34976.62635512782),np.float64(34.97662635512782),np.float64(0.9980019980019981),
2019-03-11,AMAT,sell,np.float64(899.2881038720367),np.float64(37.95),np.float64(34127.983541943795),np.float64(34.1279835419438),,
2019-03-11,JPM,sell,np.float64(333.364719358824),np.float64(103.98),np.float64(34663.26351893052),np.float64(34.66326351893052),,
2019-03-11,WMT,sell,np.float64(356.46785930623537),np.float64(98.02),np.float64(34940.97956919719),np.float64(34.94097956919719),,
2019-03-11,ADBE,buy,np.float64(132.54608890752777),np.float64(255.98),np.float64(33929.14783854896),np.float64(33.929147838548964),np.float64(0.9980019980019977),
2019-03-11,AMD,buy,np.float64(1531.7899701376507),np.float64(22.15),np.float64(33929.14783854896),np.float64(33.929147838548964),np.float64(0.9980019980019977),
2019-03-11,AVGO,buy,np.float64(0.9046882627242457),np.float64(264.89),np.float64(239.64287391302545),np.float64(0.23964287391302547),np.float64(0.9980019980019977),
2019-03-11,CRM,buy,np.float64(217.63404643071814),np.float64(155.9),np.float64(33929.14783854896),np.float64(33.929147838548964),np.float64(0.9980019980019977),
2019-03-11,MU,buy,np.float64(38.49609469153248),np.float64(38.91),np.float64(1497.8830444475286),np.float64(1.4978830444475286),np.float64(0.9980019980019977),
2019-03-18,ADBE,sell,np.float64(132.54608890752777),np.float64(257.11),np.float64(34078.92491901447),np.float64(34.07892491901447),,
2019-03-18,AMD,sell,np.float64(1531.7899701376507),np.float64(23.3),np.float64(35690.70630420726),np.float64(35.69070630420726),,
2019-03-18,AVGO,sell,np.float64(128.34230924132518),np.float64(290.23),np.float64(37248.78841110981),np.float64(37.248788411109814),,
2019-03-18,CRM,sell,np.float64(217.63404643071814),np.float64(161.4),np.float64(35126.13509391791),np.float64(35.12613509391791),,
2019-03-18,MU,sell,np.float64(873.659092664976),np.float64(39.6),np.float64(34596.900069533054),np.float64(34.596900069533056),,
2019-03-18,JNJ,buy,np.float64(256.37837938657964),np.float64(137.6),np.float64(35277.665003593356),np.float64(35.277665003593356),np.float64(0.9980019980019982),
2019-03-18,META,buy,np.float64(215.673198041165),np.float64(163.57),np.float64(35277.665003593356),np.float64(35.277665003593356),np.float64(0.9980019980019982),
2019-03-18,ORCL,buy,np.float64(667.2529790730728),np.float64(52.87),np.float64(35277.665003593356),np.float64(35.277665003593356),np.float64(0.9980019980019982),
2019-03-18,PEP,buy,np.float64(303.6727640836133),np.float64(116.17),np.float64(35277.665003593356),np.float64(35.277665003593356),np.float64(0.9980019980019982),
2019-03-18,TSLA,buy,np.float64(127.81762682461361),np.float64(276.0),np.float64(35277.665003593356),np.float64(35.277665003593356),np.float64(0.9980019980019982),
2019-03-25,JNJ,sell,np.float64(0.660409379086385),np.float64(136.9),np.float64(90.4100439969261),np.float64(0.0904100439969261),,
2019-03-25,META,sell,np.float64(215.673198041165),np.float64(163.0),np.float64(35154.73128070989),np.float64(35.154731280709896),,
2019-03-25,ORCL,sell,np.float64(667.2529790730728),np.float64(52.56),np.float64(35070.816580080704),np.float64(35.0708165800807),,
2019-03-25,PEP,sell,np.float64(303.6727640836133),np.float64(120.26),np.float64(36519.68660869534),np.float64(36.51968660869534),,
2019-03-25,CSCO,buy,np.float64(662.9572003694938),np.float64(52.7),np.float64(34937.844459472326),np.float64(34.93784445947232),np.float64(0.9980019980019978),
2019-03-25,INTC,buy,np.float64(659.5779584570951),np.float64(52.97),np.float64(34937.844459472326),np.float64(34.93784445947232),np.float64(0.9980019980019978),
2019-03-25,JPM,buy,np.float64(350.88725981191453),np.float64(99.57),np.float64(34937.844459472326),np.float64(34.93784445947232),np.float64(0.9980019980019978),
2019-03-25,TSLA,buy,np.float64(6.9641265406420665),np.float64(259.71),np.float64(1808.653303870151),np.float64(1.8086533038701509),np.float64(0.9980019980019978),
2019-04-01,CSCO,sell,np.float64(662.9572003694938),np.float64(54.475),np.float64(36114.59349012817),np.float64(36.11459349012817),,
2019-04-01,INTC,sell,np.float64(659.5779584570951),np.float64(54.34),np.float64(35841.46626255855),np.float64(35.84146626255855),,
2019-04-01,JNJ,sell,np.float64(255.71797000749325),np.float64(139.99),np.float64(35797.95862134898),np.float64(35.79795862134898),,
2019-04-01,JPM,sell,np.float64(350.88725981191453),np.float64(102.18),np.float64(35853.66020758143),np.float64(35.85366020758143),,
2019-04-01,TSLA,sell,np.float64(134.78175336525567),np.float64(282.62),np.float64(38092.01913608856),np.float64(38.09201913608856),,
2019-04-01,AMD,buy,np.float64(1372.7226446527584),np.float64(26.42),np.float64(36267.33227172588),np.float64(36.26733227172588),np.float64(0.9980019980019983),
2019-04-01,CRM,buy,np.float64(226.529245919587),np.float64(160.1),np.float64(36267.33227172588),np.float64(36.26733227172588),np.float64(0.9980019980019983),
2019-04-01,GOOGL,buy,np.float64(30.53988267487906),np.float64(1187.54),np.float64(36267.33227172588),np.float64(36.26733227172588),np.float64(0.9980019980019983),
2019-04-01,NFLX,buy,np.float64(101.02320967054563),np.float64(359.0),np.float64(36267.33227172588),np.float64(36.26733227172588),np.float64(0.9980019980019983),
2019-04-01,WMT,buy,np.float64(370.1881419998559),np.float64(97.97),np.float64(36267.33227172588),np.float64(36.26733227172588),np.float64(0.9980019980019983),
2019-04-08,AMD,sell,np.float64(1372.7226446527584),np.float64(28.69),np.float64(39383.41267508764),np.float64(39.38341267508764),,
2019-04-08,CRM,sell,np.float64(226.529245919587),np.float64(158.4),np.float64(35882.23255366258),np.float64(35.88223255366258),,
2019-04-08,GOOGL,sell,np.float64(30.53988267487906),np.float64(1211.11),np.float64(36987.15730637278),np.float64(36.98715730637278),,
2019-04-08,NFLX,sell,np.float64(101.02320967054563),np.float64(365.11),np.float64(36884.584082812915),np.float64(36.884584082812914),,
2019-04-08,WMT,sell,np.float64(370.1881419998559),np.float64(98.37),np.float64(36415.40752852582),np.float64(36.415407528525826),,
2019-04-08,ADBE,buy,np.float64(138.73393713891392),np.float64(266.96),np.float64(37036.41185860446),np.float64(37.03641185860446),np.float64(0.9980019980019981),
2019-04-08,JNJ,buy,np.float64(272.2264745211647),np.float64(136.05),np.float64(37036.41185860446),np.float64(37.03641185860446),np.float64(0.9980019980019981),
2019-04-08,KO,buy,np.float64(795.6264631279154),np.float64(46.55),np.float64(37036.41185860446),np.float64(37.03641185860446),np.float64(0.9980019980019981),
2019-04-08,ORCL,buy,np.float64(689.3060089075834),np.float64(53.73),np.float64(37036.41185860446),np.float64(37.03641185860446),np.float64(0.9980019980019981),
2019-04-08,PEP,buy,np.float64(304.27548355738134),np.float64(121.72),np.float64(37036.41185860446),np.float64(37.03641185860446),np.float64(0.9980019980019981),
2019-04-15,ADBE,sell,np.float64(138.73393713891392),np.float64(271.86),np.float64(37716.20815058514),np.float64(37.71620815058514),,
2019-04-15,JNJ,sell,np.float64(272.2264745211647),np.float64(136.0),np.float64(37022.8005348784),np.float64(37.0228005348784),,
2019-04-15,KO,sell,np.float64(795.6264631279154),np.float64(46.88),np.float64(37298.96859143668),np.float64(37.298968591436676),,
2019-04-15,ORCL,sell,np.float64(689.3060089075834),np.float64(54.5),np.float64(37567.1774854633),np.float64(37.5671774854633),,
2019-04-15,PEP,sell,np.float64(304.27548355738134),np.float64(122.44),np.float64(37255.49020676577),np.float64(37.25549020676577),,
2019-04-15,COST,buy,np.float64(154.02282889887107),np.float64(242.37),np.float64(37330.51304021938),np.float64(37.33051304021939),np.float64(0.9980028816657919),
2019-04-15,MU,buy,np.float64(884.6093137492744),np.float64(42.2),np.float64(37330.51304021938),np.float64(37.33051304021939),np.float64(0.9980028816657919),
2019-04-15,NFLX,buy,np.float64(106.44268210264715),np.float64(350.71),np.float64(37330.51304021938),np.float64(37.33051304021939),np.float64(0.9980028816657919),
2019-04-15,QCOM,buy,np.float64(653.316644036041),np.float64(57.14),np.float64(37330.51304021938),np.float64(37.33051304021939),np.float64(0.9980028816657919),
2019-04-15,XOM,buy,np.float64(461.49725602941504),np.float64(80.89),np.float64(37330.51304021938),np.float64(37.33051304021939),np.float64(0.9980028816657919),
2019-04-22,COST,sell,np.float64(154.02282889887107),np.float64(245.19),np.float64(37764.8574177142),np.float64(37.764857417714204),,
2019-04-22,MU,sell,np.float64(884.6093137492744),np.float64(43.14),np.float64(38162.0457951437),np.float64(38.1620457951437),,
2019-04-22,QCOM,sell,np.float64(653.316644036041),np.float64(79.83),np.float64(52154.26769339715),np.float64(52.15426769339715),,
2019-04-22,ADBE,buy,np.float64(151.02178425362032),np.float64(269.82),np.float64(40748.69782731184),np.float64(40.74869782731184),np.float64(0.9980019980019978),
2019-04-22,CRM,buy,np.float64(262.13379110525466),np.float64(155.45),np.float64(40748.69782731184),np.float64(40.74869782731184),np.float64(0.9980019980019978),
2019-04-22,JNJ,buy,np.float64(297.43575056431996),np.float64(137.0),np.float64(40748.69782731184),np.float64(40.74869782731184),np.float64(0.9980019980019978),
2019-04-22,NFLX,buy,np.float64(7.0552222466699135),np.float64(359.7),np.float64(2537.7634421271678),np.float64(2.5377634421271678),np.float64(0.9980019980019978),
2019-04-22,XOM,buy,np.float64(37.14923105918229),np.float64(81.87),np.float64(3041.4075468152546),np.float64(3.041407546815255),np.float64(0.9980019980019978),
2019-04-29,ADBE,sell,np.float64(151.02178425362032),np.float64(286.46),np.float64(43261.700317292074),np.float64(43.261700317292075),,
2019-04-29,CRM,sell,np.float64(262.13379110525466),np.float64(166.71),np.float64(43700.324315157006),np.float64(43.700324315157005),,
2019-04-29,JNJ,sell,np.float64(297.43575056431996),np.float64(140.35),np.float64(41745.107591702304),np.float64(41.74510759170231),,
2019-04-29,NFLX,sell,np.float64(113.49790434931707),np.float64(373.68),np.float64(42411.8968972528),np.float64(42.4118968972528),,
2019-04-29,XOM,sell,np.float64(498.6464870885973),np.float64(80.12),np.float64(39951.55654553842),np.float64(39.95155654553842),,
2019-04-29,AVGO,buy,np.float64(135.3610501317701),np.float64(311.24),np.float64(42129.773243012125),np.float64(42.129773243012124),np.float64(0.998001998001998),
2019-04-29,INTC,buy,np.float64(807.5478865825594),np.float64(52.17),np.float64(42129.773243012125),np.float64(42.129773243012124),np.float64(0.998001998001998),
2019-04-29,NVDA,buy,np.float64(236.14020090248374),np.float64(178.41),np.float64(42129.773243012125),np.float64(42.129773243012124),np.float64(0.998001998001998),
2019-04-29,TSLA,buy,np.float64(178.62195049186857),np.float64(235.86),np.float64(42129.773243012125),np.float64(42.129773243012124),np.float64(0.998001998001998),
2019-04-29,WMT,buy,np.float64(413.5234908030244),np.float64(101.88),np.float64(42129.773243012125),np.float64(42.129773243012124),np.float64(0.998001998001998),
2019-05-06,AVGO,sell,np.float64(135.3610501317701),np.float64(306.79),np.float64(41527.41656992575),np.float64(41.52741656992575),,
2019-05-06,INTC,sell,np.float64(807.5478865825594),np.float64(50.25),np.float64(40579.28130077361),np.float64(40.57928130077361),,
2019-05-06,NVDA,sell,np.float64(236.14020090248374),np.float64(175.5),np.float64(41442.6052583859),np.float64(41.442605258385896),,
2019-05-06,TSLA,sell,np.float64(178.62195049186857),np.float64(250.02),np.float64(44659.06006197698),np.float64(44.65906006197699),,
2019-05-06,WMT,sell,np.float64(413.5234908030244),np.float64(100.75),np.float64(41662.49169840471),np.float64(41.66249169840471),,
2019-05-06,CRM,buy,np.float64(264.41262887768016),np.float64(158.62),np.float64(41941.13119257763),np.float64(41.941131192577636),np.float64(0.9980032073925023),
2019-05-06,CSCO,buy,np.float64(778.7064833378691),np.float64(53.86),np.float64(41941.13119257763),np.float64(41.941131192577636),np.float64(0.9980032073925023),
2019-05-06,GOOGL,buy,np.float64(35.78594811653382),np.float64(1172.0),np.float64(41941.13119257763),np.float64(41.941131192577636),np.float64(0.9980032073925023),
2019-05-06,ORCL,buy,np.float64(778.128593554316),np.float64(53.9),np.float64(41941.13119257763),np.float64(41.941131192577636),np.float64(0.9980032073925023),
2019-05-06,XOM,buy,np.float64(545.2565157641397),np.float64(76.92),np.float64(41941.13119257763),np.float64(41.941131192577636),np.float64(0.9980032073925023),
2019-05-13,CRM,sell,np.float64(264.41262887768016),np.float64(154.92),np.float64(40962.80446573021),np.float64(40.96280446573021),,
2019-05-13,CSCO,sell,np.float64(778.7064833378691),np.float64(51.83),np.float64(40360.357031401756),np.float64(40.360357031401755),,
2019-05-13,GOOGL,sell,np.float64(35.78594811653382),np.float64(1145.24),np.float64(40983.49922097919),np.float64(40.98349922097919),,
2019-05-13,ORCL,sell,np.float64(778.128593554316),np.float64(53.72),np.float64(41801.068045737855),np.float64(41.80106804573786),,
2019-05-13,XOM,sell,np.float64(545.2565157641397),np.float64(75.65),np.float64(41248.65541755717),np.float64(41.248655417557174),,
2019-05-13,AAPL,buy,np.float64(218.8695125299181),np.float64(187.71),np.float64(41083.99619699093),np.float64(41.08399619699093),np.float64(0.9980043003754409),
2019-05-13,AMAT,buy,np.float64(1046.4594038968653),np.float64(39.26),np.float64(41083.99619699093),np.float64(41.08399619699093),np.float64(0.9980043003754409),
2019-05-13,INTC,buy,np.float64(906.3312639971526),np.float64(45.33),np.float64(41083.99619699093),np.float64(41.08399619699093),np.float64(0.9980043003754409),
2019-05-13,MU,buy,np.float64(1099.6786990629264),np.float64(37.36),np.float64(41083.99619699093),np.float64(41.08399619699093),np.float64(0.9980043003754409),
2019-05-13,NVDA,buy,np.float64(251.27826420177936),np.float64(163.5),np.float64(41083.99619699093),np.float64(41.08399619699093),np.float64(0.9980043003754409),
2019-05-20,AAPL,sell,np.float64(0.5853011261337826),np.float64(183.52),np.float64(107.41446266807179),np.float64(0.1074144626680718),,
2019-05-20,AMAT,sell,np.float64(1046.4594038968653),np.float64(41.8),np.float64(43742.003082888965),np.float64(43.742003082888964),,
2019-05-20,INTC,sell,np.float64(906.3312639971526),np.float64(43.96),np.float64(39842.32236531483),np.float64(39.84232236531483),,
2019-05-20,AVGO,buy,np.float64(143.81107726211084),np.float64(278.0),np.float64(39979.479478866815),np.float64(39.979479478866814),np.float64(0.9980019980019982),
2019-05-20,MU,buy,np.float64(53.00707927184831),np.float64(34.75),np.float64(1841.9960046967287),np.float64(1.8419960046967288),np.float64(0.9980019980019982),
2019-05-20,NVDA,buy,np.float64(11.298385348301085),np.float64(152.55),np.float64(1723.5686848833307),np.float64(1.7235686848833307),np.float64(0.9980019980019982),
2019-05-20,TSLA,buy,np.float64(197.1374727754774),np.float64(202.8),np.float64(39979.479478866815),np.float64(39.979479478866814),np.float64(0.9980019980019982),
2019-05-28,AAPL,sell,np.float64(218.28421140378433),np.float64(178.91),np.float64(39053.228262251054),np.float64(39.053228262251054),,
2019-05-28,MU,sell,np.float64(1152.6857783347748),np.float64(34.15),np.float64(39364.21933013256),np.float64(39.36421933013256),,
2019-05-28,NVDA,sell,np.float64(0.2604962749270199),np.float64(145.86),np.float64(37.995986660855124),np.float64(0.03799598666085512),,
2019-05-28,AMAT,buy,np.float64(959.180801178153),np.float64(39.81),np.float64(38184.98769490227),np.float64(38.184987694902276),np.float64(0.9980019980019981),
2019-05-28,AVGO,buy,np.float64(5.30498926785702),np.float64(256.57),np.float64(1361.1010964540756),np.float64(1.3611010964540755),np.float64(0.9980019980019981),
2019-05-28,QCOM,buy,np.float64(573.0040170303462),np.float64(66.64),np.float64(38184.98769490227),np.float64(38.184987694902276),np.float64(0.9980019980019981),
2019-05-28,TSLA,buy,np.float64(2.9686870280376985),np.float64(191.2),np.float64(567.6129597608079),np.float64(0.567612959760808),np.float64(0.9980019980019981),
2019-06-03,AMAT,sell,np.float64(959.180801178153),np.float64(38.97),np.float64(37379.275821912626),np.float64(37.37927582191263),,
2019-06-03,AVGO,sell,np.float64(149.11606652996787),np.float64(252.55),np.float64(37659.26260214339),np.float64(37.65926260214339),,
2019-06-03,QCOM,sell,np.float64(573.0040170303462),np.float64(67.09),np.float64(38442.83950256593),np.float64(38.442839502565924),,
2019-06-03,JNJ,buy,np.float64(282.77456847752995),np.float64(131.5),np.float64(37184.855754795186),np.float64(37.18485575479519),np.float64(0.9980023673414897),
2019-06-03,NVDA,buy,np.float64(11.806973298075386),np.float64(135.91),np.float64(1604.6857409414256),np.float64(1.6046857409414257),np.float64(0.9980023673414897),
2019-06-03,ORCL,buy,np.float64(735.4599635046516),np.float64(50.56),np.float64(37184.855754795186),np.float64(37.18485575479519),np.float64(0.9980023673414897),
2019-06-03,TSLA,buy,np.float64(0.7402164698923347),np.float64(185.51),np.float64(137.317557329727),np.float64(0.137317557329727),np.float64(0.9980023673414897),
2019-06-03,XOM,buy,np.float64(523.067319662332),np.float64(71.09),np.float64(37184.855754795186),np.float64(37.18485575479519),np.float64(0.9980023673414897),
2019-06-10,JNJ,sell,np.float64(282.77456847752995),np.float64(138.6),np.float64(39192.55519098565),np.float64(39.19255519098565),,
2019-06-10,NVDA,sell,np.float64(274.12312657322883),np.float64(147.76),np.float64(40504.43318246029),np.float64(40.504433182460296),,
2019-06-10,ORCL,sell,np.float64(735.4599635046516),np.float64(53.74),np.float64(39523.61843873998),np.float64(39.52361843873998),,
2019-06-10,TSLA,sell,np.float64(200.84637627340743),np.float64(210.25),np.float64(42227.95061148391),np.float64(42.22795061148391),,
2019-06-10,XOM,sell,np.float64(523.067319662332),np.float64(75.19),np.float64(39329.43176541074),np.float64(39.329431765410746),,
2019-06-10,ADBE,buy,np.float64(142.6271153573393),np.float64(280.98),np.float64(40075.3668731052),np.float64(40.0753668731052),np.float64(0.998001998001998),
2019-06-10,AMZN,buy,np.float64(21.995261730573656),np.float64(1822.0),np.float64(40075.3668731052),np.float64(40.0753668731052),np.float64(0.998001998001998),
2019-06-10,GOOGL,buy,np.float64(37.210182797683565),np.float64(1077.0),np.float64(40075.3668731052),np.float64(40.0753668731052),np.float64(0.998001998001998),
2019-06-10,JPM,buy,np.float64(361.85432842532913),np.float64(110.75),np.float64(40075.3668731052),np.float64(40.0753668731052),np.float64(0.998001998001998),
2019-06-10,META,buy,np.float64(229.32971028958627),np.float64(174.75),np.float64(40075.3668731052),np.float64(40.0753668731052),np.float64(0.998001998001998),
2019-06-17,ADBE,sell,np.float64(142.6271153573393),np.float64(274.63),np.float64(39169.684690586095),np.float64(39.169684690586095),,
2019-06-17,AMZN,sell,np.float64(21.995261730573656),np.float64(1876.5),np.float64(41274.108637421465),np.float64(41.27410863742146),,
2019-06-17,GOOGL,sell,np.float64(37.210182797683565),np.float64(1089.1),np.float64(40525.61008495717),np.float64(40.525610084957165),,
2019-06-17,JPM,sell,np.float64(361.85432842532913),np.float64(109.7),np.float64(39695.41982825861),np.float64(39.69541982825861),,
2019-06-17,META,sell,np.float64(229.32971028958627),np.float64(185.01),np.float64(42428.28970067635),np.float64(42.42828970067635),,
2019-06-17,AMD,buy,np.float64(1340.0815371666865),np.float64(30.25),np.float64(40537.46649929227),np.float64(40.53746649929227),np.float64(0.998001998001998),
2019-06-17,AVGO,buy,np.float64(153.0639876880089),np.float64(264.84),np.float64(40537.46649929227),np.float64(40.53746649929227),np.float64(0.998001998001998),
2019-06-17,CRM,buy,np.float64(269.88992343070754),np.float64(150.2),np.float64(40537.46649929227),np.float64(40.53746649929227),np.float64(0.998001998001998),
2019-06-17,MU,buy,np.float64(1245.7734019450606),np.float64(32.54),np.float64(40537.46649929227),np.float64(40.53746649929227),np.float64(0.998001998001998),
2019-06-17,NFLX,buy,np.float64(118.2919446126011),np.float64(342.69),np.float64(40537.46649929227),np.float64(40.53746649929227),np.float64(0.998001998001998),
2019-06-24,AVGO,sell,np.float64(153.0639876880089),np.float64(275.52),np.float64(42172.18988780021),np.float64(42.17218988780021),,
2019-06-24,CRM,sell,np.float64(269.88992343070754),np.float64(157.39),np.float64(42477.97504875906),np.float64(42.477975048759056),,
2019-06-24,MU,sell,np.float64(1245.7734019450606),np.float64(33.2),np.float64(41359.676944576015),np.float64(41.359676944576016),,
2019-06-24,NFLX,sell,np.float64(118.2919446126011),np.float64(370.27),np.float64(43799.95833170781),np.float64(43.799958331707806),,
2019-06-24,AMD,buy,np.float64(88.8445629652217),np.float64(29.32),np.float64(2604.9225861403),np.float64(2.6049225861403),np.float64(0.9980043785992058),
2019-06-24,JNJ,buy,np.float64(293.6224049635189),np.float64(142.42),np.float64(41817.70291490435),np.float64(41.81770291490435),np.float64(0.9980043785992058),
2019-06-24,JPM,buy,np.float64(382.66565624912477),np.float64(109.28),np.float64(41817.70291490435),np.float64(41.81770291490435),np.float64(0.9980043785992058),
2019-06-24,KO,buy,np.float64(808.2277331833079),np.float64(51.74),np.float64(41817.70291490435),np.float64(41.81770291490435),np.float64(0.9980043785992058),
2019-06-24,PEP,buy,np.float64(310.56593327073415),np.float64(134.65),np.float64(41817.70291490435),np.float64(41.81770291490435),np.float64(0.9980043785992058),
2019-07-01,AMD,sell,np.float64(1428.9261001319082),np.float64(31.79),np.float64(45425.56072319336),np.float64(45.425560723193364),,
2019-07-01,JPM,sell,np.float64(382.66565624912477),np.float64(113.23),np.float64(43329.2322570884),np.float64(43.3292322570884),,
2019-07-01,CSCO,buy,np.float64(766.517146137916),np.float64(55.26),np.float64(42357.73749558124),np.float64(42.35773749558124),np.float64(0.998001998001998),
2019-07-01,GOOGL,buy,np.float64(38.47066182480313),np.float64(1101.04),np.float64(42357.73749558124),np.float64(42.35773749558124),np.float64(0.998001998001998),
2019-07-01,JNJ,buy,np.float64(9.087915781560573),np.float64(140.2),np.float64(1274.1257925747923),np.float64(1.2741257925747924),np.float64(0.998001998001998),
2019-07-01,KO,buy,np.float64(22.30564943032426),np.float64(51.1),np.float64(1139.8186858895697),np.float64(1.1398186858895698),np.float64(0.998001998001998),
2019-07-01,PEP,buy,np.float64(10.970840646625357),np.float64(131.99),np.float64(1448.041256948081),np.float64(1.448041256948081),np.float64(0.998001998001998),
2019-07-08,CSCO,sell,np.float64(766.517146137916),np.float64(56.25),np.float64(43116.58947025778),np.float64(43.11658947025778),,
2019-07-08,GOOGL,sell,np.float64(38.47066182480313),np.float64(1125.87),np.float64(43312.964028691094),np.float64(43.3129640286911),,
2019-07-08,KO,sell,np.float64(830.5333826136322),np.float64(52.2),np.float64(43353.842572431604),np.float64(43.3538425724316),,
2019-07-08,PEP,sell,np.float64(321.5367739173595),np.float64(133.1),np.float64(42796.544608400545),np.float64(42.796544608400545),,
2019-07-08,AMAT,buy,np.float64(995.4966895274457),np.float64(43.16),np.float64(42965.637120004554),np.float64(42.96563712000456),np.float64(0.9980035485703846),
2019-07-08,AVGO,buy,np.float64(153.44870400001628),np.float64(280.0),np.float64(42965.637120004554),np.float64(42.96563712000456),np.float64(0.9980035485703846),
2019-07-08,JNJ,buy,np.float64(4.57237774182514),np.float64(140.1),np.float64(640.5901216297021),np.float64(0.6405901216297022),np.float64(0.9980035485703846),
2019-07-08,NVDA,buy,np.float64(272.2273149591621),np.float64(157.83),np.float64(42965.637120004554),np.float64(42.96563712000456),np.float64(0.9980035485703846),
2019-07-08,XOM,buy,np.float64(564.2978345154262),np.float64(76.14),np.float64(42965.637120004554),np.float64(42.96563712000456),np.float64(0.9980035485703846),
2019-07-15,AMAT,sell,np.float64(995.4966895274457),np.float64(46.85),np.float64(46639.01990436083),np.float64(46.63901990436083),,
2019-07-15,AVGO,sell,np.float64(153.44870400001628),np.float64(291.1035),np.float64(44669.454804868736),np.float64(44.669454804868735),,
2019-07-15,NVDA,sell,np.float64(272.2273149591621),np.float64(168.46),np.float64(45859.41347802045),np.float64(45.85941347802045),,
2019-07-15,XOM,sell,np.float64(564.2978345154262),np.float64(77.63),np.float64(43806.44089343253),np.float64(43.80644089343254),,
2019-07-15,AAPL,buy,np.float64(217.75212252145408),np.float64(204.06),np.float64(44434.49812172792),np.float64(44.43449812172792),np.float64(0.9980019980019978),
2019-07-15,JNJ,buy,np.float64(21.212732605376388),np.float64(135.52),np.float64(2874.749522680608),np.float64(2.874749522680608),np.float64(0.9980019980019978),
2019-07-15,KO,buy,np.float64(849.9330168654919),np.float64(52.28),np.float64(44434.49812172792),np.float64(44.43449812172792),np.float64(0.9980019980019978),
2019-07-15,NFLX,buy,np.float64(119.14650646679874),np.float64(372.94),np.float64(44434.49812172792),np.float64(44.43449812172792),np.float64(0.9980019980019978),
2019-07-15,PEP,buy,np.float64(332.59354881532875),np.float64(133.6),np.float64(44434.49812172792),np.float64(44.43449812172792),np.float64(0.9980019980019978),
2019-07-22,AAPL,sell,np.float64(217.75212252145408),np.float64(203.65),np.float64(44345.21975149412),np.float64(44.34521975149412),,
2019-07-22,JNJ,sell,np.float64(3.2461741308129253),np.float64(130.0),np.float64(422.0026370056803),np.float64(0.4220026370056803),,
2019-07-22,KO,sell,np.float64(849.9330168654919),np.float64(51.52),np.float64(43788.54902891015),np.float64(43.788549028910154),,
2019-07-22,PEP,sell,np.float64(8.56562786360183),np.float64(130.49),np.float64(1117.7287799214027),np.float64(1.1177287799214028),,
2019-07-22,NFLX,buy,np.float64(16.341301947931225),np.float64(312.0),np.float64(5098.486207754542),np.float64(5.098486207754542),np.float64(0.9980019980019982),
2019-07-22,ORCL,buy,np.float64(729.0587954130505),np.float64(57.88),np.float64(42197.92307850736),np.float64(42.19792307850736),np.float64(0.9980019980019982),
2019-07-22,XOM,buy,np.float64(560.8442727074344),np.float64(75.24),np.float64(42197.92307850736),np.float64(42.19792307850736),np.float64(0.9980019980019982),
2019-07-29,JNJ,sell,np.float64(325.2492569614681),np.float64(131.0),np.float64(42607.65266195232),np.float64(42.60765266195232),,
2019-07-29,NFLX,sell,np.float64(135.48780841472995),np.float64(335.98),np.float64(45521.19387118097),np.float64(45.52119387118097),,
2019-07-29,ORCL,sell,np.float64(729.0587954130505),np.float64(58.79),np.float64(42861.366582333234),np.float64(42.86136658233323),,
2019-07-29,PEP,sell,np.float64(324.0279209517269),np.float64(131.5),np.float64(42609.67160515209),np.float64(42.609671605152094),,
2019-07-29,AMZN,buy,np.float64(22.296905991116695),np.float64(1930.0),np.float64(43033.02856285522),np.float64(43.03302856285522),np.float64(0.9980019980019982),
2019-07-29,COST,buy,np.float64(153.1370006862931),np.float64(281.01),np.float64(43033.02856285522),np.float64(43.03302856285522),np.float64(0.9980019980019982),
2019-07-29,TSLA,buy,np.float64(189.4976818127404),np.float64(227.09),np.float64(43033.02856285522),np.float64(43.03302856285522),np.float64(0.9980019980019982),
2019-07-29,WMT,buy,np.float64(381.3632449739031),np.float64(112.84),np.float64(43033.02856285522),np.float64(43.03302856285522),np.float64(0.9980019980019982),
2019-07-29,XOM,buy,np.float64(14.969518598731915),np.float64(74.88),np.float64(1120.9175526730457),np.float64(1.1209175526730457),np.float64(0.9980019980019982),
2019-08-05,COST,sell,np.float64(153.1370006862931),np.float64(270.09),np.float64(41360.7725153609),np.float64(41.3607725153609),,
2019-08-05,TSLA,sell,np.float64(189.4976818127404),np.float64(229.6),np.float64(43508.667744205195),np.float64(43.5086677442052),,
2019-08-05,WMT,sell,np.float64(381.3632449739031),np.float64(107.91),np.float64(41152.90776513388),np.float64(41.15290776513388),,
2019-08-05,XOM,sell,np.float64(575.8137913061663),np.float64(70.78),np.float64(40756.100148650454),np.float64(40.756100148650454),,
2019-08-05,AMD,buy,np.float64(1456.7359619845695),np.float64(28.26),np.float64(41167.358285683935),np.float64(41.16735828568394),np.float64(0.998001998001998),
2019-08-05,AMZN,buy,np.float64(1.0031472686675518),np.float64(1770.22),np.float64(1775.7913579406736),np.float64(1.7757913579406737),np.float64(0.998001998001998),
2019-08-05,AVGO,buy,np.float64(151.37840884605234),np.float64(271.95),np.float64(41167.358285683935),np.float64(41.16735828568394),np.float64(0.998001998001998),
2019-08-05,CRM,buy,np.float64(291.2647395336347),np.float64(141.34),np.float64(41167.358285683935),np.float64(41.16735828568394),np.float64(0.998001998001998),
2019-08-05,NVDA,buy,np.float64(267.6681292957343),np.float64(153.8),np.float64(41167.358285683935),np.float64(41.16735828568394),np.float64(0.998001998001998),
2019-08-12,AMD,sell,np.float64(1456.7359619845695),np.float64(34.16),np.float64(49762.10046139289),np.float64(49.76210046139289),,
2019-08-12,AMZN,sell,np.float64(23.300053259784246),np.float64(1795.99),np.float64(41846.66265403991),np.float64(41.84666265403991),,
2019-08-12,AVGO,sell,np.float64(151.37840884605234),np.float64(273.38),np.float64(41383.82941033379),np.float64(41.38382941033379),,
2019-08-12,CRM,sell,np.float64(291.2647395336347),np.float64(141.5),np.float64(41213.96064400931),np.float64(41.21396064400931),,
2019-08-12,INTC,buy,np.float64(937.4306146248774),np.float64(45.76),np.float64(42896.82492523439),np.float64(42.89682492523439),np.float64(0.9980019980019981),
2019-08-12,JPM,buy,np.float64(395.5811962858206),np.float64(108.44),np.float64(42896.82492523439),np.float64(42.89682492523439),np.float64(0.9980019980019981),
2019-08-12,MU,buy,np.float64(1044.9896449508988),np.float64(41.05),np.float64(42896.82492523439),np.float64(42.89682492523439),np.float64(0.9980019980019981),
2019-08-12,NVDA,buy,np.float64(14.934169039585136),np.float64(152.08),np.float64(2271.1884275401076),np.float64(2.2711884275401077),np.float64(0.9980019980019981),
2019-08-12,ORCL,buy,np.float64(799.1211796802233),np.float64(53.68),np.float64(42896.82492523439),np.float64(42.89682492523439),np.float64(0.9980019980019981),
2019-08-19,INTC,sell,np.float64(937.4306146248774),np.float64(47.46),np.float64(44490.45697009668),np.float64(44.49045697009668),,
2019-08-19,JPM,sell,np.float64(395.5811962858206),np.float64(109.63),np.float64(43367.56654881452),np.float64(43.367566548814516),,
2019-08-19,MU,sell,np.float64(1044.9896449508988),np.float64(44.67),np.float64(46679.68743995665),np.float64(46.67968743995665),,
2019-08-19,NVDA,sell,np.float64(282.6022983353194),np.float64(164.12),np.float64(46380.68920279262),np.float64(46.380689202792624),,
2019-08-19,ORCL,sell,np.float64(799.1211796802233),np.float64(54.22),np.float64(43328.350362261706),np.float64(43.32835036226171),,
2019-08-19,ADBE,buy,np.float64(153.64458675568443),np.float64(291.32),np.float64(44759.74101366599),np.float64(44.75974101366599),np.float64(0.998001998001998),
2019-08-19,AMD,buy,np.float64(1398.7419066770622),np.float64(32.0),np.float64(44759.74101366599),np.float64(44.75974101366599),np.float64(0.998001998001998),
2019-08-19,CSCO,buy,np.float64(934.4413572790395),np.float64(47.9),np.float64(44759.74101366599),np.float64(44.75974101366599),np.float64(0.998001998001998),
2019-08-19,TSLA,buy,np.float64(199.63311633587256),np.float64(224.21),np.float64(44759.74101366599),np.float64(44.75974101366599),np.float64(0.998001998001998),
2019-08-19,XOM,buy,np.float64(648.9740613841669),np.float64(68.97),np.float64(44759.74101366599),np.float64(44.75974101366599),np.float64(0.998001998001998),
2019-08-26,ADBE,sell,np.float64(153.64458675568443),np.float64(284.86),np.float64(43767.19698322427),np.float64(43.76719698322427),,
2019-08-26,CSCO,sell,np.float64(934.4413572790395),np.float64(47.05),np.float64(43965.46585997881),np.float64(43.965465859978806),,
2019-08-26,TSLA,sell,np.float64(199.63311633587256),np.float64(213.6),np.float64(42641.63364934238),np.float64(42.64163364934238),,
2019-08-26,XOM,sell,np.float64(648.9740613841669),np.float64(68.12),np.float64(44208.11306148946),np.float64(44.208113061489456),,
2019-08-26,AMD,buy,np.float64(31.782723986277034),np.float64(30.34),np.float64(964.2878457436452),np.float64(0.9642878457436452),np.float64(0.9980019980019981),
2019-08-26,INTC,buy,np.float64(945.380323576966),np.float64(45.82),np.float64(43317.32642629658),np.float64(43.31732642629658),np.float64(0.9980019980019981),
2019-08-26,JNJ,buy,np.float64(339.9570430567931),np.float64(127.42),np.float64(43317.32642629658),np.float64(43.31732642629658),np.float64(0.9980019980019981),
2019-08-26,NFLX,buy,np.float64(146.7190300308108),np.float64(295.24),np.float64(43317.32642629658),np.float64(43.31732642629658),np.float64(0.9980019980019981),
2019-08-26,ORCL,buy,np.float64(830.7887692040005),np.float64(52.14),np.float64(43317.32642629658),np.float64(43.31732642629658),np.float64(0.9980019980019981),
2019-09-03,AMD,sell,np.float64(1430.5246306633392),np.float64(30.83),np.float64(44103.074363350745),np.float64(44.10307436335074),,
2019-09-03,INTC,sell,np.float64(945.380323576966),np.float64(47.12),np.float64(44546.32084694663),np.float64(44.546320846946635),,
2019-09-03,NFLX,sell,np.float64(146.7190300308108),np.float64(290.82),np.float64(42668.8283135604),np.float64(42.668828313560404),,
2019-09-03,ADBE,buy,np.float64(153.065941019765),np.float64(284.25),np.float64(43508.99373486821),np.float64(43.508993734868206),np.float64(0.998001998001998),
2019-09-03,CSCO,buy,np.float64(933.0687054443106),np.float64(46.63),np.float64(43508.99373486821),np.float64(43.508993734868206),np.float64(0.998001998001998),
2019-09-03,JNJ,buy,np.float64(0.6627632052685687),np.float64(127.99),np.float64(84.82706264232411),np.float64(0.0848270626423241),np.float64(0.998001998001998),
2019-09-03,ORCL,buy,np.float64(8.549117898269433),np.float64(51.94),np.float64(444.0411836361143),np.float64(0.4440411836361143),np.float64(0.998001998001998),
2019-09-03,XOM,buy,np.float64(640.8748524800149),np.float64(67.89),np.float64(43508.99373486821),np.float64(43.508993734868206),np.float64(0.998001998001998),
2019-09-09,CSCO,sell,np.float64(933.0687054443106),np.float64(48.97),np.float64(45692.37450560789),np.float64(45.692374505607894),,
2019-09-09,ORCL,sell,np.float64(839.3378871022699),np.float64(53.62),np.float64(45005.29750642371),np.float64(45.00529750642371),,
2019-09-09,XOM,sell,np.float64(640.8748524800149),np.float64(71.16),np.float64(45604.65450247785),np.float64(45.60465450247786),,
2019-09-09,ADBE,buy,np.float64(3.1180408200545657),np.float64(286.52),np.float64(893.3810557620342),np.float64(0.8933810557620342),np.float64(0.9980019980019978),
2019-09-09,CRM,buy,np.float64(294.48904915722466),np.float64(151.66),np.float64(44662.20919518469),np.float64(44.66220919518469),np.float64(0.9980019980019978),
2019-09-09,JNJ,buy,np.float64(8.984262128789414),np.float64(128.0),np.float64(1149.985552485045),np.float64(1.149985552485045),np.float64(0.9980019980019978),
2019-09-09,KO,buy,np.float64(811.5974776519115),np.float64(55.03),np.float64(44662.20919518469),np.float64(44.66220919518469),np.float64(0.9980019980019978),
2019-09-09,NFLX,buy,np.float64(151.49489228718392),np.float64(294.81),np.float64(44662.20919518469),np.float64(44.66220919518469),np.float64(0.9980019980019978),
2019-09-16,CRM,sell,np.float64(294.48904915722466),np.float64(151.65),np.float64(44659.26430469312),np.float64(44.65926430469312),,
2019-09-16,JNJ,sell,np.float64(349.60406839085107),np.float64(130.11),np.float64(45486.98533833364),np.float64(45.48698533833364),,
2019-09-16,NFLX,sell,np.float64(151.49489228718392),np.float64(294.23),np.float64(44574.342157658124),np.float64(44.57434215765812),,
2019-09-16,ADBE,buy,np.float64(4.429146632616099),np.float64(276.62),np.float64(1225.1905415142653),np.float64(1.2251905415142654),np.float64(0.9980043995283199),
2019-09-16,COST,buy,np.float64(152.60552172437366),np.float64(290.57),np.float64(44342.58644745126),np.float64(44.34258644745126),np.float64(0.9980043995283199),
2019-09-16,KO,buy,np.float64(9.663300954001162),np.float64(54.1),np.float64(522.7845816114628),np.float64(0.5227845816114629),np.float64(0.9980043995283199),
2019-09-16,MSFT,buy,np.float64(326.45650038615366),np.float64(135.83),np.float64(44342.58644745126),np.float64(44.34258644745126),np.float64(0.9980043995283199),
2019-09-16,PEP,buy,np.float64(325.1161114997526),np.float64(136.39),np.float64(44342.58644745126),np.float64(44.34258644745126),np.float64(0.9980043995283199),
2019-09-23,ADBE,sell,np.float64(160.61312847243568),np.float64(275.93),np.float64(44317.98053939918),np.float64(44.31798053939918),,
2019-09-23,COST,sell,np.float64(152.60552172437366),np.float64(286.35),np.float64(43698.5911457744),np.float64(43.6985911457744),,
2019-09-23,KO,sell,np.float64(821.2607786059127),np.float64(53.91),np.float64(44274.168574644755),np.float64(44.274168574644754),,
2019-09-23,MSFT,sell,np.float64(326.45650038615366),np.float64(139.23),np.float64(45452.53854876417),np.float64(45.45253854876417),,
2019-09-23,PEP,sell,np.float64(325.1161114997526),np.float64(134.96),np.float64(43877.67040800661),np.float64(43.877670408006615),,
2019-09-23,AMZN,buy,np.float64(24.893432765025917),np.float64(1777.0),np.float64(44235.630023451056),np.float64(44.23563002345106),np.float64(0.9980019980019981),
2019-09-23,INTC,buy,np.float64(870.2661818503061),np.float64(50.83),np.float64(44235.630023451056),np.float64(44.23563002345106),np.float64(0.9980019980019981),
2019-09-23,NFLX,buy,np.float64(164.84611236822394),np.float64(268.345),np.float64(44235.630023451056),np.float64(44.23563002345106),np.float64(0.9980019980019981),
2019-09-23,NVDA,buy,np.float64(256.14145931355563),np.float64(172.7),np.float64(44235.630023451056),np.float64(44.23563002345106),np.float64(0.9980019980019981),
2019-09-23,QCOM,buy,np.float64(576.9613932887838),np.float64(76.67),np.float64(44235.630023451056),np.float64(44.23563002345106),np.float64(0.9980019980019981),
2019-09-30,INTC,sell,np.float64(870.2661818503061),np.float64(51.19),np.float64(44548.92584891717),np.float64(44.54892584891717),,
2019-09-30,NFLX,sell,np.float64(164.84611236822394),np.float64(264.0),np.float64(43519.37366521112),np.float64(43.51937366521112),,
2019-09-30,NVDA,sell,np.float64(256.14145931355563),np.float64(172.81),np.float64(44263.80558397555),np.float64(44.26380558397555),,
2019-09-30,QCOM,sell,np.float64(576.9613932887838),np.float64(76.89),np.float64(44362.56152997459),np.float64(44.36256152997459),,
2019-09-30,AMZN,buy,np.float64(0.5468907893090612),np.float64(1726.99),np.float64(944.4749242288557),np.float64(0.9444749242288557),np.float64(0.9980019980019983),
2019-09-30,AVGO,buy,np.float64(158.9952095859988),np.float64(275.79),np.float64(43849.28885172261),np.float64(43.84928885172261),np.float64(0.9980019980019983),
2019-09-30,CRM,buy,np.float64(296.3791068044786),np.float64(147.95),np.float64(43849.28885172261),np.float64(43.84928885172261),np.float64(0.9980019980019983),
2019-09-30,META,buy,np.float64(246.34431939170005),np.float64(178.0),np.float64(43849.28885172261),np.float64(43.84928885172261),np.float64(0.9980019980019983),
2019-09-30,MU,buy,np.float64(1019.7509035284328),np.float64(43.0),np.float64(43849.28885172261),np.float64(43.84928885172261),np.float64(0.9980019980019983),
2019-10-07,AMZN,sell,np.float64(25.440323554334977),np.float64(1731.63),np.float64(44053.227476393076),np.float64(44.053227476393076),,
2019-10-07,AVGO,sell,np.float64(158.9952095859988),np.float64(280.01),np.float64(44520.24863617552),np.float64(44.52024863617552),,
2019-10-07,CRM,sell,np.float64(296.3791068044786),np.float64(147.28),np.float64(43650.71485016361),np.float64(43.65071485016361),,
2019-10-07,META,sell,np.float64(246.34431939170005),np.float64(180.0),np.float64(44341.97749050601),np.float64(44.34197749050601),,
2019-10-07,MU,sell,np.float64(1019.7509035284328),np.float64(44.3),np.float64(45174.96502630957),np.float64(45.17496502630957),,
2019-10-07,CSCO,buy,np.float64(932.3703149434019),np.float64(47.47),np.float64(44259.61885036329),np.float64(44.25961885036329),np.float64(0.9980019980019978),
2019-10-07,GOOGL,buy,np.float64(36.66911255208226),np.float64(1207.0),np.float64(44259.61885036329),np.float64(44.25961885036329),np.float64(0.9980019980019978),
2019-10-07,JPM,buy,np.float64(387.6981328868543),np.float64(114.16),np.float64(44259.61885036329),np.float64(44.25961885036329),np.float64(0.9980019980019978),
2019-10-07,TSLA,buy,np.float64(192.60060422264266),np.float64(229.8),np.float64(44259.61885036329),np.float64(44.25961885036329),np.float64(0.9980019980019978),
2019-10-07,XOM,buy,np.float64(644.2448158713725),np.float64(68.7),np.float64(44259.61885036329),np.float64(44.25961885036329),np.float64(0.9980019980019978),
2019-10-14,GOOGL,sell,np.float64(36.66911255208226),np.float64(1213.89),np.float64(44512.26903584714),np.float64(44.51226903584714),,
2019-10-14,JPM,sell,np.float64(387.6981328868543),np.float64(115.85),np.float64(44914.828694942065),np.float64(44.91482869494207),,
2019-10-14,TSLA,sell,np.float64(192.60060422264266),np.float64(247.9),np.float64(47745.68978679312),np.float64(47.74568978679312),,
2019-10-14,XOM,sell,np.float64(644.2448158713725),np.float64(68.6),np.float64(44195.194368776145),np.float64(44.19519436877614),,
2019-10-14,AMZN,buy,np.float64(25.949381922416947),np.float64(1728.91),np.float64(44864.145899485884),np.float64(44.864145899485884),np.float64(0.9980019980019982),
2019-10-14,CSCO,buy,np.float64(33.27657783528233),np.float64(46.55),np.float64(1549.0246982323924),np.float64(1.5490246982323925),np.float64(0.9980019980019982),
2019-10-14,JNJ,buy,np.float64(341.5358244479741),np.float64(131.36),np.float64(44864.145899485884),np.float64(44.864145899485884),np.float64(0.9980019980019982),
2019-10-14,KO,buy,np.float64(838.7389399791715),np.float64(53.49),np.float64(44864.145899485884),np.float64(44.864145899485884),np.float64(0.9980019980019982),
2019-10-14,PEP,buy,np.float64(325.47987448843503),np.float64(137.84),np.float64(44864.145899485884),np.float64(44.864145899485884),np.float64(0.9980019980019982),
2019-10-21,AMZN,sell,np.float64(25.949381922416947),np.float64(1769.66),np.float64(45921.58321282438),np.float64(45.92158321282438),,
2019-10-21,CSCO,sell,np.float64(965.6468927786842),np.float64(47.14),np.float64(45520.59452558718),np.float64(45.52059452558718),,
2019-10-21,KO,sell,np.float64(838.7389399791715),np.float64(54.42),np.float64(45644.17311366651),np.float64(45.64417311366651),,
2019-10-21,PEP,sell,np.float64(325.47987448843503),np.float64(136.34),np.float64(44375.926087753236),np.float64(44.375926087753236),,
2019-10-21,ADBE,buy,np.float64(169.37644577316343),np.float64(265.63),np.float64(44991.4652907254),np.float64(44.9914652907254),np.float64(0.9980019980019982),
2019-10-21,CRM,buy,np.float64(312.22390902654683),np.float64(144.1),np.float64(44991.4652907254),np.float64(44.9914652907254),np.float64(0.9980019980019982),
2019-10-21,JNJ,buy,np.float64(8.812106823983614),np.float64(128.67),np.float64(1133.8537850419714),np.float64(1.1338537850419714),np.float64(0.9980019980019982),
2019-10-21,ORCL,buy,np.float64(817.1352214080166),np.float64(55.06),np.float64(44991.4652907254),np.float64(44.9914652907254),np.float64(0.9980019980019982),
2019-10-21,XOM,buy,np.float64(663.3952416798202),np.float64(67.82),np.float64(44991.4652907254),np.float64(44.9914652907254),np.float64(0.9980019980019982),
2019-10-28,ADBE,sell,np.float64(169.37644577316343),np.float64(271.58),np.float64(45999.25514307572),np.float64(45.99925514307572),,
2019-10-28,CRM,sell,np.float64(312.22390902654683),np.float64(151.2),np.float64(47208.25504481388),np.float64(47.20825504481388),,
2019-10-28,JNJ,sell,np.float64(350.34793127195775),np.float64(128.61),np.float64(45058.24744088649),np.float64(45.05824744088649),,
2019-10-28,XOM,sell,np.float64(663.3952416798202),np.float64(69.46),np.float64(46079.43348708031),np.float64(46.07943348708031),,
2019-10-28,COST,buy,np.float64(154.41287417957946),np.float64(295.7),np.float64(45659.88689490165),np.float64(45.659886894901646),np.float64(0.9980019980019981),
2019-10-28,KO,buy,np.float64(849.6443411779242),np.float64(53.74),np.float64(45659.88689490165),np.float64(45.659886894901646),np.float64(0.9980019980019981),
2019-10-28,ORCL,buy,np.float64(24.60573093060325),np.float64(54.35),np.float64(1337.3214760782867),np.float64(1.3373214760782868),np.float64(0.9980019980019981),
2019-10-28,PEP,buy,np.float64(334.38218158111783),np.float64(136.55),np.float64(45659.88689490165),np.float64(45.659886894901646),np.float64(0.9980019980019981),
2019-10-28,WMT,buy,np.float64(382.89213329057986),np.float64(119.25),np.float64(45659.88689490165),np.float64(45.659886894901646),np.float64(0.9980019980019981),
2019-11-04,COST,sell,np.float64(0.00109415702252474),np.float64(297.16),np.float64(0.3251397008134518),np.float64(0.00032513970081345176),,
2019-11-04,ORCL,sell,np.float64(841.7409523386199),np.float64(55.26),np.float64(46514.60502623213),np.float64(46.51460502623213),,
2019-11-04,KO,buy,np.float64(0.7064430728848595),np.float64(53.96),np.float64(38.11966821286702),np.float64(0.03811966821286702),np.float64(0.9980041489718132),
2019-11-04,PEP,buy,np.float64(1.0324536122436792),np.float64(136.8),np.float64(141.23965415493532),np.float64(0.14123965415493533),np.float64(0.9980041489718132),
2019-11-04,TSLA,buy,np.float64(145.46831295422666),np.float64(314.8),np.float64(45793.42491799055),np.float64(45.793424917990556),np.float64(0.9980041489718132),
2019-11-04,WMT,buy,np.float64(4.6408539044150645),np.float64(118.4),np.float64(549.4771022827437),np.float64(0.5494771022827437),np.float64(0.9980041489718132),
2019-11-11,COST,sell,np.float64(154.41178002255694),np.float64(301.55),np.float64(46562.87226580205),np.float64(46.56287226580205),,
2019-11-11,TSLA,sell,np.float64(145.46831295422666),np.float64(343.95),np.float64(50033.82624060626),np.float64(50.03382624060626),,
2019-11-11,WMT,sell,np.float64(387.5329871949949),np.float64(118.7),np.float64(46000.1655800459),np.float64(46.0001655800459),,
2019-11-11,AMZN,buy,np.float64(26.012706485474695),np.float64(1778.0),np.float64(46250.59213117401),np.float64(46.25059213117401),np.float64(0.9980019980019982),
2019-11-11,KO,buy,np.float64(35.17378932934413),np.float64(52.33),np.float64(1840.6443956045784),np.float64(1.8406443956045786),np.float64(0.9980019980019982),
2019-11-11,META,buy,np.float64(243.66783694839054),np.float64(189.81),np.float64(46250.59213117401),np.float64(46.25059213117401),np.float64(0.9980019980019982),
2019-11-11,MU,buy,np.float64(989.9527425336903),np.float64(46.72),np.float64(46250.59213117401),np.float64(46.25059213117401),np.float64(0.9980019980019982),
2019-11-11,PEP,buy,np.float64(12.925915041525162),np.float64(133.03),np.float64(1719.5344779740924),np.float64(1.7195344779740924),np.float64(0.9980019980019982),
2019-11-18,KO,sell,np.float64(885.5245735801532),np.float64(52.68),np.float64(46649.43453620247),np.float64(46.64943453620247),,
2019-11-18,META,sell,np.float64(243.66783694839054),np.float64(194.54),np.float64(47403.1409999399),np.float64(47.4031409999399),,
2019-11-18,MU,sell,np.float64(989.9527425336903),np.float64(47.95),np.float64(47468.234004490456),np.float64(47.468234004490455),,
2019-11-18,PEP,sell,np.float64(348.3405502348867),np.float64(134.0),np.float64(46677.633731474816),np.float64(46.67763373147482),,
2019-11-18,AMZN,buy,np.float64(0.8413108659467656),np.float64(1738.3),np.float64(1462.4506782752626),np.float64(1.4624506782752626),np.float64(0.9980019980019982),
2019-11-18,CSCO,buy,np.float64(1035.7935289470536),np.float64(44.98),np.float64(46589.99293203847),np.float64(46.58999293203847),np.float64(0.9980019980019982),
2019-11-18,QCOM,buy,np.float64(513.0491458213685),np.float64(90.81),np.float64(46589.99293203847),np.float64(46.58999293203847),np.float64(0.9980019980019982),
2019-11-18,WMT,buy,np.float64(393.33045953599384),np.float64(118.45),np.float64(46589.99293203847),np.float64(46.58999293203847),np.float64(0.9980019980019982),
2019-11-18,XOM,buy,np.float64(678.1658359830927),np.float64(68.7),np.float64(46589.99293203847),np.float64(46.58999293203847),np.float64(0.9980019980019982),
2019-11-25,AMZN,sell,np.float64(26.85401735142146),np.float64(1753.25),np.float64(47081.80592137968),np.float64(47.08180592137968),,
2019-11-25,CSCO,sell,np.float64(1035.7935289470536),np.float64(45.0),np.float64(46610.70880261741),np.float64(46.61070880261741),,
2019-11-25,WMT,sell,np.float64(393.33045953599384),np.float64(120.0),np.float64(47199.65514431926),np.float64(47.19965514431926),,
2019-11-25,XOM,sell,np.float64(678.1658359830927),np.float64(69.37),np.float64(47044.36404214714),np.float64(47.044364042147144),,
2019-11-25,AMAT,buy,np.float64(817.6341250676131),np.float64(56.62),np.float64(46294.444161328254),np.float64(46.29444416132826),np.float64(0.9980019980019977),
2019-11-25,GOOGL,buy,np.float64(35.71385691244677),np.float64(1296.26),np.float64(46294.444161328254),np.float64(46.29444416132826),np.float64(0.9980019980019977),
2019-11-25,MU,buy,np.float64(1004.2178776860792),np.float64(46.1),np.float64(46294.444161328254),np.float64(46.29444416132826),np.float64(0.9980019980019977),
2019-11-25,QCOM,buy,np.float64(27.78987517373804),np.float64(85.76),np.float64(2383.2596948997743),np.float64(2.3832596948997744),np.float64(0.9980019980019977),
2019-11-25,TSLA,buy,np.float64(134.45180111909926),np.float64(344.32),np.float64(46294.444161328254),np.float64(46.29444416132826),np.float64(0.9980019980019977),
2019-12-02,AMAT,sell,np.float64(817.6341250676131),np.float64(58.14),np.float64(47537.24803143103),np.float64(47.537248031431034),,
2019-12-02,GOOGL,sell,np.float64(35.71385691244677),np.float64(1302.56),np.float64(46519.44145987667),np.float64(46.51944145987667),,
2019-12-02,MU,sell,np.float64(1004.2178776860792),np.float64(47.57),np.float64(47770.64444152679),np.float64(47.77064444152679),,
2019-12-02,COST,buy,np.float64(154.1770208349983),np.float64(299.75),np.float64(46214.561995290744),np.float64(46.214561995290744),np.float64(0.9980019980019978),
2019-12-02,QCOM,buy,np.float64(10.54595838907659),np.float64(83.98),np.float64(885.649585514652),np.float64(0.885649585514652),np.float64(0.9980019980019978),
2019-12-02,TSLA,buy,np.float64(6.116050591616591),np.float64(329.4),np.float64(2014.6270648785048),np.float64(2.0146270648785047),np.float64(0.9980019980019978),
2019-12-02,WMT,buy,np.float64(387.86875363231843),np.float64(119.15),np.float64(46214.561995290744),np.float64(46.214561995290744),np.float64(0.9980019980019978),
2019-12-02,XOM,buy,np.float64(674.6651386173831),np.float64(68.5),np.float64(46214.561995290744),np.float64(46.214561995290744),np.float64(0.9980019980019978),
2019-12-09,QCOM,sell,np.float64(551.3849793841831),np.float64(84.0),np.float64(46316.33826827138),np.float64(46.31633826827138),,
2019-12-09,TSLA,sell,np.float64(140.56785171071584),np.float64(336.59),np.float64(47313.733207309844),np.float64(47.313733207309845),,
2019-12-09,WMT,sell,np.float64(387.86875363231843),np.float64(119.57),np.float64(46377.466871816316),np.float64(46.37746687181632),,
2019-12-09,XOM,sell,np.float64(674.6651386173831),np.float64(69.08),np.float64(46605.86777568883),np.float64(46.60586777568883),,
2019-12-09,AMZN,buy,np.float64(26.524729517488396),np.float64(1750.66),np.float64(46435.78297708624),np.float64(46.43578297708624),np.float64(0.9980049199928287),
2019-12-09,COST,buy,np.float64(3.540008477466145),np.float64(295.0),np.float64(1044.3025008525128),np.float64(1.0443025008525129),np.float64(0.9980049199928287),
2019-12-09,CRM,buy,np.float64(295.0551720490929),np.float64(157.38),np.float64(46435.78297708624),np.float64(46.43578297708624),np.float64(0.9980049199928287),
2019-12-09,CSCO,buy,np.float64(1058.003713307957),np.float64(43.89),np.float64(46435.78297708624),np.float64(46.43578297708624),np.float64(0.9980049199928287),
2019-12-09,ORCL,buy,np.float64(846.7502366354164),np.float64(54.84),np.float64(46435.78297708624),np.float64(46.43578297708624),np.float64(0.9980049199928287),
2019-12-16,AMZN,sell,np.float64(26.524729517488396),np.float64(1767.0),np.float64(46869.197057401994),np.float64(46.869197057402),,
2019-12-16,CRM,sell,np.float64(295.0551720490929),np.float64(160.85),np.float64(47459.62442409659),np.float64(47.45962442409659),,
2019-12-16,CSCO,sell,np.float64(1058.003713307957),np.float64(45.8),np.float64(48456.57006950443),np.float64(48.45657006950443),,
2019-12-16,COST,buy,np.float64(2.835763996002216),np.float64(293.03),np.float64(830.9639237485292),np.float64(0.8309639237485292),np.float64(0.998001998001998),
2019-12-16,KO,buy,np.float64(858.3993733141501),np.float64(54.7),np.float64(46954.44572028401),np.float64(46.95444572028401),np.float64(0.998001998001998),
2019-12-16,META,buy,np.float64(240.45908598496447),np.float64(195.27),np.float64(46954.44572028401),np.float64(46.95444572028401),np.float64(0.998001998001998),
2019-12-16,NFLX,buy,np.float64(156.07261332984547),np.float64(300.85),np.float64(46954.44572028401),np.float64(46.95444572028401),np.float64(0.998001998001998),
2019-12-16,ORCL,buy,np.float64(14.755630265483852),np.float64(54.61),np.float64(805.8049687980731),np.float64(0.8058049687980732),np.float64(0.998001998001998),
2019-12-23,KO,sell,np.float64(858.3993733141501),np.float64(55.0),np.float64(47211.96553227826),np.float64(47.211965532278256),,
2019-12-23,META,sell,np.float64(240.45908598496447),np.float64(206.7),np.float64(49702.89307309216),np.float64(49.702893073092156),,
2019-12-23,NFLX,sell,np.float64(156.07261332984547),np.float64(337.76),np.float64(52715.085878288606),np.float64(52.715085878288605),,
2019-12-23,COST,buy,np.float64(4.369020764152072),np.float64(294.91),np.float64(1288.4679135560878),np.float64(1.2884679135560877),np.float64(0.998001998001998),
2019-12-23,GOOGL,buy,np.float64(35.72636914048611),np.float64(1358.73),np.float64(48542.4895422527),np.float64(48.542489542252696),np.float64(0.998001998001998),
2019-12-23,ORCL,buy,np.float64(45.01485583048612),np.float64(53.65),np.float64(2415.0470153055803),np.float64(2.4150470153055803),np.float64(0.998001998001998),
2019-12-23,PEP,buy,np.float64(352.5491287838819),np.float64(137.69),np.float64(48542.4895422527),np.float64(48.542489542252696),np.float64(0.998001998001998),
2019-12-23,WMT,buy,np.float64(404.01572652728004),np.float64(120.15),np.float64(48542.4895422527),np.float64(48.542489542252696),np.float64(0.998001998001998),
2019-12-30,COST,sell,np.float64(0.41015591473413665),np.float64(294.2),np.float64(120.667870114783),np.float64(0.120667870114783),,
2019-12-30,GOOGL,sell,np.float64(0.05495617179510419),np.float64(1356.81),np.float64(74.56508345331531),np.float64(0.0745650834533153),,
2019-12-30,ORCL,sell,np.float64(906.5207227313864),np.float64(53.4),np.float64(48408.20659385603),np.float64(48.408206593856036),,
2019-12-30,PEP,sell,np.float64(352.5491287838819),np.float64(136.7),np.float64(48193.46590475665),np.float64(48.19346590475666),,
2019-12-30,WMT,sell,np.float64(0.014642803994160849),np.float64(119.8),np.float64(1.7542079185004695),np.float64(0.0017542079185004695),,
2019-12-30,AVGO,buy,np.float64(152.60529468073818),np.float64(316.52),np.float64(48302.62787234725),np.float64(48.30262787234725),np.float64(0.9980019980019981),
2019-12-30,NFLX,buy,np.float64(146.7808067106699),np.float64(329.08),np.float64(48302.62787234725),np.float64(48.30262787234725),np.float64(0.9980019980019981),
2020-01-06,AVGO,sell,np.float64(152.60529468073818),np.float64(310.845),np.float64(47436.592825034066),np.float64(47.43659282503407),,
2020-01-06,COST,sell,np.float64(0.46439019047353736),np.float64(290.55),np.float64(134.9285698420863),np.float64(0.1349285698420863),,
2020-01-06,GOOGL,sell,np.float64(35.67141296869101),np.float64(1351.63),np.float64(48214.55191087183),np.float64(48.21455191087183),,
2020-01-06,JNJ,buy,np.float64(330.7976430678039),np.float64(143.8),np.float64(47568.7010731502),np.float64(47.5687010731502),np.float64(0.9980019980019981),
2020-01-06,NFLX,buy,np.float64(0.7292884267751343),np.float64(323.12),np.float64(235.6476764595814),np.float64(0.2356476764595814),np.float64(0.9980019980019981),
2020-01-06,PEP,buy,np.float64(351.5794609988928),np.float64(135.3),np.float64(47568.7010731502),np.float64(47.5687010731502),np.float64(0.9980019980019981),
2020-01-06,WMT,buy,np.float64(1.887445432533158),np.float64(117.43),np.float64(221.64271714236875),np.float64(0.22164271714236874),np.float64(0.9980019980019981),
2020-01-13,COST,sell,np.float64(164.04726796741105),np.float64(296.92),np.float64(48708.91480488369),np.float64(48.70891480488369),,
2020-01-13,JNJ,sell,np.float64(330.7976430678039),np.float64(145.48),np.float64(48124.44111350411),np.float64(48.12444111350411),,
2020-01-13,NFLX,sell,np.float64(147.51009513744503),np.float64(331.8),np.float64(48943.849566604265),np.float64(48.943849566604264),,
2020-01-13,AVGO,buy,np.float64(159.90564481496477),np.float64(300.02),np.float64(47974.89155738573),np.float64(47.97489155738573),np.float64(0.998001998001998),
2020-01-13,JPM,buy,np.float64(352.2644214508094),np.float64(136.19),np.float64(47974.89155738573),np.float64(47.97489155738573),np.float64(0.998001998001998),
2020-01-13,PEP,buy,np.float64(5.416285903963841),np.float64(134.65),np.float64(729.3028969687313),np.float64(0.7293028969687313),np.float64(0.998001998001998),
2020-01-13,WMT,buy,np.float64(7.148691940574018),np.float64(116.38),np.float64(831.9647680440042),np.float64(0.8319647680440042),np.float64(0.998001998001998),
2020-01-13,XOM,buy,np.float64(693.2787797310076),np.float64(69.2),np.float64(47974.89155738573),np.float64(47.97489155738573),np.float64(0.998001998001998),
2020-01-21,AVGO,sell,np.float64(159.90564481496477),np.float64(307.8),np.float64(49218.95747404616),np.float64(49.218957474046164),,
2020-01-21,PEP,sell,np.float64(356.99574690285664),np.float64(140.61),np.float64(50197.17197201068),np.float64(50.19717197201068),,
2020-01-21,AMZN,buy,np.float64(25.951222388848365),np.float64(1865.0),np.float64(48399.0297552022),np.float64(48.3990297552022),np.float64(0.998001998001998),
2020-01-21,JPM,buy,np.float64(1.2277245467536446),np.float64(137.19),np.float64(168.4315305691325),np.float64(0.1684315305691325),np.float64(0.998001998001998),
2020-01-21,ORCL,buy,np.float64(880.3024691742853),np.float64(54.98),np.float64(48399.0297552022),np.float64(48.3990297552022),np.float64(0.998001998001998),
2020-01-21,WMT,buy,np.float64(10.154986428068504),np.float64(114.59),np.float64(1163.6598947923699),np.float64(1.16365989479237),np.float64(0.998001998001998),
2020-01-21,XOM,buy,np.float64(15.901504606962398),np.float64(68.38),np.float64(1087.3448850240886),np.float64(1.0873448850240885),np.float64(0.998001998001998),
2020-01-27,AMZN,sell,np.float64(25.951222388848365),np.float64(1820.0),np.float64(47231.22474770402),np.float64(47.231224747704026),,
2020-01-27,WMT,sell,np.float64(8.862780217597987),np.float64(113.13),np.float64(1002.6463260168601),np.float64(1.00264632601686),,
2020-01-27,JPM,buy,np.float64(6.310129464232102),np.float64(130.27),np.float64(822.020565305516),np.float64(0.822020565305516),np.float64(0.9980019980019978),
2020-01-27,META,buy,np.float64(219.51870289782602),np.float64(213.1),np.float64(46779.43558752672),np.float64(46.77943558752672),np.float64(0.9980019980019978),
2020-01-27,ORCL,buy,np.float64(1.0997689361494292),np.float64(53.18),np.float64(58.48571202442665),np.float64(0.05848571202442665),np.float64(0.9980019980019978),
2020-01-27,XOM,buy,np.float64(7.299875238269056),np.float64(65.42),np.float64(477.55783808756166),np.float64(0.4775578380875617),np.float64(0.9980019980019978),
2020-02-03,JPM,sell,np.float64(359.8022754617951),np.float64(132.66),np.float64(47731.369862761734),np.float64(47.73136986276174),,
2020-02-03,ORCL,sell,np.float64(881.4022381104347),np.float64(52.73),np.float64(46476.34001556322),np.float64(46.47634001556322),,
2020-02-03,WMT,sell,np.float64(414.32942730686364),np.float64(114.9),np.float64(47606.451197558636),np.float64(47.606451197558634),,
2020-02-03,CSCO,buy,np.float64(991.3368854852849),np.float64(46.4),np.float64(45998.03148651722),np.float64(45.99803148651722),np.float64(0.9980019980019981),
2020-02-03,INTC,buy,np.float64(713.6456673107939),np.float64(64.455),np.float64(45998.03148651722),np.float64(45.99803148651722),np.float64(0.9980019980019981),
2020-02-03,META,buy,np.float64(7.021112417800154),np.float64(203.44),np.float64(1428.3751102772633),np.float64(1.4283751102772633),np.float64(0.9980019980019981),
2020-02-03,MU,buy,np.float64(863.7560251723777),np.float64(53.2535),np.float64(45998.03148651722),np.float64(45.99803148651722),np.float64(0.9980019980019981),
2020-02-03,XOM,buy,np.float64(34.34907997523775),np.float64(61.38),np.float64(2108.346528880093),np.float64(2.108346528880093),np.float64(0.9980019980019981),
2020-02-10,CSCO,sell,np.float64(991.3368854852849),np.float64(47.99),np.float64(47574.25713443883),np.float64(47.57425713443883),,
2020-02-10,INTC,sell,np.float64(713.6456673107939),np.float64(65.56),np.float64(46786.609948895646),np.float64(46.786609948895645),,
2020-02-10,META,sell,np.float64(226.53981531562619),np.float64(211.52),np.float64(47917.701735561255),np.float64(47.91770173556126),,
2020-02-10,MU,sell,np.float64(863.7560251723777),np.float64(56.3),np.float64(48629.46421720486),np.float64(48.62946421720486),,
2020-02-10,JNJ,buy,np.float64(312.14935141783087),np.float64(151.68),np.float64(47346.81362305659),np.float64(47.34681362305659),np.float64(0.9980066270514318),
2020-02-10,KO,buy,np.float64(798.1593665383781),np.float64(59.32),np.float64(47346.81362305659),np.float64(47.34681362305659),np.float64(0.9980066270514318),
2020-02-10,PEP,buy,np.float64(324.4488016381593),np.float64(145.93),np.float64(47346.81362305659),np.float64(47.34681362305659),np.float64(0.9980066270514318),
2020-02-10,WMT,buy,np.float64(409.0437462035126),np.float64(115.75),np.float64(47346.81362305659),np.float64(47.34681362305659),np.float64(0.9980066270514318),
2020-02-10,XOM,buy,np.float64(33.518197493119835),np.float64(60.48),np.float64(2027.1805843838877),np.float64(2.0271805843838875),np.float64(0.9980066270514318),
2020-02-18,KO,sell,np.float64(798.1593665383781),np.float64(59.81),np.float64(47737.911712660396),np.float64(47.7379117126604),,
2020-02-18,PEP,sell,np.float64(0.7799840452646422),np.float64(147.11),np.float64(114.74345289888151),np.float64(0.11474345289888152),,
2020-02-18,WMT,sell,np.float64(7.12832663661187),np.float64(118.47),np.float64(844.4928566394083),np.float64(0.8444928566394083),,
2020-02-18,XOM,sell,np.float64(784.3474370445965),np.float64(60.15),np.float64(47178.49833823248),np.float64(47.17849833823248),,
2020-02-18,CSCO,buy,np.float64(1014.9462847348004),np.float64(46.82),np.float64(47519.785051283354),np.float64(47.51978505128336),np.float64(0.9980019980019978),
2020-02-18,JNJ,buy,np.float64(4.283355651469391),np.float64(150.47),np.float64(644.5165248765992),np.float64(0.6445165248765992),np.float64(0.9980019980019978),
2020-02-18,JPM,buy,np.float64(346.0010561473959),np.float64(137.34),np.float64(47519.785051283354),np.float64(47.51978505128336),np.float64(0.9980019980019978),
2020-02-24,CSCO,sell,np.float64(1014.9462847348004),np.float64(45.0),np.float64(45672.58281306602),np.float64(45.67258281306602),,
2020-02-24,JNJ,sell,np.float64(316.43270706930025),np.float64(146.5),np.float64(46357.39158565248),np.float64(46.357391585652486),,
2020-02-24,JPM,sell,np.float64(346.0010561473959),np.float64(131.44),np.float64(45478.37882001371),np.float64(45.47837882001372),,
2020-02-24,PEP,sell,np.float64(323.66881759289464),np.float64(145.86),np.float64(47210.333734099615),np.float64(47.21033373409961),,
2020-02-24,WMT,sell,np.float64(401.91541956690077),np.float64(117.46),np.float64(47208.985182328164),np.float64(47.20898518232816),,
2020-02-24,AAPL,buy,np.float64(155.93392379990374),np.float64(297.26),np.float64(46352.91818875939),np.float64(46.35291818875939),np.float64(0.9980032911724803),
2020-02-24,AMAT,buy,np.float64(758.267923912308),np.float64(61.13),np.float64(46352.91818875939),np.float64(46.35291818875939),np.float64(0.9980032911724803),
2020-02-24,AVGO,buy,np.float64(157.55580621604145),np.float64(294.2),np.float64(46352.91818875939),np.float64(46.35291818875939),np.float64(0.9980032911724803),
2020-02-24,INTC,buy,np.float64(752.3175633385441),np.float64(61.6135),np.float64(46352.91818875939),np.float64(46.35291818875939),np.float64(0.9980032911724803),
2020-02-24,XOM,buy,np.float64(804.4588370142205),np.float64(57.62),np.float64(46352.91818875939),np.float64(46.35291818875939),np.float64(0.9980032911724803),
2020-03-02,AAPL,sell,np.float64(155.93392379990374),np.float64(282.28),np.float64(44017.02801023682),np.float64(44.01702801023682),,
2020-03-02,AMAT,sell,np.float64(758.267923912308),np.float64(58.7),np.float64(44510.327133652485),np.float64(44.51032713365249),,
2020-03-02,AVGO,sell,np.float64(157.55580621604145),np.float64(276.76),np.float64(43605.14492835163),np.float64(43.60514492835163),,
2020-03-02,XOM,sell,np.float64(804.4588370142205),np.float64(52.59),np.float64(42306.49023857786),np.float64(42.306490238577865),,
2020-03-02,COST,buy,np.float64(146.70452247270913),np.float64(294.44),np.float64(43195.67959686447),np.float64(43.19567959686447),np.float64(0.9980019980019977),
2020-03-02,CSCO,buy,np.float64(1075.85752420584),np.float64(40.15),np.float64(43195.67959686447),np.float64(43.19567959686447),np.float64(0.9980019980019977),
2020-03-02,INTC,buy,np.float64(23.440445818075567),np.float64(55.79),np.float64(1307.7424721904358),np.float64(1.3077424721904358),np.float64(0.9980019980019977),
2020-03-02,JPM,buy,np.float64(370.3650827134054),np.float64(116.63),np.float64(43195.67959686447),np.float64(43.19567959686447),np.float64(0.9980019980019977),
2020-03-02,TSLA,buy,np.float64(60.731208836240576),np.float64(711.26),np.float64(43195.67959686447),np.float64(43.19567959686447),np.float64(0.9980019980019977),
2020-03-09,COST,sell,np.float64(146.70452247270913),np.float64(295.73),np.float64(43384.92843085427),np.float64(43.38492843085427),,
2020-03-09,CSCO,sell,np.float64(1075.85752420584),np.float64(36.9),np.float64(39699.1426431955),np.float64(39.6991426431955),,
2020-03-09,INTC,sell,np.float64(775.7580091566197),np.float64(51.92),np.float64(40277.3558354117),np.float64(40.2773558354117),,
2020-03-09,TSLA,sell,np.float64(60.731208836240576),np.float64(606.26),np.float64(36818.902669059215),np.float64(36.81890266905921),,
2020-03-09,CRM,buy,np.float64(257.8180410631401),np.float64(151.7),np.float64(39110.996829278345),np.float64(39.11099682927835),np.float64(0.998001998001998),
2020-03-09,JPM,buy,np.float64(35.37642790585932),np.float64(96.57),np.float64(3416.3016428688347),np.float64(3.416301642868835),np.float64(0.998001998001998),
2020-03-09,META,buy,np.float64(230.58010157574782),np.float64(169.62),np.float64(39110.996829278345),np.float64(39.11099682927835),np.float64(0.998001998001998),
2020-03-09,ORCL,buy,np.float64(870.1000406958475),np.float64(44.95),np.float64(39110.996829278345),np.float64(39.11099682927835),np.float64(0.998001998001998),
2020-03-09,XOM,buy,np.float64(937.6887276259492),np.float64(41.71),np.float64(39110.996829278345),np.float64(39.11099682927835),np.float64(0.998001998001998),
2020-03-16,CRM,sell,np.float64(257.8180410631401),np.float64(134.01),np.float64(34550.195682871396),np.float64(34.5501956828714),,
2020-03-16,JPM,sell,np.float64(405.7415106192647),np.float64(85.2),np.float64(34569.176704761354),np.float64(34.569176704761354),,
2020-03-16,META,sell,np.float64(230.58010157574782),np.float64(152.32),np.float64(35121.961072017904),np.float64(35.1219610720179),,
2020-03-16,ORCL,sell,np.float64(870.1000406958475),np.float64(42.51),np.float64(36987.952729980476),np.float64(36.98795272998048),,
2020-03-16,AVGO,buy,np.float64(166.33601065237366),np.float64(208.18),np.float64(34627.83069761115),np.float64(34.62783069761115),np.float64(0.9980019980019976),
2020-03-16,KO,buy,np.float64(819.78765856087),np.float64(42.24),np.float64(34627.83069761115),np.float64(34.62783069761115),np.float64(0.9980019980019976),
2020-03-16,MU,buy,np.float64(927.1172877539799),np.float64(37.35),np.float64(34627.83069761115),np.float64(34.62783069761115),np.float64(0.9980019980019976),
2020-03-16,TSLA,buy,np.float64(73.7547450991154),np.float64(469.4997),np.float64(34627.83069761115),np.float64(34.62783069761115),np.float64(0.9980019980019976),
2020-03-16,XOM,buy,np.float64(70.80776172102465),np.float64(34.4),np.float64(2435.787003203248),np.float64(2.435787003203248),np.float64(0.9980019980019976),
2020-03-23,AVGO,sell,np.float64(166.33601065237366),np.float64(192.8835),np.float64(32083.471910667115),np.float64(32.083471910667114),,
2020-03-23,MU,sell,np.float64(927.1172877539799),np.float64(36.99),np.float64(34294.06847401972),np.float64(34.29406847401972),,
2020-03-23,TSLA,sell,np.float64(73.7547450991154),np.float64(433.6),np.float64(31980.05747497644),np.float64(31.980057474976437),,
2020-03-23,XOM,sell,np.float64(1008.4964893469739),np.float64(32.53),np.float64(32806.39079845706),np.float64(32.80639079845706),,
2020-03-23,AMAT,buy,np.float64(844.4590965297293),np.float64(38.64),np.float64(32629.89948990874),np.float64(32.629899489908745),np.float64(0.9980060984818739),
2020-03-23,JPM,buy,np.float64(394.65287239850915),np.float64(82.68),np.float64(32629.89948990874),np.float64(32.629899489908745),np.float64(0.9980060984818739),
2020-03-23,KO,buy,np.float64(23.800200482986636),np.float64(38.755),np.float64(922.3767697181471),np.float64(0.9223767697181471),np.float64(0.9980060984818739),
2020-03-23,PEP,buy,np.float64(307.8292404708372),np.float64(106.0),np.float64(32629.89948990874),np.float64(32.629899489908745),np.float64(0.9980060984818739),
2020-03-23,QCOM,buy,np.float64(530.1364661236189),np.float64(61.55),np.float64(32629.89948990874),np.float64(32.629899489908745),np.float64(0.9980060984818739),
2020-03-30,AMAT,sell,np.float64(844.4590965297293),np.float64(45.4),np.float64(38338.44298244971),np.float64(38.33844298244971),,
2020-03-30,JPM,sell,np.float64(394.65287239850915),np.float64(90.65),np.float64(35775.282882924854),np.float64(35.775282882924856),,
2020-03-30,KO,sell,np.float64(843.5878590438566),np.float64(43.04),np.float64(36308.02145324759),np.float64(36.30802145324759),,
2020-03-30,PEP,sell,np.float64(307.8292404708372),np.float64(121.61),np.float64(37435.11393365851),np.float64(37.43511393365851),,
2020-03-30,QCOM,sell,np.float64(530.1364661236189),np.float64(67.19),np.float64(35619.869158845955),np.float64(35.61986915884596),,
2020-03-30,AMZN,buy,np.float64(19.045900421480663),np.float64(1922.83),np.float64(36622.02870743566),np.float64(36.62202870743566),np.float64(0.998001998001998),
2020-03-30,COST,buy,np.float64(127.38540021369668),np.float64(287.49),np.float64(36622.02870743566),np.float64(36.62202870743566),np.float64(0.998001998001998),
2020-03-30,GOOGL,buy,np.float64(32.33333513511412),np.float64(1132.64),np.float64(36622.02870743566),np.float64(36.62202870743566),np.float64(0.998001998001998),
2020-03-30,JNJ,buy,np.float64(285.085074789317),np.float64(128.46),np.float64(36622.02870743566),np.float64(36.62202870743566),np.float64(0.998001998001998),
2020-03-30,WMT,buy,np.float64(327.3916387219351),np.float64(111.86),np.float64(36622.02870743566),np.float64(36.62202870743566),np.float64(0.998001998001998),
2020-04-06,AMZN,sell,np.float64(19.045900421480663),np.float64(1936.0),np.float64(36872.86321598657),np.float64(36.87286321598657),,
2020-04-06,COST,sell,np.float64(127.38540021369668),np.float64(293.0),np.float64(37323.92226261313),np.float64(37.32392226261313),,
2020-04-06,GOOGL,sell,np.float64(32.33333513511412),np.float64(1133.0),np.float64(36633.6687080843),np.float64(36.6336687080843),,
2020-04-06,JNJ,sell,np.float64(285.085074789317),np.float64(137.01),np.float64(39059.50609688432),np.float64(39.05950609688432),,
2020-04-06,WMT,sell,np.float64(327.3916387219351),np.float64(119.05),np.float64(38975.97458984637),np.float64(38.97597458984637),,
2020-04-06,AMAT,buy,np.float64(840.7162371016194),np.float64(44.84),np.float64(37697.71607163662),np.float64(37.69771607163662),np.float64(0.9980019980019981),
2020-04-06,AMD,buy,np.float64(850.9642454094046),np.float64(44.3),np.float64(37697.71607163662),np.float64(37.69771607163662),np.float64(0.9980019980019981),
2020-04-06,CRM,buy,np.float64(271.2065904434289),np.float64(139.0),np.float64(37697.71607163662),np.float64(37.69771607163662),np.float64(0.9980019980019981),
2020-04-06,JPM,buy,np.float64(423.61744096681224),np.float64(88.99),np.float64(37697.71607163662),np.float64(37.69771607163662),np.float64(0.9980019980019981),
2020-04-06,MU,buy,np.float64(869.612827488734),np.float64(43.35),np.float64(37697.71607163662),np.float64(37.69771607163662),np.float64(0.9980019980019981),
2020-04-13,AMAT,sell,np.float64(840.7162371016194),np.float64(49.3),np.float64(41447.310489109834),np.float64(41.44731048910983),,
2020-04-13,AMD,sell,np.float64(850.9642454094046),np.float64(48.47),np.float64(41246.23697499384),np.float64(41.246236974993835),,
2020-04-13,CRM,sell,np.float64(271.2065904434289),np.float64(154.12),np.float64(41798.35971914127),np.float64(41.798359719141274),,
2020-04-13,JPM,sell,np.float64(423.61744096681224),np.float64(103.11),np.float64(43679.19433808801),np.float64(43.67919433808801),,
2020-04-13,MU,sell,np.float64(869.612827488734),np.float64(44.9),np.float64(39045.61595424415),np.float64(39.045615954244155),,
2020-04-13,COST,buy,np.float64(138.52414633266895),np.float64(298.58),np.float64(41360.539612008295),np.float64(41.360539612008296),np.float64(0.9980019980019978),
2020-04-13,CSCO,buy,np.float64(1007.8104193959136),np.float64(41.04),np.float64(41360.539612008295),np.float64(41.360539612008296),np.float64(0.9980019980019978),
2020-04-13,NFLX,buy,np.float64(111.39085834480163),np.float64(371.31),np.float64(41360.539612008295),np.float64(41.360539612008296),np.float64(0.9980019980019978),
2020-04-13,NVDA,buy,np.float64(158.77366453745987),np.float64(260.5),np.float64(41360.539612008295),np.float64(41.360539612008296),np.float64(0.9980019980019978),
2020-04-13,WMT,buy,np.float64(341.0334730541581),np.float64(121.28),np.float64(41360.539612008295),np.float64(41.360539612008296),np.float64(0.9980019980019978),
2020-04-20,COST,sell,np.float64(138.52414633266895),np.float64(317.95),np.float64(44043.75232647209),np.float64(44.04375232647209),,
2020-04-20,CSCO,sell,np.float64(1007.8104193959136),np.float64(41.92),np.float64(42247.4127810767),np.float64(42.247412781076704),,
2020-04-20,NFLX,sell,np.float64(111.39085834480163),np.float64(435.17),np.float64(48473.959825907325),np.float64(48.47395982590733),,
2020-04-20,NVDA,sell,np.float64(158.77366453745987),np.float64(287.24),np.float64(45606.147401739974),np.float64(45.606147401739975),,
2020-04-20,WMT,sell,np.float64(341.0334730541581),np.float64(132.2),np.float64(45084.62513775969),np.float64(45.084625137759694),,
2020-04-20,JPM,buy,np.float64(486.65607470388994),np.float64(92.47),np.float64(45001.0872278687),np.float64(45.0010872278687),np.float64(0.998001998001998),
2020-04-20,KO,buy,np.float64(941.6423357997218),np.float64(47.79),np.float64(45001.0872278687),np.float64(45.0010872278687),np.float64(0.998001998001998),
2020-04-20,META,buy,np.float64(253.65586623002483),np.float64(177.41),np.float64(45001.0872278687),np.float64(45.0010872278687),np.float64(0.998001998001998),
2020-04-20,MU,buy,np.float64(1010.8060922701864),np.float64(44.52),np.float64(45001.0872278687),np.float64(45.0010872278687),np.float64(0.998001998001998),
2020-04-20,XOM,buy,np.float64(1104.3211589661032),np.float64(40.75),np.float64(45001.0872278687),np.float64(45.0010872278687),np.float64(0.998001998001998),
2020-04-27,META,sell,np.float64(253.65586623002483),np.float64(192.657),np.float64(48868.578220277894),np.float64(48.8685782202779),,
2020-04-27,XOM,sell,np.float64(1104.3211589661032),np.float64(43.59),np.float64(48137.35931933244),np.float64(48.13735931933244),,
2020-04-27,CRM,buy,np.float64(295.85540272339614),np.float64(155.54),np.float64(46017.34933959703),np.float64(46.01734933959703),np.float64(0.9980019980019983),
2020-04-27,JPM,buy,np.float64(14.831267711723266),np.float64(91.94),np.float64(1363.586753415837),np.float64(1.363586753415837),np.float64(0.9980019980019983),
2020-04-27,KO,buy,np.float64(60.61622702506623),np.float64(46.0),np.float64(2788.3464431530465),np.float64(2.7883464431530465),np.float64(0.9980019980019983),
2020-04-27,MU,buy,np.float64(13.900805769897369),np.float64(44.9965),np.float64(625.487606825187),np.float64(0.625487606825187),np.float64(0.9980019980019983),
2020-04-27,ORCL,buy,np.float64(862.3941030659114),np.float64(53.36),np.float64(46017.34933959703),np.float64(46.01734933959703),np.float64(0.9980019980019983),
2020-05-04,CRM,sell,np.float64(295.85540272339614),np.float64(155.59),np.float64(46032.142109733206),np.float64(46.03214210973321),,
2020-05-04,JPM,sell,np.float64(501.4873424156132),np.float64(92.02),np.float64(46146.86524908473),np.float64(46.14686524908473),,
2020-05-04,KO,sell,np.float64(1002.258562824788),np.float64(45.32),np.float64(45422.35806721939),np.float64(45.42235806721939),,
2020-05-04,MU,sell,np.float64(1024.7068980400836),np.float64(44.19),np.float64(45281.797824391295),np.float64(45.2817978243913),,
2020-05-04,ORCL,sell,np.float64(862.3941030659114),np.float64(51.71),np.float64(44594.39906953828),np.float64(44.594399069538284),,
2020-05-04,AMAT,buy,np.float64(975.1849729207516),np.float64(46.56),np.float64(45404.6123391902),np.float64(45.4046123391902),np.float64(0.998001998001998),
2020-05-04,AMD,buy,np.float64(911.4646660481823),np.float64(49.815),np.float64(45404.6123391902),np.float64(45.4046123391902),np.float64(0.998001998001998),
2020-05-04,AMZN,buy,np.float64(20.122768478354796),np.float64(2256.38),np.float64(45404.6123391902),np.float64(45.4046123391902),np.float64(0.998001998001998),
2020-05-04,JNJ,buy,np.float64(305.20005605424615),np.float64(148.77),np.float64(45404.6123391902),np.float64(45.4046123391902),np.float64(0.998001998001998),
2020-05-04,WMT,buy,np.float64(366.63931152446867),np.float64(123.84),np.float64(45404.6123391902),np.float64(45.4046123391902),np.float64(0.998001998001998),
2020-05-11,AMAT,sell,np.float64(975.1849729207516),np.float64(54.1265),np.float64(52783.34943679506),np.float64(52.78334943679506),,
2020-05-11,AMD,sell,np.float64(911.4646660481823),np.float64(52.9),np.float64(48216.48083394884),np.float64(48.216480833948836),,
2020-05-11,AMZN,sell,np.float64(20.122768478354796),np.float64(2374.7),np.float64(47785.53830554913),np.float64(47.78553830554913),,
2020-05-11,COST,buy,np.float64(156.33596305588046),np.float64(305.64),np.float64(47782.523748399304),np.float64(47.782523748399306),np.float64(0.9980033255828031),
2020-05-11,JNJ,buy,np.float64(17.285541608492935),np.float64(148.45),np.float64(2566.038651780776),np.float64(2.5660386517807763),np.float64(0.9980033255828031),
2020-05-11,JPM,buy,np.float64(524.4487295401087),np.float64(91.11),np.float64(47782.523748399304),np.float64(47.782523748399306),np.float64(0.9980033255828031),
2020-05-11,KO,buy,np.float64(1045.7982873363824),np.float64(45.69),np.float64(47782.523748399304),np.float64(47.782523748399306),np.float64(0.9980033255828031),
2020-05-11,WMT,buy,np.float64(22.536969810648525),np.float64(123.01),np.float64(2772.2726564078753),np.float64(2.7722726564078752),np.float64(0.9980033255828031),
2020-05-18,COST,sell,np.float64(156.33596305588046),np.float64(301.7206),np.float64(47169.78057479808),np.float64(47.16978057479808),,
2020-05-18,JNJ,sell,np.float64(322.4855976627391),np.float64(152.56),np.float64(49198.40277942748),np.float64(49.19840277942748),,
2020-05-18,WMT,sell,np.float64(389.1762813351172),np.float64(127.5),np.float64(49619.97587022744),np.float64(49.61997587022744),,
2020-05-18,JPM,buy,np.float64(15.32034267243526),np.float64(88.69),np.float64(1358.7611916182832),np.float64(1.3587611916182831),np.float64(0.9980019980019978),
2020-05-18,KO,buy,np.float64(22.314986635876274),np.float64(44.82),np.float64(1000.1577010199745),np.float64(1.0001577010199745),np.float64(0.9980019980019978),
2020-05-18,MU,buy,np.float64(1042.5307709506124),np.float64(45.83),np.float64(47779.18523266656),np.float64(47.77918523266656),np.float64(0.9980019980019978),
2020-05-18,QCOM,buy,np.float64(618.3406915059734),np.float64(77.27),np.float64(47779.18523266656),np.float64(47.77918523266656),np.float64(0.9980019980019978),
2020-05-18,XOM,buy,np.float64(1076.1101991821279),np.float64(44.3999),np.float64(47779.18523266656),np.float64(47.77918523266656),np.float64(0.9980019980019978),
2020-05-26,JPM,sell,np.float64(539.769072212544),np.float64(92.89),np.float64(50139.14911782321),np.float64(50.13914911782321),,
2020-05-26,KO,sell,np.float64(1068.1132739722586),np.float64(46.92),np.float64(50115.87481477838),np.float64(50.11587481477838),,
2020-05-26,MU,sell,np.float64(1042.5307709506124),np.float64(46.22),np.float64(48185.7722333373),np.float64(48.1857722333373),,
2020-05-26,QCOM,sell,np.float64(618.3406915059734),np.float64(80.19),np.float64(49584.740051864006),np.float64(49.58474005186401),,
2020-05-26,XOM,sell,np.float64(1076.1101991821279),np.float64(45.74),np.float64(49221.28051059053),np.float64(49.22128051059053),,
2020-05-26,JNJ,buy,np.float64(337.57824351128045),np.float64(146.19),np.float64(49350.56341891409),np.float64(49.35056341891409),np.float64(0.9980019980019978),
2020-05-26,NFLX,buy,np.float64(115.36705102955816),np.float64(427.77),np.float64(49350.56341891409),np.float64(49.35056341891409),np.float64(0.9980019980019978),
2020-05-26,ORCL,buy,np.float64(919.8613871186224),np.float64(53.65),np.float64(49350.56341891409),np.float64(49.35056341891409),np.float64(0.9980019980019978),
2020-05-26,PEP,buy,np.float64(374.0379219259822),np.float64(131.94),np.float64(49350.56341891409),np.float64(49.35056341891409),np.float64(0.9980019980019978),
2020-05-26,WMT,buy,np.float64(396.90014009099315),np.float64(124.34),np.float64(49350.56341891409),np.float64(49.35056341891409),np.float64(0.9980019980019978),
2020-06-01,JNJ,sell,np.float64(337.57824351128045),np.float64(147.29),np.float64(49721.89948677649),np.float64(49.72189948677649),,
2020-06-01,ORCL,sell,np.float64(919.8613871186224),np.float64(53.2),np.float64(48936.625794710715),np.float64(48.936625794710714),,
2020-06-01,PEP,sell,np.float64(374.0379219259822),np.float64(131.6),np.float64(49223.390525459254),np.float64(49.22339052545925),,
2020-06-01,AMD,buy,np.float64(918.0437144225349),np.float64(53.31),np.float64(48940.910415865335),np.float64(48.94091041586534),np.float64(0.9980019980019981),
2020-06-01,AMZN,buy,np.float64(19.992201967265252),np.float64(2448.0),np.float64(48940.910415865335),np.float64(48.94091041586534),np.float64(0.9980019980019981),
2020-06-01,META,buy,np.float64(217.9122419335916),np.float64(224.59),np.float64(48940.910415865335),np.float64(48.94091041586534),np.float64(0.9980019980019981),
2020-06-01,NFLX,buy,np.float64(1.714944620248725),np.float64(418.83),np.float64(718.2702552987735),np.float64(0.7182702552987735),np.float64(0.9980019980019981),
2020-06-01,WMT,buy,np.float64(0.36816219054630483),np.float64(123.44),np.float64(45.44594080103587),np.float64(0.04544594080103587),np.float64(0.9980019980019981),
2020-06-08,AMZN,sell,np.float64(19.992201967265252),np.float64(2500.2),np.float64(49984.50335855658),np.float64(49.98450335855659),,
2020-06-08,META,sell,np.float64(217.9122419335916),np.float64(229.03),np.float64(49908.44077005048),np.float64(49.90844077005048),,
2020-06-08,AMD,buy,np.float64(1.8783592443254187),np.float64(53.3),np.float64(100.11654772254481),np.float64(0.10011654772254482),np.float64(0.9980019980019978),
2020-06-08,COST,buy,np.float64(157.5165159086476),np.float64(310.66),np.float64(48934.080832180465),np.float64(48.93408083218046),np.float64(0.9980019980019978),
2020-06-08,JNJ,buy,np.float64(335.4176491341454),np.float64(145.89),np.float64(48934.080832180465),np.float64(48.93408083218046),np.float64(0.9980019980019978),
2020-06-08,NFLX,buy,np.float64(0.4829679130391194),np.float64(417.06),np.float64(201.42659781209514),np.float64(0.20142659781209515),np.float64(0.9980019980019978),
2020-06-08,WMT,buy,np.float64(12.74170443850342),np.float64(119.58),np.float64(1523.653016756239),np.float64(1.523653016756239),np.float64(0.9980019980019978),
2020-06-15,AMD,sell,np.float64(919.9220736668603),np.float64(52.58),np.float64(48369.502633403514),np.float64(48.36950263340351),,
2020-06-15,COST,sell,np.float64(157.5165159086476),np.float64(297.05),np.float64(46790.28105066377),np.float64(46.79028105066377),,
2020-06-15,JNJ,sell,np.float64(335.4176491341454),np.float64(140.76),np.float64(47213.388292122305),np.float64(47.2133882921223),,
2020-06-15,NFLX,sell,np.float64(117.564963562846),np.float64(421.4),np.float64(49541.875645383305),np.float64(49.54187564538331),,
2020-06-15,WMT,sell,np.float64(410.01000672004284),np.float64(118.4),np.float64(48545.18479565308),np.float64(48.54518479565308),,
2020-06-15,INTC,buy,np.float64(808.9660960472488),np.float64(59.33),np.float64(47995.95847848327),np.float64(47.99595847848327),np.float64(0.998001998001998),
2020-06-15,JPM,buy,np.float64(497.78011282392936),np.float64(96.42),np.float64(47995.95847848327),np.float64(47.99595847848327),np.float64(0.998001998001998),
2020-06-15,KO,buy,np.float64(1076.8669167261223),np.float64(44.57),np.float64(47995.95847848327),np.float64(47.99595847848327),np.float64(0.998001998001998),
2020-06-15,MU,buy,np.float64(1013.4281773328394),np.float64(47.36),np.float64(47995.95847848327),np.float64(47.99595847848327),np.float64(0.998001998001998),
2020-06-15,XOM,buy,np.float64(1058.345280672178),np.float64(45.35),np.float64(47995.95847848327),np.float64(47.99595847848327),np.float64(0.998001998001998),
2020-06-22,INTC,sell,np.float64(808.9660960472488),np.float64(59.56),np.float64(48182.02068057414),np.float64(48.18202068057414),,
2020-06-22,KO,sell,np.float64(1076.8669167261223),np.float64(46.03),np.float64(49568.184176903414),np.float64(49.568184176903415),,
2020-06-22,MU,sell,np.float64(1013.4281773328394),np.float64(51.22),np.float64(51907.79124298803),np.float64(51.90779124298803),,
2020-06-22,COST,buy,np.float64(164.1178208101928),np.float64(299.7),np.float64(49186.11089681478),np.float64(49.18611089681478),np.float64(0.9980019980019976),
2020-06-22,CSCO,buy,np.float64(1091.0849799648354),np.float64(45.08),np.float64(49186.11089681478),np.float64(49.18611089681478),np.float64(0.9980019980019976),
2020-06-22,JNJ,buy,np.float64(342.8320268823781),np.float64(143.47),np.float64(49186.11089681478),np.float64(49.18611089681478),np.float64(0.9980019980019976),
2020-06-22,JPM,buy,np.float64(8.984230695336606),np.float64(97.25),np.float64(873.716435121485),np.float64(0.873716435121485),np.float64(0.9980019980019976),
2020-06-22,XOM,buy,np.float64(20.287371408930582),np.float64(45.69),np.float64(926.9299996740383),np.float64(0.9269299996740383),np.float64(0.9980019980019976),
2020-06-29,COST,sell,np.float64(164.1178208101928),np.float64(297.44),np.float64(48815.20462178374),np.float64(48.81520462178374),,
2020-06-29,CSCO,sell,np.float64(1091.0849799648354),np.float64(46.34),np.float64(50560.87797157047),np.float64(50.56087797157048),,
2020-06-29,JPM,sell,np.float64(506.76434351926594),np.float64(93.4),np.float64(47331.78968469944),np.float64(47.331789684699444),,
2020-06-29,XOM,sell,np.float64(1078.6326520811085),np.float64(43.81),np.float64(47254.896487673366),np.float64(47.25489648767337),,
2020-06-29,AMD,buy,np.float64(961.2949638246612),np.float64(50.15),np.float64(48208.942435806755),np.float64(48.208942435806755),np.float64(0.998001998001998),
2020-06-29,GOOGL,buy,np.float64(35.438892068017374),np.float64(1360.34),np.float64(48208.942435806755),np.float64(48.208942435806755),np.float64(0.998001998001998),
2020-06-29,JNJ,buy,np.float64(5.329832946288815),np.float64(138.74),np.float64(739.4610229681102),np.float64(0.7394610229681102),np.float64(0.998001998001998),
2020-06-29,KO,buy,np.float64(1095.1599826398626),np.float64(44.02),np.float64(48208.942435806755),np.float64(48.208942435806755),np.float64(0.998001998001998),
2020-06-29,META,buy,np.float64(229.84001161290468),np.float64(209.75),np.float64(48208.942435806755),np.float64(48.208942435806755),np.float64(0.998001998001998),
2020-07-06,AMD,sell,np.float64(961.2949638246612),np.float64(52.9),np.float64(50852.50358632457),np.float64(50.85250358632457),,
2020-07-06,GOOGL,sell,np.float64(35.438892068017374),np.float64(1488.15),np.float64(52738.38723102006),np.float64(52.73838723102006),,
2020-07-06,JNJ,sell,np.float64(348.16185982866693),np.float64(142.16),np.float64(49494.68999324329),np.float64(49.49468999324329),,
2020-07-06,KO,sell,np.float64(1095.1599826398626),np.float64(45.14),np.float64(49435.521616363396),np.float64(49.435521616363395),,
2020-07-06,META,sell,np.float64(10.599334387045728),np.float64(233.76),np.float64(2477.7004063158092),np.float64(2.4777004063158095),,
2020-07-06,AAPL,buy,np.float64(138.2359559564988),np.float64(370.0),np.float64(51147.30370390456),np.float64(51.14730370390456),np.float64(0.998001998001998),
2020-07-06,JPM,buy,np.float64(541.6425257217469),np.float64(94.43),np.float64(51147.30370390456),np.float64(51.14730370390456),np.float64(0.998001998001998),
2020-07-06,WMT,buy,np.float64(426.9390960259145),np.float64(119.8),np.float64(51147.30370390456),np.float64(51.14730370390456),np.float64(0.998001998001998),
2020-07-06,XOM,buy,np.float64(1145.0034408754098),np.float64(44.67),np.float64(51147.30370390456),np.float64(51.14730370390456),np.float64(0.998001998001998),
2020-07-13,AAPL,sell,np.float64(138.2359559564988),np.float64(389.06),np.float64(53782.08102443542),np.float64(53.78208102443542),,
2020-07-13,JPM,sell,np.float64(541.6425257217469),np.float64(98.7303),np.float64(53476.52905726579),np.float64(53.47652905726579),,
2020-07-13,META,sell,np.float64(219.24067722585895),np.float64(247.005),np.float64(54153.54347817329),np.float64(54.15354347817329),,
2020-07-13,WMT,sell,np.float64(426.9390960259145),np.float64(131.33),np.float64(56069.911481083356),np.float64(56.06991148108336),,
2020-07-13,INTC,buy,np.float64(889.5770626995103),np.float64(59.84),np.float64(53232.2914319387),np.float64(53.2322914319387),np.float64(0.9980019980019977),
2020-07-13,JNJ,buy,np.float64(370.6725954455727),np.float64(143.61),np.float64(53232.2914319387),np.float64(53.2322914319387),np.float64(0.9980019980019977),
2020-07-13,KO,buy,np.float64(1169.1695899832791),np.float64(45.53),np.float64(53232.2914319387),np.float64(53.2322914319387),np.float64(0.9980019980019977),
2020-07-13,PEP,buy,np.float64(389.2102905018549),np.float64(136.77),np.float64(53232.2914319387),np.float64(53.2322914319387),np.float64(0.9980019980019977),
2020-07-13,XOM,buy,np.float64(95.82060755518029),np.float64(42.98),np.float64(4118.369712721648),np.float64(4.118369712721648),np.float64(0.9980019980019977),
2020-07-20,INTC,sell,np.float64(889.5770626995103),np.float64(60.08),np.float64(53445.789926986574),np.float64(53.44578992698658),,
2020-07-20,JNJ,sell,np.float64(370.6725954455727),np.float64(150.23),np.float64(55686.144013788384),np.float64(55.686144013788386),,
2020-07-20,KO,sell,np.float64(1169.1695899832791),np.float64(46.76),np.float64(54670.37002761813),np.float64(54.670370027618134),,
2020-07-20,PEP,sell,np.float64(389.2102905018549),np.float64(134.6136),np.float64(52392.99836150049),np.float64(52.39299836150049),,
2020-07-20,XOM,sell,np.float64(1240.82404843059),np.float64(43.21),np.float64(53616.007132685794),np.float64(53.616007132685795),,
2020-07-20,ADBE,buy,np.float64(124.07143064423796),np.float64(434.06),np.float64(53854.44518543793),np.float64(53.85444518543793),np.float64(0.9980019980019982),
2020-07-20,AMZN,buy,np.float64(17.95028504280979),np.float64(3000.2),np.float64(53854.44518543793),np.float64(53.85444518543793),np.float64(0.9980019980019982),
2020-07-20,CRM,buy,np.float64(286.6122681502817),np.float64(187.9),np.float64(53854.44518543793),np.float64(53.85444518543793),np.float64(0.9980019980019982),
2020-07-20,MSFT,buy,np.float64(262.7046106606728),np.float64(205.0),np.float64(53854.44518543793),np.float64(53.85444518543793),np.float64(0.9980019980019982),
2020-07-20,NFLX,buy,np.float64(110.10026819609504),np.float64(489.14),np.float64(53854.44518543793),np.float64(53.85444518543793),np.float64(0.9980019980019982),
2020-07-27,ADBE,sell,np.float64(124.07143064423796),np.float64(431.77),np.float64(53570.321609262624),np.float64(53.57032160926263),,
2020-07-27,AMZN,sell,np.float64(17.95028504280979),np.float64(3062.0),np.float64(54963.77280108357),np.float64(54.96377280108357),,
2020-07-27,CRM,sell,np.float64(286.6122681502817),np.float64(189.9),np.float64(54427.66972173849),np.float64(54.427669721738496),,
2020-07-27,MSFT,sell,np.float64(262.7046106606728),np.float64(201.47),np.float64(52927.09790980575),np.float64(52.92709790980575),,
2020-07-27,NFLX,sell,np.float64(110.10026819609504),np.float64(484.51),np.float64(53344.68094369001),np.float64(53.34468094369001),,
2020-07-27,AAPL,buy,np.float64(143.36549665391428),np.float64(374.84),np.float64(53739.12276575323),np.float64(53.73912276575323),np.float64(0.9980019980019983),
2020-07-27,INTC,buy,np.float64(1053.0888255095674),np.float64(51.03),np.float64(53739.12276575323),np.float64(53.73912276575323),np.float64(0.9980019980019983),
2020-07-27,META,buy,np.float64(232.17455614686438),np.float64(231.46),np.float64(53739.12276575323),np.float64(53.73912276575323),np.float64(0.9980019980019983),
2020-07-27,QCOM,buy,np.float64(596.9521260324167),np.float64(90.0225),np.float64(53739.12276575323),np.float64(53.73912276575323),np.float64(0.9980019980019983),
2020-07-27,TSLA,buy,np.float64(37.44886603885242),np.float64(1435.0),np.float64(53739.12276575323),np.float64(53.73912276575323),np.float64(0.9980019980019983),
2020-08-03,AAPL,sell,np.float64(143.36549665391428),np.float64(432.8),np.float64(62048.586951814104),np.float64(62.04858695181411),,
2020-08-03,META,sell,np.float64(232.17455614686438),np.float64(252.65),np.float64(58658.90161050529),np.float64(58.65890161050529),,
2020-08-03,QCOM,sell,np.float64(596.9521260324167),np.float64(107.41),np.float64(64118.62785714187),np.float64(64.11862785714187),,
2020-08-03,TSLA,sell,np.float64(37.44886603885242),np.float64(1449.2),np.float64(54270.89666350493),np.float64(54.27089666350493),,
2020-08-03,COST,buy,np.float64(177.74800249045325),np.float64(325.55),np.float64(57865.86221076705),np.float64(57.865862210767055),np.float64(0.9980019980019983),
2020-08-03,INTC,buy,np.float64(148.30772912004085),np.float64(48.25),np.float64(7155.84793004197),np.float64(7.15584793004197),np.float64(0.9980019980019983),
2020-08-03,JNJ,buy,np.float64(395.2856220422642),np.float64(146.39),np.float64(57865.86221076705),np.float64(57.865862210767055),np.float64(0.9980019980019983),
2020-08-03,KO,buy,np.float64(1227.5320791422794),np.float64(47.14),np.float64(57865.86221076705),np.float64(57.865862210767055),np.float64(0.9980019980019983),
2020-08-03,WMT,buy,np.float64(445.4303918925953),np.float64(129.91),np.float64(57865.86221076705),np.float64(57.865862210767055),np.float64(0.9980019980019983),
2020-08-10,COST,sell,np.float64(177.74800249045325),np.float64(340.71),np.float64(60560.52192852232),np.float64(60.56052192852232),,
2020-08-10,INTC,sell,np.float64(1201.3965546296083),np.float64(48.2),np.float64(57907.313933147125),np.float64(57.90731393314712),,
2020-08-10,JNJ,sell,np.float64(395.2856220422642),np.float64(148.86),np.float64(58842.217697211454),np.float64(58.84221769721145),,
2020-08-10,KO,sell,np.float64(1227.5320791422794),np.float64(48.06),np.float64(58995.19172357795),np.float64(58.995191723577946),,
2020-08-10,AMAT,buy,np.float64(924.1986276222884),np.float64(63.65),np.float64(58825.24264815866),np.float64(58.82524264815866),np.float64(0.9980036712674961),
2020-08-10,MU,buy,np.float64(1204.201487168038),np.float64(48.85),np.float64(58825.24264815866),np.float64(58.82524264815866),np.float64(0.9980036712674961),
2020-08-10,ORCL,buy,np.float64(1063.9400008710193),np.float64(55.29),np.float64(58825.24264815866),np.float64(58.82524264815866),np.float64(0.9980036712674961),
2020-08-10,PEP,buy,np.float64(431.52320017722025),np.float64(136.32),np.float64(58825.24264815866),np.float64(58.82524264815866),np.float64(0.9980036712674961),
2020-08-10,WMT,buy,np.float64(7.126851472981351),np.float64(130.24),np.float64(928.2011358410913),np.float64(0.9282011358410913),np.float64(0.9980036712674961),
2020-08-17,AMAT,sell,np.float64(924.1986276222884),np.float64(68.1),np.float64(62937.92654107784),np.float64(62.93792654107784),,
2020-08-17,PEP,sell,np.float64(431.52320017722025),np.float64(137.5),np.float64(59334.44002436778),np.float64(59.33444002436778),,
2020-08-17,WMT,sell,np.float64(452.55724336557665),np.float64(134.35),np.float64(60801.06564616522),np.float64(60.80106564616522),,
2020-08-17,COST,buy,np.float64(175.13086537976554),np.float64(337.65),np.float64(59132.93669547783),np.float64(59.13293669547783),np.float64(0.9980033297698742),
2020-08-17,CRM,buy,np.float64(302.7180131845901),np.float64(195.34),np.float64(59132.93669547783),np.float64(59.13293669547783),np.float64(0.9980033297698742),
2020-08-17,CSCO,buy,np.float64(1389.7282419618762),np.float64(42.55),np.float64(59132.93669547783),np.float64(59.13293669547783),np.float64(0.9980033297698742),
2020-08-17,MU,buy,np.float64(86.50218050374545),np.float64(45.9),np.float64(3970.450085121916),np.float64(3.9704500851219158),np.float64(0.9980033297698742),
2020-08-17,ORCL,buy,np.float64(29.1979286228476),np.float64(54.2),np.float64(1582.52773135834),np.float64(1.58252773135834),np.float64(0.9980033297698742),
2020-08-24,COST,sell,np.float64(175.13086537976554),np.float64(345.11),np.float64(60439.412951210885),np.float64(60.43941295121088),,
2020-08-24,CRM,sell,np.float64(302.7180131845901),np.float64(208.88),np.float64(63231.73859399719),np.float64(63.231738593997186),,
2020-08-24,CSCO,sell,np.float64(1389.7282419618762),np.float64(42.07),np.float64(58465.86713933613),np.float64(58.46586713933613),,
2020-08-24,ORCL,sell,np.float64(1093.137929493867),np.float64(55.76),np.float64(60953.37094857802),np.float64(60.95337094857802),,
2020-08-24,AMAT,buy,np.float64(941.1257500433483),np.float64(63.36),np.float64(59629.72752274654),np.float64(59.62972752274654),np.float64(0.9980019980019982),
2020-08-24,JPM,buy,np.float64(605.6853989105794),np.float64(98.45),np.float64(59629.72752274654),np.float64(59.62972752274654),np.float64(0.9980019980019982),
2020-08-24,KO,buy,np.float64(1257.2154232078124),np.float64(47.43),np.float64(59629.72752274654),np.float64(59.62972752274654),np.float64(0.9980019980019982),
2020-08-24,MU,buy,np.float64(94.75381395997297),np.float64(43.12),np.float64(4085.784457954034),np.float64(4.085784457954034),np.float64(0.9980019980019982),
2020-08-24,PEP,buy,np.float64(436.97587221710785),np.float64(136.46),np.float64(59629.72752274654),np.float64(59.62972752274654),np.float64(0.9980019980019982),
2020-08-31,AMAT,sell,np.float64(941.1257500433483),np.float64(62.44),np.float64(58763.891832706664),np.float64(58.76389183270666),,
2020-08-31,JPM,sell,np.float64(605.6853989105794),np.float64(102.12),np.float64(61852.59293674837),np.float64(61.85259293674837),,
2020-08-31,KO,sell,np.float64(1257.2154232078124),np.float64(49.8),np.float64(62609.32807574905),np.float64(62.609328075749055),,
2020-08-31,MU,sell,np.float64(1385.4574816317565),np.float64(45.35),np.float64(62830.49679200016),np.float64(62.83049679200016),,
2020-08-31,COST,buy,np.float64(176.63112575263122),np.float64(346.85),np.float64(61264.505967300145),np.float64(61.264505967300146),np.float64(0.9980019980019981),
2020-08-31,CSCO,buy,np.float64(1455.2139184631862),np.float64(42.1),np.float64(61264.505967300145),np.float64(61.264505967300146),np.float64(0.9980019980019981),
2020-08-31,JNJ,buy,np.float64(400.42160762941273),np.float64(153.0),np.float64(61264.505967300145),np.float64(61.264505967300146),np.float64(0.9980019980019981),
2020-08-31,PEP,buy,np.float64(3.636698031348996),np.float64(139.32),np.float64(506.6647697275421),np.float64(0.506664769727542),np.float64(0.9980019980019981),
2020-08-31,XOM,buy,np.float64(1507.4927649434092),np.float64(40.64),np.float64(61264.505967300145),np.float64(61.264505967300146),np.float64(0.9980019980019981),
2020-09-08,COST,sell,np.float64(176.63112575263122),np.float64(343.84),np.float64(60732.84627878472),np.float64(60.73284627878472),,
2020-09-08,CSCO,sell,np.float64(1455.2139184631862),np.float64(40.05),np.float64(58281.317434450604),np.float64(58.28131743445061),,
2020-09-08,JNJ,sell,np.float64(3.442227312896076),np.float64(150.25),np.float64(517.1946537626354),np.float64(0.5171946537626354),,
2020-09-08,PEP,sell,np.float64(440.61257024845685),np.float64(138.31),np.float64(60941.124591064065),np.float64(60.94112459106407),,
2020-09-08,XOM,sell,np.float64(1507.4927649434092),np.float64(38.25),np.float64(57661.598259085404),np.float64(57.6615982590854),,
2020-09-08,ADBE,buy,np.float64(126.14488761043538),np.float64(471.8946),np.float64(59527.09128097136),np.float64(59.52709128097136),np.float64(0.9980038844450564),
2020-09-08,CRM,buy,np.float64(247.44701548841837),np.float64(240.565),np.float64(59527.09128097136),np.float64(59.52709128097136),np.float64(0.9980038844450564),
2020-09-08,MSFT,buy,np.float64(288.2667858642681),np.float64(206.5),np.float64(59527.09128097136),np.float64(59.52709128097136),np.float64(0.9980038844450564),
2020-09-08,ORCL,buy,np.float64(1075.4668704782541),np.float64(55.35),np.float64(59527.09128097136),np.float64(59.52709128097136),np.float64(0.9980038844450564),
2020-09-14,ADBE,sell,np.float64(126.14488761043538),np.float64(484.99),np.float64(61179.009042185055),np.float64(61.17900904218506),,
2020-09-14,CRM,sell,np.float64(247.44701548841837),np.float64(246.31),np.float64(60948.67438495233),np.float64(60.94867438495233),,
2020-09-14,JNJ,sell,np.float64(396.97938031651665),np.float64(148.12),np.float64(58800.58581248245),np.float64(58.80058581248245),,
2020-09-14,MSFT,sell,np.float64(288.2667858642681),np.float64(204.24),np.float64(58875.608344918124),np.float64(58.87560834491813),,
2020-09-14,ORCL,sell,np.float64(1075.4668704782541),np.float64(60.86),np.float64(65452.913737306546),np.float64(65.45291373730655),,
2020-09-14,AMAT,buy,np.float64(1083.5742046696776),np.float64(56.23),np.float64(60929.37752857597),np.float64(60.92937752857597),np.float64(0.9980019980019982),
2020-09-14,AMZN,buy,np.float64(19.202831221675606),np.float64(3172.9372),np.float64(60929.37752857597),np.float64(60.92937752857597),np.float64(0.9980019980019982),
2020-09-14,GOOGL,buy,np.float64(39.78029764726873),np.float64(1531.6471),np.float64(60929.37752857597),np.float64(60.92937752857597),np.float64(0.9980019980019982),
2020-09-14,META,buy,np.float64(224.8731409063516),np.float64(270.95),np.float64(60929.37752857597),np.float64(60.92937752857597),np.float64(0.9980019980019982),
2020-09-14,NFLX,buy,np.float64(126.77245542960337),np.float64(480.62),np.float64(60929.37752857597),np.float64(60.92937752857597),np.float64(0.9980019980019982),
2020-09-21,AMAT,sell,np.float64(1083.5742046696776),np.float64(55.21),np.float64(59824.1318398129),np.float64(59.8241318398129),,
2020-09-21,NFLX,sell,np.float64(126.77245542960337),np.float64(467.6923),np.float64(59290.501256518684),np.float64(59.29050125651869),,
2020-09-21,AAPL,buy,np.float64(549.0118949938773),np.float64(104.54),np.float64(57393.70350265993),np.float64(57.39370350265993),np.float64(0.9980019980019976),
2020-09-21,AMZN,buy,np.float64(0.5822085326709285),np.float64(2906.5),np.float64(1692.1891002080538),np.float64(1.6921891002080538),np.float64(0.9980019980019976),
2020-09-21,GOOGL,buy,np.float64(0.3892237727609109),np.float64(1431.62),np.float64(557.2205375599752),np.float64(0.5572205375599752),np.float64(0.9980019980019976),
2020-09-21,META,buy,np.float64(7.432435882386564),np.float64(247.54),np.float64(1839.82517832597),np.float64(1.83982517832597),np.float64(0.9980019980019976),
2020-09-21,PEP,buy,np.float64(440.2370445858705),np.float64(130.37),np.float64(57393.70350265993),np.float64(57.39370350265993),np.float64(0.9980019980019976),
2020-09-28,AAPL,sell,np.float64(549.0118949938773),np.float64(114.98),np.float64(63125.38768639601),np.float64(63.12538768639601),,
2020-09-28,AMZN,sell,np.float64(19.785039754346535),np.float64(3148.85),np.float64(62300.12243047408),np.float64(62.30012243047408),,
2020-09-28,GOOGL,sell,np.float64(40.169521420029646),np.float64(1471.99),np.float64(59129.13383506944),np.float64(59.129133835069446),,
2020-09-28,META,sell,np.float64(232.30557678873816),np.float64(259.4),np.float64(60260.06661899867),np.float64(60.26006661899867),,
2020-09-28,PEP,sell,np.float64(440.2370445858705),np.float64(136.04),np.float64(59889.84754546182),np.float64(59.88984754546182),,
2020-09-28,CSCO,buy,np.float64(1551.7068901670273),np.float64(39.195),np.float64(60819.15156009664),np.float64(60.819151560096635),np.float64(0.9980019980019981),
2020-09-28,JNJ,buy,np.float64(414.49704600352106),np.float64(146.73),np.float64(60819.15156009664),np.float64(60.819151560096635),np.float64(0.9980019980019981),
2020-09-28,JPM,buy,np.float64(639.7975127298195),np.float64(95.06),np.float64(60819.15156009664),np.float64(60.819151560096635),np.float64(0.9980019980019981),
2020-09-28,KO,buy,np.float64(1233.6541898599723),np.float64(49.3),np.float64(60819.15156009664),np.float64(60.819151560096635),np.float64(0.9980019980019981),
2020-09-28,XOM,buy,np.float64(1730.7669766675194),np.float64(35.14),np.float64(60819.15156009664),np.float64(60.819151560096635),np.float64(0.9980019980019981),
2020-10-05,CSCO,sell,np.float64(1551.7068901670273),np.float64(38.48),np.float64(59709.68113362721),np.float64(59.70968113362721),,
2020-10-05,JNJ,sell,np.float64(1.804865245700948),np.float64(147.0),np.float64(265.31519111803937),np.float64(0.26531519111803936),,
2020-10-05,JPM,sell,np.float64(639.7975127298195),np.float64(98.32),np.float64(62904.891451595846),np.float64(62.904891451595844),,
2020-10-05,KO,sell,np.float64(1233.6541898599723),np.float64(49.43),np.float64(60979.52660477843),np.float64(60.979526604778435),,
2020-10-05,MSFT,buy,np.float64(292.17697098577025),np.float64(207.22),np.float64(60544.91192767131),np.float64(60.54491192767131),np.float64(0.9980081241459953),
2020-10-05,MU,buy,np.float64(1288.4637567071995),np.float64(46.99),np.float64(60544.91192767131),np.float64(60.54491192767131),np.float64(0.9980081241459953),
2020-10-05,ORCL,buy,np.float64(1018.5886932649952),np.float64(59.44),np.float64(60544.91192767131),np.float64(60.54491192767131),np.float64(0.9980081241459953),
2020-10-05,XOM,buy,np.float64(89.75468378735485),np.float64(33.32),np.float64(2990.6260637946634),np.float64(2.9906260637946636),np.float64(0.9980081241459953),
2020-10-12,MSFT,sell,np.float64(292.17697098577025),np.float64(218.79),np.float64(63925.399481976674),np.float64(63.925399481976676),,
2020-10-12,MU,sell,np.float64(1288.4637567071995),np.float64(50.58),np.float64(65170.49681425015),np.float64(65.17049681425016),,
2020-10-12,ORCL,sell,np.float64(1018.5886932649952),np.float64(61.24),np.float64(62378.371575548306),np.float64(62.37837157554831),,
2020-10-12,XOM,sell,np.float64(1820.5216604548743),np.float64(34.54),np.float64(62880.81815211136),np.float64(62.88081815211136),,
2020-10-12,JNJ,buy,np.float64(5.718121008144588),np.float64(151.6),np.float64(866.8671448347195),np.float64(0.8668671448347195),np.float64(0.9980029572223574),
2020-10-12,KO,buy,np.float64(1245.2017799876494),np.float64(50.84),np.float64(63306.0584945721),np.float64(63.3060584945721),np.float64(0.9980029572223574),
2020-10-12,META,buy,np.float64(234.29333269641785),np.float64(270.2),np.float64(63306.0584945721),np.float64(63.3060584945721),np.float64(0.9980029572223574),
2020-10-12,PEP,buy,np.float64(448.5973532778635),np.float64(141.12),np.float64(63306.0584945721),np.float64(63.3060584945721),np.float64(0.9980029572223574),
2020-10-12,WMT,buy,np.float64(442.63780236730594),np.float64(143.02),np.float64(63306.0584945721),np.float64(63.3060584945721),np.float64(0.9980029572223574),
2020-10-19,META,sell,np.float64(234.29333269641785),np.float64(265.53),np.float64(62211.90863087983),np.float64(62.21190863087983),,
2020-10-19,PEP,sell,np.float64(448.5973532778635),np.float64(141.34),np.float64(63404.74991229323),np.float64(63.40474991229323),,
2020-10-19,WMT,sell,np.float64(442.63780236730594),np.float64(145.1),np.float64(64226.74512349609),np.float64(64.22674512349609),,
2020-10-19,CRM,buy,np.float64(241.4993718245946),np.float64(259.76),np.float64(62731.87682515669),np.float64(62.73187682515669),np.float64(0.9980019980019981),
2020-10-19,JNJ,buy,np.float64(4.777240283478754),np.float64(148.53),np.float64(709.5634993050994),np.float64(0.7095634993050994),np.float64(0.9980019980019981),
2020-10-19,KO,buy,np.float64(11.171341036587284),np.float64(50.03),np.float64(558.9021920604619),np.float64(0.5589021920604619),np.float64(0.9980019980019981),
2020-10-19,ORCL,buy,np.float64(1038.7792155184084),np.float64(60.39),np.float64(62731.87682515669),np.float64(62.73187682515669),np.float64(0.9980019980019981),
2020-10-19,XOM,buy,np.float64(1839.644481676149),np.float64(34.1),np.float64(62731.87682515669),np.float64(62.73187682515669),np.float64(0.9980019980019981),
2020-10-26,CRM,sell,np.float64(241.4993718245946),np.float64(245.3),np.float64(59239.795908573054),np.float64(59.23979590857306),,
2020-10-26,JNJ,sell,np.float64(423.18754204944344),np.float64(144.61),np.float64(61197.150455770025),np.float64(61.19715045577003),,
2020-10-26,KO,sell,np.float64(1256.3731210242368),np.float64(50.34),np.float64(63245.82291236008),np.float64(63.24582291236008),,
2020-10-26,ORCL,sell,np.float64(1038.7792155184084),np.float64(58.1),np.float64(60353.07242161953),np.float64(60.35307242161953),,
2020-10-26,XOM,sell,np.float64(1839.644481676149),np.float64(33.61),np.float64(61830.45102913537),np.float64(61.830451029135375),,
2020-10-26,AAPL,buy,np.float64(535.4884155134939),np.float64(114.01),np.float64(61051.03425269345),np.float64(61.05103425269345),np.float64(0.9980019980019983),
2020-10-26,AMAT,buy,np.float64(1012.0353792406704),np.float64(60.325),np.float64(61051.03425269345),np.float64(61.05103425269345),np.float64(0.9980019980019983),
2020-10-26,CSCO,buy,np.float64(1589.870683663892),np.float64(38.4),np.float64(61051.03425269345),np.float64(61.05103425269345),np.float64(0.9980019980019983),
2020-10-26,INTC,buy,np.float64(1275.8836834418694),np.float64(47.85),np.float64(61051.03425269345),np.float64(61.05103425269345),np.float64(0.9980019980019983),
2020-10-26,NFLX,buy,np.float64(125.36146663797422),np.float64(487.0),np.float64(61051.03425269345),np.float64(61.05103425269345),np.float64(0.9980019980019983),
2020-11-02,AAPL,sell,np.float64(535.4884155134939),np.float64(109.11),np.float64(58427.14101667732),np.float64(58.42714101667732),,
2020-11-02,AMAT,sell,np.float64(1012.0353792406704),np.float64(59.95),np.float64(60671.52098547819),np.float64(60.671520985478196),,
2020-11-02,NFLX,sell,np.float64(125.36146663797422),np.float64(478.87),np.float64(60031.845528926715),np.float64(60.031845528926716),,
2020-11-02,ADBE,buy,np.float64(130.13045771188658),np.float64(451.0),np.float64(58688.836428060844),np.float64(58.688836428060846),np.float64(0.9980019980019981),
2020-11-02,AMD,buy,np.float64(773.7486674760823),np.float64(75.85),np.float64(58688.836428060844),np.float64(58.688836428060846),np.float64(0.9980019980019981),
2020-11-02,CSCO,buy,np.float64(34.992436210776134),np.float64(36.19),np.float64(1266.3762664679882),np.float64(1.2663762664679883),np.float64(0.9980019980019981),
2020-11-02,INTC,buy,np.float64(32.022216825656535),np.float64(44.96),np.float64(1439.7188684815178),np.float64(1.4397188684815179),np.float64(0.9980019980019981),
2020-11-02,META,buy,np.float64(221.80210290272427),np.float64(264.6),np.float64(58688.836428060844),np.float64(58.688836428060846),np.float64(0.9980019980019981),
2020-11-09,ADBE,sell,np.float64(130.13045771188658),np.float64(494.6963),np.float64(64375.05594737676),np.float64(64.37505594737677),,
2020-11-09,AMD,sell,np.float64(773.7486674760823),np.float64(84.24),np.float64(65180.58774818517),np.float64(65.18058774818518),,
2020-11-09,CSCO,sell,np.float64(1624.863119874668),np.float64(39.92),np.float64(64864.53574539675),np.float64(64.86453574539675),,
2020-11-09,INTC,sell,np.float64(1307.905900267526),np.float64(46.64),np.float64(61000.73118847742),np.float64(61.00073118847742),,
2020-11-09,META,sell,np.float64(221.80210290272427),np.float64(289.87),np.float64(64293.77556841268),np.float64(64.29377556841268),,
2020-11-09,JNJ,buy,np.float64(430.52999613994126),np.float64(148.425),np.float64(63901.41467707079),np.float64(63.90141467707079),np.float64(0.9980033448168006),
2020-11-09,KO,buy,np.float64(1217.4016894088547),np.float64(52.49),np.float64(63901.41467707079),np.float64(63.90141467707079),np.float64(0.9980033448168006),
2020-11-09,ORCL,buy,np.float64(1098.1511372584773),np.float64(58.19),np.float64(63901.41467707079),np.float64(63.90141467707079),np.float64(0.9980033448168006),
2020-11-09,PEP,buy,np.float64(450.00996251458304),np.float64(142.0),np.float64(63901.41467707079),np.float64(63.90141467707079),np.float64(0.9980033448168006),
2020-11-09,XOM,buy,np.float64(1754.5693211716305),np.float64(36.42),np.float64(63901.41467707079),np.float64(63.90141467707079),np.float64(0.9980033448168006),
2020-11-16,JNJ,sell,np.float64(430.52999613994126),np.float64(150.92),np.float64(64975.58701743993),np.float64(64.97558701743993),,
2020-11-16,KO,sell,np.float64(1217.4016894088547),np.float64(54.5),np.float64(66348.39207278259),np.float64(66.34839207278259),,
2020-11-16,ORCL,sell,np.float64(1098.1511372584773),np.float64(57.02),np.float64(62616.57784647838),np.float64(62.61657784647838),,
2020-11-16,PEP,sell,np.float64(450.00996251458304),np.float64(145.0),np.float64(65251.44456461454),np.float64(65.25144456461454),,
2020-11-16,XOM,sell,np.float64(1754.5693211716305),np.float64(37.59),np.float64(65954.2607828416),np.float64(65.9542607828416),,
2020-11-16,ADBE,buy,np.float64(141.61612829812597),np.float64(460.43),np.float64(65204.31395230614),np.float64(65.20431395230614),np.float64(0.9980066661306284),
2020-11-16,AMZN,buy,np.float64(21.079889419470497),np.float64(3093.2),np.float64(65204.31395230614),np.float64(65.20431395230614),np.float64(0.9980066661306284),
2020-11-16,META,buy,np.float64(237.06349373679745),np.float64(275.05),np.float64(65204.31395230614),np.float64(65.20431395230614),np.float64(0.9980066661306284),
2020-11-16,NFLX,buy,np.float64(135.84232073397112),np.float64(480.0),np.float64(65204.31395230614),np.float64(65.20431395230614),np.float64(0.9980066661306284),
2020-11-16,NVDA,buy,np.float64(123.7508330846577),np.float64(526.9),np.float64(65204.31395230614),np.float64(65.20431395230614),np.float64(0.9980066661306284),
2020-11-23,ADBE,sell,np.float64(141.61612829812597),np.float64(464.6334),np.float64(65799.58318599449),np.float64(65.79958318599449),,
2020-11-23,AMZN,sell,np.float64(21.079889419470497),np.float64(3116.6986),np.float64(65699.66184181851),np.float64(65.69966184181851),,
2020-11-23,META,sell,np.float64(237.06349373679745),np.float64(270.89),np.float64(64218.129818361056),np.float64(64.21812981836106),,
2020-11-23,NFLX,sell,np.float64(135.84232073397112),np.float64(490.46),np.float64(66625.22462718347),np.float64(66.62522462718347),,
2020-11-23,NVDA,sell,np.float64(123.7508330846577),np.float64(526.8452),np.float64(65197.5324066531),np.float64(65.19753240665311),,
2020-11-23,JNJ,buy,np.float64(447.75797005970634),np.float64(146.01),np.float64(65377.14120841772),np.float64(65.37714120841773),np.float64(0.9980019980019981),
2020-11-23,KO,buy,np.float64(1234.6957735300796),np.float64(52.95),np.float64(65377.14120841772),np.float64(65.37714120841773),np.float64(0.9980019980019981),
2020-11-23,MSFT,buy,np.float64(309.91771134590056),np.float64(210.95),np.float64(65377.14120841772),np.float64(65.37714120841773),np.float64(0.9980019980019981),
2020-11-23,ORCL,buy,np.float64(1170.5844441972733),np.float64(55.85),np.float64(65377.14120841772),np.float64(65.37714120841773),np.float64(0.9980019980019981),
2020-11-23,PEP,buy,np.float64(456.1938539419281),np.float64(143.31),np.float64(65377.14120841772),np.float64(65.37714120841773),np.float64(0.9980019980019981),
2020-11-30,MSFT,sell,np.float64(309.91771134590056),np.float64(214.1),np.float64(66353.38199915731),np.float64(66.3533819991573),,
2020-11-30,ORCL,sell,np.float64(1170.5844441972733),np.float64(57.61),np.float64(67437.36983020492),np.float64(67.43736983020491),,
2020-11-30,PEP,sell,np.float64(456.1938539419281),np.float64(144.46),np.float64(65901.76414045093),np.float64(65.90176414045094),,
2020-11-30,CRM,buy,np.float64(267.58797181128585),np.float64(245.48),np.float64(65687.49532023445),np.float64(65.68749532023445),np.float64(0.9980045240895472),
2020-11-30,JNJ,buy,np.float64(8.571250060779281),np.float64(144.23),np.float64(1236.2313962661956),np.float64(1.2362313962661957),np.float64(0.9980045240895472),
2020-11-30,KO,buy,np.float64(28.806529363594596),np.float64(52.09),np.float64(1500.5321145496425),np.float64(1.5005321145496426),np.float64(0.9980045240895472),
2020-11-30,QCOM,buy,np.float64(454.17771146435854),np.float64(144.6295),np.float64(65687.49532023445),np.float64(65.68749532023445),np.float64(0.9980045240895472),
2020-11-30,WMT,buy,np.float64(433.2948240121006),np.float64(151.6),np.float64(65687.49532023445),np.float64(65.68749532023445),np.float64(0.9980045240895472),
2020-12-07,JNJ,sell,np.float64(456.3292201204856),np.float64(149.35),np.float64(68152.76902499453),np.float64(68.15276902499453),,
2020-12-07,KO,sell,np.float64(1263.5023028936741),np.float64(53.76),np.float64(67925.88380356392),np.float64(67.92588380356392),,
2020-12-07,QCOM,sell,np.float64(454.17771146435854),np.float64(158.55),np.float64(72009.87615267406),np.float64(72.00987615267405),,
2020-12-07,AMZN,buy,np.float64(21.10476385885895),np.float64(3156.48),np.float64(66616.76502521109),np.float64(66.6167650252111),np.float64(0.998003413278379),
2020-12-07,COST,buy,np.float64(177.99119626262083),np.float64(374.27),np.float64(66616.76502521109),np.float64(66.6167650252111),np.float64(0.998003413278379),
2020-12-07,CRM,buy,np.float64(24.98418927297907),np.float64(228.11),np.float64(5699.143415059256),np.float64(5.699143415059256),np.float64(0.998003413278379),
2020-12-07,MSFT,buy,np.float64(310.75600608859025),np.float64(214.37),np.float64(66616.76502521109),np.float64(66.6167650252111),np.float64(0.998003413278379),
2020-12-07,WMT,buy,np.float64(16.28889792357634),np.float64(148.46),np.float64(2418.2497857341436),np.float64(2.418249785734144),np.float64(0.998003413278379),
2020-12-14,AMZN,sell,np.float64(21.10476385885895),np.float64(3143.0),np.float64(66332.27280839368),np.float64(66.33227280839368),,
2020-12-14,COST,sell,np.float64(177.99119626262083),np.float64(376.56),np.float64(67024.3648646525),np.float64(67.0243648646525),,
2020-12-14,CRM,sell,np.float64(292.5721610842649),np.float64(223.09),np.float64(65269.92341628866),np.float64(65.26992341628866),,
2020-12-14,MSFT,sell,np.float64(310.75600608859025),np.float64(213.1),np.float64(66222.10489747858),np.float64(66.22210489747859),,
2020-12-14,WMT,sell,np.float64(449.5837219356769),np.float64(147.7),np.float64(66403.51572989947),np.float64(66.40351572989948),,
2020-12-14,GOOGL,buy,np.float64(37.36704525537279),np.float64(1770.72),np.float64(66166.5743745937),np.float64(66.16657437459371),np.float64(0.9980027296350806),
2020-12-14,INTC,buy,np.float64(1328.1126931873487),np.float64(49.82),np.float64(66166.5743745937),np.float64(66.16657437459371),np.float64(0.9980027296350806),
2020-12-14,MU,buy,np.float64(926.7027223332451),np.float64(71.4),np.float64(66166.5743745937),np.float64(66.16657437459371),np.float64(0.9980027296350806),
2020-12-14,NVDA,buy,np.float64(126.3890707517334),np.float64(523.515),np.float64(66166.5743745937),np.float64(66.16657437459371),np.float64(0.9980027296350806),
2020-12-14,QCOM,buy,np.float64(456.63612404826574),np.float64(144.9),np.float64(66166.5743745937),np.float64(66.16657437459371),np.float64(0.9980027296350806),
2020-12-21,MU,sell,np.float64(926.7027223332451),np.float64(70.0),np.float64(64869.19056332716),np.float64(64.86919056332717),,
2020-12-21,NVDA,sell,np.float64(126.3890707517334),np.float64(522.99),np.float64(66100.22011244905),np.float64(66.10022011244905),,
2020-12-21,QCOM,sell,np.float64(456.63612404826574),np.float64(145.005),np.float64(66214.52116761878),np.float64(66.21452116761877),,
2020-12-21,AMAT,buy,np.float64(762.9857435313377),np.float64(84.385),np.float64(64384.55196789194),np.float64(64.38455196789194),np.float64(0.9980019980019981),
2020-12-21,COST,buy,np.float64(176.35254859867962),np.float64(365.09),np.float64(64384.55196789194),np.float64(64.38455196789194),np.float64(0.9980019980019981),
2020-12-21,GOOGL,buy,np.float64(0.37856487453723925),np.float64(1709.13),np.float64(647.0165840178317),np.float64(0.6470165840178318),np.float64(0.9980019980019981),
2020-12-21,INTC,buy,np.float64(64.53552387531029),np.float64(46.32),np.float64(2989.285465904373),np.float64(2.989285465904373),np.float64(0.9980019980019981),
2020-12-21,WMT,buy,np.float64(442.5055118068174),np.float64(145.5),np.float64(64384.55196789194),np.float64(64.38455196789194),np.float64(0.9980019980019981),
2020-12-28,AMAT,sell,np.float64(762.9857435313377),np.float64(86.3665),np.float64(65896.40821869927),np.float64(65.89640821869928),,
2020-12-28,COST,sell,np.float64(176.35254859867962),np.float64(365.5),np.float64(64456.8565128174),np.float64(64.4568565128174),,
2020-12-28,GOOGL,sell,np.float64(37.74561012991003),np.float64(1744.91),np.float64(65862.69257178131),np.float64(65.86269257178131),,
2020-12-28,INTC,sell,np.float64(12.383243182010897),np.float64(47.19),np.float64(584.3652457590943),np.float64(0.5843652457590942),,
2020-12-28,AMD,buy,np.float64(699.5003211929612),np.float64(92.93),np.float64(65004.564848461894),np.float64(65.0045648484619),np.float64(0.9980019980019982),
2020-12-28,NFLX,buy,np.float64(125.8729447329975),np.float64(516.43),np.float64(65004.564848461894),np.float64(65.0045648484619),np.float64(0.9980019980019982),
2020-12-28,WMT,buy,np.float64(9.673844529373829),np.float64(144.04),np.float64(1393.4205660110063),np.float64(1.3934205660110064),np.float64(0.9980019980019982),
2020-12-28,XOM,buy,np.float64(1556.9955652326203),np.float64(41.75),np.float64(65004.564848461894),np.float64(65.0045648484619),np.float64(0.9980019980019982),
2021-01-04,AMD,sell,np.float64(699.5003211929612),np.float64(92.11),np.float64(64430.974585083655),np.float64(64.43097458508366),,
2021-01-04,INTC,sell,np.float64(1380.264973880648),np.float64(49.89),np.float64(68861.41954690553),np.float64(68.86141954690552),,
2021-01-04,NFLX,sell,np.float64(125.8729447329975),np.float64(539.0),np.float64(67845.51721108565),np.float64(67.84551721108565),,
2021-01-04,CRM,buy,np.float64(296.72620550551534),np.float64(222.64),np.float64(66063.12239374794),np.float64(66.06312239374793),np.float64(0.9980019980019978),
2021-01-04,MSFT,buy,np.float64(296.87288183053045),np.float64(222.53),np.float64(66063.12239374794),np.float64(66.06312239374793),np.float64(0.9980019980019978),
2021-01-04,ORCL,buy,np.float64(1021.2261925142672),np.float64(64.69),np.float64(66063.12239374794),np.float64(66.06312239374793),np.float64(0.9980019980019978),
2021-01-04,WMT,buy,np.float64(6.177110370497045),np.float64(144.4151),np.float64(892.0680118663678),np.float64(0.8920680118663677),np.float64(0.9980019980019978),
2021-01-04,XOM,buy,np.float64(39.918026567605395),np.float64(41.45),np.float64(1654.6022012272438),np.float64(1.6546022012272439),np.float64(0.9980019980019978),
2021-01-11,CRM,sell,np.float64(296.72620550551534),np.float64(219.63),np.float64(65169.976515176335),np.float64(65.16997651517633),,
2021-01-11,MSFT,sell,np.float64(296.87288183053045),np.float64(218.47),np.float64(64857.81849351599),np.float64(64.85781849351599),,
2021-01-11,WMT,sell,np.float64(458.35646670668825),np.float64(146.0),np.float64(66920.04413917649),np.float64(66.9200441391765),,
2021-01-11,XOM,sell,np.float64(1596.9135918002257),np.float64(45.04),np.float64(71924.98817468216),np.float64(71.92498817468217),,
2021-01-11,COST,buy,np.float64(180.55145243213647),np.float64(368.58),np.float64(66547.65433743686),np.float64(66.54765433743687),np.float64(0.9980029078241135),
2021-01-11,KO,buy,np.float64(1314.651409273743),np.float64(50.62),np.float64(66547.65433743686),np.float64(66.54765433743687),np.float64(0.9980029078241135),
2021-01-11,NFLX,buy,np.float64(131.0405921893448),np.float64(507.84),np.float64(66547.65433743686),np.float64(66.54765433743687),np.float64(0.9980029078241135),
2021-01-11,ORCL,buy,np.float64(37.964272650854305),np.float64(62.95),np.float64(2389.850963371279),np.float64(2.389850963371279),np.float64(0.9980029078241135),
2021-01-11,PEP,buy,np.float64(462.04023007315743),np.float64(144.03),np.float64(66547.65433743686),np.float64(66.54765433743687),np.float64(0.9980029078241135),
2021-01-19,COST,sell,np.float64(180.55145243213647),np.float64(362.355),np.float64(65423.721546046814),np.float64(65.42372154604682),,
2021-01-19,NFLX,sell,np.float64(131.0405921893448),np.float64(501.0),np.float64(65651.33668686174),np.float64(65.65133668686174),,
2021-01-19,ORCL,sell,np.float64(1059.1904651651214),np.float64(62.1),np.float64(65775.72788675404),np.float64(65.77572788675404),,
2021-01-19,PEP,sell,np.float64(462.04023007315743),np.float64(142.375),np.float64(65782.97775666579),np.float64(65.78297775666579),,
2021-01-19,ADBE,buy,np.float64(141.40430061980712),np.float64(461.17),np.float64(65211.42131683645),np.float64(65.21142131683645),np.float64(0.9980019980019984),
2021-01-19,AMD,buy,np.float64(728.1311000093395),np.float64(89.56),np.float64(65211.42131683645),np.float64(65.21142131683645),np.float64(0.9980019980019984),
2021-01-19,GOOGL,buy,np.float64(37.413322614364),np.float64(1743.0),np.float64(65211.42131683645),np.float64(65.21142131683645),np.float64(0.9980019980019984),
2021-01-19,KO,buy,np.float64(25.919897907570974),np.float64(48.74),np.float64(1263.3358240150094),np.float64(1.2633358240150094),np.float64(0.9980019980019984),
2021-01-19,META,buy,np.float64(253.83970929091655),np.float64(256.9),np.float64(65211.42131683645),np.float64(65.21142131683645),np.float64(0.9980019980019984),
2021-01-25,ADBE,sell,np.float64(141.40430061980712),np.float64(474.51),np.float64(67097.75468710468),np.float64(67.09775468710468),,
2021-01-25,AMD,sell,np.float64(728.1311000093395),np.float64(94.14),np.float64(68546.26175487922),np.float64(68.54626175487923),,
2021-01-25,GOOGL,sell,np.float64(37.413322614364),np.float64(1912.74),np.float64(71561.9586973986),np.float64(71.56195869739861),,
2021-01-25,KO,sell,np.float64(1340.5713071813138),np.float64(48.42),np.float64(64910.462693719215),np.float64(64.91046269371921),,
2021-01-25,META,sell,np.float64(253.83970929091655),np.float64(278.14),np.float64(70602.97674217552),np.float64(70.60297674217553),,
2021-01-25,INTC,buy,np.float64(1213.319122029804),np.float64(56.38),np.float64(68406.93210004036),np.float64(68.40693210004036),np.float64(0.9980019980019981),
2021-01-25,JPM,buy,np.float64(517.6852739521747),np.float64(132.14),np.float64(68406.93210004036),np.float64(68.40693210004036),np.float64(0.9980019980019981),
2021-01-25,ORCL,buy,np.float64(1132.9402467711222),np.float64(60.38),np.float64(68406.93210004036),np.float64(68.40693210004036),np.float64(0.9980019980019981),
2021-01-25,PEP,buy,np.float64(495.47369873500674),np.float64(138.0637),np.float64(68406.93210004036),np.float64(68.40693210004036),np.float64(0.9980019980019981),
2021-01-25,WMT,buy,np.float64(471.28440992104964),np.float64(145.15),np.float64(68406.93210004036),np.float64(68.40693210004036),np.float64(0.9980019980019981),
2021-02-01,INTC,sell,np.float64(1213.319122029804),np.float64(55.95),np.float64(67885.20487756754),np.float64(67.88520487756753),,
2021-02-01,JPM,sell,np.float64(517.6852739521747),np.float64(129.5),np.float64(67040.24297680662),np.float64(67.04024297680662),,
2021-02-01,ORCL,sell,np.float64(1132.9402467711222),np.float64(60.92),np.float64(69018.71983329677),np.float64(69.01871983329677),,
2021-02-01,PEP,sell,np.float64(495.47369873500674),np.float64(136.98),np.float64(67869.98725272121),np.float64(67.86998725272122),,
2021-02-01,WMT,sell,np.float64(471.28440992104964),np.float64(140.91),np.float64(66408.6862019751),np.float64(66.4086862019751),,
2021-02-01,AAPL,buy,np.float64(504.7432840822355),np.float64(133.75),np.float64(67509.414245999),np.float64(67.509414245999),np.float64(0.9980019980019983),
2021-02-01,AMAT,buy,np.float64(680.2230240614131),np.float64(99.246),np.float64(67509.414245999),np.float64(67.509414245999),np.float64(0.9980019980019983),
2021-02-01,AMD,buy,np.float64(777.4895110675918),np.float64(86.83),np.float64(67509.414245999),np.float64(67.509414245999),np.float64(0.9980019980019983),
2021-02-01,META,buy,np.float64(260.13183664457074),np.float64(259.52),np.float64(67509.414245999),np.float64(67.509414245999),np.float64(0.9980019980019983),
2021-02-01,TSLA,buy,np.float64(82.90586185019956),np.float64(814.29),np.float64(67509.414245999),np.float64(67.509414245999),np.float64(0.9980019980019983),
2021-02-08,AAPL,sell,np.float64(504.7432840822355),np.float64(136.03),np.float64(68660.2289337065),np.float64(68.6602289337065),,
2021-02-08,AMAT,sell,np.float64(680.2230240614131),np.float64(101.85),np.float64(69280.71500065492),np.float64(69.28071500065492),,
2021-02-08,AMD,sell,np.float64(777.4895110675918),np.float64(88.31),np.float64(68660.09872237903),np.float64(68.66009872237903),,
2021-02-08,META,sell,np.float64(260.13183664457074),np.float64(268.75),np.float64(69910.4310982284),np.float64(69.9104310982284),,
2021-02-08,TSLA,sell,np.float64(82.90586185019956),np.float64(869.67),np.float64(72100.74087526304),np.float64(72.10074087526304),,
2021-02-08,COST,buy,np.float64(195.20377807056423),np.float64(356.57),np.float64(69603.81114662108),np.float64(69.60381114662108),np.float64(0.9980022944297415),
2021-02-08,JNJ,buy,np.float64(419.50071990229713),np.float64(165.9206),np.float64(69603.81114662108),np.float64(69.60381114662108),np.float64(0.9980022944297415),
2021-02-08,PEP,buy,np.float64(492.5959741445228),np.float64(141.3),np.float64(69603.81114662108),np.float64(69.60381114662108),np.float64(0.9980022944297415),
2021-02-08,QCOM,buy,np.float64(473.17342723739694),np.float64(147.1),np.float64(69603.81114662108),np.float64(69.60381114662108),np.float64(0.9980022944297415),
2021-02-08,WMT,buy,np.float64(480.6561090160975),np.float64(144.81),np.float64(69603.81114662108),np.float64(69.60381114662108),np.float64(0.9980022944297415),
2021-02-16,JNJ,sell,np.float64(419.50071990229713),np.float64(166.58),np.float64(69880.42992132466),np.float64(69.88042992132466),,
2021-02-16,QCOM,sell,np.float64(473.17342723739694),np.float64(149.0),np.float64(70502.84065837214),np.float64(70.50284065837214),,
2021-02-16,WMT,sell,np.float64(480.6561090160975),np.float64(145.94),np.float64(70146.95254980927),np.float64(70.14695254980927),,
2021-02-16,AMZN,buy,np.float64(21.207155219395393),np.float64(3254.05),np.float64(69009.14344167359),np.float64(69.00914344167359),np.float64(0.9980019980019982),
2021-02-16,COST,buy,np.float64(0.6359335354067596),np.float64(353.0788),np.float64(224.5346495611762),np.float64(0.2245346495611762),np.float64(0.9980019980019982),
2021-02-16,CSCO,buy,np.float64(1460.2019348640201),np.float64(47.26),np.float64(69009.14344167359),np.float64(69.00914344167359),np.float64(0.9980019980019982),
2021-02-16,ORCL,buy,np.float64(1093.473988934774),np.float64(63.11),np.float64(69009.14344167359),np.float64(69.00914344167359),np.float64(0.9980019980019982),
2021-02-16,PEP,buy,np.float64(21.23668051524475),np.float64(134.5605),np.float64(2857.618348471591),np.float64(2.857618348471591),np.float64(0.9980019980019982),
2021-02-22,AMZN,sell,np.float64(21.207155219395393),np.float64(3208.13),np.float64(68035.31087399894),np.float64(68.03531087399894),,
2021-02-22,COST,sell,np.float64(195.839711605971),np.float64(352.75),np.float64(69082.45826900627),np.float64(69.08245826900627),,
2021-02-22,ORCL,sell,np.float64(10.450230541180375),np.float64(62.73),np.float64(655.5429618482449),np.float64(0.6555429618482449),,
2021-02-22,PEP,sell,np.float64(513.8326546597675),np.float64(132.04),np.float64(67846.4637212757),np.float64(67.8464637212757),,
2021-02-22,AAPL,buy,np.float64(529.6644007790204),np.float64(128.01),np.float64(67802.3399437224),np.float64(67.8023399437224),np.float64(0.9980019980019984),
2021-02-22,ADBE,buy,np.float64(144.11311839764156),np.float64(470.48),np.float64(67802.3399437224),np.float64(67.8023399437224),np.float64(0.9980019980019984),
2021-02-22,CSCO,buy,np.float64(39.78642684991377),np.float64(45.29),np.float64(1801.9272720325946),np.float64(1.8019272720325947),np.float64(0.9980019980019984),
2021-02-22,WMT,buy,np.float64(492.2487290817656),np.float64(137.74),np.float64(67802.3399437224),np.float64(67.8023399437224),np.float64(0.9980019980019984),
2021-03-01,AAPL,sell,np.float64(529.6644007790204),np.float64(123.75),np.float64(65545.96959640378),np.float64(65.54596959640378),,
2021-03-01,ADBE,sell,np.float64(144.11311839764156),np.float64(465.68),np.float64(67110.59697541372),np.float64(67.11059697541371),,
2021-03-01,CSCO,sell,np.float64(1499.988361713934),np.float64(45.22),np.float64(67829.47371670409),np.float64(67.82947371670409),,
2021-03-01,ORCL,sell,np.float64(1083.0237583935937),np.float64(64.95),np.float64(70342.39310766391),np.float64(70.34239310766391),,
2021-03-01,COST,buy,np.float64(199.8317440726366),np.float64(335.21),np.float64(66985.59893058852),np.float64(66.98559893058852),np.float64(0.9980019980019983),
2021-03-01,CRM,buy,np.float64(304.6184580745271),np.float64(219.9),np.float64(66985.59893058852),np.float64(66.98559893058852),np.float64(0.9980019980019983),
2021-03-01,NVDA,buy,np.float64(120.69477284790723),np.float64(555.0),np.float64(66985.59893058852),np.float64(66.98559893058852),np.float64(0.9980019980019983),
2021-03-01,TSLA,buy,np.float64(97.0651040132566),np.float64(690.11),np.float64(66985.59893058852),np.float64(66.98559893058852),np.float64(0.9980019980019983),
2021-03-01,WMT,buy,np.float64(17.821264043092835),np.float64(131.58),np.float64(2344.9219227901553),np.float64(2.344921922790155),np.float64(0.9980019980019983),
2021-03-08,COST,sell,np.float64(3.4335541003296903),np.float64(318.91),np.float64(1094.9947381361417),np.float64(1.0949947381361418),,
2021-03-08,CRM,sell,np.float64(304.6184580745271),np.float64(213.62),np.float64(65072.59501388048),np.float64(65.07259501388047),,
2021-03-08,WMT,sell,np.float64(510.0699931248584),np.float64(129.33),np.float64(65967.35221083794),np.float64(65.96735221083794),,
2021-03-08,ADBE,buy,np.float64(142.1416345554217),np.float64(439.76),np.float64(62508.205212092245),np.float64(62.50820521209225),np.float64(0.9980019980019981),
2021-03-08,AMD,buy,np.float64(801.0791389477412),np.float64(78.03),np.float64(62508.205212092245),np.float64(62.50820521209225),np.float64(0.9980019980019981),
2021-03-08,NVDA,buy,np.float64(5.064859911022297),np.float64(498.0),np.float64(2522.300235689104),np.float64(2.5223002356891038),np.float64(0.9980019980019981),
2021-03-08,TSLA,buy,np.float64(7.213763092054478),np.float64(600.55),np.float64(4332.225424933316),np.float64(4.332225424933316),np.float64(0.9980019980019981),
2021-03-15,ADBE,sell,np.float64(142.1416345554217),np.float64(444.4),np.float64(63167.74239642939),np.float64(63.1677423964294),,
2021-03-15,AMD,sell,np.float64(801.0791389477412),np.float64(81.91),np.float64(65616.39227120948),np.float64(65.61639227120948),,
2021-03-15,COST,sell,np.float64(196.3981899723069),np.float64(333.6),np.float64(65518.43617476159),np.float64(65.51843617476159),,
2021-03-15,NVDA,sell,np.float64(125.75963275892953),np.float64(514.59),np.float64(64714.64942141755),np.float64(64.71464942141755),,
2021-03-15,TSLA,sell,np.float64(104.27886710531108),np.float64(694.11),np.float64(72381.00444646747),np.float64(72.38100444646747),,
2021-03-15,GOOGL,buy,np.float64(32.34818927712874),np.float64(2044.975),np.float64(66151.23836699635),np.float64(66.15123836699635),np.float64(0.9980020586547654),
2021-03-15,KO,buy,np.float64(1309.9255122177494),np.float64(50.5),np.float64(66151.23836699635),np.float64(66.15123836699635),np.float64(0.9980020586547654),
2021-03-15,MU,buy,np.float64(753.6884854391745),np.float64(87.77),np.float64(66151.23836699635),np.float64(66.15123836699635),np.float64(0.9980020586547654),
2021-03-15,ORCL,buy,np.float64(988.0692810604382),np.float64(66.95),np.float64(66151.23836699635),np.float64(66.15123836699635),np.float64(0.9980020586547654),
2021-03-15,PEP,buy,np.float64(495.292290858014),np.float64(133.56),np.float64(66151.23836699635),np.float64(66.15123836699635),np.float64(0.9980020586547654),
2021-03-22,GOOGL,sell,np.float64(32.34818927712874),np.float64(2027.63),np.float64(65590.15902398455),np.float64(65.59015902398455),,
2021-03-22,KO,sell,np.float64(1309.9255122177494),np.float64(50.32),np.float64(65915.45177479715),np.float64(65.91545177479716),,
2021-03-22,MU,sell,np.float64(753.6884854391745),np.float64(91.83),np.float64(69211.2136178794),np.float64(69.21121361787941),,
2021-03-22,ORCL,sell,np.float64(988.0692810604382),np.float64(66.21),np.float64(65420.06709901161),np.float64(65.42006709901162),,
2021-03-22,PEP,sell,np.float64(495.292290858014),np.float64(135.63),np.float64(67176.49340907243),np.float64(67.17649340907244),,
2021-03-22,AMD,buy,np.float64(831.7225256049625),np.float64(79.99),np.float64(66529.48482314094),np.float64(66.52948482314095),np.float64(0.998001998001998),
2021-03-22,MSFT,buy,np.float64(288.91946333930144),np.float64(230.27),np.float64(66529.48482314094),np.float64(66.52948482314095),np.float64(0.998001998001998),
2021-03-22,TSLA,buy,np.float64(97.18150253895169),np.float64(684.59),np.float64(66529.48482314094),np.float64(66.52948482314095),np.float64(0.998001998001998),
2021-03-22,WMT,buy,np.float64(507.85866277206827),np.float64(131.0),np.float64(66529.48482314094),np.float64(66.52948482314095),np.float64(0.998001998001998),
2021-03-22,XOM,buy,np.float64(1177.5130057193087),np.float64(56.5),np.float64(66529.48482314094),np.float64(66.52948482314095),np.float64(0.998001998001998),
2021-03-29,MSFT,sell,np.float64(288.91946333930144),np.float64(236.59),np.float64(68355.45583144533),np.float64(68.35545583144533),,
2021-03-29,WMT,sell,np.float64(507.85866277206827),np.float64(135.0),np.float64(68560.91947422922),np.float64(68.56091947422922),,
2021-03-29,XOM,sell,np.float64(1177.5130057193087),np.float64(57.34),np.float64(67518.59574794516),np.float64(67.51859574794516),,
2021-03-29,AMD,buy,np.float64(20.712646410091608),np.float64(77.03),np.float64(1595.4951529693565),np.float64(1.5954951529693564),np.float64(0.998001998001998),
2021-03-29,AMZN,buy,np.float64(21.44865780522109),np.float64(3055.4394),np.float64(65535.07413519004),np.float64(65.53507413519004),np.float64(0.998001998001998),
2021-03-29,CRM,buy,np.float64(313.54994562552054),np.float64(209.01),np.float64(65535.07413519004),np.float64(65.53507413519004),np.float64(0.998001998001998),
2021-03-29,META,buy,np.float64(229.33606570265275),np.float64(285.76),np.float64(65535.07413519004),np.float64(65.53507413519004),np.float64(0.998001998001998),
2021-03-29,TSLA,buy,np.float64(9.462984884759992),np.float64(615.64),np.float64(5825.792014453641),np.float64(5.825792014453641),np.float64(0.998001998001998),
2021-04-05,AMD,sell,np.float64(852.435172015054),np.float64(81.74),np.float64(69678.05096051052),np.float64(69.67805096051052),,
2021-04-05,AMZN,sell,np.float64(21.44865780522109),np.float64(3173.0),np.float64(68056.59121596652),np.float64(68.05659121596652),,
2021-04-05,CRM,sell,np.float64(313.54994562552054),np.float64(219.61),np.float64(68858.70355882058),np.float64(68.85870355882058),,
2021-04-05,META,sell,np.float64(229.33606570265275),np.float64(300.89),np.float64(69004.92880927118),np.float64(69.00492880927118),,
2021-04-05,TSLA,sell,np.float64(106.64448742371168),np.float64(707.71),np.float64(75473.37019463499),np.float64(75.473370194635),,
2021-04-05,JNJ,buy,np.float64(428.22073196232344),np.float64(163.64),np.float64(70074.0405783146),np.float64(70.0740405783146),np.float64(0.9980019980019977),
2021-04-05,JPM,buy,np.float64(453.8474130719857),np.float64(154.4),np.float64(70074.0405783146),np.float64(70.0740405783146),np.float64(0.9980019980019977),
2021-04-05,KO,buy,np.float64(1338.5681103785023),np.float64(52.35),np.float64(70074.0405783146),np.float64(70.0740405783146),np.float64(0.9980019980019977),
2021-04-05,PEP,buy,np.float64(494.00099103499895),np.float64(141.85),np.float64(70074.0405783146),np.float64(70.0740405783146),np.float64(0.9980019980019977),
2021-04-05,WMT,buy,np.float64(512.5368678928803),np.float64(136.72),np.float64(70074.0405783146),np.float64(70.0740405783146),np.float64(0.9980019980019977),
2021-04-12,JPM,sell,np.float64(453.8474130719857),np.float64(155.58),np.float64(70609.58052573954),np.float64(70.60958052573955),,
2021-04-12,KO,sell,np.float64(14.677333798834784),np.float64(53.33),np.float64(782.742211491859),np.float64(0.7827422114918591),,
2021-04-12,WMT,sell,np.float64(512.5368678928803),np.float64(140.07),np.float64(71791.03908575574),np.float64(71.79103908575574),,
2021-04-12,CSCO,buy,np.float64(1353.2173994601264),np.float64(52.07),np.float64(70462.02998988879),np.float64(70.46202998988879),np.float64(0.9980019980019982),
2021-04-12,JNJ,buy,np.float64(10.04270039836505),np.float64(161.09),np.float64(1617.7786071726257),np.float64(1.6177786071726257),np.float64(0.9980019980019982),
2021-04-12,PEP,buy,np.float64(2.499596294191075),np.float64(142.2),np.float64(355.44259303397087),np.float64(0.35544259303397086),np.float64(0.9980019980019982),
2021-04-12,XOM,buy,np.float64(1241.5122894879532),np.float64(56.755),np.float64(70462.02998988879),np.float64(70.46202998988879),np.float64(0.9980019980019982),
2021-04-19,CSCO,sell,np.float64(1353.2173994601264),np.float64(52.525),np.float64(71077.74390664314),np.float64(71.07774390664314),,
2021-04-19,JNJ,sell,np.float64(438.2634323606885),np.float64(162.5),np.float64(71217.80775861189),np.float64(71.2178077586119),,
2021-04-19,KO,sell,np.float64(1323.8907765796675),np.float64(54.0),np.float64(71490.10193530205),np.float64(71.49010193530205),,
2021-04-19,PEP,sell,np.float64(496.50058732919),np.float64(144.49),np.float64(71739.36986319468),np.float64(71.73936986319468),,
2021-04-19,XOM,sell,np.float64(1241.5122894879532),np.float64(56.8),np.float64(70517.89804291574),np.float64(70.51789804291575),,
2021-04-19,AMAT,buy,np.float64(532.7537189192084),np.float64(133.3943),np.float64(71066.30940762455),np.float64(71.06630940762454),np.float64(0.998001998001998),
2021-04-19,INTC,buy,np.float64(1098.3973633326823),np.float64(64.7),np.float64(71066.30940762455),np.float64(71.06630940762454),np.float64(0.998001998001998),
2021-04-19,JPM,buy,np.float64(463.2141142460211),np.float64(153.42),np.float64(71066.30940762455),np.float64(71.06630940762454),np.float64(0.998001998001998),
2021-04-19,META,buy,np.float64(232.99894562296782),np.float64(305.007),np.float64(71066.30940762455),np.float64(71.06630940762454),np.float64(0.998001998001998),
2021-04-19,MU,buy,np.float64(783.8339977678767),np.float64(90.665),np.float64(71066.30940762455),np.float64(71.06630940762454),np.float64(0.998001998001998),
2021-04-26,AMAT,sell,np.float64(532.7537189192084),np.float64(134.83),np.float64(71831.18392187687),np.float64(71.83118392187687),,
2021-04-26,JPM,sell,np.float64(463.2141142460211),np.float64(150.78),np.float64(69843.42414601507),np.float64(69.84342414601507),,
2021-04-26,META,sell,np.float64(232.99894562296782),np.float64(303.3396),np.float64(70677.80696569281),np.float64(70.67780696569281),,
2021-04-26,INTC,buy,np.float64(69.13200073901824),np.float64(59.1),np.float64(4085.7012436759783),np.float64(4.085701243675978),np.float64(0.9980019980019978),
2021-04-26,MU,buy,np.float64(14.208159973563024),np.float64(86.47),np.float64(1228.5795929139947),np.float64(1.2285795929139947),np.float64(0.9980019980019978),
2021-04-26,NFLX,buy,np.float64(135.9051317174975),np.float64(506.76),np.float64(68871.28454915904),np.float64(68.87128454915904),np.float64(0.9980019980019978),
2021-04-26,NVDA,buy,np.float64(113.3866981447191),np.float64(607.4018),np.float64(68871.28454915904),np.float64(68.87128454915904),np.float64(0.9980019980019978),
2021-04-26,ORCL,buy,np.float64(918.6512544905835),np.float64(74.97),np.float64(68871.28454915904),np.float64(68.87128454915904),np.float64(0.9980019980019978),
2021-05-03,MU,sell,np.float64(798.0421577414397),np.float64(86.97),np.float64(69405.72645877302),np.float64(69.40572645877302),,
2021-05-03,NFLX,sell,np.float64(135.9051317174975),np.float64(512.65),np.float64(69671.7657749751),np.float64(69.6717657749751),,
2021-05-03,NVDA,sell,np.float64(113.3866981447191),np.float64(605.0),np.float64(68598.95237755506),np.float64(68.59895237755507),,
2021-05-03,ORCL,sell,np.float64(918.6512544905835),np.float64(76.28),np.float64(70074.71769254172),np.float64(70.07471769254171),,
2021-05-03,AAPL,buy,np.float64(521.9761684673264),np.float64(132.04),np.float64(68921.73328442578),np.float64(68.92173328442578),np.float64(0.9980019980019984),
2021-05-03,CSCO,buy,np.float64(1345.8647390046042),np.float64(51.21),np.float64(68921.73328442578),np.float64(68.92173328442578),np.float64(0.9980019980019984),
2021-05-03,INTC,buy,np.float64(26.08731810407768),np.float64(57.855),np.float64(1509.2817889114142),np.float64(1.5092817889114143),np.float64(0.9980019980019984),
2021-05-03,JNJ,buy,np.float64(421.28198829111113),np.float64(163.6),np.float64(68921.73328442578),np.float64(68.92173328442578),np.float64(0.9980019980019984),
2021-05-03,MSFT,buy,np.float64(271.9878977285942),np.float64(253.4),np.float64(68921.73328442578),np.float64(68.92173328442578),np.float64(0.9980019980019984),
2021-05-10,AAPL,sell,np.float64(521.9761684673264),np.float64(129.41),np.float64(67548.9359613567),np.float64(67.5489359613567),,
2021-05-10,CSCO,sell,np.float64(1345.8647390046042),np.float64(53.97),np.float64(72636.31996407849),np.float64(72.6363199640785),,
2021-05-10,INTC,sell,np.float64(1193.6166821757781),np.float64(57.1465),np.float64(68211.0157279581),np.float64(68.2110157279581),,
2021-05-10,JNJ,sell,np.float64(421.28198829111113),np.float64(169.9),np.float64(71575.80981065979),np.float64(71.57580981065979),,
2021-05-10,MSFT,sell,np.float64(271.9878977285942),np.float64(250.87),np.float64(68233.60390317242),np.float64(68.23360390317242),,
2021-05-10,ADBE,buy,np.float64(142.7735394752424),np.float64(487.54),np.float64(69607.81143575968),np.float64(69.60781143575969),np.float64(0.9980035151626175),
2021-05-10,AMD,buy,np.float64(890.1254659304307),np.float64(78.2),np.float64(69607.81143575968),np.float64(69.60781143575969),np.float64(0.9980035151626175),
2021-05-10,AMZN,buy,np.float64(21.206893732408684),np.float64(3282.32),np.float64(69607.81143575968),np.float64(69.60781143575969),np.float64(0.9980035151626175),
2021-05-10,CRM,buy,np.float64(323.0090833128831),np.float64(215.498),np.float64(69607.81143575968),np.float64(69.60781143575969),np.float64(0.9980035151626175),
2021-05-10,TSLA,buy,np.float64(104.68914338360608),np.float64(664.9),np.float64(69607.81143575968),np.float64(69.60781143575969),np.float64(0.9980035151626175),
2021-05-17,ADBE,sell,np.float64(142.7735394752424),np.float64(487.03),np.float64(69534.9969306273),np.float64(69.5349969306273),,
2021-05-17,AMZN,sell,np.float64(21.206893732408684),np.float64(3245.93),np.float64(68836.09257283731),np.float64(68.83609257283732),,
2021-05-17,CRM,sell,np.float64(323.0090833128831),np.float64(216.59),np.float64(69960.53735473735),np.float64(69.96053735473734),,
2021-05-17,AMAT,buy,np.float64(547.5046312272726),np.float64(122.0),np.float64(66795.56500972726),np.float64(66.79556500972726),np.float64(0.9980019980019983),
2021-05-17,AMD,buy,np.float64(11.680831223806456),np.float64(74.215),np.float64(866.8928892747962),np.float64(0.8668928892747962),np.float64(0.9980019980019983),
2021-05-17,MU,buy,np.float64(844.4979456315476),np.float64(79.095),np.float64(66795.56500972726),np.float64(66.79556500972726),np.float64(0.9980019980019983),
2021-05-17,QCOM,buy,np.float64(516.6336531033124),np.float64(129.29),np.float64(66795.56500972726),np.float64(66.79556500972726),np.float64(0.9980019980019983),
2021-05-17,TSLA,buy,np.float64(11.574591350538714),np.float64(575.5531),np.float64(6661.791933035744),np.float64(6.661791933035744),np.float64(0.9980019980019983),
2021-05-24,AMAT,sell,np.float64(547.5046312272726),np.float64(130.19),np.float64(71279.62793947863),np.float64(71.27962793947863),,
2021-05-24,AMD,sell,np.float64(901.8062971542371),np.float64(77.26),np.float64(69673.55451813636),np.float64(69.67355451813636),,
2021-05-24,MU,sell,np.float64(844.4979456315476),np.float64(81.4175),np.float64(68756.91148845654),np.float64(68.75691148845654),,
2021-05-24,QCOM,sell,np.float64(516.6336531033124),np.float64(131.8),np.float64(68092.31547901659),np.float64(68.09231547901659),,
2021-05-24,TSLA,sell,np.float64(116.26373473414479),np.float64(581.6),np.float64(67618.98812137861),np.float64(67.61898812137862),,
2021-05-24,AAPL,buy,np.float64(547.1490277025893),np.float64(126.01),np.float64(68946.24898080327),np.float64(68.94624898080328),np.float64(0.9980019980019984),
2021-05-24,COST,buy,np.float64(179.38990319652282),np.float64(384.3374),np.float64(68946.24898080327),np.float64(68.94624898080328),np.float64(0.9980019980019984),
2021-05-24,CSCO,buy,np.float64(1301.8551544713607),np.float64(52.96),np.float64(68946.24898080327),np.float64(68.94624898080328),np.float64(0.9980019980019984),
2021-05-24,MSFT,buy,np.float64(278.2502935238343),np.float64(247.785),np.float64(68946.24898080327),np.float64(68.94624898080328),np.float64(0.9980019980019984),
2021-05-24,XOM,buy,np.float64(1166.9981208666768),np.float64(59.08),np.float64(68946.24898080327),np.float64(68.94624898080328),np.float64(0.9980019980019984),
2021-06-01,AAPL,sell,np.float64(547.1490277025893),np.float64(125.08),np.float64(68437.40038503986),np.float64(68.43740038503987),,
2021-06-01,CSCO,sell,np.float64(1301.8551544713607),np.float64(52.96),np.float64(68946.24898080327),np.float64(68.94624898080328),,
2021-06-01,MSFT,sell,np.float64(278.2502935238343),np.float64(251.23),np.float64(69904.82124199288),np.float64(69.90482124199288),,
2021-06-01,XOM,sell,np.float64(6.960382043131456),np.float64(59.45),np.float64(413.79471246416506),np.float64(0.41379471246416505),,
2021-06-01,COST,buy,np.float64(2.12651746889611),np.float64(379.925),np.float64(807.9171493703547),np.float64(0.8079171493703546),np.float64(0.9980019980019981),
2021-06-01,JNJ,buy,np.float64(404.5045717109028),np.float64(170.15),np.float64(68826.45287661011),np.float64(68.82645287661012),np.float64(0.9980019980019981),
2021-06-01,PEP,buy,np.float64(462.6055442708033),np.float64(148.78),np.float64(68826.45287661011),np.float64(68.82645287661012),np.float64(0.9980019980019981),
2021-06-01,WMT,buy,np.float64(483.97758861268625),np.float64(142.21),np.float64(68826.45287661011),np.float64(68.82645287661012),np.float64(0.9980019980019981),
2021-06-07,COST,sell,np.float64(181.51642066541893),np.float64(385.47),np.float64(69969.13467389904),np.float64(69.96913467389903),,
2021-06-07,PEP,sell,np.float64(462.6055442708033),np.float64(147.76),np.float64(68354.5952214539),np.float64(68.3545952214539),,
2021-06-07,XOM,sell,np.float64(1160.0377388235454),np.float64(61.33),np.float64(71145.11452204804),np.float64(71.14511452204805),,
2021-06-07,AMZN,buy,np.float64(21.585266578036336),np.float64(3197.33),np.float64(69015.22038795291),np.float64(69.01522038795291),np.float64(0.9980043641175215),
2021-06-07,JNJ,buy,np.float64(12.057011813493347),np.float64(166.0),np.float64(2001.4639610398956),np.float64(2.0014639610398954),np.float64(0.9980043641175215),
2021-06-07,NFLX,buy,np.float64(140.01390576779355),np.float64(492.9169),np.float64(69015.22038795291),np.float64(69.01522038795291),np.float64(0.9980043641175215),
2021-06-07,TSLA,buy,np.float64(116.61423628260535),np.float64(591.825),np.float64(69015.22038795291),np.float64(69.01522038795291),np.float64(0.9980043641175215),
2021-06-07,WMT,buy,np.float64(3.5248803579307273),np.float64(141.85),np.float64(500.00427877247364),np.float64(0.5000042787724737),np.float64(0.9980043641175215),
2021-06-14,AMZN,sell,np.float64(21.585266578036336),np.float64(3346.83),np.float64(72242.21774136934),np.float64(72.24221774136934),,
2021-06-14,NFLX,sell,np.float64(140.01390576779355),np.float64(489.68),np.float64(68562.00937637314),np.float64(68.56200937637314),,
2021-06-14,TSLA,sell,np.float64(116.61423628260535),np.float64(612.23),np.float64(71394.73387929947),np.float64(71.39473387929947),,
2021-06-14,COST,buy,np.float64(183.16074921396537),np.float64(380.79),np.float64(69745.78169318588),np.float64(69.74578169318589),np.float64(0.998001998001998),
2021-06-14,JNJ,buy,np.float64(8.257222203970338),np.float64(164.5),np.float64(1358.3130525531205),np.float64(1.3583130525531206),np.float64(0.998001998001998),
2021-06-14,JPM,buy,np.float64(435.50285165898146),np.float64(160.15),np.float64(69745.78169318588),np.float64(69.74578169318589),np.float64(0.998001998001998),
2021-06-14,MU,buy,np.float64(877.3054301029671),np.float64(79.5),np.float64(69745.78169318588),np.float64(69.74578169318589),np.float64(0.998001998001998),
2021-06-14,WMT,buy,np.float64(8.368189291741725),np.float64(140.93),np.float64(1179.3289168851613),np.float64(1.1793289168851613),np.float64(0.998001998001998),
2021-06-21,COST,sell,np.float64(183.16074921396537),np.float64(382.25),np.float64(70013.19638703826),np.float64(70.01319638703826),,
2021-06-21,JNJ,sell,np.float64(424.8188057283665),np.float64(162.77),np.float64(69147.75700840622),np.float64(69.14775700840622),,
2021-06-21,MU,sell,np.float64(877.3054301029671),np.float64(76.85),np.float64(67420.92230341301),np.float64(67.42092230341301),,
2021-06-21,CSCO,buy,np.float64(1291.3189278771492),np.float64(52.365),np.float64(67619.91565828692),np.float64(67.61991565828691),np.float64(0.998001998001998),
2021-06-21,JPM,buy,np.float64(18.94868757315639),np.float64(149.08),np.float64(2824.870343406155),np.float64(2.824870343406155),np.float64(0.998001998001998),
2021-06-21,KO,buy,np.float64(1247.1397207356495),np.float64(54.22),np.float64(67619.91565828692),np.float64(67.61991565828691),np.float64(0.998001998001998),
2021-06-21,ORCL,buy,np.float64(882.6512943256353),np.float64(76.61),np.float64(67619.91565828692),np.float64(67.61991565828691),np.float64(0.998001998001998),
2021-06-21,WMT,buy,np.float64(3.5714829735610936),np.float64(135.66),np.float64(484.50738019329793),np.float64(0.4845073801932979),np.float64(0.998001998001998),
2021-06-28,CSCO,sell,np.float64(1291.3189278771492),np.float64(53.16),np.float64(68646.51420594925),np.float64(68.64651420594925),,
2021-06-28,JPM,sell,np.float64(454.45153923213786),np.float64(153.7),np.float64(69849.20157997958),np.float64(69.84920157997958),,
2021-06-28,ORCL,sell,np.float64(882.6512943256353),np.float64(78.49),np.float64(69279.30009161911),np.float64(69.2793000916191),,
2021-06-28,WMT,sell,np.float64(499.4421412359198),np.float64(138.04),np.float64(68942.99317620636),np.float64(68.94299317620637),,
2021-06-28,AMZN,buy,np.float64(20.122205871690348),np.float64(3416.0),np.float64(68737.45525769422),np.float64(68.73745525769422),np.float64(0.9980019980019977),
2021-06-28,CRM,buy,np.float64(281.46863460830525),np.float64(244.21),np.float64(68737.45525769422),np.float64(68.73745525769422),np.float64(0.9980019980019977),
2021-06-28,JNJ,buy,np.float64(418.0093362788508),np.float64(164.44),np.float64(68737.45525769422),np.float64(68.73745525769422),np.float64(0.9980019980019977),
2021-06-28,KO,buy,np.float64(22.401933419444354),np.float64(54.25),np.float64(1215.3048880048561),np.float64(1.2153048880048563),np.float64(0.9980019980019977),
2021-06-28,PEP,buy,np.float64(468.3664163102632),np.float64(146.76),np.float64(68737.45525769422),np.float64(68.73745525769422),np.float64(0.9980019980019977),
2021-07-06,AMZN,sell,np.float64(20.122205871690348),np.float64(3530.11),np.float64(71033.60016971281),np.float64(71.03360016971281),,
2021-07-06,CRM,sell,np.float64(281.46863460830525),np.float64(249.0),np.float64(70085.690017468),np.float64(70.08569001746801),,
2021-07-06,JNJ,sell,np.float64(418.0093362788508),np.float64(167.91),np.float64(70187.94765458183),np.float64(70.18794765458183),,
2021-07-06,PEP,sell,np.float64(468.3664163102632),np.float64(149.07),np.float64(69819.38167937094),np.float64(69.81938167937095),,
2021-07-06,COST,buy,np.float64(174.5550888964668),np.float64(399.84),np.float64(69794.10674436328),np.float64(69.79410674436328),np.float64(0.9980019980019981),
2021-07-06,KO,buy,np.float64(25.717743956024528),np.float64(53.99),np.float64(1388.5009961857643),np.float64(1.3885009961857644),np.float64(0.9980019980019981),
2021-07-06,MU,buy,np.float64(863.8953675499848),np.float64(80.79),np.float64(69794.10674436328),np.float64(69.79410674436328),np.float64(0.9980019980019981),
2021-07-06,WMT,buy,np.float64(498.8856808031685),np.float64(139.9),np.float64(69794.10674436328),np.float64(69.79410674436328),np.float64(0.9980019980019981),
2021-07-06,XOM,buy,np.float64(1112.2566811850722),np.float64(62.75),np.float64(69794.10674436328),np.float64(69.79410674436328),np.float64(0.9980019980019981),
2021-07-12,COST,sell,np.float64(174.5550888964668),np.float64(414.04),np.float64(72272.78900669311),np.float64(72.27278900669312),,
2021-07-12,KO,sell,np.float64(1295.2593981111183),np.float64(54.32),np.float64(70358.49050539595),np.float64(70.35849050539595),,
2021-07-12,MU,sell,np.float64(863.8953675499848),np.float64(78.75),np.float64(68031.7601945613),np.float64(68.0317601945613),,
2021-07-12,WMT,sell,np.float64(498.8856808031685),np.float64(140.69),np.float64(70188.22643219777),np.float64(70.18822643219777),,
2021-07-12,AMAT,buy,np.float64(510.85874343501075),np.float64(135.99),np.float64(69471.68051972712),np.float64(69.47168051972712),np.float64(0.9980019980019981),
2021-07-12,AMD,buy,np.float64(761.5838688854102),np.float64(91.22),np.float64(69471.68051972712),np.float64(69.47168051972712),np.float64(0.9980019980019981),
2021-07-12,META,buy,np.float64(197.801037867226),np.float64(351.22),np.float64(69471.68051972712),np.float64(69.47168051972712),np.float64(0.9980019980019981),
2021-07-12,TSLA,buy,np.float64(104.91042059759455),np.float64(662.2),np.float64(69471.68051972712),np.float64(69.47168051972712),np.float64(0.9980019980019981),
2021-07-12,XOM,buy,np.float64(39.77826330772783),np.float64(60.42),np.float64(2403.402669052916),np.float64(2.403402669052916),np.float64(0.9980019980019981),
2021-07-19,META,sell,np.float64(197.801037867226),np.float64(337.57),np.float64(66771.69635283948),np.float64(66.77169635283948),,
2021-07-19,TSLA,sell,np.float64(104.91042059759455),np.float64(629.89),np.float64(66082.02483021883),np.float64(66.08202483021883),,
2021-07-19,AMAT,buy,np.float64(9.346786793435113),np.float64(125.19),np.float64(1170.1242386701417),np.float64(1.1701242386701418),np.float64(0.9980019980019978),
2021-07-19,AMD,buy,np.float64(4.695387491585283),np.float64(84.99),np.float64(399.06098290983317),np.float64(0.39906098290983316),np.float64(0.9980019980019978),
2021-07-19,AMZN,buy,np.float64(18.399229259676787),np.float64(3532.58),np.float64(64996.74929814902),np.float64(64.99674929814903),np.float64(0.9980019980019978),
2021-07-19,NVDA,buy,np.float64(90.70031020799182),np.float64(716.61),np.float64(64996.74929814902),np.float64(64.99674929814903),np.float64(0.9980019980019978),
2021-07-19,XOM,buy,np.float64(18.432698864387838),np.float64(55.64),np.float64(1025.5953648145394),np.float64(1.0255953648145395),np.float64(0.9980019980019978),
2021-07-26,AMAT,sell,np.float64(520.2055302284458),np.float64(138.23),np.float64(71908.01044347807),np.float64(71.90801044347806),,
2021-07-26,AMD,sell,np.float64(766.2792563769955),np.float64(92.01),np.float64(70505.35437924736),np.float64(70.50535437924736),,
2021-07-26,AMZN,sell,np.float64(18.399229259676787),np.float64(3673.17),np.float64(67583.49693976698),np.float64(67.58349693976697),,
2021-07-26,NVDA,sell,np.float64(362.8012408319673),np.float64(193.11),np.float64(70060.54761706121),np.float64(70.0605476170612),,
2021-07-26,XOM,sell,np.float64(1170.467643357188),np.float64(57.16),np.float64(66903.93049429687),np.float64(66.90393049429687),,
2021-07-26,INTC,buy,np.float64(1311.3732642437158),np.float64(52.81),np.float64(69253.62208471063),np.float64(69.25362208471063),np.float64(0.9980019980019981),
2021-07-26,JPM,buy,np.float64(461.1067453539559),np.float64(150.19),np.float64(69253.62208471063),np.float64(69.25362208471063),np.float64(0.9980019980019981),
2021-07-26,NFLX,buy,np.float64(134.63513761170853),np.float64(514.38),np.float64(69253.62208471063),np.float64(69.25362208471063),np.float64(0.9980019980019981),
2021-07-26,PEP,buy,np.float64(441.69667762427855),np.float64(156.79),np.float64(69253.62208471063),np.float64(69.25362208471063),np.float64(0.9980019980019981),
2021-07-26,WMT,buy,np.float64(486.4682641522241),np.float64(142.36),np.float64(69253.62208471063),np.float64(69.25362208471063),np.float64(0.9980019980019981),
2021-08-02,INTC,sell,np.float64(1311.3732642437158),np.float64(53.99),np.float64(70801.04253651822),np.float64(70.80104253651822),,
2021-08-02,JPM,sell,np.float64(461.1067453539559),np.float64(152.03),np.float64(70102.05849616192),np.float64(70.10205849616192),,
2021-08-02,NFLX,sell,np.float64(134.63513761170853),np.float64(519.0),np.float64(69875.63642047673),np.float64(69.87563642047674),,
2021-08-02,PEP,sell,np.float64(441.69667762427855),np.float64(157.0),np.float64(69346.37838701173),np.float64(69.34637838701174),,
2021-08-02,WMT,sell,np.float64(486.4682641522241),np.float64(142.83),np.float64(69482.26216886217),np.float64(69.48226216886218),,
2021-08-02,AAPL,buy,np.float64(476.7817187336055),np.float64(146.36),np.float64(69781.77235385051),np.float64(69.78177235385051),np.float64(0.9980019980019983),
2021-08-02,AMZN,buy,np.float64(20.811121754153024),np.float64(3353.1),np.float64(69781.77235385051),np.float64(69.78177235385051),np.float64(0.9980019980019983),
2021-08-02,CRM,buy,np.float64(287.9855241378833),np.float64(242.31),np.float64(69781.77235385051),np.float64(69.78177235385051),np.float64(0.9980019980019983),
2021-08-02,META,buy,np.float64(194.86671978176628),np.float64(358.1),np.float64(69781.77235385051),np.float64(69.78177235385051),np.float64(0.9980019980019983),
2021-08-02,MSFT,buy,np.float64(243.68547406708515),np.float64(286.36),np.float64(69781.77235385051),np.float64(69.78177235385051),np.float64(0.9980019980019983),
2021-08-09,AAPL,sell,np.float64(476.7817187336055),np.float64(146.2),np.float64(69705.48727885312),np.float64(69.70548727885313),,
2021-08-09,AMZN,sell,np.float64(20.811121754153024),np.float64(3343.61),np.float64(69584.2748084036),np.float64(69.5842748084036),,
2021-08-09,CRM,sell,np.float64(287.9855241378833),np.float64(251.42),np.float64(72405.32047874662),np.float64(72.40532047874663),,
2021-08-09,META,sell,np.float64(194.86671978176628),np.float64(363.7623),np.float64(70885.16618127079),np.float64(70.88516618127079),,
2021-08-09,MSFT,sell,np.float64(243.68547406708515),np.float64(289.75),np.float64(70607.86611093792),np.float64(70.60786611093792),,
2021-08-09,CSCO,buy,np.float64(1263.3007219275717),np.float64(55.82),np.float64(70517.44629799706),np.float64(70.51744629799705),np.float64(0.9980022946033712),
2021-08-09,JNJ,buy,np.float64(405.925893955774),np.float64(173.72),np.float64(70517.44629799706),np.float64(70.51744629799705),np.float64(0.9980022946033712),
2021-08-09,KO,buy,np.float64(1241.6136332070967),np.float64(56.795),np.float64(70517.44629799706),np.float64(70.51744629799705),np.float64(0.9980022946033712),
2021-08-09,PEP,buy,np.float64(456.0103873383152),np.float64(154.64),np.float64(70517.44629799706),np.float64(70.51744629799705),np.float64(0.9980022946033712),
2021-08-09,QCOM,buy,np.float64(480.3968001771037),np.float64(146.79),np.float64(70517.44629799706),np.float64(70.51744629799705),np.float64(0.9980022946033712),
2021-08-16,CSCO,sell,np.float64(1263.3007219275717),np.float64(56.3),np.float64(71123.83064452228),np.float64(71.12383064452229),,
2021-08-16,JNJ,sell,np.float64(405.925893955774),np.float64(176.55),np.float64(71666.2165778919),np.float64(71.6662165778919),,
2021-08-16,KO,sell,np.float64(1241.6136332070967),np.float64(57.2),np.float64(71020.29981944594),np.float64(71.02029981944594),,
2021-08-16,PEP,sell,np.float64(456.0103873383152),np.float64(156.93),np.float64(71561.7100850018),np.float64(71.5617100850018),,
2021-08-16,QCOM,sell,np.float64(480.3968001771037),np.float64(148.4),np.float64(71290.88514628219),np.float64(71.29088514628219),,
2021-08-16,AMAT,buy,np.float64(550.0487989211807),np.float64(129.425),np.float64(71190.06580037382),np.float64(71.19006580037382),np.float64(0.9980019980019982),
2021-08-16,AMZN,buy,np.float64(21.684455010774847),np.float64(3283.0),np.float64(71190.06580037382),np.float64(71.19006580037382),np.float64(0.9980019980019982),
2021-08-16,INTC,buy,np.float64(1337.404955858986),np.float64(53.23),np.float64(71190.06580037382),np.float64(71.19006580037382),np.float64(0.9980019980019982),
2021-08-16,MU,buy,np.float64(1014.1035014298265),np.float64(70.2),np.float64(71190.06580037382),np.float64(71.19006580037382),np.float64(0.9980019980019982),
2021-08-16,NFLX,buy,np.float64(138.16874815692458),np.float64(515.24),np.float64(71190.06580037382),np.float64(71.19006580037382),np.float64(0.9980019980019982),
2021-08-23,AMAT,sell,np.float64(550.0487989211807),np.float64(128.31),np.float64(70576.7613895767),np.float64(70.5767613895767),,
2021-08-23,AMZN,sell,np.float64(21.684455010774847),np.float64(3211.9),np.float64(69648.30104910773),np.float64(69.64830104910773),,
2021-08-23,INTC,sell,np.float64(1337.404955858986),np.float64(52.59),np.float64(70334.12662862409),np.float64(70.33412662862409),,
2021-08-23,MU,sell,np.float64(1014.1035014298265),np.float64(70.84),np.float64(71839.09204128891),np.float64(71.83909204128891),,
2021-08-23,NFLX,sell,np.float64(138.16874815692458),np.float64(545.98),np.float64(75437.37311871769),np.float64(75.43737311871769),,
2021-08-23,AMD,buy,np.float64(678.3241329126978),np.float64(105.295),np.float64(71424.13957504251),np.float64(71.42413957504252),np.float64(0.9980019980019981),
2021-08-23,JPM,buy,np.float64(459.82192477333746),np.float64(155.33),np.float64(71424.13957504251),np.float64(71.42413957504252),np.float64(0.9980019980019981),
2021-08-23,QCOM,buy,np.float64(500.6862100211529),np.float64(142.6525),np.float64(71424.13957504251),np.float64(71.42413957504252),np.float64(0.9980019980019981),
2021-08-23,TSLA,buy,np.float64(104.20158025776435),np.float64(685.442),np.float64(71424.13957504251),np.float64(71.42413957504252),np.float64(0.9980019980019981),
2021-08-23,XOM,buy,np.float64(1323.8950801676092),np.float64(53.95),np.float64(71424.13957504251),np.float64(71.42413957504252),np.float64(0.9980019980019981),
2021-08-30,AMD,sell,np.float64(678.3241329126978),np.float64(112.61),np.float64(76386.08060729889),np.float64(76.3860806072989),,
2021-08-30,JPM,sell,np.float64(459.82192477333746),np.float64(163.21),np.float64(75047.53634225641),np.float64(75.04753634225641),,
2021-08-30,QCOM,sell,np.float64(500.6862100211529),np.float64(145.59),np.float64(72894.90531697965),np.float64(72.89490531697966),,
2021-08-30,TSLA,sell,np.float64(104.20158025776435),np.float64(714.715),np.float64(74474.43243392804),np.float64(74.47443243392804),,
2021-08-30,XOM,sell,np.float64(1323.8950801676092),np.float64(56.24),np.float64(74455.85930862634),np.float64(74.45585930862634),,
2021-08-30,COST,buy,np.float64(165.1796036506418),np.float64(451.04),np.float64(74502.60843058549),np.float64(74.5026084305855),np.float64(0.9980019980019984),
2021-08-30,JNJ,buy,np.float64(431.1743065604809),np.float64(172.79),np.float64(74502.60843058549),np.float64(74.5026084305855),np.float64(0.9980019980019984),
2021-08-30,KO,buy,np.float64(1337.8094528745823),np.float64(55.69),np.float64(74502.60843058549),np.float64(74.5026084305855),np.float64(0.9980019980019984),
2021-08-30,PEP,buy,np.float64(480.1044492240333),np.float64(155.18),np.float64(74502.60843058549),np.float64(74.5026084305855),np.float64(0.9980019980019984),
2021-08-30,WMT,buy,np.float64(508.8280865358933),np.float64(146.42),np.float64(74502.60843058549),np.float64(74.5026084305855),np.float64(0.9980019980019984),
2021-09-07,COST,sell,np.float64(165.1796036506418),np.float64(462.5),np.float64(76395.56668842184),np.float64(76.39556668842184),,
2021-09-07,JNJ,sell,np.float64(431.1743065604809),np.float64(174.35),np.float64(75175.24034881985),np.float64(75.17524034881986),,
2021-09-07,KO,sell,np.float64(1337.8094528745823),np.float64(56.6),np.float64(75720.01503270137),np.float64(75.72001503270137),,
2021-09-07,PEP,sell,np.float64(480.1044492240333),np.float64(156.48),np.float64(75126.74421457673),np.float64(75.12674421457673),,
2021-09-07,WMT,sell,np.float64(508.8280865358933),np.float64(148.97),np.float64(75800.12005125203),np.float64(75.80012005125204),,
2021-09-07,AMD,buy,np.float64(687.513261477919),np.float64(109.955),np.float64(75595.52066580458),np.float64(75.59552066580459),np.float64(0.9980033593716147),
2021-09-07,GOOGL,buy,np.float64(26.2786468704673),np.float64(2876.69),np.float64(75595.52066580458),np.float64(75.59552066580459),np.float64(0.9980033593716147),
2021-09-07,INTC,buy,np.float64(1411.1540165354597),np.float64(53.57),np.float64(75595.52066580458),np.float64(75.59552066580459),np.float64(0.9980033593716147),
2021-09-07,JPM,buy,np.float64(472.5015355072478),np.float64(159.99),np.float64(75595.52066580458),np.float64(75.59552066580459),np.float64(0.9980033593716147),
2021-09-07,XOM,buy,np.float64(1382.760575558891),np.float64(54.67),np.float64(75595.52066580458),np.float64(75.59552066580459),np.float64(0.9980033593716147),
2021-09-13,AMD,sell,np.float64(687.513261477919),np.float64(105.26),np.float64(72367.64590316576),np.float64(72.36764590316577),,
2021-09-13,GOOGL,sell,np.float64(26.2786468704673),np.float64(2838.99),np.float64(74604.81567878796),np.float64(74.60481567878796),,
2021-09-13,INTC,sell,np.float64(1411.1540165354597),np.float64(54.61),np.float64(77063.12084300145),np.float64(77.06312084300146),,
2021-09-13,JPM,sell,np.float64(472.5015355072478),np.float64(158.53),np.float64(74905.668423964),np.float64(74.905668423964),,
2021-09-13,XOM,sell,np.float64(1382.760575558891),np.float64(54.65),np.float64(75567.8654542934),np.float64(75.5678654542934),,
2021-09-13,AAPL,buy,np.float64(496.26348846918773),np.float64(150.63),np.float64(74752.16926811375),np.float64(74.75216926811375),np.float64(0.9980019980019978),
2021-09-13,CRM,buy,np.float64(290.8644718603648),np.float64(257.0),np.float64(74752.16926811375),np.float64(74.75216926811375),np.float64(0.9980019980019978),
2021-09-13,CSCO,buy,np.float64(1285.2848911298788),np.float64(58.16),np.float64(74752.16926811375),np.float64(74.75216926811375),np.float64(0.9980019980019978),
2021-09-13,JNJ,buy,np.float64(445.16537201115864),np.float64(167.92),np.float64(74752.16926811375),np.float64(74.75216926811375),np.float64(0.9980019980019978),
2021-09-13,KO,buy,np.float64(1341.0866391839568),np.float64(55.74),np.float64(74752.16926811375),np.float64(74.75216926811375),np.float64(0.9980019980019978),
2021-09-20,CRM,sell,np.float64(290.8644718603648),np.float64(256.59),np.float64(74632.91483465099),np.float64(74.63291483465099),,
2021-09-20,JNJ,sell,np.float64(445.16537201115864),np.float64(163.48),np.float64(72775.63501638421),np.float64(72.77563501638421),,
2021-09-20,KO,sell,np.float64(1341.0866391839568),np.float64(54.11),np.float64(72566.1980462439),np.float64(72.5661980462439),,
2021-09-20,AAPL,buy,np.float64(10.481973602431102),np.float64(143.8),np.float64(1507.3078040295927),np.float64(1.5073078040295929),np.float64(0.9980045494610835),
2021-09-20,CSCO,buy,np.float64(7.233657627173508),np.float64(56.38),np.float64(407.83361702004237),np.float64(0.4078336170200424),np.float64(0.9980045494610835),
2021-09-20,META,buy,np.float64(202.41468613524742),np.float64(359.3),np.float64(72727.5967283944),np.float64(72.7275967283944),np.float64(0.9980045494610835),
2021-09-20,ORCL,buy,np.float64(855.3169084839986),np.float64(85.03),np.float64(72727.5967283944),np.float64(72.7275967283944),np.float64(0.9980045494610835),
2021-09-20,QCOM,buy,np.float64(553.1877746131772),np.float64(131.47),np.float64(72727.5967283944),np.float64(72.7275967283944),np.float64(0.9980045494610835),
2021-09-27,AAPL,sell,np.float64(506.7454620716188),np.float64(145.47),np.float64(73716.26236755839),np.float64(73.71626236755839),,
2021-09-27,CSCO,sell,np.float64(1292.5185487570523),np.float64(56.46),np.float64(72975.59726282317),np.float64(72.97559726282317),,
2021-09-27,ORCL,sell,np.float64(855.3169084839986),np.float64(89.78),np.float64(76790.3520436934),np.float64(76.7903520436934),,
2021-09-27,QCOM,sell,np.float64(553.1877746131772),np.float64(132.43),np.float64(73258.65699202307),np.float64(73.25865699202306),,
2021-09-27,ADBE,buy,np.float64(119.13354310894971),np.float64(615.8),np.float64(73362.43584649122),np.float64(73.36243584649122),np.float64(0.9980019980019978),
2021-09-27,JNJ,buy,np.float64(447.33192589323914),np.float64(164.0),np.float64(73362.43584649122),np.float64(73.36243584649122),np.float64(0.9980019980019978),
2021-09-27,KO,buy,np.float64(1362.3479265829383),np.float64(53.85),np.float64(73362.43584649122),np.float64(73.36243584649122),np.float64(0.9980019980019978),
2021-09-27,META,buy,np.float64(7.713544493787684),np.float64(349.805),np.float64(2698.236431649401),np.float64(2.6982364316494007),np.float64(0.9980019980019978),
2021-09-27,WMT,buy,np.float64(513.490836750131),np.float64(142.87),np.float64(73362.43584649122),np.float64(73.36243584649122),np.float64(0.9980019980019978),
2021-10-04,JNJ,sell,np.float64(447.33192589323914),np.float64(159.99),np.float64(71568.63482365933),np.float64(71.56863482365934),,
2021-10-04,KO,sell,np.float64(1362.3479265829383),np.float64(53.06),np.float64(72286.18098449071),np.float64(72.28618098449071),,
2021-10-04,META,sell,np.float64(210.1282306290351),np.float64(335.53),np.float64(70504.32522296013),np.float64(70.50432522296013),,
2021-10-04,ADBE,buy,np.float64(3.800942740047013),np.float64(574.5901),np.float64(2183.984069097887),np.float64(2.183984069097887),np.float64(0.9980019980019981),
2021-10-04,AMAT,buy,np.float64(552.2494859601028),np.float64(127.66),np.float64(70500.16937766672),np.float64(70.50016937766672),np.float64(0.9980019980019981),
2021-10-04,COST,buy,np.float64(157.24711017903093),np.float64(448.34),np.float64(70500.16937766672),np.float64(70.50016937766672),np.float64(0.9980019980019981),
2021-10-04,NVDA,buy,np.float64(343.83617527149204),np.float64(205.04),np.float64(70500.16937766672),np.float64(70.50016937766672),np.float64(0.9980019980019981),
2021-10-04,WMT,buy,np.float64(1.7970591359110764),np.float64(137.09),np.float64(246.35883694204946),np.float64(0.24635883694204946),np.float64(0.9980019980019981),
2021-10-11,ADBE,sell,np.float64(122.93448584899673),np.float64(574.5),np.float64(70625.86212024862),np.float64(70.62586212024863),,
2021-10-11,COST,sell,np.float64(157.24711017903093),np.float64(450.04),np.float64(70767.48946497108),np.float64(70.76748946497108),,
2021-10-11,NVDA,sell,np.float64(343.83617527149204),np.float64(205.75),np.float64(70744.29306210949),np.float64(70.74429306210949),,
2021-10-11,WMT,sell,np.float64(515.2878958860422),np.float64(139.52),np.float64(71892.96723402062),np.float64(71.89296723402062),,
2021-10-11,AMAT,buy,np.float64(10.098431036377258),np.float64(125.7),np.float64(1269.3727812726213),np.float64(1.2693727812726214),np.float64(0.9980019980019978),
2021-10-11,CRM,buy,np.float64(259.5792050280047),np.float64(271.78),np.float64(70548.43634251111),np.float64(70.54843634251111),np.float64(0.9980019980019978),
2021-10-11,META,buy,np.float64(215.33288467763788),np.float64(327.625),np.float64(70548.43634251111),np.float64(70.54843634251111),np.float64(0.9980019980019978),
2021-10-11,MU,buy,np.float64(1009.2766286482275),np.float64(69.9),np.float64(70548.43634251111),np.float64(70.54843634251111),np.float64(0.9980019980019978),
2021-10-11,QCOM,buy,np.float64(559.6639271945667),np.float64(126.055),np.float64(70548.43634251111),np.float64(70.54843634251111),np.float64(0.9980019980019978),
2021-10-18,AMAT,sell,np.float64(562.3479169964801),np.float64(130.36),np.float64(73307.67445966115),np.float64(73.30767445966116),,
2021-10-18,CRM,sell,np.float64(259.5792050280047),np.float64(290.78),np.float64(75480.4412380432),np.float64(75.48044123804321),,
2021-10-18,QCOM,sell,np.float64(559.6639271945667),np.float64(129.32),np.float64(72375.73906480135),np.float64(72.37573906480135),,
2021-10-18,JNJ,buy,np.float64(447.9384638187017),np.float64(160.25),np.float64(71782.13882694695),np.float64(71.78213882694695),np.float64(0.9980019980019978),
2021-10-18,JPM,buy,np.float64(431.17574980145935),np.float64(166.48),np.float64(71782.13882694695),np.float64(71.78213882694695),np.float64(0.9980019980019978),
2021-10-18,META,buy,np.float64(3.313307162451897),np.float64(328.95),np.float64(1089.9123910885514),np.float64(1.0899123910885515),np.float64(0.9980019980019978),
2021-10-18,MU,buy,np.float64(63.95523156058812),np.float64(67.01),np.float64(4285.64006687501),np.float64(4.28564006687501),np.float64(0.9980019980019978),
2021-10-18,NFLX,buy,np.float64(113.56136501652736),np.float64(632.1),np.float64(71782.13882694695),np.float64(71.78213882694695),np.float64(0.9980019980019978),
2021-10-25,JNJ,sell,np.float64(447.9384638187017),np.float64(163.72),np.float64(73336.48529639783),np.float64(73.33648529639784),,
2021-10-25,JPM,sell,np.float64(431.17574980145935),np.float64(172.71),np.float64(74468.36374821005),np.float64(74.46836374821005),,
2021-10-25,META,sell,np.float64(218.64619184008978),np.float64(320.3),np.float64(70032.37524638076),np.float64(70.03237524638077),,
2021-10-25,MU,sell,np.float64(1073.2318602088158),np.float64(69.62),np.float64(74718.40210773775),np.float64(74.71840210773776),,
2021-10-25,NFLX,sell,np.float64(113.56136501652736),np.float64(663.74),np.float64(75375.22041606987),np.float64(75.37522041606988),,
2021-10-25,AMZN,buy,np.float64(22.020732848439806),np.float64(3335.0),np.float64(73439.14404954675),np.float64(73.43914404954675),np.float64(0.9980019980019982),
2021-10-25,CSCO,buy,np.float64(1332.5919805760616),np.float64(55.11),np.float64(73439.14404954675),np.float64(73.43914404954675),np.float64(0.9980019980019982),
2021-10-25,GOOGL,buy,np.float64(26.69543585952263),np.float64(2751.0),np.float64(73439.14404954675),np.float64(73.43914404954675),np.float64(0.9980019980019982),
2021-10-25,INTC,buy,np.float64(1473.941676859945),np.float64(49.825),np.float64(73439.14404954675),np.float64(73.43914404954675),np.float64(0.9980019980019982),
2021-10-25,KO,buy,np.float64(1350.4807658982484),np.float64(54.38),np.float64(73439.14404954675),np.float64(73.43914404954675),np.float64(0.9980019980019982),
2021-11-01,AMZN,sell,np.float64(22.020732848439806),np.float64(3361.8),np.float64(74029.29968988494),np.float64(74.02929968988494),,
2021-11-01,CSCO,sell,np.float64(1332.5919805760616),np.float64(55.8691),np.float64(74450.71462200205),np.float64(74.45071462200205),,
2021-11-01,GOOGL,sell,np.float64(26.69543585952263),np.float64(2960.92),np.float64(79043.04994517774),np.float64(79.04304994517774),,
2021-11-01,INTC,sell,np.float64(1473.941676859945),np.float64(49.4),np.float64(72812.71883688128),np.float64(72.81271883688127),,
2021-11-01,KO,sell,np.float64(1350.4807658982484),np.float64(56.39),np.float64(76153.61038900222),np.float64(76.15361038900222),,
2021-11-01,JNJ,buy,np.float64(460.5751004198858),np.float64(163.16),np.float64(75147.43338450856),np.float64(75.14743338450856),np.float64(0.9980019980019983),
2021-11-01,JPM,buy,np.float64(436.80210058421625),np.float64(172.04),np.float64(75147.43338450856),np.float64(75.14743338450856),np.float64(0.9980019980019983),
2021-11-01,ORCL,buy,np.float64(782.7857644219642),np.float64(96.0),np.float64(75147.43338450856),np.float64(75.14743338450856),np.float64(0.9980019980019983),
2021-11-01,PEP,buy,np.float64(466.1751450651896),np.float64(161.2),np.float64(75147.43338450856),np.float64(75.14743338450856),np.float64(0.9980019980019983),
2021-11-01,WMT,buy,np.float64(501.0496958561713),np.float64(149.98),np.float64(75147.43338450856),np.float64(75.14743338450856),np.float64(0.9980019980019983),
2021-11-08,JNJ,sell,np.float64(0.7109047741698771),np.float64(163.68),np.float64(116.36089343612548),np.float64(0.11636089343612548),,
2021-11-08,JPM,sell,np.float64(436.80210058421625),np.float64(169.05),np.float64(73841.39510376177),np.float64(73.84139510376177),,
2021-11-08,PEP,sell,np.float64(466.1751450651896),np.float64(165.81),np.float64(77296.50080325908),np.float64(77.2965008032591),,
2021-11-08,KO,buy,np.float64(1323.7036262723616),np.float64(56.75),np.float64(75120.18079095653),np.float64(75.12018079095652),np.float64(0.9980019980019978),
2021-11-08,NFLX,buy,np.float64(115.51797012249385),np.float64(650.29),np.float64(75120.18079095653),np.float64(75.12018079095652),np.float64(0.9980019980019978),
2021-11-08,ORCL,buy,np.float64(7.441558489978204),np.float64(95.25),np.float64(708.808446170424),np.float64(0.7088084461704239),np.float64(0.9980019980019978),
2021-11-08,WMT,buy,np.float64(0.019174977232577127),np.float64(150.22),np.float64(2.880465079877736),np.float64(0.002880465079877736),np.float64(0.9980019980019978),
2021-11-15,JNJ,sell,np.float64(459.86419564571594),np.float64(165.0),np.float64(75877.59228154313),np.float64(75.87759228154313),,
2021-11-15,KO,sell,np.float64(1323.7036262723616),np.float64(56.53),np.float64(74828.96599317661),np.float64(74.82896599317661),,
2021-11-15,NFLX,sell,np.float64(115.51797012249385),np.float64(681.235),np.float64(78694.8843763971),np.float64(78.6948843763971),,
2021-11-15,AAPL,buy,np.float64(501.4552507110943),np.float64(150.37),np.float64(75403.82604942725),np.float64(75.40382604942725),np.float64(0.998001998001998),
2021-11-15,ORCL,buy,np.float64(15.058929210992039),np.float64(93.82),np.float64(1412.828738575273),np.float64(1.4128287385752731),np.float64(0.998001998001998),
2021-11-15,PEP,buy,np.float64(463.99499138162116),np.float64(162.51),np.float64(75403.82604942725),np.float64(75.40382604942725),np.float64(0.998001998001998),
2021-11-15,TSLA,buy,np.float64(74.09748734749098),np.float64(1017.63),np.float64(75403.82604942725),np.float64(75.40382604942725),np.float64(0.998001998001998),
2021-11-15,WMT,buy,np.float64(8.90172948699539),np.float64(148.15),np.float64(1318.791223498367),np.float64(1.318791223498367),np.float64(0.998001998001998),
2021-11-22,AAPL,sell,np.float64(501.4552507110943),np.float64(161.68),np.float64(81075.28493496974),np.float64(81.07528493496973),,
2021-11-22,ORCL,sell,np.float64(805.2862521229345),np.float64(93.73),np.float64(75479.48041148265),np.float64(75.47948041148265),,
2021-11-22,PEP,sell,np.float64(463.99499138162116),np.float64(163.2028),np.float64(75725.28177945645),np.float64(75.72528177945645),,
2021-11-22,TSLA,sell,np.float64(74.09748734749098),np.float64(1162.31),np.float64(86124.25051886225),np.float64(86.12425051886224),,
2021-11-22,CSCO,buy,np.float64(1463.449565553445),np.float64(53.35),np.float64(78075.03432227629),np.float64(78.0750343222763),np.float64(0.9980019980019982),
2021-11-22,JPM,buy,np.float64(475.60327925363237),np.float64(164.16),np.float64(78075.03432227629),np.float64(78.0750343222763),np.float64(0.9980019980019982),
2021-11-22,KO,buy,np.float64(1416.9697699142703),np.float64(55.1),np.float64(78075.03432227629),np.float64(78.0750343222763),np.float64(0.9980019980019982),
2021-11-22,WMT,buy,np.float64(38.3288092864104),np.float64(142.66),np.float64(5467.987932799307),np.float64(5.467987932799307),np.float64(0.9980019980019982),
2021-11-22,XOM,buy,np.float64(1294.3473859793814),np.float64(60.32),np.float64(78075.03432227629),np.float64(78.0750343222763),np.float64(0.9980019980019982),
2021-11-29,CSCO,sell,np.float64(1463.449565553445),np.float64(55.14),np.float64(80694.60904461695),np.float64(80.69460904461695),,
2021-11-29,JPM,sell,np.float64(475.60327925363237),np.float64(163.31),np.float64(77670.7715349107),np.float64(77.6707715349107),,
2021-11-29,KO,sell,np.float64(1416.9697699142703),np.float64(54.045),np.float64(76580.13121501674),np.float64(76.58013121501673),,
2021-11-29,WMT,sell,np.float64(548.2994096068097),np.float64(145.0),np.float64(79503.41439298741),np.float64(79.50341439298741),,
2021-11-29,XOM,sell,np.float64(1294.3473859793814),np.float64(62.57),np.float64(80987.3159407299),np.float64(80.9873159407299),,
2021-11-29,AMAT,buy,np.float64(537.7749672636194),np.float64(146.77),np.float64(78929.23194528143),np.float64(78.92923194528143),np.float64(0.9980019980019982),
2021-11-29,AMZN,buy,np.float64(22.248349967126476),np.float64(3547.6443),np.float64(78929.23194528143),np.float64(78.92923194528143),np.float64(0.9980019980019982),
2021-11-29,AVGO,buy,np.float64(141.90800421661527),np.float64(556.2),np.float64(78929.23194528143),np.float64(78.92923194528143),np.float64(0.9980019980019982),
2021-11-29,CRM,buy,np.float64(272.6210000873219),np.float64(289.52),np.float64(78929.23194528143),np.float64(78.92923194528143),np.float64(0.9980019980019982),
2021-11-29,GOOGL,buy,np.float64(27.405983314333827),np.float64(2880.0),np.float64(78929.23194528143),np.float64(78.92923194528143),np.float64(0.9980019980019982),
2021-12-06,AMAT,sell,np.float64(537.7749672636194),np.float64(145.7815),np.float64(78397.64139014132),np.float64(78.39764139014132),,
2021-12-06,AMZN,sell,np.float64(22.248349967126476),np.float64(3393.0),np.float64(75488.65143846013),np.float64(75.48865143846014),,
2021-12-06,AVGO,sell,np.float64(141.90800421661527),np.float64(564.6474),np.float64(80127.98562010084),np.float64(80.12798562010084),,
2021-12-06,GOOGL,sell,np.float64(27.405983314333827),np.float64(2860.81),np.float64(78403.31112547936),np.float64(78.40331112547936),,
2021-12-06,ADBE,buy,np.float64(123.55972589732269),np.float64(617.47),np.float64(76294.42394981984),np.float64(76.29442394981984),np.float64(0.9980019980019981),
2021-12-06,CRM,buy,np.float64(25.832420174627703),np.float64(256.1),np.float64(6615.682806722155),np.float64(6.615682806722155),np.float64(0.9980019980019981),
2021-12-06,META,buy,np.float64(247.60466020776894),np.float64(308.13),np.float64(76294.42394981984),np.float64(76.29442394981984),np.float64(0.9980019980019981),
2021-12-06,NFLX,buy,np.float64(125.89631185924299),np.float64(606.01),np.float64(76294.42394981984),np.float64(76.29442394981984),np.float64(0.9980019980019981),
2021-12-06,WMT,buy,np.float64(554.6265189722292),np.float64(137.56),np.float64(76294.42394981984),np.float64(76.29442394981984),np.float64(0.9980019980019981),
2021-12-13,ADBE,sell,np.float64(123.55972589732269),np.float64(652.77),np.float64(80656.08227399533),np.float64(80.65608227399532),,
2021-12-13,CRM,sell,np.float64(298.4534202619496),np.float64(265.8),np.float64(79328.9191056262),np.float64(79.32891910562621),,
2021-12-13,META,sell,np.float64(247.60466020776894),np.float64(330.95),np.float64(81944.76229576113),np.float64(81.94476229576114),,
2021-12-13,NFLX,sell,np.float64(125.89631185924299),np.float64(612.0),np.float64(77048.54285785671),np.float64(77.04854285785672),,
2021-12-13,WMT,sell,np.float64(554.6265189722292),np.float64(140.24),np.float64(77780.82302066543),np.float64(77.78082302066542),,
2021-12-13,AMD,buy,np.float64(573.2674775637175),np.float64(138.25),np.float64(79254.22877318395),np.float64(79.25422877318395),np.float64(0.9980027654846001),
2021-12-13,AMZN,buy,np.float64(23.039019992204636),np.float64(3440.0),np.float64(79254.22877318395),np.float64(79.25422877318395),np.float64(0.9980027654846001),
2021-12-13,JPM,buy,np.float64(496.8917164462943),np.float64(159.5),np.float64(79254.22877318395),np.float64(79.25422877318395),np.float64(0.9980027654846001),
2021-12-13,NVDA,buy,np.float64(262.00611184893364),np.float64(302.49),np.float64(79254.22877318395),np.float64(79.25422877318395),np.float64(0.9980027654846001),
2021-12-13,PEP,buy,np.float64(469.15425781793607),np.float64(168.93),np.float64(79254.22877318395),np.float64(79.25422877318395),np.float64(0.9980027654846001),
2021-12-20,AMD,sell,np.float64(573.2674775637175),np.float64(135.97),np.float64(77947.17892433867),np.float64(77.94717892433867),,
2021-12-20,AMZN,sell,np.float64(23.039019992204636),np.float64(3337.0),np.float64(76881.20971398687),np.float64(76.88120971398688),,
2021-12-20,JPM,sell,np.float64(496.8917164462943),np.float64(154.51),np.float64(76774.73910811693),np.float64(76.77473910811693),,
2021-12-20,PEP,sell,np.float64(469.15425781793607),np.float64(167.1583),np.float64(78423.0281746079),np.float64(78.4230281746079),,
2021-12-20,ADBE,buy,np.float64(139.58855346615968),np.float64(545.61),np.float64(76160.91065667139),np.float64(76.16091065667139),np.float64(0.998001998001998),
2021-12-20,MSFT,buy,np.float64(237.9656636671501),np.float64(320.05),np.float64(76160.91065667139),np.float64(76.16091065667139),np.float64(0.998001998001998),
2021-12-20,NVDA,buy,np.float64(17.443986139541064),np.float64(273.05),np.float64(4763.080415401688),np.float64(4.763080415401688),np.float64(0.998001998001998),
2021-12-20,ORCL,buy,np.float64(789.8870634377867),np.float64(96.42),np.float64(76160.91065667139),np.float64(76.16091065667139),np.float64(0.998001998001998),
2021-12-20,TSLA,buy,np.float64(83.62897843051651),np.float64(910.7),np.float64(76160.91065667139),np.float64(76.16091065667139),np.float64(0.998001998001998),
2021-12-27,ADBE,sell,np.float64(139.58855346615968),np.float64(575.04),np.float64(80269.00178518046),np.float64(80.26900178518046),,
2021-12-27,MSFT,sell,np.float64(237.9656636671501),np.float64(335.46),np.float64(79827.96153378216),np.float64(79.82796153378216),,
2021-12-27,NVDA,sell,np.float64(279.4500979884747),np.float64(296.6),np.float64(82884.8990633816),np.float64(82.8848990633816),,
2021-12-27,TSLA,sell,np.float64(83.62897843051651),np.float64(1073.67),np.float64(89789.92527149267),np.float64(89.78992527149268),,
2021-12-27,JNJ,buy,np.float64(476.31336688257016),np.float64(169.14),np.float64(80563.64287451791),np.float64(80.56364287451791),np.float64(0.998001998001998),
2021-12-27,JPM,buy,np.float64(511.19062737638274),np.float64(157.6),np.float64(80563.64287451791),np.float64(80.56364287451791),np.float64(0.998001998001998),
2021-12-27,ORCL,buy,np.float64(109.83653800617826),np.float64(89.7),np.float64(9852.33745915419),np.float64(9.85233745915419),np.float64(0.998001998001998),
2021-12-27,PEP,buy,np.float64(473.94560034425336),np.float64(169.985),np.float64(80563.64287451791),np.float64(80.56364287451791),np.float64(0.998001998001998),
2021-12-27,WMT,buy,np.float64(577.103458986518),np.float64(139.6),np.float64(80563.64287451791),np.float64(80.56364287451791),np.float64(0.998001998001998),
2022-01-03,JNJ,sell,np.float64(476.31336688257016),np.float64(170.21),np.float64(81073.29817708227),np.float64(81.07329817708226),,
2022-01-03,JPM,sell,np.float64(511.19062737638274),np.float64(159.86),np.float64(81718.93369238856),np.float64(81.71893369238856),,
2022-01-03,PEP,sell,np.float64(473.94560034425336),np.float64(172.2),np.float64(81613.43237928042),np.float64(81.61343237928043),,
2022-01-03,WMT,sell,np.float64(577.103458986518),np.float64(144.0),np.float64(83102.89809405859),np.float64(83.10289809405859),,
2022-01-03,AMZN,buy,np.float64(24.188007935511486),np.float64(3351.0),np.float64(81054.01459189899),np.float64(81.05401459189899),np.float64(0.998001998001998),
2022-01-03,GOOGL,buy,np.float64(27.939062628623276),np.float64(2901.1),np.float64(81054.01459189899),np.float64(81.05401459189899),np.float64(0.998001998001998),
2022-01-03,MU,buy,np.float64(863.1490824971938),np.float64(93.905),np.float64(81054.01459189899),np.float64(81.05401459189899),np.float64(0.998001998001998),
2022-01-03,NFLX,buy,np.float64(133.83863310034343),np.float64(605.61),np.float64(81054.01459189899),np.float64(81.05401459189899),np.float64(0.998001998001998),
2022-01-03,ORCL,buy,np.float64(30.2088768268665),np.float64(87.33),np.float64(2638.1412132902515),np.float64(2.6381412132902513),np.float64(0.998001998001998),
2022-01-10,AMZN,sell,np.float64(24.188007935511486),np.float64(3211.71),np.float64(77684.86696656159),np.float64(77.68486696656159),,
2022-01-10,GOOGL,sell,np.float64(27.939062628623276),np.float64(2701.56),np.float64(75479.05403498349),np.float64(75.47905403498349),,
2022-01-10,MU,sell,np.float64(863.1490824971938),np.float64(94.26),np.float64(81360.4325161855),np.float64(81.3604325161855),,
2022-01-10,ORCL,sell,np.float64(929.9324782708313),np.float64(87.38),np.float64(81257.49995130523),np.float64(81.25749995130523),,
2022-01-10,ADBE,buy,np.float64(154.9500150383758),np.float64(500.0),np.float64(77475.0075191879),np.float64(77.4750075191879),np.float64(0.9980029385285933),
2022-01-10,AVGO,buy,np.float64(127.24601307227917),np.float64(608.86),np.float64(77475.0075191879),np.float64(77.4750075191879),np.float64(0.9980029385285933),
2022-01-10,CRM,buy,np.float64(343.56987813387093),np.float64(225.5),np.float64(77475.0075191879),np.float64(77.4750075191879),np.float64(0.9980029385285933),
2022-01-10,MSFT,buy,np.float64(250.33525863672844),np.float64(309.485),np.float64(77475.0075191879),np.float64(77.4750075191879),np.float64(0.9980029385285933),
2022-01-10,NFLX,buy,np.float64(10.303202900806124),np.float64(538.49),np.float64(5548.17173005509),np.float64(5.54817173005509),np.float64(0.9980029385285933),
2022-01-18,ADBE,sell,np.float64(154.9500150383758),np.float64(510.39),np.float64(79084.93817543662),np.float64(79.08493817543662),,
2022-01-18,CRM,sell,np.float64(343.56987813387093),np.float64(228.45),np.float64(78488.5386596828),np.float64(78.4885386596828),,
2022-01-18,MSFT,sell,np.float64(250.33525863672844),np.float64(304.07),np.float64(76119.44209367002),np.float64(76.11944209367002),,
2022-01-18,AVGO,buy,np.float64(3.1256120294516023),np.float64(588.32),np.float64(1838.860069166967),np.float64(1.838860069166967),np.float64(0.9980019980019977),
2022-01-18,COST,buy,np.float64(154.81637844886558),np.float64(494.461),np.float64(76550.66130420452),np.float64(76.55066130420452),np.float64(0.9980019980019977),
2022-01-18,JNJ,buy,np.float64(458.1128743519122),np.float64(167.1),np.float64(76550.66130420452),np.float64(76.55066130420452),np.float64(0.9980019980019977),
2022-01-18,JPM,buy,np.float64(491.4023706779081),np.float64(155.78),np.float64(76550.66130420452),np.float64(76.55066130420452),np.float64(0.9980019980019977),
2022-01-18,NFLX,buy,np.float64(3.3363252347144345),np.float64(520.08),np.float64(1735.1560280702834),np.float64(1.7351560280702834),np.float64(0.9980019980019977),
2022-01-24,AVGO,sell,np.float64(130.37162510173079),np.float64(530.89),np.float64(69212.99205025786),np.float64(69.21299205025787),,
2022-01-24,COST,sell,np.float64(154.81637844886558),np.float64(475.5513),np.float64(73623.13003265),np.float64(73.62313003265001),,
2022-01-24,JNJ,sell,np.float64(458.1128743519122),np.float64(164.0),np.float64(75130.5113937136),np.float64(75.1305113937136),,
2022-01-24,JPM,sell,np.float64(7.143580044319696),np.float64(142.28),np.float64(1016.3885687058064),np.float64(1.0163885687058065),,
2022-01-24,AMAT,buy,np.float64(522.8703346734296),np.float64(131.51),np.float64(68762.67771290272),np.float64(68.76267771290271),np.float64(0.9980019980019981),
2022-01-24,AMZN,buy,np.float64(24.734776155720404),np.float64(2780.0),np.float64(68762.67771290272),np.float64(68.76267771290271),np.float64(0.9980019980019981),
2022-01-24,MU,buy,np.float64(856.6423036365107),np.float64(80.27),np.float64(68762.67771290272),np.float64(68.76267771290271),np.float64(0.9980019980019981),
2022-01-24,NFLX,buy,np.float64(31.92795288230077),np.float64(383.91),np.float64(12257.46039104409),np.float64(12.25746039104409),np.float64(0.9980019980019981),
2022-01-31,AMAT,sell,np.float64(522.8703346734296),np.float64(132.92),np.float64(69499.92488479226),np.float64(69.49992488479226),,
2022-01-31,AMZN,sell,np.float64(24.734776155720404),np.float64(2895.0),np.float64(71607.17697081057),np.float64(71.60717697081057),,
2022-01-31,JPM,sell,np.float64(484.2587906335884),np.float64(145.64),np.float64(70527.4502678758),np.float64(70.5274502678758),,
2022-01-31,NFLX,sell,np.float64(179.40611411816474),np.float64(401.97),np.float64(72115.87569207868),np.float64(72.11587569207869),,
2022-01-31,AMD,buy,np.float64(649.8449446533926),np.float64(107.93),np.float64(70137.76487644068),np.float64(70.13776487644068),np.float64(0.9980019980019982),
2022-01-31,INTC,buy,np.float64(1471.0101693884371),np.float64(47.68),np.float64(70137.76487644068),np.float64(70.13776487644068),np.float64(0.9980019980019982),
2022-01-31,MU,buy,np.float64(33.33883470219444),np.float64(78.96),np.float64(2632.434388085273),np.float64(2.632434388085273),np.float64(0.9980019980019982),
2022-01-31,TSLA,buy,np.float64(80.36777953322486),np.float64(872.71),np.float64(70137.76487644068),np.float64(70.13776487644068),np.float64(0.9980019980019982),
2022-01-31,WMT,buy,np.float64(511.6183884779391),np.float64(137.09),np.float64(70137.76487644068),np.float64(70.13776487644068),np.float64(0.9980019980019982),
2022-02-07,AMD,sell,np.float64(649.8449446533926),np.float64(123.56),np.float64(80294.8413613732),np.float64(80.2948413613732),,
2022-02-07,INTC,sell,np.float64(1471.0101693884371),np.float64(48.13),np.float64(70799.71945266548),np.float64(70.79971945266549),,
2022-02-07,MU,sell,np.float64(889.9811383387051),np.float64(81.36),np.float64(72408.86541523704),np.float64(72.40886541523705),,
2022-02-07,TSLA,sell,np.float64(80.36777953322486),np.float64(923.79),np.float64(74242.95105499779),np.float64(74.24295105499779),,
2022-02-07,WMT,sell,np.float64(511.6183884779391),np.float64(140.06),np.float64(71657.27149022016),np.float64(71.65727149022015),,
2022-02-07,CSCO,buy,np.float64(1334.545316738371),np.float64(55.33),np.float64(73840.39237513406),np.float64(73.84039237513406),np.float64(0.9980034479168672),
2022-02-07,JNJ,buy,np.float64(430.7822902697279),np.float64(171.41),np.float64(73840.39237513406),np.float64(73.84039237513406),np.float64(0.9980034479168672),
2022-02-07,KO,buy,np.float64(1203.0041116835134),np.float64(61.38),np.float64(73840.39237513406),np.float64(73.84039237513406),np.float64(0.9980034479168672),
2022-02-07,META,buy,np.float64(310.64531920544414),np.float64(237.7),np.float64(73840.39237513406),np.float64(73.84039237513406),np.float64(0.9980034479168672),
2022-02-07,PEP,buy,np.float64(427.46551102891084),np.float64(172.74),np.float64(73840.39237513406),np.float64(73.84039237513406),np.float64(0.9980034479168672),
2022-02-14,CSCO,sell,np.float64(1334.545316738371),np.float64(53.41),np.float64(71278.0653669964),np.float64(71.2780653669964),,
2022-02-14,JNJ,sell,np.float64(430.7822902697279),np.float64(167.71),np.float64(72246.49790113607),np.float64(72.24649790113607),,
2022-02-14,KO,sell,np.float64(1203.0041116835134),np.float64(60.16),np.float64(72372.72735888016),np.float64(72.37272735888017),,
2022-02-14,PEP,sell,np.float64(427.46551102891084),np.float64(169.415),np.float64(72419.06955096293),np.float64(72.41906955096293),,
2022-02-14,ADBE,buy,np.float64(150.35156776773042),np.float64(473.2),np.float64(71146.36186769004),np.float64(71.14636186769003),np.float64(0.9980019980019978),
2022-02-14,AMD,buy,np.float64(615.9324895480048),np.float64(115.51),np.float64(71146.36186769004),np.float64(71.14636186769003),np.float64(0.9980019980019978),
2022-02-14,GOOGL,buy,np.float64(26.69526884905803),np.float64(2665.13),np.float64(71146.36186769004),np.float64(71.14636186769003),np.float64(0.9980019980019978),
2022-02-14,META,buy,np.float64(14.385372502499633),np.float64(219.31),np.float64(3154.856043523195),np.float64(3.154856043523195),np.float64(0.9980019980019978),
2022-02-14,QCOM,buy,np.float64(430.2773623688542),np.float64(165.35),np.float64(71146.36186769004),np.float64(71.14636186769003),np.float64(0.9980019980019978),
2022-02-22,AMD,sell,np.float64(615.9324895480048),np.float64(115.27),np.float64(70998.53807019851),np.float64(70.99853807019852),,
2022-02-22,GOOGL,sell,np.float64(26.69526884905803),np.float64(2596.7618),np.float64(69321.25438796387),np.float64(69.32125438796388),,
2022-02-22,META,sell,np.float64(325.0306917079438),np.float64(202.34),np.float64(65766.71016018535),np.float64(65.76671016018535),,
2022-02-22,QCOM,sell,np.float64(430.2773623688542),np.float64(164.0589),np.float64(70590.83076513562),np.float64(70.59083076513562),,
2022-02-22,ADBE,buy,np.float64(5.370459600799168),np.float64(440.35),np.float64(2364.881885211914),np.float64(2.364881885211914),np.float64(0.9980019980019978),
2022-02-22,CRM,buy,np.float64(350.02256640076894),np.float64(195.53),np.float64(68439.91240834235),np.float64(68.43991240834235),np.float64(0.9980019980019978),
2022-02-22,INTC,buy,np.float64(1530.7517872588314),np.float64(44.71),np.float64(68439.91240834235),np.float64(68.43991240834235),np.float64(0.9980019980019978),
2022-02-22,ORCL,buy,np.float64(927.1188351170734),np.float64(73.82),np.float64(68439.91240834235),np.float64(68.43991240834235),np.float64(0.9980019980019978),
2022-02-22,XOM,buy,np.float64(859.0424552321118),np.float64(79.67),np.float64(68439.91240834235),np.float64(68.43991240834235),np.float64(0.9980019980019978),
2022-02-28,ADBE,sell,np.float64(155.72202736852958),np.float64(462.4),np.float64(72005.86545520807),np.float64(72.00586545520807),,
2022-02-28,CRM,sell,np.float64(350.02256640076894),np.float64(207.79),np.float64(72731.18907241577),np.float64(72.73118907241577),,
2022-02-28,INTC,sell,np.float64(1530.7517872588314),np.float64(47.0),np.float64(71945.33400116507),np.float64(71.94533400116508),,
2022-02-28,ORCL,sell,np.float64(927.1188351170734),np.float64(75.57),np.float64(70062.37036979724),np.float64(70.06237036979724),,
2022-02-28,XOM,sell,np.float64(859.0424552321118),np.float64(76.51),np.float64(65725.33824980888),np.float64(65.72533824980887),,
2022-02-28,AAPL,buy,np.float64(431.45573554526743),np.float64(163.06),np.float64(70353.1722380113),np.float64(70.35317223801131),np.float64(0.9980019980019978),
2022-02-28,JPM,buy,np.float64(490.09524373396937),np.float64(143.55),np.float64(70353.1722380113),np.float64(70.35317223801131),np.float64(0.9980019980019978),
2022-02-28,MU,buy,np.float64(795.4004775354585),np.float64(88.45),np.float64(70353.1722380113),np.float64(70.35317223801131),np.float64(0.9980019980019978),
2022-02-28,TSLA,buy,np.float64(86.32185155766348),np.float64(815.01),np.float64(70353.1722380113),np.float64(70.35317223801131),np.float64(0.9980019980019978),
2022-02-28,WMT,buy,np.float64(521.1346091704542),np.float64(135.0),np.float64(70353.1722380113),np.float64(70.35317223801131),np.float64(0.9980019980019978),
2022-03-07,AAPL,sell,np.float64(431.45573554526743),np.float64(163.36),np.float64(70482.6089586749),np.float64(70.4826089586749),,
2022-03-07,TSLA,sell,np.float64(86.32185155766348),np.float64(856.3),np.float64(73917.40148882724),np.float64(73.91740148882724),,
2022-03-07,WMT,sell,np.float64(521.1346091704542),np.float64(141.3),np.float64(73636.32027578518),np.float64(73.63632027578518),,
2022-03-07,AMAT,buy,np.float64(544.2915785512297),np.float64(127.56),np.float64(69429.83375999486),np.float64(69.42983375999486),np.float64(0.9980019980019981),
2022-03-07,AMD,buy,np.float64(639.7294182253281),np.float64(108.53),np.float64(69429.83375999486),np.float64(69.42983375999486),np.float64(0.9980019980019981),
2022-03-07,JPM,buy,np.float64(36.191024816905504),np.float64(132.17),np.float64(4783.3677500504),np.float64(4.7833677500504),np.float64(0.9980019980019981),
2022-03-07,MU,buy,np.float64(55.379460235203396),np.float64(81.76),np.float64(4527.82466883023),np.float64(4.52782466883023),np.float64(0.9980019980019981),
2022-03-07,NFLX,buy,np.float64(192.6412523514743),np.float64(360.41),np.float64(69429.83375999486),np.float64(69.42983375999486),np.float64(0.9980019980019981),
2022-03-14,AMAT,sell,np.float64(544.2915785512297),np.float64(123.74),np.float64(67350.63992992917),np.float64(67.35063992992917),,
2022-03-14,AMD,sell,np.float64(639.7294182253281),np.float64(102.99),np.float64(65885.73278302654),np.float64(65.88573278302654),,
2022-03-14,JPM,sell,np.float64(526.2862685508749),np.float64(129.46),np.float64(68133.02032659626),np.float64(68.13302032659627),,
2022-03-14,NFLX,sell,np.float64(192.6412523514743),np.float64(338.72),np.float64(65251.44499649138),np.float64(65.25144499649139),,
2022-03-14,ADBE,buy,np.float64(158.2202557808542),np.float64(413.36),np.float64(65401.924929573885),np.float64(65.40192492957388),np.float64(0.9980019980019981),
2022-03-14,KO,buy,np.float64(1128.2029485867497),np.float64(57.97),np.float64(65401.924929573885),np.float64(65.40192492957388),np.float64(0.9980019980019981),
2022-03-14,MU,buy,np.float64(62.44500837132912),np.float64(71.75),np.float64(4480.429350642865),np.float64(4.480429350642865),np.float64(0.9980019980019981),
2022-03-14,PEP,buy,np.float64(421.53996087382455),np.float64(155.15),np.float64(65401.924929573885),np.float64(65.40192492957388),np.float64(0.9980019980019981),
2022-03-14,QCOM,buy,np.float64(433.6997674374926),np.float64(150.8),np.float64(65401.924929573885),np.float64(65.40192492957388),np.float64(0.9980019980019981),
2022-03-21,ADBE,sell,np.float64(158.2202557808542),np.float64(451.42),np.float64(71423.7878645932),np.float64(71.42378786459321),,
2022-03-21,MU,sell,np.float64(913.224946141991),np.float64(78.99),np.float64(72135.63849575586),np.float64(72.13563849575587),,
2022-03-21,PEP,sell,np.float64(421.53996087382455),np.float64(162.27),np.float64(68403.28945099551),np.float64(68.40328945099552),,
2022-03-21,QCOM,sell,np.float64(433.6997674374926),np.float64(153.99),np.float64(66785.42718769949),np.float64(66.7854271876995),,
2022-03-21,CSCO,buy,np.float64(1235.5016263335447),np.float64(56.06),np.float64(69262.22117225852),np.float64(69.26222117225852),np.float64(0.9980019980019982),
2022-03-21,JNJ,buy,np.float64(396.55456986292523),np.float64(174.66),np.float64(69262.22117225852),np.float64(69.26222117225852),np.float64(0.9980019980019982),
2022-03-21,KO,buy,np.float64(18.8813051794802),np.float64(60.5),np.float64(1142.318963358552),np.float64(1.1423189633585522),np.float64(0.9980019980019982),
2022-03-21,WMT,buy,np.float64(476.2581391202539),np.float64(145.43),np.float64(69262.22117225852),np.float64(69.26222117225852),np.float64(0.9980019980019982),
2022-03-21,XOM,buy,np.float64(864.4810430885985),np.float64(80.12),np.float64(69262.22117225852),np.float64(69.26222117225852),np.float64(0.9980019980019982),
2022-03-28,JNJ,sell,np.float64(396.55456986292523),np.float64(176.65),np.float64(70051.36476628574),np.float64(70.05136476628574),,
2022-03-28,KO,sell,np.float64(1147.08425376623),np.float64(61.53),np.float64(70580.09413423613),np.float64(70.58009413423613),,
2022-03-28,XOM,sell,np.float64(864.4810430885985),np.float64(83.17),np.float64(71898.88835367875),np.float64(71.89888835367874),,
2022-03-28,ADBE,buy,np.float64(160.53086212689945),np.float64(433.415),np.float64(69576.48360873012),np.float64(69.57648360873013),np.float64(0.9980019980019978),
2022-03-28,COST,buy,np.float64(124.97123182945383),np.float64(556.74),np.float64(69576.48360873012),np.float64(69.57648360873013),np.float64(0.9980019980019978),
2022-03-28,CRM,buy,np.float64(330.718146253114),np.float64(210.38),np.float64(69576.48360873012),np.float64(69.57648360873013),np.float64(0.9980019980019978),
2022-03-28,CSCO,buy,np.float64(36.61076985758227),np.float64(54.8),np.float64(2006.2701881955084),np.float64(2.0062701881955083),np.float64(0.9980019980019978),
2022-03-28,WMT,buy,np.float64(9.546969904981307),np.float64(143.5),np.float64(1369.9901813648175),np.float64(1.3699901813648176),np.float64(0.9980019980019978),
2022-04-04,ADBE,sell,np.float64(160.53086212689945),np.float64(461.04),np.float64(74011.14867498573),np.float64(74.01114867498573),,
2022-04-04,COST,sell,np.float64(124.97123182945383),np.float64(573.94),np.float64(71725.98879619673),np.float64(71.72598879619673),,
2022-04-04,CRM,sell,np.float64(330.718146253114),np.float64(214.63),np.float64(70982.03573030586),np.float64(70.98203573030585),,
2022-04-04,CSCO,sell,np.float64(1272.112396191127),np.float64(55.46),np.float64(70551.3534927599),np.float64(70.5513534927599),,
2022-04-04,WMT,sell,np.float64(485.8051090252352),np.float64(150.91),np.float64(73312.84900299823),np.float64(73.31284900299823),,
2022-04-04,AMAT,buy,np.float64(565.955696142419),np.float64(127.17),np.float64(71972.58587843143),np.float64(71.97258587843143),np.float64(0.9980019980019983),
2022-04-04,AMD,buy,np.float64(654.4747283662039),np.float64(109.97),np.float64(71972.58587843143),np.float64(71.97258587843143),np.float64(0.9980019980019983),
2022-04-04,INTC,buy,np.float64(1494.1371367745783),np.float64(48.17),np.float64(71972.58587843143),np.float64(71.97258587843143),np.float64(0.9980019980019983),
2022-04-04,JPM,buy,np.float64(536.6282871937924),np.float64(134.12),np.float64(71972.58587843143),np.float64(71.97258587843143),np.float64(0.9980019980019983),
2022-04-04,QCOM,buy,np.float64(487.1570724139125),np.float64(147.74),np.float64(71972.58587843143),np.float64(71.97258587843143),np.float64(0.9980019980019983),
2022-04-11,AMAT,sell,np.float64(565.955696142419),np.float64(118.2),np.float64(66895.96328403393),np.float64(66.89596328403394),,
2022-04-11,AMD,sell,np.float64(654.4747283662039),np.float64(98.6),np.float64(64531.2082169077),np.float64(64.5312082169077),,
2022-04-11,INTC,sell,np.float64(1494.1371367745783),np.float64(46.9),np.float64(70075.03171472772),np.float64(70.07503171472773),,
2022-04-11,JPM,sell,np.float64(536.6282871937924),np.float64(133.0),np.float64(71371.5621967744),np.float64(71.37156219677439),,
2022-04-11,AVGO,buy,np.float64(116.08890426714696),np.float64(582.58),np.float64(67631.07384795448),np.float64(67.63107384795448),np.float64(0.9980039587621135),
2022-04-11,CRM,buy,np.float64(348.2368253331676),np.float64(194.21),np.float64(67631.07384795448),np.float64(67.63107384795448),np.float64(0.9980039587621135),
2022-04-11,GOOGL,buy,np.float64(25.652131011524684),np.float64(2636.47),np.float64(67631.07384795448),np.float64(67.63107384795448),np.float64(0.9980039587621135),
2022-04-11,NVDA,buy,np.float64(304.4524797332965),np.float64(222.14),np.float64(67631.07384795448),np.float64(67.63107384795448),np.float64(0.9980039587621135),
2022-04-11,QCOM,buy,np.float64(17.427396174964482),np.float64(134.292),np.float64(2340.3598871283302),np.float64(2.34035988712833),np.float64(0.9980039587621135),
2022-04-18,AVGO,sell,np.float64(116.08890426714696),np.float64(572.85),np.float64(66501.52880943514),np.float64(66.50152880943514),,
2022-04-18,CRM,sell,np.float64(348.2368253331676),np.float64(188.3),np.float64(65572.99421023545),np.float64(65.57299421023545),,
2022-04-18,QCOM,sell,np.float64(504.584468588877),np.float64(135.62),np.float64(68431.74563002349),np.float64(68.4317456300235),,
2022-04-18,AMD,buy,np.float64(716.1726690462709),np.float64(92.03),np.float64(65909.37073232832),np.float64(65.90937073232831),np.float64(0.9980019980019981),
2022-04-18,CSCO,buy,np.float64(1295.388575714),np.float64(50.88),np.float64(65909.37073232832),np.float64(65.90937073232831),np.float64(0.9980019980019981),
2022-04-18,GOOGL,buy,np.float64(0.34769315194931677),np.float64(2540.0),np.float64(883.1406059512645),np.float64(0.8831406059512645),np.float64(0.9980019980019981),
2022-04-18,MSFT,buy,np.float64(236.31053290426414),np.float64(278.91),np.float64(65909.37073232832),np.float64(65.90937073232831),np.float64(0.9980019980019981),
2022-04-18,NVDA,buy,np.float64(7.049075100867249),np.float64(212.0),np.float64(1494.4039213838569),np.float64(1.494403921383857),np.float64(0.9980019980019981),
2022-04-25,AMD,sell,np.float64(716.1726690462709),np.float64(89.86),np.float64(64355.276040497905),np.float64(64.35527604049791),,
2022-04-25,CSCO,sell,np.float64(1295.388575714),np.float64(51.45),np.float64(66647.74222048529),np.float64(66.6477422204853),,
2022-04-25,MSFT,sell,np.float64(236.31053290426414),np.float64(273.29),np.float64(64581.30553740635),np.float64(64.58130553740635),,
2022-04-25,CRM,buy,np.float64(373.2652786049622),np.float64(169.69),np.float64(63339.38512647603),np.float64(63.33938512647603),np.float64(0.9980019980019981),
2022-04-25,GOOGL,buy,np.float64(0.6427420569279821),np.float64(2382.02),np.float64(1531.024434443592),np.float64(1.5310244344435922),np.float64(0.9980019980019981),
2022-04-25,META,buy,np.float64(346.6282773845347),np.float64(182.73),np.float64(63339.38512647603),np.float64(63.33938512647603),np.float64(0.9980019980019981),
2022-04-25,NFLX,buy,np.float64(296.2414532831768),np.float64(213.81),np.float64(63339.38512647603),np.float64(63.33938512647603),np.float64(0.9980019980019981),
2022-04-25,NVDA,buy,np.float64(18.97909652531423),np.float64(192.02),np.float64(3644.3661147908383),np.float64(3.6443661147908384),np.float64(0.9980019980019981),
2022-05-02,CRM,sell,np.float64(373.2652786049622),np.float64(175.09),np.float64(65355.01763094283),np.float64(65.35501763094283),,
2022-05-02,GOOGL,sell,np.float64(26.642566220401985),np.float64(2268.1),np.float64(60428.00444449374),np.float64(60.42800444449374),,
2022-05-02,META,sell,np.float64(346.6282773845347),np.float64(201.165),np.float64(69729.47742005992),np.float64(69.72947742005992),,
2022-05-02,NVDA,sell,np.float64(330.480651359478),np.float64(185.405),np.float64(61272.765165304016),np.float64(61.272765165304016),,
2022-05-02,AMZN,buy,np.float64(25.567698366130777),np.float64(2448.02),np.float64(62590.236954255466),np.float64(62.59023695425547),np.float64(0.9980019980019978),
2022-05-02,COST,buy,np.float64(117.59997924629477),np.float64(532.23),np.float64(62590.236954255466),np.float64(62.59023695425547),np.float64(0.9980019980019978),
2022-05-02,JPM,buy,np.float64(522.1074153674964),np.float64(119.88),np.float64(62590.236954255466),np.float64(62.59023695425547),np.float64(0.9980019980019978),
2022-05-02,NFLX,buy,np.float64(30.834381993265318),np.float64(191.71),np.float64(5911.259371928894),np.float64(5.911259371928894),np.float64(0.9980019980019978),
2022-05-02,TSLA,buy,np.float64(72.7142406848002),np.float64(860.77),np.float64(62590.236954255466),np.float64(62.59023695425547),np.float64(0.9980019980019978),
2022-05-09,JPM,sell,np.float64(522.1074153674964),np.float64(122.11),np.float64(63754.53649052499),np.float64(63.75453649052499),,
2022-05-09,NFLX,sell,np.float64(327.0758352764421),np.float64(177.655),np.float64(58106.65751603632),np.float64(58.10665751603632),,
2022-05-09,TSLA,sell,np.float64(72.7142406848002),np.float64(836.45),np.float64(60821.826620801134),np.float64(60.82182662080113),,
2022-05-09,AMZN,buy,np.float64(1.1963934876733548),np.float64(2226.25),np.float64(2663.4710019328063),np.float64(2.6634710019328063),np.float64(0.9980019980019978),
2022-05-09,COST,buy,np.float64(2.5096743966838115),np.float64(496.1),np.float64(1245.049468194839),np.float64(1.245049468194839),np.float64(0.9980019980019978),
2022-05-09,CRM,buy,np.float64(356.7048526811827),np.float64(166.72),np.float64(59469.83303900677),np.float64(59.46983303900677),np.float64(0.9980019980019978),
2022-05-09,JNJ,buy,np.float64(338.9560161812868),np.float64(175.45),np.float64(59469.83303900677),np.float64(59.46983303900677),np.float64(0.9980019980019978),
2022-05-09,WMT,buy,np.float64(400.55117558433875),np.float64(148.47),np.float64(59469.83303900677),np.float64(59.46983303900677),np.float64(0.9980019980019978),
2022-05-16,AMZN,sell,np.float64(26.764091853804132),np.float64(2262.0),np.float64(60540.37577330495),np.float64(60.54037577330495),,
2022-05-16,COST,sell,np.float64(120.10965364297857),np.float64(496.14),np.float64(59591.20355842738),np.float64(59.59120355842739),,
2022-05-16,CRM,sell,np.float64(356.7048526811827),np.float64(164.74),np.float64(58763.557430698034),np.float64(58.763557430698036),,
2022-05-16,JNJ,sell,np.float64(338.9560161812868),np.float64(176.85),np.float64(59944.37146166057),np.float64(59.94437146166057),,
2022-05-16,WMT,sell,np.float64(400.55117558433875),np.float64(149.38),np.float64(59834.33460878852),np.float64(59.834334608788524),,
2022-05-16,AAPL,buy,np.float64(409.58720975355334),np.float64(145.55),np.float64(59615.41837962969),np.float64(59.615418379629695),np.float64(0.9980019980019982),
2022-05-16,JPM,buy,np.float64(502.91393942660443),np.float64(118.54),np.float64(59615.41837962969),np.float64(59.615418379629695),np.float64(0.9980019980019982),
2022-05-16,MSFT,buy,np.float64(229.32976238052623),np.float64(259.955),np.float64(59615.41837962969),np.float64(59.615418379629695),np.float64(0.9980019980019982),
2022-05-16,NVDA,buy,np.float64(340.484427320976),np.float64(175.09),np.float64(59615.41837962969),np.float64(59.615418379629695),np.float64(0.9980019980019982),
2022-05-16,TSLA,buy,np.float64(77.7092371599532),np.float64(767.16),np.float64(59615.41837962969),np.float64(59.615418379629695),np.float64(0.9980019980019982),
2022-05-23,AAPL,sell,np.float64(409.58720975355334),np.float64(137.79),np.float64(56437.02163194211),np.float64(56.43702163194211),,
2022-05-23,JPM,sell,np.float64(502.91393942660443),np.float64(120.46),np.float64(60581.01314332877),np.float64(60.58101314332877),,
2022-05-23,MSFT,sell,np.float64(229.32976238052623),np.float64(255.49),np.float64(58591.46099060065),np.float64(58.59146099060065),,
2022-05-23,NVDA,sell,np.float64(340.484427320976),np.float64(162.74),np.float64(55410.43570221564),np.float64(55.41043570221564),,
2022-05-23,COST,buy,np.float64(134.04753851758315),np.float64(420.0),np.float64(56299.96617738492),np.float64(56.299966177384924),np.float64(0.998002612472971),
2022-05-23,CSCO,buy,np.float64(1299.0301379184336),np.float64(43.34),np.float64(56299.96617738492),np.float64(56.299966177384924),np.float64(0.998002612472971),
2022-05-23,KO,buy,np.float64(913.2192405090823),np.float64(61.65),np.float64(56299.96617738492),np.float64(56.299966177384924),np.float64(0.998002612472971),
2022-05-23,TSLA,buy,np.float64(8.397500662821955),np.float64(655.02),np.float64(5500.530884161637),np.float64(5.500530884161637),np.float64(0.998002612472971),
2022-05-23,WMT,buy,np.float64(469.4793710589136),np.float64(119.92),np.float64(56299.96617738492),np.float64(56.299966177384924),np.float64(0.998002612472971),
2022-05-31,COST,sell,np.float64(134.04753851758315),np.float64(470.76),np.float64(63104.21923253744),np.float64(63.104219232537446),,
2022-05-31,CSCO,sell,np.float64(1299.0301379184336),np.float64(45.27),np.float64(58807.09434356749),np.float64(58.80709434356749),,
2022-05-31,KO,sell,np.float64(913.2192405090823),np.float64(64.08),np.float64(58519.08893182199),np.float64(58.51908893182199),,
2022-05-31,TSLA,sell,np.float64(86.10673782277516),np.float64(773.56),np.float64(66608.72811018594),np.float64(66.60872811018594),,
2022-05-31,WMT,sell,np.float64(469.4793710589136),np.float64(127.46),np.float64(59839.84063516912),np.float64(59.839840635169125),,
2022-05-31,CRM,buy,np.float64(366.8732947479314),np.float64(166.96),np.float64(61253.16529111464),np.float64(61.25316529111464),np.float64(0.9980019980019982),
2022-05-31,GOOGL,buy,np.float64(27.16410943626394),np.float64(2254.93),np.float64(61253.16529111464),np.float64(61.25316529111464),np.float64(0.9980019980019982),
2022-05-31,JNJ,buy,np.float64(344.1189061298575),np.float64(178.0),np.float64(61253.16529111464),np.float64(61.25316529111464),np.float64(0.9980019980019982),
2022-05-31,META,buy,np.float64(314.30415522546446),np.float64(194.885),np.float64(61253.16529111464),np.float64(61.25316529111464),np.float64(0.9980019980019982),
2022-05-31,PEP,buy,np.float64(358.24754527497157),np.float64(170.98),np.float64(61253.16529111464),np.float64(61.25316529111464),np.float64(0.9980019980019982),
2022-06-06,CRM,sell,np.float64(366.8732947479314),np.float64(188.93),np.float64(69313.37157672668),np.float64(69.31337157672668),,
2022-06-06,GOOGL,sell,np.float64(27.16410943626394),np.float64(2334.09),np.float64(63403.4761940893),np.float64(63.4034761940893),,
2022-06-06,META,sell,np.float64(314.30415522546446),np.float64(193.99),np.float64(60971.86307218785),np.float64(60.97186307218785),,
2022-06-06,JNJ,buy,np.float64(11.048764980953901),np.float64(177.21),np.float64(1957.951642274841),np.float64(1.957951642274841),np.float64(0.9980041184122461),
2022-06-06,KO,buy,np.float64(991.9082823466891),np.float64(63.33),np.float64(62817.55152101582),np.float64(62.81755152101582),np.float64(0.9980041184122461),
2022-06-06,ORCL,buy,np.float64(864.8981346690874),np.float64(72.63),np.float64(62817.55152101582),np.float64(62.81755152101582),np.float64(0.9980041184122461),
2022-06-06,PEP,buy,np.float64(19.84072636302424),np.float64(166.46),np.float64(3302.687310389015),np.float64(3.3026873103890146),np.float64(0.9980041184122461),
2022-06-06,WMT,buy,np.float64(499.265232244602),np.float64(125.82),np.float64(62817.55152101582),np.float64(62.81755152101582),np.float64(0.9980041184122461),
2022-06-13,JNJ,sell,np.float64(355.1676711108114),np.float64(170.08),np.float64(60406.917502526805),np.float64(60.40691750252681),,
2022-06-13,KO,sell,np.float64(991.9082823466891),np.float64(60.75),np.float64(60258.42815256136),np.float64(60.258428152561365),,
2022-06-13,ORCL,sell,np.float64(864.8981346690874),np.float64(65.78),np.float64(56892.99929853257),np.float64(56.89299929853257),,
2022-06-13,PEP,sell,np.float64(378.08827163799583),np.float64(160.53),np.float64(60694.51024604747),np.float64(60.69451024604747),,
2022-06-13,WMT,sell,np.float64(499.265232244602),np.float64(119.74),np.float64(59782.01890896864),np.float64(59.78201890896864),,
2022-06-13,AMAT,buy,np.float64(605.4129856191604),np.float64(98.26),np.float64(59487.87996693871),np.float64(59.487879966938706),np.float64(0.998001998001998),
2022-06-13,AMZN,buy,np.float64(570.9557535938065),np.float64(104.19),np.float64(59487.87996693871),np.float64(59.487879966938706),np.float64(0.998001998001998),
2022-06-13,INTC,buy,np.float64(1543.1356671060626),np.float64(38.55),np.float64(59487.87996693871),np.float64(59.487879966938706),np.float64(0.998001998001998),
2022-06-13,JPM,buy,np.float64(509.05254121973906),np.float64(116.86),np.float64(59487.87996693871),np.float64(59.487879966938706),np.float64(0.998001998001998),
2022-06-13,MU,buy,np.float64(991.1342880196386),np.float64(60.02),np.float64(59487.87996693871),np.float64(59.487879966938706),np.float64(0.998001998001998),
2022-06-21,AMZN,sell,np.float64(570.9557535938065),np.float64(108.2),np.float64(61777.41253884987),np.float64(61.77741253884987),,
2022-06-21,INTC,sell,np.float64(1543.1356671060626),np.float64(37.36),np.float64(57651.5485230825),np.float64(57.6515485230825),,
2022-06-21,JPM,sell,np.float64(509.05254121973906),np.float64(115.865),np.float64(58981.372688425065),np.float64(58.98137268842507),,
2022-06-21,AMAT,buy,np.float64(27.54821852931395),np.float64(91.7),np.float64(2526.171639138089),np.float64(2.5261716391380893),np.float64(0.998001998001998),
2022-06-21,AMD,buy,np.float64(688.2692241971282),np.float64(84.17),np.float64(57931.620600672286),np.float64(57.93162060067229),np.float64(0.998001998001998),
2022-06-21,MU,buy,np.float64(30.499623442842953),np.float64(56.815),np.float64(1732.8361059051224),np.float64(1.7328361059051225),np.float64(0.998001998001998),
2022-06-21,QCOM,buy,np.float64(468.05866203985045),np.float64(123.77),np.float64(57931.620600672286),np.float64(57.93162060067229),np.float64(0.998001998001998),
2022-06-21,XOM,buy,np.float64(654.00339355015),np.float64(88.58),np.float64(57931.620600672286),np.float64(57.93162060067229),np.float64(0.998001998001998),
2022-06-27,AMAT,sell,np.float64(632.9612041484744),np.float64(97.97),np.float64(62011.20917042604),np.float64(62.01120917042604),,
2022-06-27,AMD,sell,np.float64(688.2692241971282),np.float64(87.355),np.float64(60123.75807974014),np.float64(60.12375807974014),,
2022-06-27,MU,sell,np.float64(1021.6339114624815),np.float64(59.575),np.float64(60863.84027537733),np.float64(60.863840275377335),,
2022-06-27,QCOM,sell,np.float64(468.05866203985045),np.float64(126.2),np.float64(59069.003149429125),np.float64(59.06900314942913),,
2022-06-27,CSCO,buy,np.float64(1349.728856891353),np.float64(44.29),np.float64(59779.49107171802),np.float64(59.77949107171802),np.float64(0.9980019980019977),
2022-06-27,JPM,buy,np.float64(506.34839125629355),np.float64(118.06),np.float64(59779.49107171802),np.float64(59.77949107171802),np.float64(0.9980019980019977),
2022-06-27,ORCL,buy,np.float64(861.7484657880642),np.float64(69.37),np.float64(59779.49107171802),np.float64(59.77949107171802),np.float64(0.9980019980019977),
2022-06-27,WMT,buy,np.float64(482.94951584842477),np.float64(123.78),np.float64(59779.49107171802),np.float64(59.77949107171802),np.float64(0.9980019980019977),
2022-06-27,XOM,buy,np.float64(28.0855758879398),np.float64(87.81),np.float64(2466.194418719994),np.float64(2.466194418719994),np.float64(0.9980019980019977),
2022-07-05,CSCO,sell,np.float64(1349.728856891353),np.float64(41.52),np.float64(56040.74213812898),np.float64(56.040742138128984),,
2022-07-05,JPM,sell,np.float64(506.34839125629355),np.float64(110.77),np.float64(56088.21129945963),np.float64(56.08821129945963),,
2022-07-05,ORCL,sell,np.float64(861.7484657880642),np.float64(70.38),np.float64(60649.85702216395),np.float64(60.64985702216396),,
2022-07-05,WMT,sell,np.float64(482.94951584842477),np.float64(122.21),np.float64(59021.26033183599),np.float64(59.02126033183599),,
2022-07-05,XOM,sell,np.float64(682.0889694380899),np.float64(86.34),np.float64(58891.56162128468),np.float64(58.89156162128468),,
2022-07-05,AMAT,buy,np.float64(699.4931693422758),np.float64(83.24),np.float64(58225.81141605103),np.float64(58.22581141605103),np.float64(0.9980054885373442),
2022-07-05,AMD,buy,np.float64(808.9165242574469),np.float64(71.98),np.float64(58225.81141605103),np.float64(58.22581141605103),np.float64(0.9980054885373442),
2022-07-05,CRM,buy,np.float64(350.54672736936203),np.float64(166.1),np.float64(58225.81141605103),np.float64(58.22581141605103),np.float64(0.9980054885373442),
2022-07-05,GOOGL,buy,np.float64(27.18279159109949),np.float64(2142.01),np.float64(58225.81141605103),np.float64(58.22581141605103),np.float64(0.9980054885373442),
2022-07-05,NVDA,buy,np.float64(410.76410170053634),np.float64(141.75),np.float64(58225.81141605103),np.float64(58.22581141605103),np.float64(0.9980054885373442),
2022-07-11,AMD,sell,np.float64(808.9165242574469),np.float64(77.845),np.float64(62970.10683082095),np.float64(62.97010683082095),,
2022-07-11,CRM,sell,np.float64(350.54672736936203),np.float64(174.0),np.float64(60995.13056226899),np.float64(60.99513056226899),,
2022-07-11,GOOGL,sell,np.float64(27.18279159109949),np.float64(2359.96),np.float64(64150.300843331155),np.float64(64.15030084333115),,
2022-07-11,NVDA,sell,np.float64(410.76410170053634),np.float64(155.26),np.float64(63775.234430025266),np.float64(63.775234430025264),,
2022-07-11,AMAT,buy,np.float64(3.283299547089129),np.float64(89.5),np.float64(293.85530946447705),np.float64(0.2938553094644771),np.float64(0.998001998001998),
2022-07-11,INTC,buy,np.float64(1666.845718865614),np.float64(37.66),np.float64(62773.40977247901),np.float64(62.77340977247901),np.float64(0.998001998001998),
2022-07-11,JNJ,buy,np.float64(353.25497902351725),np.float64(177.7),np.float64(62773.40977247901),np.float64(62.77340977247901),np.float64(0.998001998001998),
2022-07-11,KO,buy,np.float64(996.5615140892048),np.float64(62.99),np.float64(62773.40977247901),np.float64(62.77340977247901),np.float64(0.998001998001998),
2022-07-11,XOM,buy,np.float64(737.0366299457439),np.float64(85.17),np.float64(62773.40977247901),np.float64(62.77340977247901),np.float64(0.998001998001998),
2022-07-18,AMAT,sell,np.float64(702.7764688893649),np.float64(95.76),np.float64(67297.87466084558),np.float64(67.29787466084558),,
2022-07-18,INTC,sell,np.float64(1666.845718865614),np.float64(39.1),np.float64(65173.667607645504),np.float64(65.17366760764551),,
2022-07-18,JNJ,sell,np.float64(353.25497902351725),np.float64(177.74),np.float64(62787.53997163996),np.float64(62.787539971639966),,
2022-07-18,KO,sell,np.float64(996.5615140892048),np.float64(62.52),np.float64(62305.02586085709),np.float64(62.305025860857086),,
2022-07-18,XOM,sell,np.float64(737.0366299457439),np.float64(86.58),np.float64(63812.631420702506),np.float64(63.81263142070251),,
2022-07-18,ADBE,buy,np.float64(167.12327236225153),np.float64(383.83),np.float64(64146.925630803),np.float64(64.146925630803),np.float64(0.9980019980019982),
2022-07-18,CRM,buy,np.float64(379.3880153229418),np.float64(169.08),np.float64(64146.925630803),np.float64(64.146925630803),np.float64(0.9980019980019982),
2022-07-18,GOOGL,buy,np.float64(569.4862005575551),np.float64(112.64),np.float64(64146.925630803),np.float64(64.146925630803),np.float64(0.9980019980019982),
2022-07-18,MSFT,buy,np.float64(246.95640281348605),np.float64(259.75),np.float64(64146.925630803),np.float64(64.146925630803),np.float64(0.9980019980019982),
2022-07-18,TSLA,buy,np.float64(87.2972953971816),np.float64(734.81),np.float64(64146.925630803),np.float64(64.146925630803),np.float64(0.9980019980019982),
2022-07-25,ADBE,sell,np.float64(167.12327236225153),np.float64(400.11),np.float64(66867.69250486046),np.float64(66.86769250486046),,
2022-07-25,CRM,sell,np.float64(379.3880153229418),np.float64(181.83),np.float64(68984.12282617051),np.float64(68.9841228261705),,
2022-07-25,MSFT,sell,np.float64(246.95640281348605),np.float64(260.995),np.float64(64454.386352305795),np.float64(64.4543863523058),,
2022-07-25,TSLA,sell,np.float64(87.2972953971816),np.float64(816.65),np.float64(71291.33628610834),np.float64(71.29133628610835),,
2022-07-25,GOOGL,buy,np.float64(45.37644150463924),np.float64(108.41),np.float64(4919.26002351794),np.float64(4.91926002351794),np.float64(0.9980019980019982),
2022-07-25,JNJ,buy,np.float64(386.5553473193293),np.float64(172.12),np.float64(66533.90638060296),np.float64(66.53390638060296),np.float64(0.9980019980019982),
2022-07-25,KO,buy,np.float64(1080.973296191762),np.float64(61.55),np.float64(66533.90638060296),np.float64(66.53390638060296),np.float64(0.9980019980019982),
2022-07-25,MU,buy,np.float64(1084.4972515175707),np.float64(61.35),np.float64(66533.90638060296),np.float64(66.53390638060296),np.float64(0.9980019980019982),
2022-07-25,PEP,buy,np.float64(390.66353344256333),np.float64(170.31),np.float64(66533.90638060296),np.float64(66.53390638060296),np.float64(0.9980019980019982),
2022-08-01,GOOGL,sell,np.float64(614.8626420621944),np.float64(115.3),np.float64(70893.662629771),np.float64(70.893662629771),,
2022-08-01,KO,sell,np.float64(1080.973296191762),np.float64(64.09),np.float64(69279.57855293003),np.float64(69.27957855293003),,
2022-08-01,MU,sell,np.float64(1084.4972515175707),np.float64(62.5),np.float64(67781.07821984818),np.float64(67.78107821984818),,
2022-08-01,PEP,sell,np.float64(390.66353344256333),np.float64(174.55),np.float64(68190.31976239943),np.float64(68.19031976239944),,
2022-08-01,INTC,buy,np.float64(1901.7183261872592),np.float64(36.05),np.float64(68556.94565905069),np.float64(68.5569456590507),np.float64(0.9980019980019981),
2022-08-01,JNJ,buy,np.float64(7.83785375183334),np.float64(174.17),np.float64(1365.1189879568128),np.float64(1.3651189879568129),np.float64(0.9980019980019981),
2022-08-01,META,buy,np.float64(435.97421722766734),np.float64(157.25),np.float64(68556.94565905069),np.float64(68.5569456590507),np.float64(0.9980019980019981),
2022-08-01,QCOM,buy,np.float64(475.06718632839505),np.float64(144.31),np.float64(68556.94565905069),np.float64(68.5569456590507),np.float64(0.9980019980019981),
2022-08-01,WMT,buy,np.float64(523.095877148258),np.float64(131.06),np.float64(68556.94565905069),np.float64(68.5569456590507),np.float64(0.9980019980019981),
2022-08-08,META,sell,np.float64(435.97421722766734),np.float64(168.0),np.float64(73243.66849424811),np.float64(73.24366849424811),,
2022-08-08,QCOM,sell,np.float64(475.06718632839505),np.float64(149.81),np.float64(71169.81518385686),np.float64(71.16981518385685),,
2022-08-08,INTC,buy,np.float64(56.099603543330225),np.float64(35.36),np.float64(1983.6819812921567),np.float64(1.9836819812921567),np.float64(0.9980067767572345),
2022-08-08,JNJ,buy,np.float64(9.74614190981302),np.float64(171.3),np.float64(1669.5141091509702),np.float64(1.6695141091509702),np.float64(0.9980067767572345),
2022-08-08,KO,buy,np.float64(1088.1009161678676),np.float64(63.5),np.float64(69094.40817665959),np.float64(69.0944081766596),np.float64(0.9980067767572345),
2022-08-08,WMT,buy,np.float64(23.50072294290116),np.float64(126.65),np.float64(2976.366560718432),np.float64(2.976366560718432),np.float64(0.9980067767572345),
2022-08-08,XOM,buy,np.float64(779.7585845464348),np.float64(88.61),np.float64(69094.40817665959),np.float64(69.0944081766596),np.float64(0.9980067767572345),
2022-08-15,INTC,sell,np.float64(1957.8179297305894),np.float64(36.1),np.float64(70677.22726327428),np.float64(70.67722726327429),,
2022-08-15,WMT,sell,np.float64(546.5966000911591),np.float64(131.63),np.float64(71948.51046999927),np.float64(71.94851046999926),,
2022-08-15,XOM,sell,np.float64(779.7585845464348),np.float64(90.53),np.float64(70591.54465898874),np.float64(70.59154465898874),,
2022-08-15,AMD,buy,np.float64(696.1736689566096),np.float64(100.505),np.float64(69968.93459848405),np.float64(69.96893459848405),np.float64(0.9980066256682024),
2022-08-15,COST,buy,np.float64(130.44171252513806),np.float64(536.4),np.float64(69968.93459848405),np.float64(69.96893459848405),np.float64(0.9980066256682024),
2022-08-15,JNJ,buy,np.float64(18.16586402675627),np.float64(166.0),np.float64(3015.533428441541),np.float64(3.0155334284415414),np.float64(0.9980066256682024),
2022-08-15,KO,buy,np.float64(13.517080016219028),np.float64(63.64),np.float64(860.2269722321789),np.float64(0.8602269722321789),np.float64(0.9980066256682024),
2022-08-15,NVDA,buy,np.float64(374.1454178839851),np.float64(187.01),np.float64(69968.93459848405),np.float64(69.96893459848405),np.float64(0.9980066256682024),
2022-08-22,COST,sell,np.float64(130.44171252513806),np.float64(553.0),np.float64(72134.26702640134),np.float64(72.13426702640135),,
2022-08-22,JNJ,sell,np.float64(422.30520700773195),np.float64(168.9),np.float64(71327.34946360593),np.float64(71.32734946360594),,
2022-08-22,KO,sell,np.float64(1101.6179961840867),np.float64(64.84),np.float64(71428.91087257619),np.float64(71.4289108725762),,
2022-08-22,NVDA,sell,np.float64(374.1454178839851),np.float64(174.9),np.float64(65438.03358790899),np.float64(65.43803358790899),,
2022-08-22,ADBE,buy,np.float64(164.9139466012963),np.float64(419.41),np.float64(69166.55834404968),np.float64(69.16655834404969),np.float64(0.9980036957169798),
2022-08-22,AMAT,buy,np.float64(672.8591696488126),np.float64(102.795),np.float64(69166.55834404968),np.float64(69.16655834404969),np.float64(0.9980036957169798),
2022-08-22,AMD,buy,np.float64(37.91269814809922),np.float64(94.4),np.float64(3578.9587051805665),np.float64(3.5789587051805665),np.float64(0.9980036957169798),
2022-08-22,META,buy,np.float64(417.9500776122405),np.float64(165.49),np.float64(69166.55834404968),np.float64(69.16655834404969),np.float64(0.9980036957169798),
2022-08-22,MU,buy,np.float64(1161.2531201781285),np.float64(59.562),np.float64(69166.55834404968),np.float64(69.16655834404969),np.float64(0.9980036957169798),
2022-08-29,AMAT,sell,np.float64(672.8591696488126),np.float64(97.55),np.float64(65637.41199924167),np.float64(65.63741199924166),,
2022-08-29,AMD,sell,np.float64(734.0863671047089),np.float64(90.05),np.float64(66104.47735777903),np.float64(66.10447735777903),,
2022-08-29,META,sell,np.float64(417.9500776122405),np.float64(160.655),np.float64(67145.7697187945),np.float64(67.1457697187945),,
2022-08-29,MU,sell,np.float64(1161.2531201781285),np.float64(57.31),np.float64(66551.41631740854),np.float64(66.55141631740854),,
2022-08-29,ADBE,buy,np.float64(7.816948383922122),np.float64(380.09),np.float64(2971.143911244959),np.float64(2.971143911244959),np.float64(0.9980026559816343),
2022-08-29,CRM,buy,np.float64(398.88049716107946),np.float64(164.28),np.float64(65528.08807362214),np.float64(65.52808807362214),np.float64(0.9980026559816343),
2022-08-29,MSFT,buy,np.float64(246.48519117405354),np.float64(265.85),np.float64(65528.08807362214),np.float64(65.52808807362214),np.float64(0.9980026559816343),
2022-08-29,NFLX,buy,np.float64(295.26466937152315),np.float64(221.93),np.float64(65528.08807362214),np.float64(65.52808807362214),np.float64(0.9980026559816343),
2022-08-29,NVDA,buy,np.float64(409.03925139589353),np.float64(160.2),np.float64(65528.08807362214),np.float64(65.52808807362214),np.float64(0.9980026559816343),
2022-09-06,ADBE,sell,np.float64(172.7308949852184),np.float64(367.23),np.float64(63431.96656542176),np.float64(63.43196656542176),,
2022-09-06,MSFT,sell,np.float64(246.48519117405354),np.float64(256.2),np.float64(63149.50597879251),np.float64(63.14950597879251),,
2022-09-06,NFLX,sell,np.float64(295.26466937152315),np.float64(225.59),np.float64(66608.75676352192),np.float64(66.60875676352192),,
2022-09-06,AMAT,buy,np.float64(679.7985225125386),np.float64(91.12),np.float64(61943.24137134252),np.float64(61.94324137134252),np.float64(0.9980019980019981),
2022-09-06,AMD,buy,np.float64(770.3425117689656),np.float64(80.41),np.float64(61943.24137134252),np.float64(61.94324137134252),np.float64(0.9980019980019981),
2022-09-06,CRM,buy,np.float64(7.09203837197614),np.float64(152.88),np.float64(1084.2308263077123),np.float64(1.0842308263077123),np.float64(0.9980019980019981),
2022-09-06,INTC,buy,np.float64(1973.343146586254),np.float64(31.39),np.float64(61943.24137134252),np.float64(61.94324137134252),np.float64(0.9980019980019981),
2022-09-06,NVDA,buy,np.float64(42.8976760851332),np.float64(137.31),np.float64(5890.27990324964),np.float64(5.89027990324964),np.float64(0.9980019980019981),
2022-09-12,AMAT,sell,np.float64(679.7985225125386),np.float64(96.895),np.float64(65869.07783885243),np.float64(65.86907783885243),,
2022-09-12,AMD,sell,np.float64(770.3425117689656),np.float64(84.89),np.float64(65394.37582406749),np.float64(65.3943758240675),,
2022-09-12,CRM,sell,np.float64(405.9725355330556),np.float64(163.69),np.float64(66453.64434140586),np.float64(66.45364434140586),,
2022-09-12,NVDA,sell,np.float64(451.9369274810267),np.float64(143.69),np.float64(64938.81710974873),np.float64(64.93881710974873),,
2022-09-12,AAPL,buy,np.float64(406.8527020295508),np.float64(159.59),np.float64(64929.62271689602),np.float64(64.92962271689602),np.float64(0.9980020667542084),
2022-09-12,INTC,buy,np.float64(76.59355982312981),np.float64(31.735),np.float64(2430.6966209870243),np.float64(2.430696620987024),np.float64(0.9980020667542084),
2022-09-12,JNJ,buy,np.float64(390.8832864782133),np.float64(166.11),np.float64(64929.62271689602),np.float64(64.92962271689602),np.float64(0.9980020667542084),
2022-09-12,KO,buy,np.float64(1040.0388069341025),np.float64(62.43),np.float64(64929.62271689602),np.float64(64.92962271689602),np.float64(0.9980020667542084),
2022-09-12,PEP,buy,np.float64(374.83906429336116),np.float64(173.22),np.float64(64929.62271689602),np.float64(64.92962271689602),np.float64(0.9980020667542084),
2022-09-19,AAPL,sell,np.float64(406.8527020295508),np.float64(149.31),np.float64(60747.17694003223),np.float64(60.74717694003223),,
2022-09-19,INTC,sell,np.float64(2049.936706409384),np.float64(29.02),np.float64(59489.16322000032),np.float64(59.48916322000032),,
2022-09-19,JNJ,sell,np.float64(390.8832864782133),np.float64(166.3),np.float64(65003.89054132687),np.float64(65.00389054132687),,
2022-09-19,KO,sell,np.float64(1040.0388069341025),np.float64(59.39),np.float64(61767.90474381635),np.float64(61.767904743816345),,
2022-09-19,PEP,sell,np.float64(374.83906429336116),np.float64(167.06),np.float64(62620.614080848914),np.float64(62.62061408084892),,
2022-09-19,ADBE,buy,np.float64(209.8936995258876),np.float64(294.88),np.float64(61893.45411619373),np.float64(61.89345411619373),np.float64(0.998003472300659),
2022-09-19,AMD,buy,np.float64(820.9769746145872),np.float64(75.39),np.float64(61893.45411619373),np.float64(61.89345411619373),np.float64(0.998003472300659),
2022-09-19,META,buy,np.float64(426.16073340581625),np.float64(145.235),np.float64(61893.45411619373),np.float64(61.89345411619373),np.float64(0.998003472300659),
2022-09-19,MU,buy,np.float64(1190.9458171289923),np.float64(51.97),np.float64(61893.45411619373),np.float64(61.89345411619373),np.float64(0.998003472300659),
2022-09-19,ORCL,buy,np.float64(907.5286527301133),np.float64(68.2),np.float64(61893.45411619373),np.float64(61.89345411619373),np.float64(0.998003472300659),
2022-09-26,ADBE,sell,np.float64(209.8936995258876),np.float64(286.03),np.float64(60035.894875389626),np.float64(60.03589487538963),,
2022-09-26,META,sell,np.float64(426.16073340581625),np.float64(140.12),np.float64(59713.64196482297),np.float64(59.71364196482297),,
2022-09-26,MU,sell,np.float64(1190.9458171289923),np.float64(49.925),np.float64(59457.969920164935),np.float64(59.457969920164935),,
2022-09-26,ORCL,sell,np.float64(907.5286527301133),np.float64(64.33),np.float64(58381.318230128185),np.float64(58.38131823012819),,
2022-09-26,AMD,buy,np.float64(43.26095571208066),np.float64(67.87),np.float64(2936.1210641789144),np.float64(2.9361210641789146),np.float64(0.998001998001998),
2022-09-26,COST,buy,np.float64(125.66703210085048),np.float64(465.87),np.float64(58544.50024482321),np.float64(58.54450024482321),np.float64(0.998001998001998),
2022-09-26,JPM,buy,np.float64(542.0787059705852),np.float64(108.0),np.float64(58544.50024482321),np.float64(58.54450024482321),np.float64(0.998001998001998),
2022-09-26,TSLA,buy,np.float64(215.37174059089583),np.float64(271.83),np.float64(58544.50024482321),np.float64(58.54450024482321),np.float64(0.998001998001998),
2022-09-26,XOM,buy,np.float64(689.5700853336067),np.float64(84.9),np.float64(58544.50024482321),np.float64(58.54450024482321),np.float64(0.998001998001998),
2022-10-03,AMD,sell,np.float64(864.2379303266679),np.float64(64.46),np.float64(55708.776988857004),np.float64(55.708776988857004),,
2022-10-03,COST,sell,np.float64(125.66703210085048),np.float64(474.5),np.float64(59629.00673185355),np.float64(59.62900673185355),,
2022-10-03,JPM,sell,np.float64(542.0787059705852),np.float64(105.62),np.float64(57254.35292461322),np.float64(57.254352924613215),,
2022-10-03,TSLA,sell,np.float64(215.37174059089583),np.float64(254.5),np.float64(54812.107980382985),np.float64(54.81210798038298),,
2022-10-03,XOM,sell,np.float64(689.5700853336067),np.float64(90.04),np.float64(62088.89048343795),np.float64(62.08889048343795),,
2022-10-03,AAPL,buy,np.float64(418.08078611792024),np.float64(138.21),np.float64(57782.94544935776),np.float64(57.78294544935776),np.float64(0.9980019980019978),
2022-10-03,INTC,buy,np.float64(2194.566860970671),np.float64(26.33),np.float64(57782.94544935776),np.float64(57.78294544935776),np.float64(0.9980019980019978),
2022-10-03,KO,buy,np.float64(1025.2474352263619),np.float64(56.36),np.float64(57782.94544935776),np.float64(57.78294544935776),np.float64(0.9980019980019978),
2022-10-03,ORCL,buy,np.float64(947.4167150247214),np.float64(60.99),np.float64(57782.94544935776),np.float64(57.78294544935776),np.float64(0.9980019980019978),
2022-10-03,QCOM,buy,np.float64(502.50409121973877),np.float64(114.99),np.float64(57782.94544935776),np.float64(57.78294544935776),np.float64(0.9980019980019978),
2022-10-10,AAPL,sell,np.float64(418.08078611792024),np.float64(140.42),np.float64(58706.90398667836),np.float64(58.706903986678356),,
2022-10-10,INTC,sell,np.float64(2194.566860970671),np.float64(25.94),np.float64(56927.064373579204),np.float64(56.927064373579206),,
2022-10-10,ORCL,sell,np.float64(947.4167150247214),np.float64(63.61),np.float64(60265.17724272253),np.float64(60.26517724272253),,
2022-10-10,QCOM,sell,np.float64(502.50409121973877),np.float64(120.59),np.float64(60596.9683601883),np.float64(60.5969683601883),,
2022-10-10,AMD,buy,np.float64(1018.6363951965021),np.float64(57.31),np.float64(58378.05180871154),np.float64(58.37805180871154),np.float64(0.998001998001998),
2022-10-10,JNJ,buy,np.float64(363.4318110484439),np.float64(160.63),np.float64(58378.05180871154),np.float64(58.37805180871154),np.float64(0.998001998001998),
2022-10-10,KO,buy,np.float64(45.99609926930691),np.float64(54.6),np.float64(2511.3870201041573),np.float64(2.5113870201041575),np.float64(0.998001998001998),
2022-10-10,PEP,buy,np.float64(360.3805902136647),np.float64(161.99),np.float64(58378.05180871154),np.float64(58.37805180871154),np.float64(0.998001998001998),
2022-10-10,TSLA,buy,np.float64(260.69777077082813),np.float64(223.93),np.float64(58378.05180871154),np.float64(58.37805180871154),np.float64(0.998001998001998),
2022-10-17,AMD,sell,np.float64(1018.6363951965021),np.float64(57.35),np.float64(58418.797264519395),np.float64(58.4187972645194),,
2022-10-17,JNJ,sell,np.float64(363.4318110484439),np.float64(165.4),np.float64(60111.62154741262),np.float64(60.111621547412625),,
2022-10-17,KO,sell,np.float64(1071.2435344956689),np.float64(55.63),np.float64(59593.27782399406),np.float64(59.593277823994065),,
2022-10-17,PEP,sell,np.float64(360.3805902136647),np.float64(172.27),np.float64(62082.76427610802),np.float64(62.08276427610802),,
2022-10-17,AMAT,buy,np.float64(762.5283853927555),np.float64(77.21),np.float64(58874.81663617465),np.float64(58.87481663617465),np.float64(0.998001998001998),
2022-10-17,AMZN,buy,np.float64(534.6909148685373),np.float64(110.11),np.float64(58874.81663617465),np.float64(58.87481663617465),np.float64(0.998001998001998),
2022-10-17,AVGO,buy,np.float64(133.94338900278615),np.float64(439.55),np.float64(58874.81663617465),np.float64(58.87481663617465),np.float64(0.998001998001998),
2022-10-17,QCOM,buy,np.float64(516.8084325506903),np.float64(113.92),np.float64(58874.81663617465),np.float64(58.87481663617465),np.float64(0.998001998001998),
2022-10-17,TSLA,buy,np.float64(20.12598256760755),np.float64(210.04),np.float64(4227.2613785002895),np.float64(4.227261378500289),np.float64(0.998001998001998),
2022-10-24,AMAT,sell,np.float64(762.5283853927555),np.float64(82.83),np.float64(63160.22616208193),np.float64(63.16022616208193),,
2022-10-24,AMZN,sell,np.float64(534.6909148685373),np.float64(119.98),np.float64(64152.21596592711),np.float64(64.15221596592711),,
2022-10-24,AVGO,sell,np.float64(133.94338900278615),np.float64(452.73),np.float64(60640.19050323137),np.float64(60.64019050323137),,
2022-10-24,QCOM,sell,np.float64(516.8084325506903),np.float64(116.34),np.float64(60125.49304294732),np.float64(60.12549304294732),,
2022-10-24,TSLA,sell,np.float64(280.82375333843567),np.float64(205.82),np.float64(57799.144912116826),np.float64(57.79914491211683),,
2022-10-24,JNJ,buy,np.float64(359.5384573211587),np.float64(169.81),np.float64(61053.22543770596),np.float64(61.05322543770596),np.float64(0.9980019980019983),
2022-10-24,KO,buy,np.float64(1077.9171157787068),np.float64(56.64),np.float64(61053.22543770596),np.float64(61.05322543770596),np.float64(0.9980019980019983),
2022-10-24,META,buy,np.float64(479.78959086605863),np.float64(127.25),np.float64(61053.22543770596),np.float64(61.05322543770596),np.float64(0.9980019980019983),
2022-10-24,PEP,buy,np.float64(349.25476481726423),np.float64(174.81),np.float64(61053.22543770596),np.float64(61.05322543770596),np.float64(0.9980019980019983),
2022-10-24,WMT,buy,np.float64(444.18497953951226),np.float64(137.45),np.float64(61053.22543770596),np.float64(61.05322543770596),np.float64(0.9980019980019983),
2022-10-31,JNJ,sell,np.float64(359.5384573211587),np.float64(174.52),np.float64(62746.65157168862),np.float64(62.74665157168862),,
2022-10-31,KO,sell,np.float64(1077.9171157787068),np.float64(60.51),np.float64(65224.76467576955),np.float64(65.22476467576955),,
2022-10-31,PEP,sell,np.float64(349.25476481726423),np.float64(181.18),np.float64(63277.978289591934),np.float64(63.277978289591935),,
2022-10-31,WMT,sell,np.float64(444.18497953951226),np.float64(142.34),np.float64(63225.28998765418),np.float64(63.22528998765418),,
2022-10-31,AMZN,buy,np.float64(581.2997711470243),np.float64(103.56),np.float64(60199.404299985836),np.float64(60.19940429998584),np.float64(0.9980019980019984),
2022-10-31,GOOGL,buy,np.float64(630.8887476418553),np.float64(95.42),np.float64(60199.404299985836),np.float64(60.19940429998584),np.float64(0.9980019980019984),
2022-10-31,META,buy,np.float64(134.07275907798567),np.float64(98.22),np.float64(13168.626396639751),np.float64(13.168626396639752),np.float64(0.9980019980019984),
2022-10-31,MSFT,buy,np.float64(257.52654132437476),np.float64(233.76),np.float64(60199.404299985836),np.float64(60.19940429998584),np.float64(0.9980019980019984),
2022-10-31,MU,buy,np.float64(1116.664891485547),np.float64(53.91),np.float64(60199.404299985836),np.float64(60.19940429998584),np.float64(0.9980019980019984),
2022-11-07,GOOGL,sell,np.float64(630.8887476418553),np.float64(87.28),np.float64(55063.96989418113),np.float64(55.06396989418113),,
2022-11-07,META,sell,np.float64(613.8623499440444),np.float64(94.78),np.float64(58181.87352769652),np.float64(58.181873527696524),,
2022-11-07,MSFT,sell,np.float64(257.52654132437476),np.float64(221.99),np.float64(57168.31690859795),np.float64(57.16831690859795),,
2022-11-07,MU,sell,np.float64(1116.664891485547),np.float64(56.43),np.float64(63013.39982652942),np.float64(63.01339982652942),,
2022-11-07,AAPL,buy,np.float64(417.6280229723743),np.float64(137.11),np.float64(57260.97822974225),np.float64(57.26097822974225),np.float64(0.998001998001998),
2022-11-07,ADBE,buy,np.float64(198.15544253639564),np.float64(288.97),np.float64(57260.97822974225),np.float64(57.26097822974225),np.float64(0.998001998001998),
2022-11-07,AMZN,buy,np.float64(42.6020500973749),np.float64(91.95),np.float64(3917.258506453622),np.float64(3.917258506453622),np.float64(0.998001998001998),
2022-11-07,CRM,buy,np.float64(407.203656874856),np.float64(140.62),np.float64(57260.97822974225),np.float64(57.26097822974225),np.float64(0.998001998001998),
2022-11-07,QCOM,buy,np.float64(532.7593806265561),np.float64(107.48),np.float64(57260.97822974225),np.float64(57.26097822974225),np.float64(0.998001998001998),
2022-11-14,AAPL,sell,np.float64(417.6280229723743),np.float64(148.97),np.float64(62214.0465821946),np.float64(62.2140465821946),,
2022-11-14,ADBE,sell,np.float64(198.15544253639564),np.float64(338.07),np.float64(66990.41045827928),np.float64(66.99041045827929),,
2022-11-14,AMZN,sell,np.float64(623.9018212443992),np.float64(98.77),np.float64(61622.78288430931),np.float64(61.62278288430931),,
2022-11-14,CRM,sell,np.float64(407.203656874856),np.float64(155.82),np.float64(63450.47381424006),np.float64(63.45047381424006),,
2022-11-14,QCOM,sell,np.float64(532.7593806265561),np.float64(120.74),np.float64(64325.36761685038),np.float64(64.32536761685039),,
2022-11-14,CSCO,buy,np.float64(1418.480155972319),np.float64(44.832),np.float64(63593.302352551),np.float64(63.593302352551),np.float64(0.9980019980019981),
2022-11-14,JNJ,buy,np.float64(373.5289418652041),np.float64(170.25),np.float64(63593.302352551),np.float64(63.593302352551),np.float64(0.9980019980019981),
2022-11-14,PEP,buy,np.float64(355.926022010136),np.float64(178.67),np.float64(63593.302352551),np.float64(63.593302352551),np.float64(0.9980019980019981),
2022-11-14,TSLA,buy,np.float64(329.892111596986),np.float64(192.77),np.float64(63593.302352551),np.float64(63.593302352551),np.float64(0.9980019980019981),
2022-11-14,WMT,buy,np.float64(448.978412542721),np.float64(141.64),np.float64(63593.302352551),np.float64(63.593302352551),np.float64(0.9980019980019981),
2022-11-21,CSCO,sell,np.float64(1418.480155972319),np.float64(47.61),np.float64(67533.8402258421),np.float64(67.5338402258421),,
2022-11-21,JNJ,sell,np.float64(373.5289418652041),np.float64(175.89),np.float64(65700.00558467074),np.float64(65.70000558467075),,
2022-11-21,PEP,sell,np.float64(355.926022010136),np.float64(182.27),np.float64(64874.63603178749),np.float64(64.87463603178749),,
2022-11-21,WMT,sell,np.float64(448.978412542721),np.float64(150.61),np.float64(67620.63871305922),np.float64(67.62063871305922),,
2022-11-21,AMAT,buy,np.float64(624.9697128637289),np.float64(103.53),np.float64(64703.114372781856),np.float64(64.70311437278185),np.float64(0.9980035823120635),
2022-11-21,AMZN,buy,np.float64(688.5507542064686),np.float64(93.97),np.float64(64703.114372781856),np.float64(64.70311437278185),np.float64(0.9980035823120635),
2022-11-21,CRM,buy,np.float64(443.1113160716467),np.float64(146.02),np.float64(64703.114372781856),np.float64(64.70311437278185),np.float64(0.9980035823120635),
2022-11-21,MU,buy,np.float64(1115.186390430573),np.float64(58.02),np.float64(64703.114372781856),np.float64(64.70311437278185),np.float64(0.9980035823120635),
2022-11-21,TSLA,buy,np.float64(38.71141193462939),np.float64(175.85),np.float64(6807.4017887045775),np.float64(6.807401788704578),np.float64(0.9980035823120635),
2022-11-28,AMAT,sell,np.float64(624.9697128637289),np.float64(104.0),np.float64(64996.8501378278),np.float64(64.9968501378278),,
2022-11-28,CRM,sell,np.float64(443.1113160716467),np.float64(152.0),np.float64(67352.9200428903),np.float64(67.3529200428903),,
2022-11-28,MU,sell,np.float64(1115.186390430573),np.float64(57.32),np.float64(63922.483899480445),np.float64(63.92248389948045),,
2022-11-28,TSLA,sell,np.float64(368.6035235316154),np.float64(179.96),np.float64(66333.89009474951),np.float64(66.33389009474952),,
2022-11-28,AAPL,buy,np.float64(450.3102890230595),np.float64(145.14),np.float64(65358.03534880685),np.float64(65.35803534880685),np.float64(0.9980026157690111),
2022-11-28,AMZN,buy,np.float64(8.640955759827245),np.float64(93.93),np.float64(811.6449745205732),np.float64(0.8116449745205733),np.float64(0.9980026157690111),
2022-11-28,GOOGL,buy,np.float64(673.5421213381678),np.float64(97.0363),np.float64(65358.03534880685),np.float64(65.35803534880685),np.float64(0.9980026157690111),
2022-11-28,INTC,buy,np.float64(2245.9805961789293),np.float64(29.1),np.float64(65358.03534880685),np.float64(65.35803534880685),np.float64(0.9980026157690111),
2022-11-28,NFLX,buy,np.float64(230.13392728453115),np.float64(284.0),np.float64(65358.03534880685),np.float64(65.35803534880685),np.float64(0.9980026157690111),
2022-12-05,AAPL,sell,np.float64(450.3102890230595),np.float64(147.77),np.float64(66542.35140893751),np.float64(66.5423514089375),,
2022-12-05,AMZN,sell,np.float64(697.1917099662958),np.float64(93.05),np.float64(64873.68861236382),np.float64(64.87368861236382),,
2022-12-05,GOOGL,sell,np.float64(673.5421213381678),np.float64(99.4),np.float64(66950.08686101389),np.float64(66.95008686101389),,
2022-12-05,INTC,sell,np.float64(2245.9805961789293),np.float64(29.42),np.float64(66076.7491395841),np.float64(66.07674913958411),,
2022-12-05,NFLX,sell,np.float64(230.13392728453115),np.float64(316.46),np.float64(72828.18262846273),np.float64(72.82818262846273),,
2022-12-05,COST,buy,np.float64(136.68921437616666),np.float64(492.5),np.float64(67319.43808026209),np.float64(67.31943808026209),np.float64(0.9980019980019983),
2022-12-05,CRM,buy,np.float64(471.42463641640114),np.float64(142.8),np.float64(67319.43808026209),np.float64(67.31943808026209),np.float64(0.9980019980019983),
2022-12-05,JPM,buy,np.float64(501.48568295785225),np.float64(134.24),np.float64(67319.43808026209),np.float64(67.31943808026209),np.float64(0.9980019980019983),
2022-12-05,MU,buy,np.float64(1238.172486302411),np.float64(54.37),np.float64(67319.43808026209),np.float64(67.31943808026209),np.float64(0.9980019980019983),
2022-12-05,XOM,buy,np.float64(608.1250052417532),np.float64(110.7),np.float64(67319.43808026209),np.float64(67.31943808026209),np.float64(0.9980019980019983),
2022-12-12,COST,sell,np.float64(136.68921437616666),np.float64(482.73),np.float64(65983.98445580693),np.float64(65.98398445580693),,
2022-12-12,JPM,sell,np.float64(501.48568295785225),np.float64(132.4),np.float64(66396.70442361964),np.float64(66.39670442361964),,
2022-12-12,MU,sell,np.float64(1238.172486302411),np.float64(53.52),np.float64(66266.99146690505),np.float64(66.26699146690505),,
2022-12-12,AMD,buy,np.float64(942.3592934794948),np.float64(68.54),np.float64(64589.30597508458),np.float64(64.58930597508459),np.float64(0.9980019980019981),
2022-12-12,CRM,buy,np.float64(22.189322627819667),np.float64(131.1),np.float64(2909.0201965071583),np.float64(2.9090201965071585),np.float64(0.9980019980019981),
2022-12-12,GOOGL,buy,np.float64(696.681112879782),np.float64(92.71),np.float64(64589.30597508458),np.float64(64.58930597508459),np.float64(0.9980019980019981),
2022-12-12,TSLA,buy,np.float64(366.7762974167211),np.float64(176.1),np.float64(64589.30597508458),np.float64(64.58930597508459),np.float64(0.9980019980019981),
2022-12-12,XOM,buy,np.float64(15.157890420305652),np.float64(103.83),np.float64(1573.8437623403358),np.float64(1.5738437623403359),np.float64(0.9980019980019981),
2022-12-19,AMD,sell,np.float64(942.3592934794948),np.float64(65.12),np.float64(61366.437191384706),np.float64(61.366437191384705),,
2022-12-19,CRM,sell,np.float64(493.6139590442208),np.float64(127.77),np.float64(63069.05554708009),np.float64(63.06905554708009),,
2022-12-19,GOOGL,sell,np.float64(696.681112879782),np.float64(90.255),np.float64(62878.953842964715),np.float64(62.87895384296471),,
2022-12-19,XOM,sell,np.float64(623.2828956620589),np.float64(105.26),np.float64(65606.75759738832),np.float64(65.60675759738832),,
2022-12-19,AAPL,buy,np.float64(457.0891313216602),np.float64(135.11),np.float64(61757.31253286952),np.float64(61.75731253286952),np.float64(0.9980019980019981),
2022-12-19,COST,buy,np.float64(133.98705313909034),np.float64(460.92),np.float64(61757.31253286952),np.float64(61.75731253286952),np.float64(0.9980019980019981),
2022-12-19,MU,buy,np.float64(1183.7706063421413),np.float64(52.17),np.float64(61757.31253286952),np.float64(61.75731253286952),np.float64(0.9980019980019981),
2022-12-19,NFLX,buy,np.float64(213.15470449338872),np.float64(289.73),np.float64(61757.31253286952),np.float64(61.75731253286952),np.float64(0.9980019980019981),
2022-12-19,TSLA,buy,np.float64(34.97803231203543),np.float64(154.0),np.float64(5386.616976053457),np.float64(5.386616976053457),np.float64(0.9980019980019981),
2022-12-27,AAPL,sell,np.float64(457.0891313216602),np.float64(131.38),np.float64(60052.37007303972),np.float64(60.05237007303972),,
2022-12-27,COST,sell,np.float64(133.98705313909034),np.float64(464.4),np.float64(62223.587477793546),np.float64(62.22358747779355),,
2022-12-27,MU,sell,np.float64(11.82232932797574),np.float64(49.61),np.float64(586.5057579608765),np.float64(0.5865057579608766),,
2022-12-27,NFLX,sell,np.float64(213.15470449338872),np.float64(293.19),np.float64(62494.82781041664),np.float64(62.49482781041664),,
2022-12-27,AMAT,buy,np.float64(603.2874763897995),np.float64(96.18),np.float64(58024.18947917092),np.float64(58.02418947917092),np.float64(0.9980019980019983),
2022-12-27,INTC,buy,np.float64(2245.083748468598),np.float64(25.845),np.float64(58024.18947917092),np.float64(58.02418947917092),np.float64(0.9980019980019983),
2022-12-27,NVDA,buy,np.float64(384.9289470556648),np.float64(150.74),np.float64(58024.18947917092),np.float64(58.02418947917092),np.float64(0.9980019980019983),
2022-12-27,TSLA,buy,np.float64(92.89228004338574),np.float64(117.495),np.float64(10914.378443697608),np.float64(10.914378443697608),np.float64(0.9980019980019983),
