session,ticker,side,shares,price,notional,cost,lambda,slot
2023-01-03,AAPL,buy,np.float64(153.43878567317506),np.float64(130.28),np.float64(19990.004997501248),np.float64(9.995002498750624),np.float64(0.9995002498750625),
2023-01-03,JNJ,buy,np.float64(113.47641347355386),np.float64(176.16),np.float64(19990.004997501248),np.float64(9.995002498750624),np.float64(0.9995002498750625),
2023-01-03,NVDA,buy,np.float64(134.60376403946702),np.float64(148.51),np.float64(19990.004997501248),np.float64(9.995002498750624),np.float64(0.9995002498750625),
2023-01-03,PEP,buy,np.float64(110.6927570601985),np.float64(180.59),np.float64(19990.004997501248),np.float64(9.995002498750624),np.float64(0.9995002498750625),
2023-01-03,WMT,buy,np.float64(140.23153277798139),np.float64(142.55),np.float64(19990.004997501248),np.float64(9.995002498750624),np.float64(0.9995002498750625),
2023-01-09,AAPL,sell,np.float64(153.43878567317506),np.float64(130.465),np.float64(20018.391172850785),np.float64(10.009195586425392),,
2023-01-09,JNJ,sell,np.float64(113.47641347355386),np.float64(179.3),np.float64(20346.32093580821),np.float64(10.173160467904104),,
2023-01-09,NVDA,sell,np.float64(134.60376403946702),np.float64(152.84),np.float64(20572.83929579214),np.float64(10.28641964789607),,
2023-01-09,WMT,sell,np.float64(140.23153277798139),np.float64(146.32),np.float64(20518.677876074235),np.float64(10.259338938037118),,
2023-01-09,ADBE,buy,np.float64(59.79831892804578),np.float64(338.9),np.float64(20265.650284714713),np.float64(10.132825142357357),np.float64(0.9990004997501248),
2023-01-09,KO,buy,np.float64(320.15245315505075),np.float64(63.3),np.float64(20265.650284714713),np.float64(10.132825142357357),np.float64(0.9990004997501248),
2023-01-09,MSFT,buy,np.float64(89.49282528025928),np.float64(226.45),np.float64(20265.650284714713),np.float64(10.132825142357357),np.float64(0.9990004997501248),
2023-01-09,PEP,buy,np.float64(1.730284970886448),np.float64(180.44),np.float64(312.2126201467507),np.float64(0.15610631007337533),np.float64(0.9990004997501248),
2023-01-09,TSLA,buy,np.float64(170.35684502954535),np.float64(118.96),np.float64(20265.650284714713),np.float64(10.132825142357357),np.float64(0.9990004997501248),
2023-01-17,ADBE,sell,np.float64(59.79831892804578),np.float64(344.38),np.float64(20593.345072440407),np.float64(10.296672536220203),,
2023-01-17,MSFT,sell,np.float64(89.49282528025928),np.float64(237.97),np.float64(21296.6076319433),np.float64(10.648303815971651),,
2023-01-17,TSLA,sell,np.float64(170.35684502954535),np.float64(125.695),np.float64(21413.0036359887),np.float64(10.70650181799435),,
2023-01-17,AVGO,buy,np.float64(35.751076100268044),np.float64(574.9),np.float64(20553.2936500441),np.float64(10.27664682502205),np.float64(0.9990004997501251),
2023-01-17,JNJ,buy,np.float64(118.12237729910402),np.float64(174.0),np.float64(20553.2936500441),np.float64(10.27664682502205),np.float64(0.9990004997501251),
2023-01-17,KO,buy,np.float64(13.122239610382234),np.float64(61.73),np.float64(810.0358511488953),np.float64(0.40501792557444766),np.float64(0.9990004997501251),
2023-01-17,PEP,buy,np.float64(4.369958662567063),np.float64(176.15),np.float64(769.7682184111882),np.float64(0.38488410920559407),np.float64(0.9990004997501251),
2023-01-17,WMT,buy,np.float64(141.46392490910662),np.float64(145.29),np.float64(20553.2936500441),np.float64(10.27664682502205),np.float64(0.9990004997501251),
2023-01-23,AVGO,sell,np.float64(35.751076100268044),np.float64(572.0),np.float64(20449.615529353323),np.float64(10.224807764676662),,
2023-01-23,KO,sell,np.float64(333.274692765433),np.float64(60.28),np.float64(20089.7984799003),np.float64(10.04489923995015),,
2023-01-23,CSCO,buy,np.float64(427.0805806041104),np.float64(46.895),np.float64(20027.94382742976),np.float64(10.013971913714881),np.float64(0.9990004997501244),
2023-01-23,JNJ,buy,np.float64(0.4341474742559863),np.float64(169.1),np.float64(73.41433789668729),np.float64(0.036707168948343645),np.float64(0.9990004997501244),
2023-01-23,JPM,buy,np.float64(148.2288704246735),np.float64(135.115),np.float64(20027.94382742976),np.float64(10.013971913714881),np.float64(0.9990004997501244),
2023-01-23,PEP,buy,np.float64(1.1282385419823127),np.float64(170.01),np.float64(191.81183452241297),np.float64(0.09590591726120648),np.float64(0.9990004997501244),
2023-01-23,WMT,buy,np.float64(1.2657057350346173),np.float64(140.46),np.float64(177.78102754296236),np.float64(0.08889051377148119),np.float64(0.9990004997501244),
2023-01-30,CSCO,sell,np.float64(427.0805806041104),np.float64(48.14),np.float64(20559.659150281877),np.float64(10.279829575140939),,
2023-01-30,JPM,sell,np.float64(148.2288704246735),np.float64(139.23),np.float64(20637.905629227287),np.float64(10.318952814613644),,
2023-01-30,WMT,sell,np.float64(0.016198207790490637),np.float64(142.12),np.float64(2.3020892911845294),np.float64(0.0011510446455922647),,
2023-01-30,INTC,buy,np.float64(731.0900494672469),np.float64(27.715),np.float64(20262.160720984746),np.float64(10.131080360492373),np.float64(0.9990004997501247),
2023-01-30,JNJ,buy,np.float64(2.2203463548848013),np.float64(167.93),np.float64(372.8627633758047),np.float64(0.18643138168790235),np.float64(0.9990004997501247),
2023-01-30,KO,buy,np.float64(334.6904645025561),np.float64(60.54),np.float64(20262.160720984746),np.float64(10.131080360492373),np.float64(0.9990004997501247),
2023-01-30,PEP,buy,np.float64(1.5402484758207768),np.float64(169.78),np.float64(261.5033862248515),np.float64(0.13075169311242577),np.float64(0.9990004997501247),
2023-02-06,INTC,sell,np.float64(731.0900494672469),np.float64(29.55),np.float64(21603.710961757148),np.float64(10.801855480878574),,
2023-02-06,JNJ,buy,np.float64(3.5253634950398967),np.float64(164.55),np.float64(580.098563108815),np.float64(0.2900492815544075),np.float64(0.9990065973197587),
2023-02-06,KO,buy,np.float64(7.408032070790022),np.float64(59.79),np.float64(442.9262375125354),np.float64(0.2214631187562677),np.float64(0.9990065973197587),
2023-02-06,PEP,buy,np.float64(1.0424218186213492),np.float64(169.74),np.float64(176.9406794927878),np.float64(0.0884703397463939),np.float64(0.9990065973197587),
2023-02-06,WMT,buy,np.float64(1.5137293102709477),np.float64(141.82),np.float64(214.67709078262578),np.float64(0.10733854539131289),np.float64(0.9990065973197587),
2023-02-06,XOM,buy,np.float64(181.86356343143493),np.float64(112.36),np.float64(20434.189987156027),np.float64(10.217094993578014),np.float64(0.9990065973197587),
2023-02-13,JNJ,sell,np.float64(124.30223462328469),np.float64(161.33),np.float64(20053.67951177452),np.float64(10.026839755887261),,
2023-02-13,KO,sell,np.float64(342.0984965733461),np.float64(59.9),np.float64(20491.699944743432),np.float64(10.245849972371715),,
2023-02-13,PEP,sell,np.float64(120.50390953007644),np.float64(176.26),np.float64(21240.019093771272),np.float64(10.620009546885637),,
2023-02-13,WMT,sell,np.float64(144.2271617466217),np.float64(144.71),np.float64(20871.11257635363),np.float64(10.435556288176814),,
2023-02-13,XOM,sell,np.float64(181.86356343143493),np.float64(117.72),np.float64(21408.97868714852),np.float64(10.70448934357426),,
2023-02-13,AMZN,buy,np.float64(212.82961567066664),np.float64(97.85),np.float64(20825.37789337473),np.float64(10.412688946687366),np.float64(0.9990012932432262),
2023-02-13,GOOGL,buy,np.float64(219.81610611541834),np.float64(94.74),np.float64(20825.37789337473),np.float64(10.412688946687366),np.float64(0.9990012932432262),
2023-02-13,INTC,buy,np.float64(747.2327912943929),np.float64(27.87),np.float64(20825.37789337473),np.float64(10.412688946687366),np.float64(0.9990012932432262),
2023-02-13,META,buy,np.float64(116.85535950046142),np.float64(178.215),np.float64(20825.37789337473),np.float64(10.412688946687366),np.float64(0.9990012932432262),
2023-02-13,NFLX,buy,np.float64(59.586202842273906),np.float64(349.5),np.float64(20825.37789337473),np.float64(10.412688946687366),np.float64(0.9990012932432262),
2023-02-21,AMZN,sell,np.float64(212.82961567066664),np.float64(95.335),np.float64(20290.111409963003),np.float64(10.145055704981502),,
2023-02-21,GOOGL,sell,np.float64(219.81610611541834),np.float64(93.0),np.float64(20442.897868733904),np.float64(10.221448934366952),,
2023-02-21,INTC,sell,np.float64(747.2327912943929),np.float64(27.11),np.float64(20257.48097199099),np.float64(10.128740485995495),,
2023-02-21,META,sell,np.float64(116.85535950046142),np.float64(174.31),np.float64(20369.05771452543),np.float64(10.184528857262714),,
2023-02-21,NFLX,sell,np.float64(59.586202842273906),np.float64(342.85),np.float64(20429.12964447361),np.float64(10.214564822236806),,
2023-02-21,ADBE,buy,np.float64(57.97761548604915),np.float64(350.78),np.float64(20337.38796019632),np.float64(10.16869398009816),np.float64(0.9990004997501251),
2023-02-21,AMD,buy,np.float64(263.60839870636835),np.float64(77.15),np.float64(20337.38796019632),np.float64(10.16869398009816),np.float64(0.9990004997501251),
2023-02-21,MSFT,buy,np.float64(79.91743146886326),np.float64(254.48),np.float64(20337.38796019632),np.float64(10.16869398009816),np.float64(0.9990004997501251),
2023-02-21,MU,buy,np.float64(348.60109633521284),np.float64(58.34),np.float64(20337.38796019632),np.float64(10.16869398009816),np.float64(0.9990004997501251),
2023-02-21,XOM,buy,np.float64(183.53386842519916),np.float64(110.81),np.float64(20337.38796019632),np.float64(10.16869398009816),np.float64(0.9990004997501251),
2023-02-27,AMD,sell,np.float64(263.60839870636835),np.float64(79.64),np.float64(20993.772872975176),np.float64(10.49688643648759),,
2023-02-27,MSFT,sell,np.float64(79.91743146886326),np.float64(252.46),np.float64(20175.954748629218),np.float64(10.087977374314608),,
2023-02-27,MU,sell,np.float64(348.60109633521284),np.float64(59.17),np.float64(20626.726870154544),np.float64(10.313363435077273),,
2023-02-27,XOM,sell,np.float64(183.53386842519916),np.float64(110.8),np.float64(20335.552621512066),np.float64(10.167776310756034),,
2023-02-27,ADBE,buy,np.float64(4.623782176312511),np.float64(322.02),np.float64(1488.9503364161546),np.float64(0.7444751682080774),np.float64(0.9990004997501248),
2023-02-27,CSCO,buy,np.float64(411.4451778101245),np.float64(48.95),np.float64(20140.241453805596),np.float64(10.070120726902799),np.float64(0.9990004997501248),
2023-02-27,GOOGL,buy,np.float64(224.10416661628568),np.float64(89.87),np.float64(20140.241453805596),np.float64(10.070120726902799),np.float64(0.9990004997501248),
2023-02-27,INTC,buy,np.float64(788.2677672722347),np.float64(25.55),np.float64(20140.241453805596),np.float64(10.070120726902799),np.float64(0.9990004997501248),
2023-02-27,NFLX,buy,np.float64(62.18619030415165),np.float64(323.87),np.float64(20140.241453805596),np.float64(10.070120726902799),np.float64(0.9990004997501248),
2023-03-06,ADBE,sell,np.float64(62.60139766236166),np.float64(344.33),np.float64(21555.53925708099),np.float64(10.777769628540495),,
2023-03-06,CSCO,sell,np.float64(411.4451778101245),np.float64(49.455),np.float64(20348.021268599707),np.float64(10.174010634299854),,
2023-03-06,GOOGL,sell,np.float64(224.10416661628568),np.float64(94.015),np.float64(21069.153224430098),np.float64(10.53457661221505),,
2023-03-06,INTC,sell,np.float64(788.2677672722347),np.float64(26.47),np.float64(20865.447799696052),np.float64(10.432723899848027),,
2023-03-06,NFLX,sell,np.float64(62.18619030415165),np.float64(317.0),np.float64(19713.022326416074),np.float64(9.856511163208037),,
2023-03-06,COST,buy,np.float64(43.41798222196919),np.float64(476.52),np.float64(20689.536888412757),np.float64(10.344768444206379),np.float64(0.999000499750125),
2023-03-06,JNJ,buy,np.float64(133.77432360282398),np.float64(154.66),np.float64(20689.536888412757),np.float64(10.344768444206379),np.float64(0.999000499750125),
2023-03-06,KO,buy,np.float64(349.13157084732967),np.float64(59.26),np.float64(20689.536888412757),np.float64(10.344768444206379),np.float64(0.999000499750125),
2023-03-06,PEP,buy,np.float64(120.13434495652513),np.float64(172.22),np.float64(20689.536888412757),np.float64(10.344768444206379),np.float64(0.999000499750125),
2023-03-06,WMT,buy,np.float64(147.2564903089876),np.float64(140.5),np.float64(20689.536888412757),np.float64(10.344768444206379),np.float64(0.999000499750125),
2023-03-13,COST,sell,np.float64(43.41798222196919),np.float64(466.8),np.float64(20267.51410121522),np.float64(10.13375705060761),,
2023-03-13,JNJ,sell,np.float64(133.77432360282398),np.float64(152.09),np.float64(20345.7368767535),np.float64(10.172868438376751),,
2023-03-13,KO,sell,np.float64(349.13157084732967),np.float64(59.29),np.float64(20700.010835538174),np.float64(10.350005417769088),,
2023-03-13,PEP,sell,np.float64(120.13434495652513),np.float64(172.76),np.float64(20754.409434689278),np.float64(10.37720471734464),,
2023-03-13,WMT,sell,np.float64(147.2564903089876),np.float64(136.68),np.float64(20127.017095432424),np.float64(10.063508547716213),,
2023-03-13,CRM,buy,np.float64(119.40648506092779),np.float64(171.0),np.float64(20418.508945418653),np.float64(10.209254472709327),np.float64(0.9990004997501251),
2023-03-13,JPM,buy,np.float64(155.6170181039452),np.float64(131.21),np.float64(20418.508945418653),np.float64(10.209254472709327),np.float64(0.9990004997501251),
2023-03-13,ORCL,buy,np.float64(245.06131715576876),np.float64(83.32),np.float64(20418.508945418653),np.float64(10.209254472709327),np.float64(0.9990004997501251),
2023-03-13,QCOM,buy,np.float64(179.4875962150022),np.float64(113.76),np.float64(20418.508945418653),np.float64(10.209254472709327),np.float64(0.9990004997501251),
2023-03-13,TSLA,buy,np.float64(121.93430441264012),np.float64(167.455),np.float64(20418.508945418653),np.float64(10.209254472709327),np.float64(0.9990004997501251),
2023-03-20,CRM,sell,np.float64(119.40648506092779),np.float64(184.21),np.float64(21995.86861307351),np.float64(10.997934306536756),,
2023-03-20,ORCL,sell,np.float64(245.06131715576876),np.float64(85.28),np.float64(20898.82912704396),np.float64(10.44941456352198),,
2023-03-20,QCOM,sell,np.float64(179.4875962150022),np.float64(120.77),np.float64(21676.716994885817),np.float64(10.83835849744291),,
2023-03-20,TSLA,sell,np.float64(121.93430441264012),np.float64(178.08),np.float64(21714.060929802952),np.float64(10.857030464901475),,
2023-03-20,JNJ,buy,np.float64(138.9667298618407),np.float64(152.47),np.float64(21188.25730203485),np.float64(10.594128651017424),np.float64(0.999000499750125),
2023-03-20,JPM,buy,np.float64(11.388330594371885),np.float64(126.99),np.float64(1446.2041021792857),np.float64(0.7231020510896429),np.float64(0.999000499750125),
2023-03-20,KO,buy,np.float64(352.1984258981857),np.float64(60.16),np.float64(21188.25730203485),np.float64(10.594128651017424),np.float64(0.999000499750125),
2023-03-20,PEP,buy,np.float64(120.04678358093399),np.float64(176.5),np.float64(21188.25730203485),np.float64(10.594128651017424),np.float64(0.999000499750125),
2023-03-20,XOM,buy,np.float64(212.6694499852941),np.float64(99.63),np.float64(21188.25730203485),np.float64(10.594128651017424),np.float64(0.999000499750125),
2023-03-27,KO,sell,np.float64(352.1984258981857),np.float64(61.14),np.float64(21533.411759415074),np.float64(10.766705879707537),,
2023-03-27,PEP,sell,np.float64(120.04678358093399),np.float64(179.575),np.float64(21557.40116154622),np.float64(10.77870058077311),,
2023-03-27,XOM,sell,np.float64(212.6694499852941),np.float64(104.74),np.float64(22274.998191459705),np.float64(11.137499095729853),,
2023-03-27,AMAT,buy,np.float64(178.65204784616745),np.float64(120.75),np.float64(21572.23477742472),np.float64(10.786117388712361),np.float64(0.9990004997501247),
2023-03-27,CSCO,buy,np.float64(425.48786543244023),np.float64(50.7),np.float64(21572.23477742472),np.float64(10.786117388712361),np.float64(0.9990004997501247),
2023-03-27,INTC,buy,np.float64(734.4989709712196),np.float64(29.37),np.float64(21572.23477742472),np.float64(10.786117388712361),np.float64(0.9990004997501247),
2023-03-27,JNJ,buy,np.float64(1.0699286218755255),np.float64(154.2),np.float64(164.982993493206),np.float64(0.08249149674660301),np.float64(0.9990004997501247),
2023-03-27,JPM,buy,np.float64(3.3030258073466614),np.float64(126.79),np.float64(418.7906421134832),np.float64(0.2093953210567416),np.float64(0.9990004997501247),
2023-04-03,AMAT,sell,np.float64(178.65204784616745),np.float64(121.63),np.float64(21729.448579529348),np.float64(10.864724289764673),,
2023-04-03,CSCO,sell,np.float64(425.48786543244023),np.float64(52.06),np.float64(22150.89827441284),np.float64(11.075449137206421),,
2023-04-03,INTC,sell,np.float64(734.4989709712196),np.float64(32.94),np.float64(24194.396103791973),np.float64(12.097198051895987),,
2023-04-03,JPM,sell,np.float64(170.30837450566378),np.float64(129.91),np.float64(22124.760932030782),np.float64(11.06238046601539),,
2023-04-03,COST,buy,np.float64(45.029744958238254),np.float64(496.5),np.float64(22357.268371765294),np.float64(11.178634185882647),np.float64(0.9990004997501253),
2023-04-03,GOOGL,buy,np.float64(218.35402257803784),np.float64(102.39),np.float64(22357.268371765294),np.float64(11.178634185882647),np.float64(0.9990004997501253),
2023-04-03,JNJ,buy,np.float64(4.39029348839856),np.float64(154.95),np.float64(680.2759760273568),np.float64(0.3401379880136784),np.float64(0.9990004997501253),
2023-04-03,MU,buy,np.float64(373.83610687677105),np.float64(59.805),np.float64(22357.268371765294),np.float64(11.178634185882647),np.float64(0.9990004997501253),
2023-04-03,PEP,buy,np.float64(122.9096666946965),np.float64(181.9),np.float64(22357.268371765294),np.float64(11.178634185882647),np.float64(0.9990004997501253),
2023-04-10,COST,sell,np.float64(45.029744958238254),np.float64(483.9),np.float64(21789.89358529149),np.float64(10.894946792645746),,
2023-04-10,GOOGL,sell,np.float64(218.35402257803784),np.float64(106.98),np.float64(23359.51333539849),np.float64(11.679756667699245),,
2023-04-10,JNJ,sell,np.float64(144.42695197211478),np.float64(164.63),np.float64(23777.009103169254),np.float64(11.888504551584628),,
2023-04-10,PEP,sell,np.float64(122.9096666946965),np.float64(183.83),np.float64(22594.48402848606),np.float64(11.297242014243029),,
2023-04-10,AMAT,buy,np.float64(203.29124758523278),np.float64(112.47),np.float64(22864.16661591113),np.float64(11.432083307955565),np.float64(0.9990007343932079),
2023-04-10,AMD,buy,np.float64(250.374141654743),np.float64(91.32),np.float64(22864.16661591113),np.float64(11.432083307955565),np.float64(0.9990007343932079),
2023-04-10,AVGO,buy,np.float64(36.99404031374667),np.float64(618.05),np.float64(22864.16661591113),np.float64(11.432083307955565),np.float64(0.9990007343932079),
2023-04-10,MU,buy,np.float64(0.2570790076291549),np.float64(61.18),np.float64(15.728093686751697),np.float64(0.007864046843375848),np.float64(0.9990007343932079),
2023-04-10,QCOM,buy,np.float64(187.27304952011735),np.float64(122.09),np.float64(22864.16661591113),np.float64(11.432083307955565),np.float64(0.9990007343932079),
2023-04-17,AMAT,sell,np.float64(203.29124758523278),np.float64(109.22),np.float64(22203.470061259126),np.float64(11.101735030629563),,
2023-04-17,AMD,sell,np.float64(250.374141654743),np.float64(90.23),np.float64(22591.25880150746),np.float64(11.29562940075373),,
2023-04-17,AVGO,sell,np.float64(36.99404031374667),np.float64(618.61),np.float64(22884.88327848683),np.float64(11.442441639243414),,
2023-04-17,MU,sell,np.float64(374.0931858844002),np.float64(62.22),np.float64(23276.07802572738),np.float64(11.63803901286369),,
2023-04-17,CSCO,buy,np.float64(447.5962010768121),np.float64(50.56),np.float64(22630.463926443623),np.float64(11.315231963221812),np.float64(0.9990004997501251),
2023-04-17,INTC,buy,np.float64(708.3087300921322),np.float64(31.95),np.float64(22630.463926443623),np.float64(11.315231963221812),np.float64(0.9990004997501251),
2023-04-17,MSFT,buy,np.float64(78.0549233485449),np.float64(289.93),np.float64(22630.463926443623),np.float64(11.315231963221812),np.float64(0.9990004997501251),
2023-04-17,QCOM,buy,np.float64(2.878571528220002),np.float64(119.13),np.float64(342.9242261568488),np.float64(0.1714621130784244),np.float64(0.9990004997501251),
2023-04-17,WMT,buy,np.float64(152.25016096907714),np.float64(148.64),np.float64(22630.463926443623),np.float64(11.315231963221812),np.float64(0.9990004997501251),
2023-04-24,MSFT,sell,np.float64(78.0549233485449),np.float64(282.09),np.float64(22018.51332739103),np.float64(11.009256663695515),,
2023-04-24,QCOM,sell,np.float64(190.15162104833735),np.float64(117.82),np.float64(22403.663991915106),np.float64(11.201831995957553),,
2023-04-24,WMT,sell,np.float64(152.25016096907714),np.float64(151.71),np.float64(23097.871920618694),np.float64(11.548935960309347),,
2023-04-24,CSCO,buy,np.float64(19.635131814867368),np.float64(47.05),np.float64(923.8329518895097),np.float64(0.4619164759447548),np.float64(0.9990004997501246),
2023-04-24,GOOGL,buy,np.float64(208.19210669950954),np.float64(105.49),np.float64(21962.18533573126),np.float64(10.981092667865632),np.float64(0.9990004997501246),
2023-04-24,INTC,buy,np.float64(21.313440914525415),np.float64(30.13),np.float64(642.1739747546508),np.float64(0.3210869873773254),np.float64(0.9990004997501246),
2023-04-24,NFLX,buy,np.float64(66.51176661335937),np.float64(330.2),np.float64(21962.18533573126),np.float64(10.981092667865632),np.float64(0.9990004997501246),
2023-04-24,TSLA,buy,np.float64(133.38709587446863),np.float64(164.65),np.float64(21962.18533573126),np.float64(10.981092667865632),np.float64(0.9990004997501246),
2023-05-01,CSCO,sell,np.float64(467.2313328916795),np.float64(47.2),np.float64(22053.318912487273),np.float64(11.026659456243637),,
2023-05-01,GOOGL,sell,np.float64(208.19210669950954),np.float64(106.84),np.float64(22243.2446797756),np.float64(11.1216223398878),,
2023-05-01,INTC,sell,np.float64(729.6221710066577),np.float64(31.11),np.float64(22698.54574001712),np.float64(11.34927287000856),,
2023-05-01,NFLX,sell,np.float64(66.51176661335937),np.float64(329.435),np.float64(21911.303834272043),np.float64(10.955651917136022),,
2023-05-01,TSLA,sell,np.float64(133.38709587446863),np.float64(163.17),np.float64(21764.772433837043),np.float64(10.88238621691852),,
2023-05-01,AVGO,buy,np.float64(35.29467509105428),np.float64(626.5),np.float64(22112.113944545505),np.float64(11.056056972272753),np.float64(0.9990004997501248),
2023-05-01,COST,buy,np.float64(44.29953710216469),np.float64(499.15),np.float64(22112.113944545505),np.float64(11.056056972272753),np.float64(0.9990004997501248),
2023-05-01,JPM,buy,np.float64(155.43451387983626),np.float64(142.26),np.float64(22112.113944545505),np.float64(11.056056972272753),np.float64(0.9990004997501248),
2023-05-01,KO,buy,np.float64(344.6939040459159),np.float64(64.15),np.float64(22112.113944545505),np.float64(11.056056972272753),np.float64(0.9990004997501248),
2023-05-01,WMT,buy,np.float64(146.39905948454387),np.float64(151.04),np.float64(22112.113944545505),np.float64(11.056056972272753),np.float64(0.9990004997501248),
2023-05-08,AVGO,sell,np.float64(35.29467509105428),np.float64(629.78),np.float64(22227.880478844163),np.float64(11.113940239422082),,
2023-05-08,COST,sell,np.float64(44.29953710216469),np.float64(497.37),np.float64(22033.260768503653),np.float64(11.016630384251826),,
2023-05-08,JPM,sell,np.float64(155.43451387983626),np.float64(137.49),np.float64(21370.691313338688),np.float64(10.685345656669345),,
2023-05-08,KO,sell,np.float64(344.6939040459159),np.float64(63.81),np.float64(21994.918017169894),np.float64(10.997459008584947),,
2023-05-08,WMT,sell,np.float64(146.39905948454387),np.float64(151.27),np.float64(22145.785728226954),np.float64(11.072892864113477),,
2023-05-08,ADBE,buy,np.float64(63.09849846897282),np.float64(348.0),np.float64(21958.27746720254),np.float64(10.979138733601271),np.float64(0.9990010846788759),
2023-05-08,CSCO,buy,np.float64(472.8311254780909),np.float64(46.44),np.float64(21958.27746720254),np.float64(10.979138733601271),np.float64(0.9990010846788759),
2023-05-08,MU,buy,np.float64(358.50248926044964),np.float64(61.25),np.float64(21958.27746720254),np.float64(10.979138733601271),np.float64(0.9990010846788759),
2023-05-08,QCOM,buy,np.float64(202.6138635958712),np.float64(108.375),np.float64(21958.27746720254),np.float64(10.979138733601271),np.float64(0.9990010846788759),
2023-05-08,XOM,buy,np.float64(198.71744314210443),np.float64(110.5),np.float64(21958.27746720254),np.float64(10.979138733601271),np.float64(0.9990010846788759),
2023-05-15,CSCO,sell,np.float64(472.8311254780909),np.float64(46.8),np.float64(22128.49667237465),np.float64(11.064248336187326),,
2023-05-15,MU,sell,np.float64(358.50248926044964),np.float64(62.23),np.float64(22309.60990667778),np.float64(11.154804953338889),,
2023-05-15,ADBE,buy,np.float64(0.8669082611460636),np.float64(337.35),np.float64(292.45150189762455),np.float64(0.14622575094881227),np.float64(0.9990025251512686),
2023-05-15,INTC,buy,np.float64(745.9341672325313),np.float64(28.9),np.float64(21557.497433020155),np.float64(10.778748716510078),np.float64(0.9990025251512686),
2023-05-15,JNJ,buy,np.float64(134.06403876256314),np.float64(160.8),np.float64(21557.497433020155),np.float64(10.778748716510078),np.float64(0.9990025251512686),
2023-05-15,QCOM,buy,np.float64(5.3513210678732674),np.float64(103.76),np.float64(555.2530740025303),np.float64(0.27762653700126516),np.float64(0.9990025251512686),
2023-05-15,XOM,buy,np.float64(5.797874518913228),np.float64(105.51),np.float64(611.7337404905347),np.float64(0.3058668702452674),np.float64(0.9990025251512686),
2023-05-22,ADBE,sell,np.float64(63.965406730118886),np.float64(371.25),np.float64(23747.157248556636),np.float64(11.873578624278318),,
2023-05-22,INTC,sell,np.float64(745.9341672325313),np.float64(29.85),np.float64(22266.13489189106),np.float64(11.13306744594553),,
2023-05-22,QCOM,sell,np.float64(207.96518466374448),np.float64(103.672),np.float64(21560.166624459718),np.float64(10.78008331222986),,
2023-05-22,XOM,sell,np.float64(204.51531766101766),np.float64(105.84),np.float64(21645.90122124211),np.float64(10.822950610621056),,
2023-05-22,COST,buy,np.float64(44.44692441792784),np.float64(497.0),np.float64(22090.121435710134),np.float64(11.045060717855067),np.float64(0.9990013917754503),
2023-05-22,JNJ,buy,np.float64(5.880733851883866),np.float64(158.0),np.float64(929.1559485976508),np.float64(0.4645779742988254),np.float64(0.9990013917754503),
2023-05-22,KO,buy,np.float64(351.8375636809769),np.float64(62.785),np.float64(22090.121435710134),np.float64(11.045060717855067),np.float64(0.9990013917754503),
2023-05-22,PEP,buy,np.float64(115.54015082227174),np.float64(191.19),np.float64(22090.121435710134),np.float64(11.045060717855067),np.float64(0.9990013917754503),
2023-05-22,WMT,buy,np.float64(147.56260144094946),np.float64(149.7),np.float64(22090.121435710134),np.float64(11.045060717855067),np.float64(0.9990013917754503),
2023-05-30,COST,sell,np.float64(44.44692441792784),np.float64(509.785),np.float64(22658.375364393345),np.float64(11.329187682196673),,
2023-05-30,AAPL,buy,np.float64(121.90635765210989),np.float64(176.96),np.float64(21572.549050117366),np.float64(10.786274525058683),np.float64(0.9990004997501246),
2023-05-30,JNJ,buy,np.float64(0.30388347760100265),np.float64(153.97),np.float64(46.788939046226375),np.float64(0.02339446952311319),np.float64(0.9990004997501246),
2023-05-30,KO,buy,np.float64(7.518076253158503),np.float64(60.09),np.float64(451.76120205229444),np.float64(0.2258806010261472),np.float64(0.9990004997501246),
2023-05-30,PEP,buy,np.float64(3.070012041699478),np.float64(182.055),np.float64(558.9110422515985),np.float64(0.27945552112579924),np.float64(0.9990004997501246),
2023-05-30,WMT,buy,np.float64(0.0390846144045486),np.float64(146.3),np.float64(5.718079087385461),np.float64(0.0028590395436927304),np.float64(0.9990004997501246),
2023-06-05,AAPL,sell,np.float64(121.90635765210989),np.float64(182.63),np.float64(22263.75809800483),np.float64(11.131879049002414),,
2023-06-05,WMT,sell,np.float64(0.0858353208452307),np.float64(149.37),np.float64(12.82122187465211),np.float64(0.006410610937326055),,
2023-06-05,JNJ,buy,np.float64(0.3216300475658942),np.float64(156.75),np.float64(50.415509955953915),np.float64(0.02520775497797696),np.float64(0.9990038432513901),
2023-06-05,KO,buy,np.float64(1.862873390287016),np.float64(61.0),np.float64(113.63527680750798),np.float64(0.05681763840375399),np.float64(0.9990038432513901),
2023-06-05,PEP,buy,np.float64(1.2387114148188985),np.float64(183.85),np.float64(227.7370936144545),np.float64(0.11386854680722724),np.float64(0.9990038432513901),
2023-06-05,XOM,buy,np.float64(205.35957519816785),np.float64(107.19),np.float64(22012.49286549161),np.float64(11.006246432745806),np.float64(0.9990038432513901),
2023-06-12,JNJ,sell,np.float64(140.5702861396139),np.float64(160.0),np.float64(22491.245782338225),np.float64(11.245622891169113),,
2023-06-12,WMT,sell,np.float64(147.51585073450877),np.float64(153.43),np.float64(22633.356978195683),np.float64(11.316678489097841),,
2023-06-12,XOM,sell,np.float64(205.35957519816785),np.float64(105.81),np.float64(21729.09665171814),np.float64(10.86454832585907),,
2023-06-12,GOOGL,buy,np.float64(179.99038046903064),np.float64(122.785),np.float64(22100.118865889926),np.float64(11.050059432944963),np.float64(0.9990004997501251),
2023-06-12,KO,buy,np.float64(3.8911443413015),np.float64(60.59),np.float64(235.7644356394579),np.float64(0.11788221781972895),np.float64(0.9990004997501251),
2023-06-12,MSFT,buy,np.float64(67.25947673592405),np.float64(328.58),np.float64(22100.118865889926),np.float64(11.050059432944963),np.float64(0.9990004997501251),
2023-06-12,MU,buy,np.float64(335.66401679662704),np.float64(65.84),np.float64(22100.118865889926),np.float64(11.050059432944963),np.float64(0.9990004997501251),
2023-06-12,PEP,buy,np.float64(1.3740922224515808),np.float64(182.49),np.float64(250.758089675189),np.float64(0.12537904483759452),np.float64(0.9990004997501251),
2023-06-20,GOOGL,sell,np.float64(179.99038046903064),np.float64(122.93),np.float64(22126.21747105794),np.float64(11.063108735528969),,
2023-06-20,KO,sell,np.float64(365.10965766572394),np.float64(61.59),np.float64(22487.103815631937),np.float64(11.243551907815968),,
2023-06-20,MSFT,sell,np.float64(67.25947673592405),np.float64(339.31),np.float64(22821.813051266392),np.float64(11.410906525633196),,
2023-06-20,MU,sell,np.float64(335.66401679662704),np.float64(67.315),np.float64(22595.223290664948),np.float64(11.297611645332474),,
2023-06-20,PEP,sell,np.float64(0.2717064580455402),np.float64(186.54),np.float64(50.68412268381507),np.float64(0.025342061341907536),,
2023-06-20,COST,buy,np.float64(43.18367287902922),np.float64(521.95),np.float64(22539.718059209303),np.float64(11.269859029604651),np.float64(0.9990014297688723),
2023-06-20,CRM,buy,np.float64(108.02644648554661),np.float64(208.65),np.float64(22539.718059209303),np.float64(11.269859029604651),np.float64(0.9990014297688723),
2023-06-20,WMT,buy,np.float64(145.6995349658003),np.float64(154.7),np.float64(22539.718059209303),np.float64(11.269859029604651),np.float64(0.9990014297688723),
2023-06-20,XOM,buy,np.float64(215.32019544525508),np.float64(104.68),np.float64(22539.718059209303),np.float64(11.269859029604651),np.float64(0.9990014297688723),
2023-06-26,COST,sell,np.float64(43.18367287902922),np.float64(524.4),np.float64(22645.51805776292),np.float64(11.32275902888146),,
2023-06-26,CRM,sell,np.float64(108.02644648554661),np.float64(209.02),np.float64(22579.687844408956),np.float64(11.289843922204478),,
2023-06-26,PEP,sell,np.float64(120.95126004319616),np.float64(186.16),np.float64(22516.286569641397),np.float64(11.258143284820699),,
2023-06-26,WMT,sell,np.float64(145.6995349658003),np.float64(155.65),np.float64(22678.132617426818),np.float64(11.33906630871341),,
2023-06-26,XOM,sell,np.float64(215.32019544525508),np.float64(102.2),np.float64(22005.72397450507),np.float64(11.002861987252535),,
2023-06-26,AMD,buy,np.float64(202.45692636189935),np.float64(110.95),np.float64(22462.595979852733),np.float64(11.231297989926366),np.float64(0.9990004997501251),
2023-06-26,AVGO,buy,np.float64(27.22738906648816),np.float64(825.0),np.float64(22462.595979852733),np.float64(11.231297989926366),np.float64(0.9990004997501251),
2023-06-26,INTC,buy,np.float64(676.788068088362),np.float64(33.19),np.float64(22462.595979852733),np.float64(11.231297989926366),np.float64(0.9990004997501251),
2023-06-26,ORCL,buy,np.float64(190.37711653405148),np.float64(117.99),np.float64(22462.595979852733),np.float64(11.231297989926366),np.float64(0.9990004997501251),
2023-06-26,QCOM,buy,np.float64(196.07712971240164),np.float64(114.56),np.float64(22462.595979852733),np.float64(11.231297989926366),np.float64(0.9990004997501251),
2023-07-03,AMD,sell,np.float64(202.45692636189935),np.float64(115.16),np.float64(23314.939639836328),np.float64(11.657469819918164),,
2023-07-03,AVGO,sell,np.float64(27.22738906648816),np.float64(868.62),np.float64(23650.254690932947),np.float64(11.825127345466473),,
2023-07-03,INTC,sell,np.float64(676.788068088362),np.float64(33.54),np.float64(22699.47180368366),np.float64(11.34973590184183),,
2023-07-03,ORCL,sell,np.float64(190.37711653405148),np.float64(118.01),np.float64(22466.403522183416),np.float64(11.233201761091708),,
2023-07-03,QCOM,sell,np.float64(196.07712971240164),np.float64(119.27),np.float64(23386.119260798143),np.float64(11.693059630399071),,
2023-07-03,GOOGL,buy,np.float64(193.56210912151406),np.float64(119.24),np.float64(23080.345891649336),np.float64(11.540172945824668),np.float64(0.9990004997501253),
2023-07-03,JNJ,buy,np.float64(140.4426548110584),np.float64(164.34),np.float64(23080.345891649336),np.float64(11.540172945824668),np.float64(0.9990004997501253),
2023-07-03,KO,buy,np.float64(383.9684892971109),np.float64(60.11),np.float64(23080.345891649336),np.float64(11.540172945824668),np.float64(0.9990004997501253),
2023-07-03,MU,buy,np.float64(363.81377508905007),np.float64(63.44),np.float64(23080.345891649336),np.float64(11.540172945824668),np.float64(0.9990004997501253),
2023-07-03,PEP,buy,np.float64(125.23247906483633),np.float64(184.3),np.float64(23080.345891649336),np.float64(11.540172945824668),np.float64(0.9990004997501253),
2023-07-10,GOOGL,sell,np.float64(193.56210912151406),np.float64(118.3),np.float64(22898.397509075112),np.float64(11.449198754537557),,
2023-07-10,KO,sell,np.float64(383.9684892971109),np.float64(59.97),np.float64(23026.590303147743),np.float64(11.513295151573871),,
2023-07-10,PEP,sell,np.float64(125.23247906483633),np.float64(184.07),np.float64(23051.542421464423),np.float64(11.525771210732211),,
2023-07-10,AMAT,buy,np.float64(162.2902663708675),np.float64(139.78),np.float64(22684.93343331986),np.float64(11.34246671665993),np.float64(0.9990008026961085),
2023-07-10,JNJ,buy,np.float64(1.9854091216422913),np.float64(159.43),np.float64(316.5337762634305),np.float64(0.15826688813171527),np.float64(0.9990008026961085),
2023-07-10,MU,buy,np.float64(9.503851599798963),np.float64(60.825),np.float64(578.071773557772),np.float64(0.289035886778886),np.float64(0.9990008026961085),
2023-07-10,ORCL,buy,np.float64(198.5030926961836),np.float64(114.28),np.float64(22684.93343331986),np.float64(11.34246671665993),np.float64(0.9990008026961085),
2023-07-10,XOM,buy,np.float64(220.306239033892),np.float64(102.97),np.float64(22684.93343331986),np.float64(11.34246671665993),np.float64(0.9990008026961085),
2023-07-17,AMAT,sell,np.float64(162.2902663708675),np.float64(142.98),np.float64(23204.262285706634),np.float64(11.602131142853317),,
2023-07-17,MU,sell,np.float64(373.31762668884903),np.float64(63.8),np.float64(23817.664582748566),np.float64(11.908832291374283),,
2023-07-17,ORCL,sell,np.float64(198.5030926961836),np.float64(118.85),np.float64(23592.092566941417),np.float64(11.796046283470709),,
2023-07-17,AAPL,buy,np.float64(120.39607652836602),np.float64(191.9),np.float64(23104.00708579344),np.float64(11.55200354289672),np.float64(0.9990010610580623),
2023-07-17,CSCO,buy,np.float64(460.2391849759649),np.float64(50.2),np.float64(23104.00708579344),np.float64(11.55200354289672),np.float64(0.9990010610580623),
2023-07-17,JNJ,buy,np.float64(2.3402354530678147),np.float64(159.75),np.float64(373.8526136275834),np.float64(0.18692630681379171),np.float64(0.9990010610580623),
2023-07-17,WMT,buy,np.float64(149.63735159192643),np.float64(154.4),np.float64(23104.00708579344),np.float64(11.55200354289672),np.float64(0.9990010610580623),
2023-07-17,XOM,buy,np.float64(9.302307293672268),np.float64(100.72),np.float64(936.9283906186707),np.float64(0.46846419530933536),np.float64(0.9990010610580623),
2023-07-24,AAPL,sell,np.float64(120.39607652836602),np.float64(193.41),np.float64(23285.805161351273),np.float64(11.642902580675637),,
2023-07-24,CSCO,sell,np.float64(460.2391849759649),np.float64(52.69),np.float64(24250.00265638359),np.float64(12.125001328191795),,
2023-07-24,JNJ,sell,np.float64(144.76829938576847),np.float64(171.5),np.float64(24827.76334465929),np.float64(12.413881672329646),,
2023-07-24,WMT,sell,np.float64(149.63735159192643),np.float64(158.45),np.float64(23710.03835974074),np.float64(11.855019179870371),,
2023-07-24,XOM,sell,np.float64(229.60854632756428),np.float64(104.36),np.float64(23961.947894744608),np.float64(11.980973947372304),,
2023-07-24,AMAT,buy,np.float64(174.2959038477434),np.float64(137.6),np.float64(23983.11636944949),np.float64(11.991558184724745),np.float64(0.9990004997501248),
2023-07-24,AMZN,buy,np.float64(184.05369225624105),np.float64(130.305),np.float64(23983.11636944949),np.float64(11.991558184724745),np.float64(0.9990004997501248),
2023-07-24,GOOGL,buy,np.float64(197.13230617663564),np.float64(121.66),np.float64(23983.11636944949),np.float64(11.991558184724745),np.float64(0.9990004997501248),
2023-07-24,META,buy,np.float64(81.08430715210457),np.float64(295.78),np.float64(23983.11636944949),np.float64(11.991558184724745),np.float64(0.9990004997501248),
2023-07-24,TSLA,buy,np.float64(93.73897349794602),np.float64(255.85),np.float64(23983.11636944949),np.float64(11.991558184724745),np.float64(0.9990004997501248),
2023-07-31,AMAT,sell,np.float64(174.2959038477434),np.float64(151.93),np.float64(26480.776671587657),np.float64(13.24038833579383),,
2023-07-31,AMZN,sell,np.float64(184.05369225624105),np.float64(133.2),np.float64(24515.951808531307),np.float64(12.257975904265654),,
2023-07-31,GOOGL,sell,np.float64(197.13230617663564),np.float64(132.73),np.float64(26165.370998824845),np.float64(13.082685499412422),,
2023-07-31,META,sell,np.float64(81.08430715210457),np.float64(323.69),np.float64(26246.17938206473),np.float64(13.123089691032364),,
2023-07-31,TSLA,sell,np.float64(93.73897349794602),np.float64(267.48),np.float64(25073.300631230602),np.float64(12.5366503156153),,
2023-07-31,CSCO,buy,np.float64(495.1896686783654),np.float64(51.84),np.float64(25670.632424286465),np.float64(12.835316212143233),np.float64(0.9990004997501251),
2023-07-31,KO,buy,np.float64(411.0589659613525),np.float64(62.45),np.float64(25670.632424286465),np.float64(12.835316212143233),np.float64(0.9990004997501251),
2023-07-31,MSFT,buy,np.float64(76.19207059327574),np.float64(336.92),np.float64(25670.632424286465),np.float64(12.835316212143233),np.float64(0.9990004997501251),
2023-07-31,PEP,buy,np.float64(135.50083095427007),np.float64(189.45),np.float64(25670.632424286465),np.float64(12.835316212143233),np.float64(0.9990004997501251),
2023-07-31,WMT,buy,np.float64(160.48157304505165),np.float64(159.96),np.float64(25670.632424286465),np.float64(12.835316212143233),np.float64(0.9990004997501251),
2023-08-07,CSCO,sell,np.float64(495.1896686783654),np.float64(52.97),np.float64(26230.196749893017),np.float64(13.115098374946509),,
2023-08-07,KO,sell,np.float64(411.0589659613525),np.float64(60.79),np.float64(24988.27454079062),np.float64(12.49413727039531),,
2023-08-07,MSFT,sell,np.float64(76.19207059327574),np.float64(328.37),np.float64(25019.190220713957),np.float64(12.50959511035698),,
2023-08-07,WMT,sell,np.float64(160.48157304505165),np.float64(159.5),np.float64(25596.810900685738),np.float64(12.79840545034287),,
2023-08-07,AAPL,buy,np.float64(139.2556852174087),np.float64(182.13),np.float64(25362.63794864665),np.float64(12.681318974323325),np.float64(0.999000499750125),
2023-08-07,CRM,buy,np.float64(117.79591263130672),np.float64(215.31),np.float64(25362.63794864665),np.float64(12.681318974323325),np.float64(0.999000499750125),
2023-08-07,META,buy,np.float64(80.9712924963977),np.float64(313.23),np.float64(25362.63794864665),np.float64(12.681318974323325),np.float64(0.999000499750125),
2023-08-07,PEP,buy,np.float64(1.5227603458278218),np.float64(185.28),np.float64(282.13703687497883),np.float64(0.1410685184374894),np.float64(0.999000499750125),
2023-08-07,QCOM,buy,np.float64(207.53324563167214),np.float64(122.21),np.float64(25362.63794864665),np.float64(12.681318974323325),np.float64(0.999000499750125),
2023-08-14,AAPL,sell,np.float64(139.2556852174087),np.float64(177.97),np.float64(24783.33429814223),np.float64(12.391667149071115),,
2023-08-14,CRM,sell,np.float64(117.79591263130672),np.float64(207.9),np.float64(24489.77023604867),np.float64(12.244885118024335),,
2023-08-14,META,sell,np.float64(80.9712924963977),np.float64(300.98),np.float64(24370.73961556578),np.float64(12.185369807782891),,
2023-08-14,PEP,sell,np.float64(137.0235913000979),np.float64(184.39),np.float64(25265.779999825052),np.float64(12.632889999912527),,
2023-08-14,AMD,buy,np.float64(229.422831934029),np.float64(106.75),np.float64(24490.887308957597),np.float64(12.245443654478798),np.float64(0.9990006685576543),
2023-08-14,AVGO,buy,np.float64(29.466975453849095),np.float64(831.13),np.float64(24490.887308957597),np.float64(12.245443654478798),np.float64(0.9990006685576543),
2023-08-14,MU,buy,np.float64(380.47051901441034),np.float64(64.37),np.float64(24490.887308957597),np.float64(12.245443654478798),np.float64(0.9990006685576543),
2023-08-14,NVDA,buy,np.float64(60.4922375857274),np.float64(404.86),np.float64(24490.887308957597),np.float64(12.245443654478798),np.float64(0.9990006685576543),
2023-08-14,QCOM,buy,np.float64(7.732871283982384),np.float64(113.88),np.float64(880.6193818199138),np.float64(0.4403096909099569),np.float64(0.9990006685576543),
2023-08-21,AMD,sell,np.float64(229.422831934029),np.float64(106.2),np.float64(24364.70475139388),np.float64(12.182352375696942),,
2023-08-21,AVGO,sell,np.float64(29.466975453849095),np.float64(834.06),np.float64(24577.225547037375),np.float64(12.288612773518688),,
2023-08-21,MU,sell,np.float64(380.47051901441034),np.float64(63.68),np.float64(24228.36265083765),np.float64(12.114181325418826),,
2023-08-21,NVDA,sell,np.float64(60.4922375857274),np.float64(444.94),np.float64(26915.41619139355),np.float64(13.457708095696775),,
2023-08-21,QCOM,sell,np.float64(215.26611691565452),np.float64(109.84),np.float64(23644.830282015493),np.float64(11.822415141007747),,
2023-08-21,INTC,buy,np.float64(758.3243602307226),np.float64(32.6),np.float64(24721.37414352156),np.float64(12.36068707176078),np.float64(0.9990004997501248),
2023-08-21,JPM,buy,np.float64(165.19461505861383),np.float64(149.65),np.float64(24721.37414352156),np.float64(12.36068707176078),np.float64(0.9990004997501248),
2023-08-21,META,buy,np.float64(87.21599627278731),np.float64(283.45),np.float64(24721.37414352156),np.float64(12.36068707176078),np.float64(0.9990004997501248),
2023-08-21,PEP,buy,np.float64(139.09511136848906),np.float64(177.73),np.float64(24721.37414352156),np.float64(12.36068707176078),np.float64(0.9990004997501248),
2023-08-21,TSLA,buy,np.float64(111.58312003510503),np.float64(221.5512),np.float64(24721.37414352156),np.float64(12.36068707176078),np.float64(0.9990004997501248),
2023-08-28,INTC,sell,np.float64(758.3243602307226),np.float64(33.5),np.float64(25403.866067729206),np.float64(12.701933033864604),,
2023-08-28,META,sell,np.float64(87.21599627278731),np.float64(288.0),np.float64(25118.206926562743),np.float64(12.559103463281373),,
2023-08-28,PEP,sell,np.float64(139.09511136848906),np.float64(180.82),np.float64(25151.178037650192),np.float64(12.575589018825097),,
2023-08-28,TSLA,sell,np.float64(111.58312003510503),np.float64(242.58),np.float64(27067.833258115777),np.float64(13.53391662905789),,
2023-08-28,COST,buy,np.float64(47.38499936876354),np.float64(536.0),np.float64(25398.359661657258),np.float64(12.69917983082863),np.float64(0.9990004997501251),
2023-08-28,JNJ,buy,np.float64(153.92945249489247),np.float64(165.0),np.float64(25398.359661657258),np.float64(12.69917983082863),np.float64(0.9990004997501251),
2023-08-28,JPM,buy,np.float64(7.081086291309453),np.float64(147.57),np.float64(1044.955904008536),np.float64(0.522477952004268),np.float64(0.9990004997501251),
2023-08-28,KO,buy,np.float64(419.460935782944),np.float64(60.55),np.float64(25398.359661657258),np.float64(12.69917983082863),np.float64(0.9990004997501251),
2023-08-28,XOM,buy,np.float64(234.1941877515653),np.float64(108.45),np.float64(25398.359661657258),np.float64(12.69917983082863),np.float64(0.9990004997501251),
2023-09-05,COST,sell,np.float64(0.65821576649025),np.float64(545.73),np.float64(359.20809024672417),np.float64(0.1796040451233621),,
2023-09-05,XOM,sell,np.float64(234.1941877515653),np.float64(114.1),np.float64(26721.5568224536),np.float64(13.3607784112268),,
2023-09-05,JNJ,buy,np.float64(4.886085079827572),np.float64(160.56),np.float64(784.509820417115),np.float64(0.39225491020855746),np.float64(0.9990004997501246),
2023-09-05,JPM,buy,np.float64(1.005486295392583),np.float64(147.16),np.float64(147.9673632299725),np.float64(0.07398368161498625),np.float64(0.9990004997501246),
2023-09-05,KO,buy,np.float64(10.911398250985993),np.float64(59.25),np.float64(646.50034637092),np.float64(0.32325017318546),np.float64(0.9990004997501246),
2023-09-05,PEP,buy,np.float64(145.3497284191668),np.float64(175.265),np.float64(25474.720151385267),np.float64(12.737360075692633),np.float64(0.9990004997501246),
2023-09-11,COST,sell,np.float64(46.72678360227329),np.float64(552.81),np.float64(25831.033243172693),np.float64(12.915516621586347),,
2023-09-11,JNJ,sell,np.float64(158.81553757472005),np.float64(161.06),np.float64(25578.83048178441),np.float64(12.789415240892206),,
2023-09-11,JPM,sell,np.float64(173.28118764531587),np.float64(144.75),np.float64(25082.45191165947),np.float64(12.541225955829736),,
2023-09-11,PEP,sell,np.float64(145.3497284191668),np.float64(176.83),np.float64(25702.19247636127),np.float64(12.851096238180634),,
2023-09-11,AAPL,buy,np.float64(141.27948886593975),np.float64(180.07),np.float64(25440.19756008977),np.float64(12.720098780044886),np.float64(0.999000499750125),
2023-09-11,AVGO,buy,np.float64(29.283006503550734),np.float64(868.77),np.float64(25440.19756008977),np.float64(12.720098780044886),np.float64(0.999000499750125),
2023-09-11,KO,buy,np.float64(5.677644455890171),np.float64(58.4),np.float64(331.57443622398597),np.float64(0.16578721811199298),np.float64(0.999000499750125),
2023-09-11,NVDA,buy,np.float64(55.12741085223578),np.float64(461.48),np.float64(25440.19756008977),np.float64(12.720098780044886),np.float64(0.999000499750125),
2023-09-11,QCOM,buy,np.float64(228.63483023357395),np.float64(111.27),np.float64(25440.19756008977),np.float64(12.720098780044886),np.float64(0.999000499750125),
2023-09-18,AAPL,sell,np.float64(141.27948886593975),np.float64(176.48),np.float64(24933.004195061047),np.float64(12.466502097530524),,
2023-09-18,AVGO,sell,np.float64(29.283006503550734),np.float64(842.58),np.float64(24673.27561976178),np.float64(12.336637809880889),,
2023-09-18,KO,sell,np.float64(436.04997848982015),np.float64(57.98),np.float64(25282.177752839772),np.float64(12.641088876419886),,
2023-09-18,NVDA,sell,np.float64(55.12741085223578),np.float64(427.48),np.float64(23565.865591113754),np.float64(11.782932795556878),,
2023-09-18,QCOM,sell,np.float64(228.63483023357395),np.float64(112.89),np.float64(25810.585985068163),np.float64(12.905292992534081),,
2023-09-18,ADBE,buy,np.float64(47.43764724828244),np.float64(524.23),np.float64(24868.237816967103),np.float64(12.434118908483551),np.float64(0.9990013051249533),
2023-09-18,AMAT,buy,np.float64(180.3614579124391),np.float64(137.88),np.float64(24868.237816967103),np.float64(12.434118908483551),np.float64(0.9990013051249533),
2023-09-18,CRM,buy,np.float64(115.90342010144995),np.float64(214.56),np.float64(24868.237816967103),np.float64(12.434118908483551),np.float64(0.9990013051249533),
2023-09-18,NFLX,buy,np.float64(62.87797172431632),np.float64(395.5),np.float64(24868.237816967103),np.float64(12.434118908483551),np.float64(0.9990013051249533),
2023-09-18,ORCL,buy,np.float64(219.25795994504588),np.float64(113.42),np.float64(24868.237816967103),np.float64(12.434118908483551),np.float64(0.9990013051249533),
2023-09-25,ADBE,sell,np.float64(47.43764724828244),np.float64(511.45),np.float64(24261.98468513405),np.float64(12.130992342567026),,
2023-09-25,AMAT,sell,np.float64(180.3614579124391),np.float64(135.89),np.float64(24509.31851572135),np.float64(12.254659257860675),,
2023-09-25,CRM,sell,np.float64(115.90342010144995),np.float64(205.0),np.float64(23760.20112079724),np.float64(11.88010056039862),,
2023-09-25,NFLX,sell,np.float64(62.87797172431632),np.float64(382.9),np.float64(24075.975373240715),np.float64(12.037987686620358),,
2023-09-25,ORCL,sell,np.float64(219.25795994504588),np.float64(108.45),np.float64(23778.525756040228),np.float64(11.889262878020114),,
2023-09-25,AMZN,buy,np.float64(185.93951701979577),np.float64(129.36),np.float64(24053.135921680783),np.float64(12.026567960840392),np.float64(0.9990004997501248),
2023-09-25,CSCO,buy,np.float64(449.92772019604905),np.float64(53.46),np.float64(24053.135921680783),np.float64(12.026567960840392),np.float64(0.9990004997501248),
2023-09-25,GOOGL,buy,np.float64(185.26639391266102),np.float64(129.83),np.float64(24053.135921680783),np.float64(12.026567960840392),np.float64(0.9990004997501248),
2023-09-25,INTC,buy,np.float64(707.4451741670819),np.float64(34.0),np.float64(24053.135921680783),np.float64(12.026567960840392),np.float64(0.9990004997501248),
2023-09-25,TSLA,buy,np.float64(98.82955017536685),np.float64(243.38),np.float64(24053.135921680783),np.float64(12.026567960840392),np.float64(0.9990004997501248),
2023-10-02,AMZN,sell,np.float64(185.93951701979577),np.float64(127.28),np.float64(23666.381726279607),np.float64(11.833190863139803),,
2023-10-02,CSCO,sell,np.float64(449.92772019604905),np.float64(53.84),np.float64(24224.108455355283),np.float64(12.11205422767764),,
2023-10-02,GOOGL,sell,np.float64(185.26639391266102),np.float64(131.21),np.float64(24308.803545280254),np.float64(12.154401772640128),,
2023-10-02,INTC,sell,np.float64(707.4451741670819),np.float64(35.61),np.float64(25192.122652089784),np.float64(12.596061326044891),,
2023-10-02,TSLA,sell,np.float64(98.82955017536685),np.float64(244.81),np.float64(24194.462178431557),np.float64(12.097231089215779),,
2023-10-02,AAPL,buy,np.float64(141.88103427337583),np.float64(171.22),np.float64(24292.87068828741),np.float64(12.146435344143706),np.float64(0.9990004997501251),
2023-10-02,JNJ,buy,np.float64(156.3046627736933),np.float64(155.42),np.float64(24292.87068828741),np.float64(12.146435344143706),np.float64(0.9990004997501251),
2023-10-02,KO,buy,np.float64(434.4995651634307),np.float64(55.91),np.float64(24292.87068828741),np.float64(12.146435344143706),np.float64(0.9990004997501251),
2023-10-02,PEP,buy,np.float64(143.6767842931595),np.float64(169.08),np.float64(24292.87068828741),np.float64(12.146435344143706),np.float64(0.9990004997501251),
2023-10-02,WMT,buy,np.float64(152.3159488888796),np.float64(159.49),np.float64(24292.87068828741),np.float64(12.146435344143706),np.float64(0.9990004997501251),
2023-10-09,AAPL,sell,np.float64(141.88103427337583),np.float64(176.81),np.float64(25085.98566987558),np.float64(12.54299283493779),,
2023-10-09,JNJ,sell,np.float64(156.3046627736933),np.float64(157.18),np.float64(24567.966894769117),np.float64(12.283983447384559),,
2023-10-09,COST,buy,np.float64(42.938838735624905),np.float64(555.0),np.float64(23831.055498271824),np.float64(11.915527749135912),np.float64(0.9990004997501248),
2023-10-09,KO,buy,np.float64(15.916883013387608),np.float64(52.96),np.float64(842.9581243890077),np.float64(0.4214790621945039),np.float64(0.9990004997501248),
2023-10-09,PEP,buy,np.float64(5.410917552841687),np.float64(160.0),np.float64(865.7468084546699),np.float64(0.43287340422733495),np.float64(0.9990004997501248),
2023-10-09,WMT,buy,np.float64(1.5057228350640128),np.float64(155.08),np.float64(233.50749726172714),np.float64(0.11675374863086357),np.float64(0.9990004997501248),
2023-10-09,XOM,buy,np.float64(215.78282776414184),np.float64(110.44),np.float64(23831.055498271824),np.float64(11.915527749135912),np.float64(0.9990004997501248),
2023-10-16,COST,sell,np.float64(42.938838735624905),np.float64(569.69),np.float64(24461.827039298154),np.float64(12.230913519649077),,
2023-10-16,KO,sell,np.float64(450.41644817681834),np.float64(53.02),np.float64(23881.08008233491),np.float64(11.940540041167456),,
2023-10-16,PEP,sell,np.float64(149.08770184600118),np.float64(161.0),np.float64(24003.11999720619),np.float64(12.001559998603096),,
2023-10-16,WMT,sell,np.float64(153.8216717239436),np.float64(160.54),np.float64(24694.531178561905),np.float64(12.347265589280953),,
2023-10-16,XOM,sell,np.float64(215.78282776414184),np.float64(110.5),np.float64(23844.002467937673),np.float64(11.922001233968837),,
2023-10-16,AMD,buy,np.float64(229.10972607977206),np.float64(105.42),np.float64(24152.74732332957),np.float64(12.076373661664785),np.float64(0.9990004997501251),
2023-10-16,CRM,buy,np.float64(117.33748213821207),np.float64(205.84),np.float64(24152.74732332957),np.float64(12.076373661664785),np.float64(0.9990004997501251),
2023-10-16,NFLX,buy,np.float64(67.80479863936884),np.float64(356.21),np.float64(24152.74732332957),np.float64(12.076373661664785),np.float64(0.9990004997501251),
2023-10-16,QCOM,buy,np.float64(221.4020288140945),np.float64(109.09),np.float64(24152.74732332957),np.float64(12.076373661664785),np.float64(0.9990004997501251),
2023-10-16,TSLA,buy,np.float64(96.59167095912646),np.float64(250.05),np.float64(24152.74732332957),np.float64(12.076373661664785),np.float64(0.9990004997501251),
2023-10-23,AMD,sell,np.float64(229.10972607977206),np.float64(100.812),np.float64(23097.00970555398),np.float64(11.548504852776992),,
2023-10-23,CRM,sell,np.float64(117.33748213821207),np.float64(199.9),np.float64(23455.762679428593),np.float64(11.727881339714298),,
2023-10-23,NFLX,sell,np.float64(67.80479863936884),np.float64(403.32),np.float64(27347.03138723024),np.float64(13.67351569361512),,
2023-10-23,QCOM,sell,np.float64(221.4020288140945),np.float64(107.94),np.float64(23898.13499019336),np.float64(11.949067495096681),,
2023-10-23,AMAT,buy,np.float64(177.12337310172367),np.float64(133.2),np.float64(23592.83329714959),np.float64(11.796416648574796),np.float64(0.9990004997501251),
2023-10-23,JPM,buy,np.float64(165.05410170106052),np.float64(142.94),np.float64(23592.83329714959),np.float64(11.796416648574796),np.float64(0.9990004997501251),
2023-10-23,NVDA,buy,np.float64(57.22387954388802),np.float64(412.29),np.float64(23592.83329714959),np.float64(11.796416648574796),np.float64(0.9990004997501251),
2023-10-23,ORCL,buy,np.float64(231.21161600499403),np.float64(102.04),np.float64(23592.83329714959),np.float64(11.796416648574796),np.float64(0.9990004997501251),
2023-10-23,TSLA,buy,np.float64(15.851697664654886),np.float64(210.0),np.float64(3328.856509577526),np.float64(1.664428254788763),np.float64(0.9990004997501251),
2023-10-30,AMAT,sell,np.float64(177.12337310172367),np.float64(131.96),np.float64(23373.200314503458),np.float64(11.686600157251728),,
2023-10-30,NVDA,sell,np.float64(57.22387954388802),np.float64(410.87),np.float64(23511.57538819727),np.float64(11.755787694098636),,
2023-10-30,ORCL,sell,np.float64(231.21161600499403),np.float64(101.14),np.float64(23384.742842745098),np.float64(11.692371421372549),,
2023-10-30,TSLA,sell,np.float64(112.44336862378134),np.float64(209.28),np.float64(23532.14818558496),np.float64(11.766074092792481),,
2023-10-30,ADBE,buy,np.float64(45.031247156813336),np.float64(516.11),np.float64(23241.07697010293),np.float64(11.620538485051465),np.float64(0.9990004997501248),
2023-10-30,GOOGL,buy,np.float64(188.62979441687307),np.float64(123.21),np.float64(23241.07697010293),np.float64(11.620538485051465),np.float64(0.9990004997501248),
2023-10-30,JNJ,buy,np.float64(159.08739112946083),np.float64(146.09),np.float64(23241.07697010293),np.float64(11.620538485051465),np.float64(0.9990004997501248),
2023-10-30,JPM,buy,np.float64(5.450044424528689),np.float64(136.44),np.float64(743.6040612826943),np.float64(0.37180203064134715),np.float64(0.9990004997501248),
2023-10-30,XOM,buy,np.float64(219.79456185079377),np.float64(105.74),np.float64(23241.07697010293),np.float64(11.620538485051465),np.float64(0.9990004997501248),
2023-11-06,ADBE,sell,np.float64(45.031247156813336),np.float64(566.0),np.float64(25487.685890756347),np.float64(12.743842945378175),,
2023-11-06,GOOGL,sell,np.float64(188.62979441687307),np.float64(129.05),np.float64(24342.67496949747),np.float64(12.171337484748737),,
2023-11-06,JPM,sell,np.float64(170.50414612558922),np.float64(143.17),np.float64(24411.078600800607),np.float64(12.205539300400304),,
2023-11-06,XOM,sell,np.float64(219.79456185079377),np.float64(108.17),np.float64(23775.177755400364),np.float64(11.887588877700182),,
2023-11-06,COST,buy,np.float64(43.54789544561634),np.float64(560.49),np.float64(24408.159918313504),np.float64(12.204079959156752),np.float64(0.9990004997501247),
2023-11-06,CSCO,buy,np.float64(460.7921449558902),np.float64(52.97),np.float64(24408.159918313504),np.float64(12.204079959156752),np.float64(0.9990004997501247),
2023-11-06,JNJ,buy,np.float64(1.88437152326402),np.float64(151.78),np.float64(286.00990980101295),np.float64(0.1430049549005065),np.float64(0.9990004997501247),
2023-11-06,KO,buy,np.float64(429.87248887484157),np.float64(56.78),np.float64(24408.159918313504),np.float64(12.204079959156752),np.float64(0.9990004997501247),
2023-11-06,WMT,buy,np.float64(148.3778718438511),np.float64(164.5),np.float64(24408.159918313504),np.float64(12.204079959156752),np.float64(0.9990004997501247),
2023-11-13,COST,sell,np.float64(43.54789544561634),np.float64(575.0),np.float64(25040.039881229397),np.float64(12.520019940614699),,
2023-11-13,WMT,sell,np.float64(1.7833360383435284),np.float64(166.38),np.float64(296.71145005959625),np.float64(0.14835572502979813),,
2023-11-13,CSCO,buy,np.float64(3.959969071965835),np.float64(52.48),np.float64(207.819176896767),np.float64(0.10390958844838351),np.float64(0.9990004997501242),
2023-11-13,JNJ,buy,np.float64(4.66295316381376),np.float64(147.25),np.float64(686.6198533715761),np.float64(0.3433099266857881),np.float64(0.9990004997501242),
2023-11-13,KO,buy,np.float64(0.9001687420720393),np.float64(56.62),np.float64(50.96755417611887),np.float64(0.025483777088059434),np.float64(0.9990004997501242),
2023-11-13,XOM,buy,np.float64(234.17607551713496),np.float64(104.05),np.float64(24366.020657557892),np.float64(12.183010328778947),np.float64(0.9990004997501242),
2023-11-20,JNJ,sell,np.float64(165.6347158165386),np.float64(147.91),np.float64(24499.030816424223),np.float64(12.249515408212112),,
2023-11-20,KO,sell,np.float64(430.7726576169136),np.float64(57.05),np.float64(24575.58011704492),np.float64(12.28779005852246),,
2023-11-20,XOM,sell,np.float64(234.17607551713496),np.float64(105.38),np.float64(24677.47483799568),np.float64(12.338737418997841),,
2023-11-20,AMAT,buy,np.float64(159.80373797620632),np.float64(148.88),np.float64(23791.580509897594),np.float64(11.895790254948798),np.float64(0.9990033267254914),
2023-11-20,COST,buy,np.float64(41.20895920930057),np.float64(577.34),np.float64(23791.580509897594),np.float64(11.895790254948798),np.float64(0.9990033267254914),
2023-11-20,CSCO,buy,np.float64(35.954584622188406),np.float64(47.56),np.float64(1710.0000446312808),np.float64(0.8550000223156404),np.float64(0.9990033267254914),
2023-11-20,PEP,buy,np.float64(143.32277415600961),np.float64(166.0),np.float64(23791.580509897594),np.float64(11.895790254948798),np.float64(0.9990033267254914),
2023-11-20,WMT,buy,np.float64(6.512741874085669),np.float64(155.54),np.float64(1012.9918710952849),np.float64(0.5064959355476425),np.float64(0.9990033267254914),
2023-11-27,COST,sell,np.float64(41.20895920930057),np.float64(592.52),np.float64(24417.132510694773),np.float64(12.208566255347387),,
2023-11-27,CSCO,sell,np.float64(500.7066986500444),np.float64(48.33),np.float64(24199.154745756645),np.float64(12.099577372878322),,
2023-11-27,PEP,sell,np.float64(143.32277415600961),np.float64(169.7),np.float64(24321.87477427483),np.float64(12.160937387137416),,
2023-11-27,AAPL,buy,np.float64(127.03915711834381),np.float64(189.92),np.float64(24127.276719915855),np.float64(12.063638359957928),np.float64(0.9990008498811779),
2023-11-27,AMAT,buy,np.float64(1.7423963015330552),np.float64(149.5),np.float64(260.48824707919175),np.float64(0.13024412353959589),np.float64(0.9990008498811779),
2023-11-27,NVDA,buy,np.float64(50.47547430944739),np.float64(478.0),np.float64(24127.276719915855),np.float64(12.063638359957928),np.float64(0.9990008498811779),
2023-11-27,QCOM,buy,np.float64(189.5755222748162),np.float64(127.27),np.float64(24127.276719915855),np.float64(12.063638359957928),np.float64(0.9990008498811779),
2023-11-27,WMT,buy,np.float64(1.757316787794732),np.float64(155.95),np.float64(274.05355305658844),np.float64(0.13702677652829423),np.float64(0.9990008498811779),
2023-12-04,AAPL,sell,np.float64(127.03915711834381),np.float64(189.98),np.float64(24134.899069342955),np.float64(12.067449534671479),,
2023-12-04,AMAT,sell,np.float64(161.54613427773938),np.float64(150.04),np.float64(24238.381987032015),np.float64(12.119190993516007),,
2023-12-04,NVDA,sell,np.float64(50.47547430944739),np.float64(460.77),np.float64(23257.584297564073),np.float64(11.628792148782036),,
2023-12-04,QCOM,sell,np.float64(189.5755222748162),np.float64(129.33),np.float64(24517.80229580198),np.float64(12.258901147900989),,
2023-12-04,WMT,sell,np.float64(154.86459446738797),np.float64(153.32),np.float64(23743.839623739925),np.float64(11.871919811869963),,
2023-12-04,AVGO,buy,np.float64(26.052367767642085),np.float64(920.64),np.float64(23984.85186160201),np.float64(11.992425930801005),np.float64(0.9990011311203464),
2023-12-04,GOOGL,buy,np.float64(184.66932446567608),np.float64(129.88),np.float64(23984.85186160201),np.float64(11.992425930801005),np.float64(0.9990011311203464),
2023-12-04,META,buy,np.float64(75.59283892212804),np.float64(317.29),np.float64(23984.85186160201),np.float64(11.992425930801005),np.float64(0.9990011311203464),
2023-12-04,NFLX,buy,np.float64(52.02900683659517),np.float64(460.99),np.float64(23984.85186160201),np.float64(11.992425930801005),np.float64(0.9990011311203464),
2023-12-04,XOM,buy,np.float64(234.8462925839813),np.float64(102.13),np.float64(23984.85186160201),np.float64(11.992425930801005),np.float64(0.9990011311203464),
2023-12-11,AVGO,sell,np.float64(26.052367767642085),np.float64(957.01),np.float64(24932.37647731115),np.float64(12.466188238655576),,
2023-12-11,GOOGL,sell,np.float64(184.66932446567608),np.float64(132.38),np.float64(24446.5251727662),np.float64(12.2232625863831),,
2023-12-11,META,sell,np.float64(75.59283892212804),np.float64(329.4),np.float64(24900.281140948973),np.float64(12.450140570474487),,
2023-12-11,NFLX,sell,np.float64(52.02900683659517),np.float64(459.36),np.float64(23900.044580458358),np.float64(11.95002229022918),,
2023-12-11,CRM,buy,np.float64(97.19626500963945),np.float64(250.0),np.float64(24299.066252409862),np.float64(12.14953312620493),np.float64(0.9990004997501248),
2023-12-11,JNJ,buy,np.float64(157.27550972433568),np.float64(154.5),np.float64(24299.066252409862),np.float64(12.14953312620493),np.float64(0.9990004997501248),
2023-12-11,ORCL,buy,np.float64(213.58061222123462),np.float64(113.77),np.float64(24299.066252409862),np.float64(12.14953312620493),np.float64(0.9990004997501248),
2023-12-11,PEP,buy,np.float64(145.12103590784676),np.float64(167.44),np.float64(24299.066252409862),np.float64(12.14953312620493),np.float64(0.9990004997501248),
2023-12-11,XOM,buy,np.float64(8.86605410375651),np.float64(99.8),np.float64(884.8321995548996),np.float64(0.44241609977744983),np.float64(0.9990004997501248),
2023-12-18,CRM,sell,np.float64(97.19626500963945),np.float64(259.82),np.float64(25253.53357480452),np.float64(12.62676678740226),,
2023-12-18,JNJ,sell,np.float64(1.3190380913121171),np.float64(155.21),np.float64(204.72790215255372),np.float64(0.10236395107627687),,
2023-12-18,PEP,sell,np.float64(145.12103590784676),np.float64(168.06),np.float64(24389.041294672727),np.float64(12.194520647336363),,
2023-12-18,XOM,sell,np.float64(243.7123466877378),np.float64(102.13),np.float64(24890.34196721866),np.float64(12.44517098360933),,
2023-12-18,ADBE,buy,np.float64(40.880798713742436),np.float64(591.52),np.float64(24181.810055152924),np.float64(12.090905027576463),np.float64(0.9990004997501247),
2023-12-18,KO,buy,np.float64(411.25527304681844),np.float64(58.8),np.float64(24181.810055152924),np.float64(12.090905027576463),np.float64(0.9990004997501247),
2023-12-18,MSFT,buy,np.float64(65.45353919380952),np.float64(369.45),np.float64(24181.810055152924),np.float64(12.090905027576463),np.float64(0.9990004997501247),
2023-12-18,ORCL,buy,np.float64(20.476881141070837),np.float64(103.41),np.float64(2117.5142787981354),np.float64(1.0587571393990678),np.float64(0.9990004997501247),
2023-12-26,ADBE,sell,np.float64(40.880798713742436),np.float64(598.92),np.float64(24484.327965634617),np.float64(12.242163982817308),,
2023-12-26,MSFT,sell,np.float64(65.45353919380952),np.float64(375.0),np.float64(24545.07719767857),np.float64(12.272538598839285),,
2023-12-26,ORCL,sell,np.float64(234.05749336230545),np.float64(106.52),np.float64(24931.804192952775),np.float64(12.465902096476388),,
2023-12-26,AAPL,buy,np.float64(125.91291012277722),np.float64(193.61),np.float64(24377.9985288709),np.float64(12.18899926443545),np.float64(0.9990004997501251),
2023-12-26,JNJ,buy,np.float64(1.476816763026483),np.float64(155.0),np.float64(228.90659826910488),np.float64(0.11445329913455245),np.float64(0.9990004997501251),
2023-12-26,KO,buy,np.float64(9.031741718076553),np.float64(58.06),np.float64(524.3829241515247),np.float64(0.2621914620757623),np.float64(0.9990004997501251),
2023-12-26,PEP,buy,np.float64(145.41007174990096),np.float64(167.65),np.float64(24377.9985288709),np.float64(12.18899926443545),np.float64(0.9990004997501251),
2023-12-26,QCOM,buy,np.float64(169.09203391045918),np.float64(144.17),np.float64(24377.9985288709),np.float64(12.18899926443545),np.float64(0.9990004997501251),
2024-01-02,JNJ,sell,np.float64(157.43328839605005),np.float64(156.93),np.float64(24706.005947992136),np.float64(12.353002973996068),,
2024-01-02,KO,sell,np.float64(420.287014764895),np.float64(58.8),np.float64(24712.876468175826),np.float64(12.356438234087912),,
2024-01-02,PEP,sell,np.float64(145.41007174990096),np.float64(169.52),np.float64(24649.915363043212),np.float64(12.324957681521607),,
2024-01-02,QCOM,sell,np.float64(169.09203391045918),np.float64(142.19),np.float64(24043.19630172819),np.float64(12.021598150864095),,
2024-01-02,AAPL,buy,np.float64(4.114066683726617),np.float64(187.15),np.float64(769.9475798594364),np.float64(0.3849737899297182),np.float64(0.9990004997501248),
2024-01-02,AMZN,buy,np.float64(160.42626293137172),np.float64(151.54),np.float64(24310.99588462007),np.float64(12.155497942310037),np.float64(0.9990004997501248),
2024-01-02,CRM,buy,np.float64(93.31003256551804),np.float64(260.54),np.float64(24310.99588462007),np.float64(12.155497942310037),np.float64(0.9990004997501248),
2024-01-02,TSLA,buy,np.float64(97.21287541834641),np.float64(250.08),np.float64(24310.99588462007),np.float64(12.155497942310037),np.float64(0.9990004997501248),
2024-01-02,XOM,buy,np.float64(240.89373647067055),np.float64(100.92),np.float64(24310.99588462007),np.float64(12.155497942310037),np.float64(0.9990004997501248),
2024-01-08,AAPL,sell,np.float64(0.44825293173103165),np.float64(182.085),np.float64(81.6201350742449),np.float64(0.04081006753712245),,
2024-01-08,AMZN,sell,np.float64(160.42626293137172),np.float64(146.74),np.float64(23540.94982254949),np.float64(11.770474911274745),,
2024-01-08,CRM,sell,np.float64(93.31003256551804),np.float64(252.21),np.float64(23533.723313349306),np.float64(11.766861656674653),,
2024-01-08,TSLA,sell,np.float64(97.21287541834641),np.float64(236.14),np.float64(22955.84840128832),np.float64(11.47792420064416),,
2024-01-08,XOM,sell,np.float64(240.89373647067055),np.float64(100.73),np.float64(24265.226074690647),np.float64(12.132613037345324),,
2024-01-08,AMAT,buy,np.float64(157.31668815375156),np.float64(149.83),np.float64(23570.7593860766),np.float64(11.7853796930383),np.float64(0.9990004997501251),
2024-01-08,AVGO,buy,np.float64(22.310231316683957),np.float64(1056.5),np.float64(23570.7593860766),np.float64(11.7853796930383),np.float64(0.9990004997501251),
2024-01-08,INTC,buy,np.float64(500.7597065238283),np.float64(47.07),np.float64(23570.7593860766),np.float64(11.7853796930383),np.float64(0.9990004997501251),
2024-01-08,QCOM,buy,np.float64(172.06189784711728),np.float64(136.99),np.float64(23570.7593860766),np.float64(11.7853796930383),np.float64(0.9990004997501251),
2024-01-16,AAPL,sell,np.float64(129.5787238747728),np.float64(182.16),np.float64(23604.060341028613),np.float64(11.802030170514307),,
2024-01-16,AMAT,sell,np.float64(157.31668815375156),np.float64(151.3),np.float64(23802.01491766261),np.float64(11.901007458831305),,
2024-01-16,AVGO,sell,np.float64(22.310231316683957),np.float64(1112.34),np.float64(24816.56270280023),np.float64(12.408281351400115),,
2024-01-16,INTC,sell,np.float64(500.7597065238283),np.float64(46.98),np.float64(23525.691012489453),np.float64(11.762845506244727),,
2024-01-16,QCOM,sell,np.float64(172.06189784711728),np.float64(140.0),np.float64(24088.66569859642),np.float64(12.04433284929821),,
2024-01-16,JNJ,buy,np.float64(148.19238418822533),np.float64(161.57),np.float64(23943.443513291564),np.float64(11.971721756645783),np.float64(0.9990004997501248),
2024-01-16,JPM,buy,np.float64(145.22619951047227),np.float64(164.87),np.float64(23943.443513291564),np.float64(11.971721756645783),np.float64(0.9990004997501248),
2024-01-16,PEP,buy,np.float64(143.14248528302483),np.float64(167.27),np.float64(23943.443513291564),np.float64(11.971721756645783),np.float64(0.9990004997501248),
2024-01-16,TSLA,buy,np.float64(111.31308002460048),np.float64(215.1),np.float64(23943.443513291564),np.float64(11.971721756645783),np.float64(0.9990004997501248),
2024-01-16,XOM,buy,np.float64(239.86619428262438),np.float64(99.82),np.float64(23943.443513291564),np.float64(11.971721756645783),np.float64(0.9990004997501248),
2024-01-22,JNJ,sell,np.float64(148.19238418822533),np.float64(162.0),np.float64(24007.166238492504),np.float64(12.003583119246253),,
2024-01-22,JPM,sell,np.float64(5.204227883380994),np.float64(170.46),np.float64(887.1126850011242),np.float64(0.4435563425005621),,
2024-01-22,KO,buy,np.float64(399.03420745341816),np.float64(59.755),np.float64(23844.289066379002),np.float64(11.9221445331895),np.float64(0.9990004997501245),
2024-01-22,PEP,buy,np.float64(0.6755017090766848),np.float64(165.96),np.float64(112.10626363836661),np.float64(0.05605313181918331),np.float64(0.9990004997501245),
2024-01-22,TSLA,buy,np.float64(1.1334693629041348),np.float64(212.26),np.float64(240.59020697003166),np.float64(0.12029510348501583),np.float64(0.9990004997501245),
2024-01-22,XOM,buy,np.float64(6.953583748725304),np.float64(96.7),np.float64(672.4115485017369),np.float64(0.33620577425086845),np.float64(0.9990004997501245),
2024-01-29,JPM,sell,np.float64(140.0219716270913),np.float64(172.24),np.float64(24117.384393050204),np.float64(12.058692196525103),,
2024-01-29,KO,sell,np.float64(0.7165285569109332),np.float64(59.34),np.float64(42.518804567094776),np.float64(0.021259402283547387),,
2024-01-29,PEP,sell,np.float64(143.8179869921015),np.float64(167.53),np.float64(24093.827360786767),np.float64(12.046913680393384),,
2024-01-29,XOM,sell,np.float64(246.81977803134967),np.float64(102.98),np.float64(25417.50074166839),np.float64(12.708750370834196),,
2024-01-29,COST,buy,np.float64(34.226042479826724),np.float64(689.9),np.float64(23612.546706832454),np.float64(11.806273353416227),np.float64(0.9990004997501245),
2024-01-29,INTC,buy,np.float64(540.2092589071713),np.float64(43.71),np.float64(23612.546706832454),np.float64(11.806273353416227),np.float64(0.9990004997501245),
2024-01-29,JNJ,buy,np.float64(148.49724361255554),np.float64(159.01),np.float64(23612.546706832454),np.float64(11.806273353416227),np.float64(0.9990004997501245),
2024-01-29,TSLA,buy,np.float64(14.868053469170157),np.float64(185.63),np.float64(2759.956765482056),np.float64(1.3799783827410281),np.float64(0.9990004997501245),
2024-02-05,COST,sell,np.float64(34.226042479826724),np.float64(710.64),np.float64(24322.394827864064),np.float64(12.161197413932031),,
2024-02-05,INTC,sell,np.float64(540.2092589071713),np.float64(42.62),np.float64(23023.718614623638),np.float64(11.51185930731182),,
2024-02-05,KO,sell,np.float64(398.31767889650723),np.float64(60.38),np.float64(24050.421451771108),np.float64(12.025210725885554),,
2024-02-05,TSLA,sell,np.float64(127.31460285667478),np.float64(184.26),np.float64(23458.988722370894),np.float64(11.729494361185447),,
2024-02-05,AAPL,buy,np.float64(125.4621543245567),np.float64(188.15),np.float64(23605.704336165345),np.float64(11.802852168082673),np.float64(0.9990006836101581),
2024-02-05,CSCO,buy,np.float64(472.6813042884531),np.float64(49.94),np.float64(23605.704336165345),np.float64(11.802852168082673),np.float64(0.9990006836101581),
2024-02-05,GOOGL,buy,np.float64(165.28290390817355),np.float64(142.82),np.float64(23605.704336165345),np.float64(11.802852168082673),np.float64(0.9990006836101581),
2024-02-05,JNJ,buy,np.float64(2.380379727875173),np.float64(156.61),np.float64(372.79126918253087),np.float64(0.18639563459126543),np.float64(0.9990006836101581),
2024-02-05,QCOM,buy,np.float64(166.4014122103859),np.float64(141.86),np.float64(23605.704336165345),np.float64(11.802852168082673),np.float64(0.9990006836101581),
2024-02-12,AAPL,sell,np.float64(125.4621543245567),np.float64(188.415),np.float64(23638.951807061352),np.float64(11.819475903530677),,
2024-02-12,CSCO,sell,np.float64(472.6813042884531),np.float64(50.03),np.float64(23648.24565355131),np.float64(11.824122826775655),,
2024-02-12,GOOGL,sell,np.float64(165.28290390817355),np.float64(148.42),np.float64(24531.288598051116),np.float64(12.265644299025558),,
2024-02-12,QCOM,sell,np.float64(166.4014122103859),np.float64(150.38),np.float64(25023.44436819783),np.float64(12.511722184098915),,
2024-02-12,ADBE,buy,np.float64(38.45879938746612),np.float64(626.0),np.float64(24075.208416553793),np.float64(12.037604208276896),np.float64(0.9990006550883869),
2024-02-12,JNJ,buy,np.float64(3.0297553716294843),np.float64(156.58),np.float64(474.3990960897447),np.float64(0.23719954804487237),np.float64(0.9990006550883869),
2024-02-12,JPM,buy,np.float64(137.7457856537006),np.float64(174.78),np.float64(24075.208416553793),np.float64(12.037604208276896),np.float64(0.9990006550883869),
2024-02-12,KO,buy,np.float64(403.5402014172611),np.float64(59.66),np.float64(24075.208416553793),np.float64(12.037604208276896),np.float64(0.9990006550883869),
2024-02-12,PEP,buy,np.float64(143.42433228019652),np.float64(167.86),np.float64(24075.208416553793),np.float64(12.037604208276896),np.float64(0.9990006550883869),
2024-02-20,JNJ,sell,np.float64(153.9073787120602),np.float64(156.56),np.float64(24095.739211160144),np.float64(12.047869605580072),,
2024-02-20,JPM,sell,np.float64(137.7457856537006),np.float64(179.19),np.float64(24682.66733128661),np.float64(12.341333665643306),,
2024-02-20,KO,sell,np.float64(403.5402014172611),np.float64(59.595),np.float64(24048.978303461674),np.float64(12.024489151730837),,
2024-02-20,PEP,sell,np.float64(143.42433228019652),np.float64(167.74),np.float64(24057.997496680167),np.float64(12.028998748340085),,
2024-02-20,ADBE,buy,np.float64(5.753811414686686),np.float64(531.495),np.float64(3058.1219978489),np.float64(1.52906099892445),np.float64(0.9990014426831616),
2024-02-20,CSCO,buy,np.float64(489.4386159705056),np.float64(47.97),np.float64(23478.370408105155),np.float64(11.739185204052578),np.float64(0.9990014426831616),
2024-02-20,GOOGL,buy,np.float64(168.11693393079486),np.float64(139.655),np.float64(23478.370408105155),np.float64(11.739185204052578),np.float64(0.9990014426831616),
2024-02-20,MSFT,buy,np.float64(58.22430911641988),np.float64(403.24),np.float64(23478.370408105155),np.float64(11.739185204052578),np.float64(0.9990014426831616),
2024-02-20,MU,buy,np.float64(295.93962826123595),np.float64(79.335),np.float64(23478.370408105155),np.float64(11.739185204052578),np.float64(0.9990014426831616),
2024-02-26,ADBE,sell,np.float64(0.045319937882013425),np.float64(556.56),np.float64(25.22326462761339),np.float64(0.012611632313806695),,
2024-02-26,GOOGL,sell,np.float64(168.11693393079486),np.float64(142.14),np.float64(23896.14098892318),np.float64(11.94807049446159),,
2024-02-26,MSFT,sell,np.float64(58.22430911641988),np.float64(411.455),np.float64(23956.68310749654),np.float64(11.97834155374827),,
2024-02-26,MU,sell,np.float64(295.93962826123595),np.float64(89.68),np.float64(26539.865862467643),np.float64(13.269932931233821),,
2024-02-26,AAPL,buy,np.float64(134.7518543719626),np.float64(182.24),np.float64(24557.177940746464),np.float64(12.278588970373232),np.float64(0.9990004997501247),
2024-02-26,CSCO,buy,np.float64(13.75637008011288),np.float64(48.85),np.float64(671.9986784135142),np.float64(0.3359993392067571),np.float64(0.9990004997501247),
2024-02-26,INTC,buy,np.float64(564.5328262240566),np.float64(43.5),np.float64(24557.177940746464),np.float64(12.278588970373232),np.float64(0.9990004997501247),
2024-02-26,TSLA,buy,np.float64(127.70907452673808),np.float64(192.29),np.float64(24557.177940746464),np.float64(12.278588970373232),np.float64(0.9990004997501247),
2024-03-04,ADBE,sell,np.float64(44.1672908642708),np.float64(572.85),np.float64(25301.232571597528),np.float64(12.650616285798764),,
2024-03-04,INTC,sell,np.float64(564.5328262240566),np.float64(44.27),np.float64(24991.86821693899),np.float64(12.495934108469495),,
2024-03-04,TSLA,sell,np.float64(127.70907452673808),np.float64(198.73),np.float64(25379.624380698657),np.float64(12.689812190349329),,
2024-03-04,AAPL,buy,np.float64(5.746291769235159),np.float64(176.15),np.float64(1012.2092951507734),np.float64(0.5061046475753868),np.float64(0.9990004997501247),
2024-03-04,CSCO,buy,np.float64(8.472393394267732),np.float64(48.37),np.float64(409.8096684807301),np.float64(0.20490483424036507),np.float64(0.9990004997501247),
2024-03-04,GOOGL,buy,np.float64(182.2572885593599),np.float64(135.66),np.float64(24725.023765962764),np.float64(12.362511882981382),np.float64(0.9990004997501247),
2024-03-04,KO,buy,np.float64(417.44088748881927),np.float64(59.23),np.float64(24725.023765962764),np.float64(12.362511882981382),np.float64(0.9990004997501247),
2024-03-04,PEP,buy,np.float64(150.34979486751453),np.float64(164.45),np.float64(24725.023765962764),np.float64(12.362511882981382),np.float64(0.9990004997501247),
2024-03-11,CSCO,sell,np.float64(511.66737944488625),np.float64(49.72),np.float64(25440.102105999744),np.float64(12.720051052999873),,
2024-03-11,GOOGL,sell,np.float64(182.2572885593599),np.float64(136.13),np.float64(24810.684691585662),np.float64(12.405342345792832),,
2024-03-11,KO,sell,np.float64(417.44088748881927),np.float64(59.78),np.float64(24954.616254081615),np.float64(12.477308127040807),,
2024-03-11,PEP,sell,np.float64(150.34979486751453),np.float64(163.92),np.float64(24645.33837468298),np.float64(12.32266918734149),,
2024-03-11,AAPL,buy,np.float64(3.072840796889831),np.float64(172.94),np.float64(531.4170874141273),np.float64(0.26570854370706365),np.float64(0.999000499750125),
2024-03-11,AVGO,buy,np.float64(19.41020312104928),np.float64(1277.93),np.float64(24804.880874482507),np.float64(12.402440437241253),np.float64(0.999000499750125),
2024-03-11,COST,buy,np.float64(34.46031713157988),np.float64(719.81),np.float64(24804.880874482507),np.float64(12.402440437241253),np.float64(0.999000499750125),
2024-03-11,CRM,buy,np.float64(81.9616735212877),np.float64(302.64),np.float64(24804.880874482507),np.float64(12.402440437241253),np.float64(0.999000499750125),
2024-03-11,TSLA,buy,np.float64(141.38266051744142),np.float64(175.445),np.float64(24804.880874482507),np.float64(12.402440437241253),np.float64(0.999000499750125),
2024-03-18,AAPL,sell,np.float64(143.5709869380876),np.float64(175.57),np.float64(25206.75817672004),np.float64(12.60337908836002),,
2024-03-18,COST,sell,np.float64(34.46031713157988),np.float64(726.1),np.float64(25021.63626924015),np.float64(12.510818134620076),,
2024-03-18,ADBE,buy,np.float64(49.67140651459775),np.float64(495.55),np.float64(24614.665498308914),np.float64(12.307332749154456),np.float64(0.9990008257301941),
2024-03-18,AMD,buy,np.float64(127.34907260423165),np.float64(193.285),np.float64(24614.665498308914),np.float64(12.307332749154456),np.float64(0.9990008257301941),
2024-03-18,AVGO,buy,np.float64(0.23842397550756086),np.float64(1253.98),np.float64(298.9788968069712),np.float64(0.1494894484034856),np.float64(0.9990008257301941),
2024-03-18,CRM,buy,np.float64(0.2731658658644045),np.float64(299.62),np.float64(81.84595673029288),np.float64(0.04092297836514644),np.float64(0.9990008257301941),
2024-03-18,TSLA,buy,np.float64(3.533723022417511),np.float64(170.02),np.float64(600.8035882714253),np.float64(0.30040179413571266),np.float64(0.9990008257301941),
2024-03-25,ADBE,sell,np.float64(49.67140651459775),np.float64(496.79),np.float64(24676.258042387017),np.float64(12.33812902119351),,
2024-03-25,AVGO,sell,np.float64(19.64862709655684),np.float64(1345.03),np.float64(26427.992903681847),np.float64(13.213996451840924),,
2024-03-25,CRM,sell,np.float64(82.23483938715209),np.float64(303.7),np.float64(24974.72072187809),np.float64(12.487360360939045),,
2024-03-25,TSLA,sell,np.float64(144.91638353985894),np.float64(168.76),np.float64(24456.088886186593),np.float64(12.228044443093298),,
2024-03-25,AAPL,buy,np.float64(143.68051799356567),np.float64(170.565),np.float64(24506.86755157253),np.float64(12.253433775786265),np.float64(0.9990010119995697),
2024-03-25,AMD,buy,np.float64(14.5182722387803),np.float64(172.9),np.float64(2510.209270085114),np.float64(1.255104635042557),np.float64(0.9990010119995697),
2024-03-25,JNJ,buy,np.float64(157.7018503962196),np.float64(155.4),np.float64(24506.86755157253),np.float64(12.253433775786265),np.float64(0.9990010119995697),
2024-03-25,KO,buy,np.float64(405.20614337917544),np.float64(60.48),np.float64(24506.86755157253),np.float64(12.253433775786265),np.float64(0.9990010119995697),
2024-03-25,WMT,buy,np.float64(402.6099482762039),np.float64(60.87),np.float64(24506.86755157253),np.float64(12.253433775786265),np.float64(0.9990010119995697),
2024-04-01,AAPL,sell,np.float64(143.68051799356567),np.float64(171.19),np.float64(24596.667875318508),np.float64(12.298333937659255),,
2024-04-01,AMD,sell,np.float64(141.86734484301195),np.float64(180.1),np.float64(25550.30880622645),np.float64(12.775154403113225),,
2024-04-01,JNJ,sell,np.float64(157.7018503962196),np.float64(157.72),np.float64(24872.735844491755),np.float64(12.436367922245879),,
2024-04-01,KO,sell,np.float64(405.20614337917544),np.float64(61.18),np.float64(24790.511851937954),np.float64(12.395255925968977),,
2024-04-01,CRM,buy,np.float64(82.18210795383459),np.float64(301.69),np.float64(24793.520148592357),np.float64(12.396760074296179),np.float64(0.9990004997501248),
2024-04-01,META,buy,np.float64(50.8898196810188),np.float64(487.2),np.float64(24793.520148592357),np.float64(12.396760074296179),np.float64(0.9990004997501248),
2024-04-01,MSFT,buy,np.float64(58.48217985279481),np.float64(423.95),np.float64(24793.520148592357),np.float64(12.396760074296179),np.float64(0.9990004997501248),
2024-04-01,ORCL,buy,np.float64(197.49498286277168),np.float64(125.54),np.float64(24793.520148592357),np.float64(12.396760074296179),np.float64(0.9990004997501248),
2024-04-01,WMT,buy,np.float64(8.893772830365869),np.float64(60.31),np.float64(536.3834393993656),np.float64(0.2681917196996828),np.float64(0.9990004997501248),
2024-04-08,CRM,sell,np.float64(82.18210795383459),np.float64(301.1),np.float64(24745.032704899597),np.float64(12.372516352449798),,
2024-04-08,META,sell,np.float64(50.8898196810188),np.float64(529.28),np.float64(26934.963760769628),np.float64(13.467481880384813),,
2024-04-08,MSFT,sell,np.float64(58.48217985279481),np.float64(425.17),np.float64(24864.868408012768),np.float64(12.432434204006384),,
2024-04-08,ORCL,sell,np.float64(197.49498286277168),np.float64(125.0),np.float64(24686.87285784646),np.float64(12.343436428923232),,
2024-04-08,WMT,sell,np.float64(411.5037211065698),np.float64(59.6),np.float64(24525.62177795156),np.float64(12.26281088897578),,
2024-04-08,INTC,buy,np.float64(650.2674171699102),np.float64(38.64),np.float64(25126.33299944533),np.float64(12.563166499722666),np.float64(0.999000499750125),
2024-04-08,JNJ,buy,np.float64(165.31569839756122),np.float64(151.99),np.float64(25126.33299944533),np.float64(12.563166499722666),np.float64(0.999000499750125),
2024-04-08,KO,buy,np.float64(423.0022390479012),np.float64(59.4),np.float64(25126.33299944533),np.float64(12.563166499722666),np.float64(0.999000499750125),
2024-04-08,PEP,buy,np.float64(148.54468223142376),np.float64(169.15),np.float64(25126.33299944533),np.float64(12.563166499722666),np.float64(0.999000499750125),
2024-04-08,TSLA,buy,np.float64(148.37801464181723),np.float64(169.34),np.float64(25126.33299944533),np.float64(12.563166499722666),np.float64(0.999000499750125),
2024-04-15,KO,sell,np.float64(2.764027105743165),np.float64(58.61),np.float64(161.99962866760688),np.float64(0.08099981433380345),,
2024-04-15,PEP,sell,np.float64(148.54468223142376),np.float64(169.21),np.float64(25135.245680379216),np.float64(12.567622840189609),,
2024-04-15,TSLA,sell,np.float64(148.37801464181723),np.float64(170.24),np.float64(25259.873212622966),np.float64(12.629936606311484),,
2024-04-15,AMD,buy,np.float64(149.64145076478914),np.float64(164.43),np.float64(24605.54374925428),np.float64(12.30277187462714),np.float64(0.9990004997501245),
2024-04-15,INTC,buy,np.float64(33.11126415656638),np.float64(36.04),np.float64(1193.3299602026523),np.float64(0.5966649801013262),np.float64(0.9990004997501245),
2024-04-15,JNJ,buy,np.float64(0.6886109750165055),np.float64(148.37),np.float64(102.16921036319893),np.float64(0.05108460518159946),np.float64(0.9990004997501245),
2024-04-15,JPM,buy,np.float64(133.36338075476576),np.float64(184.5),np.float64(24605.54374925428),np.float64(12.30277187462714),np.float64(0.9990004997501245),
2024-04-22,AMD,sell,np.float64(149.64145076478914),np.float64(148.15),np.float64(22169.380930803512),np.float64(11.084690465401756),,
2024-04-22,INTC,sell,np.float64(683.3786813264766),np.float64(34.415),np.float64(23518.47731785069),np.float64(11.759238658925346),,
2024-04-22,JNJ,sell,np.float64(166.00430937257772),np.float64(148.51),np.float64(24653.299984921516),np.float64(12.326649992460759),,
2024-04-22,JPM,sell,np.float64(133.36338075476576),np.float64(185.99),np.float64(24804.255186578885),np.float64(12.402127593289443),,
2024-04-22,KO,sell,np.float64(420.23821194215805),np.float64(60.14),np.float64(25273.126066201385),np.float64(12.636563033100693),,
2024-04-22,AVGO,buy,np.float64(19.648539179428305),np.float64(1224.5),np.float64(24059.63622520996),np.float64(12.02981811260498),np.float64(0.9990004997501251),
2024-04-22,MU,buy,np.float64(223.60256714879148),np.float64(107.6),np.float64(24059.63622520996),np.float64(12.02981811260498),np.float64(0.9990004997501251),
2024-04-22,NFLX,buy,np.float64(43.692362301983),np.float64(550.66),np.float64(24059.63622520996),np.float64(12.02981811260498),np.float64(0.9990004997501251),
2024-04-22,NVDA,buy,np.float64(30.804614648686318),np.float64(781.04),np.float64(24059.63622520996),np.float64(12.02981811260498),np.float64(0.9990004997501251),
2024-04-22,TSLA,buy,np.float64(171.16986500576238),np.float64(140.56),np.float64(24059.63622520996),np.float64(12.02981811260498),np.float64(0.9990004997501251),
2024-04-29,AVGO,sell,np.float64(19.648539179428305),np.float64(1344.08),np.float64(26409.208540285996),np.float64(13.204604270142998),,
2024-04-29,MU,sell,np.float64(223.60256714879148),np.float64(113.81),np.float64(25448.20816720396),np.float64(12.724104083601981),,
2024-04-29,NFLX,sell,np.float64(43.692362301983),np.float64(559.18),np.float64(24431.895152022855),np.float64(12.215947576011427),,
2024-04-29,NVDA,sell,np.float64(30.804614648686318),np.float64(875.95),np.float64(26983.30220151678),np.float64(13.491651100758391),,
2024-04-29,TSLA,sell,np.float64(171.16986500576238),np.float64(188.42),np.float64(32251.825964385745),np.float64(16.125912982192872),,
2024-04-29,CSCO,buy,np.float64(564.2383134559107),np.float64(47.99),np.float64(27077.796662749155),np.float64(13.538898331374577),np.float64(0.9990004997501252),
2024-04-29,INTC,buy,np.float64(849.8994558301681),np.float64(31.86),np.float64(27077.796662749155),np.float64(13.538898331374577),np.float64(0.9990004997501252),
2024-04-29,JNJ,buy,np.float64(185.2866885366714),np.float64(146.14),np.float64(27077.796662749155),np.float64(13.538898331374577),np.float64(0.9990004997501252),
2024-04-29,META,buy,np.float64(61.60204900980334),np.float64(439.56),np.float64(27077.796662749155),np.float64(13.538898331374577),np.float64(0.9990004997501252),
2024-04-29,XOM,buy,np.float64(229.94052872579104),np.float64(117.76),np.float64(27077.796662749155),np.float64(13.538898331374577),np.float64(0.9990004997501252),
2024-05-06,INTC,sell,np.float64(849.8994558301681),np.float64(31.115),np.float64(26444.62156815568),np.float64(13.22231078407784),,
2024-05-06,JNJ,sell,np.float64(185.2866885366714),np.float64(149.87),np.float64(27768.916010990943),np.float64(13.884458005495471),,
2024-05-06,META,sell,np.float64(61.60204900980334),np.float64(455.58),np.float64(28064.661487886202),np.float64(14.0323307439431),,
2024-05-06,AVGO,buy,np.float64(21.103497702210454),np.float64(1286.225),np.float64(27143.84633202564),np.float64(13.571923166012821),np.float64(0.999001144194296),
2024-05-06,CSCO,buy,np.float64(11.163193956990678),np.float64(47.22),np.float64(527.1260186490998),np.float64(0.2635630093245499),np.float64(0.999001144194296),
2024-05-06,GOOGL,buy,np.float64(162.0915223457879),np.float64(167.46),np.float64(27143.84633202564),np.float64(13.571923166012821),np.float64(0.999001144194296),
2024-05-06,JPM,buy,np.float64(141.57328708092444),np.float64(191.73),np.float64(27143.84633202564),np.float64(13.571923166012821),np.float64(0.999001144194296),
2024-05-06,XOM,buy,np.float64(2.9440414124358285),np.float64(116.67),np.float64(343.4813115888881),np.float64(0.17174065579444406),np.float64(0.999001144194296),
2024-05-13,AVGO,sell,np.float64(21.103497702210454),np.float64(1348.0),np.float64(28447.514902579693),np.float64(14.223757451289847),,
2024-05-13,CSCO,sell,np.float64(575.4015074129013),np.float64(48.31),np.float64(27797.646823117262),np.float64(13.89882341155863),,
2024-05-13,GOOGL,sell,np.float64(162.0915223457879),np.float64(164.26),np.float64(26625.15346051912),np.float64(13.31257673025956),,
2024-05-13,JPM,sell,np.float64(141.57328708092444),np.float64(198.8),np.float64(28144.76947168778),np.float64(14.07238473584389),,
2024-05-13,XOM,sell,np.float64(232.88457013822688),np.float64(118.42),np.float64(27578.190795768827),np.float64(13.789095397884413),,
2024-05-13,AAPL,buy,np.float64(149.3296858092871),np.float64(185.435),np.float64(27690.95028804515),np.float64(13.845475144022576),np.float64(0.9990004997501251),
2024-05-13,ADBE,buy,np.float64(56.94914093461079),np.float64(486.24),np.float64(27690.95028804515),np.float64(13.845475144022576),np.float64(0.9990004997501251),
2024-05-13,INTC,buy,np.float64(922.1095667014702),np.float64(30.03),np.float64(27690.95028804515),np.float64(13.845475144022576),np.float64(0.9990004997501251),
2024-05-13,JNJ,buy,np.float64(184.55712002162858),np.float64(150.04),np.float64(27690.95028804515),np.float64(13.845475144022576),np.float64(0.9990004997501251),
2024-05-13,TSLA,buy,np.float64(162.88794287085383),np.float64(170.0),np.float64(27690.95028804515),np.float64(13.845475144022576),np.float64(0.9990004997501251),
2024-05-20,AAPL,sell,np.float64(149.3296858092871),np.float64(189.325),np.float64(28271.842765843277),np.float64(14.135921382921639),,
2024-05-20,ADBE,sell,np.float64(56.94914093461079),np.float64(483.0),np.float64(27506.43507141701),np.float64(13.753217535708506),,
2024-05-20,INTC,sell,np.float64(922.1095667014702),np.float64(31.85),np.float64(29369.189699441828),np.float64(14.684594849720915),,
2024-05-20,JNJ,sell,np.float64(184.55712002162858),np.float64(153.1),np.float64(28255.695075311334),np.float64(14.127847537655667),,
2024-05-20,TSLA,sell,np.float64(162.88794287085383),np.float64(177.56),np.float64(28922.38313614881),np.float64(14.461191568074405),,
2024-05-20,AMZN,buy,np.float64(154.5101744496256),np.float64(184.34),np.float64(28482.40555804398),np.float64(14.241202779021991),np.float64(0.9990013020279436),
2024-05-20,CSCO,buy,np.float64(593.3834491259163),np.float64(48.0),np.float64(28482.40555804398),np.float64(14.241202779021991),np.float64(0.9990013020279436),
2024-05-20,KO,buy,np.float64(452.6045694906083),np.float64(62.93),np.float64(28482.40555804398),np.float64(14.241202779021991),np.float64(0.9990013020279436),
2024-05-20,META,buy,np.float64(60.6073104756761),np.float64(469.95),np.float64(28482.40555804398),np.float64(14.241202779021991),np.float64(0.9990013020279436),
2024-05-20,PEP,buy,np.float64(156.4193835907737),np.float64(182.09),np.float64(28482.40555804398),np.float64(14.241202779021991),np.float64(0.9990013020279436),
2024-05-28,AMZN,sell,np.float64(154.5101744496256),np.float64(179.93),np.float64(27801.015688721134),np.float64(13.900507844360567),,
2024-05-28,KO,sell,np.float64(0.7418022410451817),np.float64(61.79),np.float64(45.835960474181775),np.float64(0.02291798023709089),,
2024-05-28,META,sell,np.float64(60.6073104756761),np.float64(476.575),np.float64(28883.928989945336),np.float64(14.441964494972668),,
2024-05-28,PEP,sell,np.float64(156.4193835907737),np.float64(176.23),np.float64(27565.787970202047),np.float64(13.782893985101024),,
2024-05-28,CRM,buy,np.float64(102.13362776010865),np.float64(273.1),np.float64(27892.693741285675),np.float64(13.946346870642838),np.float64(0.9990004997501246),
2024-05-28,CSCO,buy,np.float64(11.575510142507792),np.float64(46.152),np.float64(534.2329440970196),np.float64(0.2671164720485098),np.float64(0.9990004997501246),
2024-05-28,JNJ,buy,np.float64(190.0176697410292),np.float64(146.79),np.float64(27892.693741285675),np.float64(13.946346870642838),np.float64(0.9990004997501246),
2024-05-28,XOM,buy,np.float64(245.70730920794287),np.float64(113.52),np.float64(27892.693741285675),np.float64(13.946346870642838),np.float64(0.9990004997501246),
2024-06-03,CSCO,sell,np.float64(604.9589592684241),np.float64(46.72),np.float64(28263.682577020772),np.float64(14.131841288510387),,
2024-06-03,JNJ,sell,np.float64(190.0176697410292),np.float64(147.25),np.float64(27980.10186936655),np.float64(13.990050934683275),,
2024-06-03,KO,sell,np.float64(451.8627672495631),np.float64(62.71),np.float64(28336.3141342201),np.float64(14.168157067110052),,
2024-06-03,XOM,sell,np.float64(245.70730920794287),np.float64(116.3),np.float64(28575.760060883757),np.float64(14.287880030441878),,
2024-06-03,ADBE,buy,np.float64(61.20979510306271),np.float64(447.58),np.float64(27396.280092228808),np.float64(13.698140046114403),np.float64(0.999000499750125),
2024-06-03,CRM,buy,np.float64(14.737187637835529),np.float64(234.62),np.float64(3457.638963588972),np.float64(1.728819481794486),np.float64(0.999000499750125),
2024-06-03,MSFT,buy,np.float64(65.93172514825537),np.float64(415.525),np.float64(27396.280092228808),np.float64(13.698140046114403),np.float64(0.999000499750125),
2024-06-03,ORCL,buy,np.float64(233.10031559796485),np.float64(117.53),np.float64(27396.280092228808),np.float64(13.698140046114403),np.float64(0.999000499750125),
2024-06-03,PEP,buy,np.float64(158.61672123800838),np.float64(172.72),np.float64(27396.280092228808),np.float64(13.698140046114403),np.float64(0.999000499750125),
2024-06-10,ADBE,sell,np.float64(61.20979510306271),np.float64(453.84),np.float64(27779.45340957398),np.float64(13.889726704786991),,
2024-06-10,CRM,sell,np.float64(116.87081539794418),np.float64(241.79),np.float64(28258.194455068922),np.float64(14.129097227534462),,
2024-06-10,MSFT,sell,np.float64(65.93172514825537),np.float64(424.7),np.float64(28001.203670464052),np.float64(14.000601835232027),,
2024-06-10,ORCL,sell,np.float64(233.10031559796485),np.float64(125.73),np.float64(29307.702680132123),np.float64(14.653851340066062),,
2024-06-10,CSCO,buy,np.float64(613.1154136173318),np.float64(45.8),np.float64(28080.685943673794),np.float64(14.040342971836898),np.float64(0.9990014455736931),
2024-06-10,JNJ,buy,np.float64(191.63779392393226),np.float64(146.53),np.float64(28080.685943673794),np.float64(14.040342971836898),np.float64(0.9990014455736931),
2024-06-10,JPM,buy,np.float64(140.93899791042858),np.float64(199.24),np.float64(28080.685943673794),np.float64(14.040342971836898),np.float64(0.9990014455736931),
2024-06-10,PEP,buy,np.float64(6.615359352399793),np.float64(170.11),np.float64(1125.3387794367288),np.float64(0.5626693897183644),np.float64(0.9990014455736931),
2024-06-10,XOM,buy,np.float64(248.36976776644076),np.float64(113.06),np.float64(28080.685943673794),np.float64(14.040342971836898),np.float64(0.9990014455736931),
2024-06-17,CSCO,sell,np.float64(613.1154136173318),np.float64(45.4),np.float64(27835.439778226864),np.float64(13.917719889113432),,
2024-06-17,JNJ,sell,np.float64(2.665306857909075),np.float64(145.02),np.float64(386.5228005339741),np.float64(0.19326140026698704),,
2024-06-17,JPM,buy,np.float64(0.7017620103823572),np.float64(193.48),np.float64(135.77691376877846),np.float64(0.06788845688438923),np.float64(0.9990004997501247),
2024-06-17,KO,buy,np.float64(438.95140259399756),np.float64(62.37),np.float64(27377.398979787627),np.float64(13.688699489893814),np.float64(0.9990004997501247),
2024-06-17,PEP,buy,np.float64(2.389176198979576),np.float64(163.49),np.float64(390.60641677117087),np.float64(0.19530320838558543),np.float64(0.9990004997501247),
2024-06-17,XOM,buy,np.float64(2.656154710853066),np.float64(109.17),np.float64(289.9724097838292),np.float64(0.1449862048919146),np.float64(0.9990004997501247),
2024-06-24,JNJ,sell,np.float64(188.97248706602318),np.float64(149.0),np.float64(28156.900572837454),np.float64(14.078450286418727),,
2024-06-24,JPM,sell,np.float64(141.64075992081095),np.float64(197.81),np.float64(28017.958719935614),np.float64(14.008979359967807),,
2024-06-24,PEP,sell,np.float64(167.62125678938776),np.float64(167.5),np.float64(28076.560512222448),np.float64(14.038280256111225),,
2024-06-24,XOM,sell,np.float64(251.02592247729382),np.float64(111.64),np.float64(28024.53398536508),np.float64(14.012266992682541),,
2024-06-24,AAPL,buy,np.float64(134.5904554832507),np.float64(207.72),np.float64(27957.129412980838),np.float64(13.978564706490419),np.float64(0.9990004997501248),
2024-06-24,KO,buy,np.float64(5.321738284947404),np.float64(62.99),np.float64(335.216294568837),np.float64(0.1676081472844185),np.float64(0.9990004997501248),
2024-06-24,META,buy,np.float64(56.00386500997764),np.float64(499.2),np.float64(27957.129412980838),np.float64(13.978564706490419),np.float64(0.9990004997501248),
2024-06-24,MU,buy,np.float64(196.2730231183715),np.float64(142.44),np.float64(27957.129412980838),np.float64(13.978564706490419),np.float64(0.9990004997501248),
2024-06-24,QCOM,buy,np.float64(135.11734286878757),np.float64(206.91),np.float64(27957.129412980838),np.float64(13.978564706490419),np.float64(0.9990004997501248),
2024-07-01,AAPL,sell,np.float64(134.5904554832507),np.float64(212.09),np.float64(28545.289703442642),np.float64(14.27264485172132),,
2024-07-01,KO,sell,np.float64(444.27314087894496),np.float64(64.03),np.float64(28446.809210478845),np.float64(14.223404605239423),,
2024-07-01,META,sell,np.float64(56.00386500997764),np.float64(504.95),np.float64(28279.151636788207),np.float64(14.139575818394103),,
2024-07-01,AVGO,buy,np.float64(17.124607461406647),np.float64(1608.2),np.float64(27539.79371943417),np.float64(13.769896859717084),np.float64(0.9990004997501252),
2024-07-01,JNJ,buy,np.float64(188.53832901645902),np.float64(146.07),np.float64(27539.79371943417),np.float64(13.769896859717084),np.float64(0.9990004997501252),
2024-07-01,MU,buy,np.float64(14.956053881908641),np.float64(130.5),np.float64(1951.7650315890776),np.float64(0.9758825157945388),np.float64(0.9990004997501252),
2024-07-01,PEP,buy,np.float64(166.8673880237165),np.float64(165.04),np.float64(27539.79371943417),np.float64(13.769896859717084),np.float64(0.9990004997501252),
2024-07-01,QCOM,buy,np.float64(3.0825473734674156),np.float64(199.47),np.float64(614.8757245855454),np.float64(0.3074378622927727),np.float64(0.9990004997501252),
2024-07-08,AVGO,sell,np.float64(17.124607461406647),np.float64(1705.0),np.float64(29197.455721698334),np.float64(14.598727860849166),,
2024-07-08,MU,sell,np.float64(211.22907700028014),np.float64(131.295),np.float64(27733.32166475178),np.float64(13.86666083237589),,
2024-07-08,QCOM,sell,np.float64(138.19989024225498),np.float64(207.24),np.float64(28640.545253804925),np.float64(14.320272626902463),,
2024-07-08,CSCO,buy,np.float64(605.250074232073),np.float64(46.35),np.float64(28053.340940656584),np.float64(14.026670470328293),np.float64(0.9990006415751739),
2024-07-08,JNJ,buy,np.float64(3.271269639684101),np.float64(146.4),np.float64(478.91387524975244),np.float64(0.23945693762487621),np.float64(0.9990006415751739),
2024-07-08,KO,buy,np.float64(441.1596310843935),np.float64(63.59),np.float64(28053.340940656584),np.float64(14.026670470328293),np.float64(0.9990006415751739),
2024-07-08,PEP,buy,np.float64(5.342429712543632),np.float64(163.06),np.float64(871.1365889273646),np.float64(0.43556829446368234),np.float64(0.9990006415751739),
2024-07-08,XOM,buy,np.float64(249.6070908502232),np.float64(112.39),np.float64(28053.340940656584),np.float64(14.026670470328293),np.float64(0.9990006415751739),
2024-07-15,CSCO,sell,np.float64(605.250074232073),np.float64(47.41),np.float64(28694.906019342576),np.float64(14.347453009671288),,
2024-07-15,JNJ,sell,np.float64(191.80959865614312),np.float64(150.08),np.float64(28786.784566313963),np.float64(14.393392283156983),,
2024-07-15,KO,sell,np.float64(441.1596310843935),np.float64(63.79),np.float64(28141.57286687346),np.float64(14.07078643343673),,
2024-07-15,PEP,sell,np.float64(172.20981773626013),np.float64(166.01),np.float64(28588.551842396544),np.float64(14.294275921198272),,
2024-07-15,XOM,sell,np.float64(249.6070908502232),np.float64(114.27),np.float64(28522.602271455),np.float64(14.261301135727502),,
2024-07-15,AMZN,buy,np.float64(146.5786949839208),np.float64(194.56),np.float64(28518.35089607163),np.float64(14.259175448035815),np.float64(0.9990004997501248),
2024-07-15,COST,buy,np.float64(33.675401950820245),np.float64(846.86),np.float64(28518.35089607163),np.float64(14.259175448035815),np.float64(0.9990004997501248),
2024-07-15,META,buy,np.float64(57.19341174031172),np.float64(498.63),np.float64(28518.35089607163),np.float64(14.259175448035815),np.float64(0.9990004997501248),
2024-07-15,MSFT,buy,np.float64(62.91275291434289),np.float64(453.3),np.float64(28518.35089607163),np.float64(14.259175448035815),np.float64(0.9990004997501248),
2024-07-15,NFLX,buy,np.float64(44.043785167678195),np.float64(647.5),np.float64(28518.35089607163),np.float64(14.259175448035815),np.float64(0.9990004997501248),
2024-07-22,AMZN,sell,np.float64(146.5786949839208),np.float64(185.0),np.float64(27117.058572025348),np.float64(13.558529286012675),,
2024-07-22,COST,sell,np.float64(33.675401950820245),np.float64(845.75),np.float64(28480.97119990622),np.float64(14.24048559995311),,
2024-07-22,META,sell,np.float64(57.19341174031172),np.float64(486.575),np.float64(27828.88431754217),np.float64(13.914442158771086),,
2024-07-22,MSFT,sell,np.float64(62.91275291434289),np.float64(441.79),np.float64(27794.225110027546),np.float64(13.897112555013774),,
2024-07-22,NFLX,sell,np.float64(44.043785167678195),np.float64(639.5),np.float64(28166.000614730205),np.float64(14.083000307365102),,
2024-07-22,AMAT,buy,np.float64(128.79602491158286),np.float64(216.23),np.float64(27849.56446663156),np.float64(13.92478223331578),np.float64(0.9990004997501251),
2024-07-22,AMD,buy,np.float64(180.57164278435818),np.float64(154.23),np.float64(27849.56446663156),np.float64(13.92478223331578),np.float64(0.9990004997501251),
2024-07-22,MU,buy,np.float64(241.41439378148024),np.float64(115.36),np.float64(27849.56446663156),np.float64(13.92478223331578),np.float64(0.9990004997501251),
2024-07-22,NVDA,buy,np.float64(231.40477329980524),np.float64(120.35),np.float64(27849.56446663156),np.float64(13.92478223331578),np.float64(0.9990004997501251),
2024-07-22,QCOM,buy,np.float64(145.80923804519142),np.float64(191.0),np.float64(27849.56446663156),np.float64(13.92478223331578),np.float64(0.9990004997501251),
2024-07-29,AMAT,sell,np.float64(128.79602491158286),np.float64(208.3),np.float64(26828.211989082713),np.float64(13.414105994541357),,
2024-07-29,MU,sell,np.float64(2.9815102930269104),np.float64(110.54),np.float64(329.57614779119467),np.float64(0.16478807389559733),,
2024-07-29,NVDA,sell,np.float64(231.40477329980524),np.float64(113.69),np.float64(26308.40867645486),np.float64(13.15420433822743),,
2024-07-29,QCOM,sell,np.float64(145.80923804519142),np.float64(181.5),np.float64(26464.37670520224),np.float64(13.23218835260112),,
2024-07-29,AMD,buy,np.float64(6.095330164382068),np.float64(141.19),np.float64(860.5996659091041),np.float64(0.4302998329545521),np.float64(0.999000499750125),
2024-07-29,GOOGL,buy,np.float64(155.95585939390207),np.float64(168.83),np.float64(26330.02774147249),np.float64(13.165013870736246),np.float64(0.999000499750125),
2024-07-29,INTC,buy,np.float64(838.0021559984879),np.float64(31.42),np.float64(26330.02774147249),np.float64(13.165013870736246),np.float64(0.999000499750125),
2024-07-29,TSLA,buy,np.float64(117.07437857479987),np.float64(224.9),np.float64(26330.02774147249),np.float64(13.165013870736246),np.float64(0.999000499750125),
2024-08-05,AMD,sell,np.float64(186.66697294874024),np.float64(122.16),np.float64(22803.237415418105),np.float64(11.401618707709053),,
2024-08-05,GOOGL,sell,np.float64(155.95585939390207),np.float64(155.5),np.float64(24251.13613575177),np.float64(12.125568067875886),,
2024-08-05,TSLA,sell,np.float64(117.07437857479987),np.float64(185.22),np.float64(21684.51639962443),np.float64(10.842258199812216),,
2024-08-05,AMAT,buy,np.float64(121.55046806183104),np.float64(175.16),np.float64(21290.779985710324),np.float64(10.645389992855161),np.float64(0.999000499750125),
2024-08-05,AMZN,buy,np.float64(138.06354961228405),np.float64(154.21),np.float64(21290.779985710324),np.float64(10.645389992855161),np.float64(0.999000499750125),
2024-08-05,INTC,buy,np.float64(216.8344365594088),np.float64(20.2),np.float64(4380.055618500058),np.float64(2.190027809250029),np.float64(0.999000499750125),
2024-08-05,MU,buy,np.float64(4.767657622746997),np.float64(87.63),np.float64(417.7898374813193),np.float64(0.20889491874065966),np.float64(0.999000499750125),
2024-08-05,QCOM,buy,np.float64(138.91028893919437),np.float64(153.27),np.float64(21290.779985710324),np.float64(10.645389992855161),np.float64(0.999000499750125),
2024-08-12,AMAT,sell,np.float64(121.55046806183104),np.float64(191.5),np.float64(23276.914633840643),np.float64(11.638457316920322),,
2024-08-12,AMZN,sell,np.float64(138.06354961228405),np.float64(168.14),np.float64(23214.00523180944),np.float64(11.607002615904719),,
2024-08-12,MU,sell,np.float64(243.20054111120035),np.float64(93.1),np.float64(22641.97037745275),np.float64(11.320985188726375),,
2024-08-12,QCOM,sell,np.float64(138.91028893919437),np.float64(160.56),np.float64(22303.435992077048),np.float64(11.151717996038524),,
2024-08-12,CSCO,buy,np.float64(493.8080093676503),np.float64(45.53),np.float64(22483.07866650912),np.float64(11.24153933325456),np.float64(0.9990012193706227),
2024-08-12,INTC,buy,np.float64(77.72569793425068),np.float64(19.87),np.float64(1544.4096179535609),np.float64(0.7722048089767805),np.float64(0.9990012193706227),
2024-08-12,JNJ,buy,np.float64(139.67247727221917),np.float64(160.97),np.float64(22483.07866650912),np.float64(11.24153933325456),np.float64(0.9990012193706227),
2024-08-12,KO,buy,np.float64(328.4598782543333),np.float64(68.45),np.float64(22483.07866650912),np.float64(11.24153933325456),np.float64(0.9990012193706227),
2024-08-12,PEP,buy,np.float64(130.5334339671918),np.float64(172.24),np.float64(22483.07866650912),np.float64(11.24153933325456),np.float64(0.9990012193706227),
2024-08-19,CSCO,sell,np.float64(493.8080093676503),np.float64(49.33),np.float64(24359.54910210619),np.float64(12.179774551053095),,
2024-08-19,INTC,sell,np.float64(1132.5622904921474),np.float64(20.885),np.float64(23653.5634369285),np.float64(11.82678171846425),,
2024-08-19,GOOGL,buy,np.float64(139.7462934675702),np.float64(165.28),np.float64(23097.267384320003),np.float64(11.548633692160001),np.float64(0.9990004997501248),
2024-08-19,JNJ,buy,np.float64(5.313904434945522),np.float64(159.46),np.float64(847.355201196413),np.float64(0.42367760059820647),np.float64(0.9990004997501248),
2024-08-19,KO,buy,np.float64(4.922020710662977),np.float64(69.35),np.float64(341.3421362844774),np.float64(0.1706710681422387),np.float64(0.9990004997501248),
2024-08-19,PEP,buy,np.float64(3.3701570423592684),np.float64(172.66),np.float64(581.8913149337512),np.float64(0.2909456574668756),np.float64(0.9990004997501248),
2024-08-19,XOM,buy,np.float64(195.07827182702704),np.float64(118.4),np.float64(23097.267384320003),np.float64(11.548633692160001),np.float64(0.9990004997501248),
2024-08-26,GOOGL,sell,np.float64(139.7462934675702),np.float64(166.38),np.float64(23250.988307134332),np.float64(11.625494153567166),,
2024-08-26,JNJ,sell,np.float64(144.9863817071647),np.float64(164.17),np.float64(23802.414284865226),np.float64(11.901207142432613),,
2024-08-26,KO,sell,np.float64(333.3818989649963),np.float64(69.83),np.float64(23280.05800472569),np.float64(11.640029002362846),,
2024-08-26,PEP,sell,np.float64(133.90359100955106),np.float64(176.32),np.float64(23609.881166804043),np.float64(11.804940583402022),,
2024-08-26,AMAT,buy,np.float64(116.40893180195478),np.float64(200.67),np.float64(23359.780344698265),np.float64(11.679890172349133),np.float64(0.999000499750125),
2024-08-26,INTC,buy,np.float64(1137.8363538576846),np.float64(20.53),np.float64(23359.780344698265),np.float64(11.679890172349133),np.float64(0.999000499750125),
2024-08-26,MSFT,buy,np.float64(56.10409219002141),np.float64(416.365),np.float64(23359.780344698265),np.float64(11.679890172349133),np.float64(0.999000499750125),
2024-08-26,MU,buy,np.float64(232.04311457930132),np.float64(100.67),np.float64(23359.780344698265),np.float64(11.679890172349133),np.float64(0.999000499750125),
2024-08-26,XOM,buy,np.float64(3.484408892404031),np.float64(117.76),np.float64(410.3239911694987),np.float64(0.20516199558474935),np.float64(0.999000499750125),
2024-09-03,AMAT,sell,np.float64(116.40893180195478),np.float64(193.08),np.float64(22476.23655232143),np.float64(11.238118276160714),,
2024-09-03,INTC,sell,np.float64(1137.8363538576846),np.float64(21.54),np.float64(24508.995062094524),np.float64(12.254497531047262),,
2024-09-03,MSFT,sell,np.float64(56.10409219002141),np.float64(417.91),np.float64(23446.46116713185),np.float64(11.723230583565925),,
2024-09-03,XOM,sell,np.float64(198.56268071943106),np.float64(115.84),np.float64(23001.500934538893),np.float64(11.500750467269446),,
2024-09-03,AMD,buy,np.float64(157.15359428253856),np.float64(146.41),np.float64(23008.85773890647),np.float64(11.504428869453236),np.float64(0.999000499750125),
2024-09-03,CRM,buy,np.float64(91.08090309122979),np.float64(252.62),np.float64(23008.85773890647),np.float64(11.504428869453236),np.float64(0.999000499750125),
2024-09-03,MU,buy,np.float64(13.931178681992709),np.float64(93.63),np.float64(1304.3762599949773),np.float64(0.6521881299974887),np.float64(0.999000499750125),
2024-09-03,NVDA,buy,np.float64(198.33512403160478),np.float64(116.01),np.float64(23008.85773890647),np.float64(11.504428869453236),np.float64(0.999000499750125),
2024-09-03,PEP,buy,np.float64(133.47753648280815),np.float64(172.38),np.float64(23008.85773890647),np.float64(11.504428869453236),np.float64(0.999000499750125),
2024-09-09,AMD,sell,np.float64(157.15359428253856),np.float64(136.1),np.float64(21388.604181853498),np.float64(10.69430209092675),,
2024-09-09,CRM,sell,np.float64(91.08090309122979),np.float64(246.5),np.float64(22451.442611988143),np.float64(11.225721305994071),,
2024-09-09,PEP,sell,np.float64(133.47753648280815),np.float64(177.05),np.float64(23632.197834281185),np.float64(11.816098917140593),,
2024-09-09,AMAT,buy,np.float64(124.17106140735478),np.float64(177.1),np.float64(21990.69497524253),np.float64(10.995347487621267),np.float64(0.9990018357691559),
2024-09-09,AVGO,buy,np.float64(158.08133833112308),np.float64(139.11),np.float64(21990.69497524253),np.float64(10.995347487621267),np.float64(0.9990018357691559),
2024-09-09,GOOGL,buy,np.float64(144.19182332465107),np.float64(152.51),np.float64(21990.69497524253),np.float64(10.995347487621267),np.float64(0.9990018357691559),
2024-09-09,MU,buy,np.float64(4.592173990390825),np.float64(87.85),np.float64(403.42248505583393),np.float64(0.20171124252791697),np.float64(0.9990018357691559),
2024-09-09,NVDA,buy,np.float64(11.537665599448108),np.float64(104.88),np.float64(1210.0703680701174),np.float64(0.6050351840350587),np.float64(0.9990018357691559),
2024-09-16,AMAT,sell,np.float64(124.17106140735478),np.float64(185.0),np.float64(22971.646360360635),np.float64(11.485823180180319),,
2024-09-16,AVGO,sell,np.float64(158.08133833112308),np.float64(165.19),np.float64(26113.45627891822),np.float64(13.05672813945911),,
2024-09-16,GOOGL,sell,np.float64(144.19182332465107),np.float64(157.31),np.float64(22682.81572720086),np.float64(11.34140786360043),,
2024-09-16,MU,sell,np.float64(250.56646725168486),np.float64(87.24),np.float64(21859.418603036986),np.float64(10.929709301518493),,
2024-09-16,NVDA,sell,np.float64(209.87278963105288),np.float64(116.79),np.float64(24511.043101010666),np.float64(12.255521550505334),,
2024-09-16,ADBE,buy,np.float64(43.92348284673756),np.float64(537.4),np.float64(23604.479681836765),np.float64(11.802239840918382),np.float64(0.9990005086280261),
2024-09-16,JPM,buy,np.float64(114.67949123955091),np.float64(205.83),np.float64(23604.479681836765),np.float64(11.802239840918382),np.float64(0.9990005086280261),
2024-09-16,KO,buy,np.float64(328.89061838981144),np.float64(71.77),np.float64(23604.479681836765),np.float64(11.802239840918382),np.float64(0.9990005086280261),
2024-09-16,PEP,buy,np.float64(131.86860157450707),np.float64(179.0),np.float64(23604.479681836765),np.float64(11.802239840918382),np.float64(0.9990005086280261),
2024-09-16,XOM,buy,np.float64(210.66023812437987),np.float64(112.05),np.float64(23604.479681836765),np.float64(11.802239840918382),np.float64(0.9990005086280261),
2024-09-23,JPM,sell,np.float64(114.67949123955091),np.float64(211.0),np.float64(24197.372651545244),np.float64(12.098686325772622),,
2024-09-23,KO,sell,np.float64(328.89061838981144),np.float64(71.55),np.float64(23532.123745791007),np.float64(11.766061872895504),,
2024-09-23,XOM,sell,np.float64(210.66023812437987),np.float64(115.33),np.float64(24295.445262884732),np.float64(12.147722631442367),,
2024-09-23,ADBE,buy,np.float64(0.8335701299081245),np.float64(525.71),np.float64(438.21615299400014),np.float64(0.21910807649700006),np.float64(0.9990004997501248),
2024-09-23,COST,buy,np.float64(25.91694507698324),np.float64(906.98),np.float64(23506.15084592226),np.float64(11.75307542296113),np.float64(0.9990004997501248),
2024-09-23,JNJ,buy,np.float64(142.981452834077),np.float64(164.4),np.float64(23506.15084592226),np.float64(11.75307542296113),np.float64(0.9990004997501248),
2024-09-23,PEP,buy,np.float64(5.830655014183781),np.float64(170.87),np.float64(996.2840222735828),np.float64(0.4981420111367914),np.float64(0.9990004997501248),
2024-09-23,WMT,buy,np.float64(297.28279810196364),np.float64(79.07),np.float64(23506.15084592226),np.float64(11.75307542296113),np.float64(0.9990004997501248),
2024-09-30,ADBE,sell,np.float64(44.75705297664569),np.float64(513.83),np.float64(22997.516530989855),np.float64(11.498758265494928),,
2024-09-30,PEP,sell,np.float64(1.1776489817885396),np.float64(170.58),np.float64(200.8833633134891),np.float64(0.10044168165674455),,
2024-09-30,WMT,sell,np.float64(297.28279810196364),np.float64(79.89),np.float64(23749.922740365873),np.float64(11.874961370182938),,
2024-09-30,COST,buy,np.float64(0.20875990543796133),np.float64(891.37),np.float64(186.0823169102356),np.float64(0.0930411584551178),np.float64(0.9990004997501251),
2024-09-30,JNJ,buy,np.float64(1.1521708350379103),np.float64(161.57),np.float64(186.15624181707517),np.float64(0.09307812090853759),np.float64(0.9990004997501251),
2024-09-30,KO,buy,np.float64(323.1191612203982),np.float64(72.0),np.float64(23264.579607868673),np.float64(11.632289803934336),np.float64(0.9990004997501251),
2024-09-30,MSFT,buy,np.float64(54.329837247772524),np.float64(428.21),np.float64(23264.579607868673),np.float64(11.632289803934336),np.float64(0.9990004997501251),
2024-10-07,COST,sell,np.float64(26.1257049824212),np.float64(881.6),np.float64(23032.421512502533),np.float64(11.516210756251267),,
2024-10-07,JNJ,sell,np.float64(144.1336236691149),np.float64(160.25),np.float64(23097.413192975666),np.float64(11.548706596487833),,
2024-10-07,PEP,sell,np.float64(0.26719755220384456),np.float64(167.72),np.float64(44.81437345562881),np.float64(0.022407186727814405),,
2024-10-07,INTC,buy,np.float64(1019.1852002367939),np.float64(22.4),np.float64(22829.748485304182),np.float64(11.414874242652091),np.float64(0.9990004997501247),
2024-10-07,KO,buy,np.float64(3.110270199371259),np.float64(70.05),np.float64(217.87442746595667),np.float64(0.10893721373297834),np.float64(0.9990004997501247),
2024-10-07,MSFT,buy,np.float64(0.6036685278058294),np.float64(416.0),np.float64(251.126107567225),np.float64(0.12556305378361252),np.float64(0.9990004997501247),
2024-10-07,MU,buy,np.float64(223.47052158676766),np.float64(102.16),np.float64(22829.748485304182),np.float64(11.414874242652091),np.float64(0.9990004997501247),
2024-10-14,INTC,sell,np.float64(1019.1852002367939),np.float64(23.58),np.float64(24032.3870215836),np.float64(12.0161935107918),,
2024-10-14,MSFT,sell,np.float64(54.933505775578354),np.float64(417.77),np.float64(22949.570707863368),np.float64(11.474785353931685),,
2024-10-14,MU,sell,np.float64(223.47052158676766),np.float64(107.805),np.float64(24091.239579661487),np.float64(12.045619789830743),,
2024-10-14,PEP,sell,np.float64(136.25441005469847),np.float64(174.955),np.float64(23838.390311119772),np.float64(11.919195155559887),,
2024-10-14,ADBE,buy,np.float64(46.82734976852727),np.float64(501.8),np.float64(23497.964113846985),np.float64(11.748982056923493),np.float64(0.9990004997501248),
2024-10-14,GOOGL,buy,np.float64(143.5954785739855),np.float64(163.64),np.float64(23497.964113846985),np.float64(11.748982056923493),np.float64(0.9990004997501248),
2024-10-14,KO,buy,np.float64(11.85664811409858),np.float64(69.57),np.float64(824.8670092978381),np.float64(0.41243350464891904),np.float64(0.9990004997501248),
2024-10-14,TSLA,buy,np.float64(106.74585069662011),np.float64(220.13),np.float64(23497.964113846985),np.float64(11.748982056923493),np.float64(0.9990004997501248),
2024-10-14,WMT,buy,np.float64(293.5410882429355),np.float64(80.05),np.float64(23497.964113846985),np.float64(11.748982056923493),np.float64(0.9990004997501248),
2024-10-21,ADBE,sell,np.float64(46.82734976852727),np.float64(494.6),np.float64(23160.80719551359),np.float64(11.580403597756796),,
2024-10-21,GOOGL,sell,np.float64(143.5954785739855),np.float64(162.95),np.float64(23398.883233630935),np.float64(11.699441616815468),,
2024-10-21,KO,sell,np.float64(338.08607953386803),np.float64(70.0),np.float64(23666.02556737076),np.float64(11.833012783685382),,
2024-10-21,TSLA,sell,np.float64(106.74585069662011),np.float64(218.9),np.float64(23366.66671749014),np.float64(11.68333335874507),,
2024-10-21,WMT,sell,np.float64(293.5410882429355),np.float64(81.23),np.float64(23844.34259797365),np.float64(11.922171298986825),,
2024-10-21,AMAT,buy,np.float64(126.04141305939544),np.float64(186.16),np.float64(23463.869455137054),np.float64(11.731934727568527),np.float64(0.9990004997501251),
2024-10-21,AMD,buy,np.float64(150.64117523842486),np.float64(155.76),np.float64(23463.869455137054),np.float64(11.731934727568527),np.float64(0.9990004997501251),
2024-10-21,INTC,buy,np.float64(1037.7651240662121),np.float64(22.61),np.float64(23463.869455137054),np.float64(11.731934727568527),np.float64(0.9990004997501251),
2024-10-21,META,buy,np.float64(40.73376292057194),np.float64(576.03),np.float64(23463.869455137054),np.float64(11.731934727568527),np.float64(0.9990004997501251),
2024-10-21,XOM,buy,np.float64(193.94833406461441),np.float64(120.98),np.float64(23463.869455137054),np.float64(11.731934727568527),np.float64(0.9990004997501251),
2024-10-28,AMAT,sell,np.float64(126.04141305939544),np.float64(186.52),np.float64(23509.24436383844),np.float64(11.75462218191922),,
2024-10-28,AMD,sell,np.float64(150.64117523842486),np.float64(158.5),np.float64(23876.626275290342),np.float64(11.93831313764517),,
2024-10-28,INTC,sell,np.float64(1037.7651240662121),np.float64(22.67),np.float64(23526.13536258103),np.float64(11.763067681290515),,
2024-10-28,META,sell,np.float64(40.73376292057194),np.float64(582.0),np.float64(23707.05001977287),np.float64(11.853525009886434),,
2024-10-28,XOM,sell,np.float64(193.94833406461441),np.float64(116.79),np.float64(22651.225935406317),np.float64(11.325612967703158),,
2024-10-28,AVGO,buy,np.float64(135.43707546909843),np.float64(173.0),np.float64(23430.61405615403),np.float64(11.715307028077016),np.float64(0.9990004997501247),
2024-10-28,CSCO,buy,np.float64(419.15230869685206),np.float64(55.9),np.float64(23430.61405615403),np.float64(11.715307028077016),np.float64(0.9990004997501247),
2024-10-28,JNJ,buy,np.float64(145.414349011072),np.float64(161.13),np.float64(23430.61405615403),np.float64(11.715307028077016),np.float64(0.9990004997501247),
2024-10-28,KO,buy,np.float64(349.91956475737805),np.float64(66.96),np.float64(23430.61405615403),np.float64(11.715307028077016),np.float64(0.9990004997501247),
2024-10-28,PEP,buy,np.float64(135.45273474479148),np.float64(172.98),np.float64(23430.61405615403),np.float64(11.715307028077016),np.float64(0.9990004997501247),
2024-11-04,AVGO,sell,np.float64(135.43707546909843),np.float64(169.28),np.float64(22926.788135408984),np.float64(11.463394067704492),,
2024-11-04,CSCO,sell,np.float64(419.15230869685206),np.float64(55.45),np.float64(23241.995517240448),np.float64(11.620997758620224),,
2024-11-04,JNJ,sell,np.float64(145.414349011072),np.float64(159.7),np.float64(23222.671537068196),np.float64(11.611335768534099),,
2024-11-04,KO,sell,np.float64(349.91956475737805),np.float64(65.08),np.float64(22772.76527441016),np.float64(11.386382637205081),,
2024-11-04,AAPL,buy,np.float64(103.60586654599082),np.float64(220.99),np.float64(22895.86044799851),np.float64(11.447930223999256),np.float64(0.9990004997501248),
2024-11-04,AMD,buy,np.float64(161.57981967536),np.float64(141.7),np.float64(22895.86044799851),np.float64(11.447930223999256),np.float64(0.9990004997501248),
2024-11-04,MSFT,buy,np.float64(55.87081612493536),np.float64(409.8),np.float64(22895.86044799851),np.float64(11.447930223999256),np.float64(0.9990004997501248),
2024-11-04,MU,buy,np.float64(225.57497978323656),np.float64(101.5),np.float64(22895.86044799851),np.float64(11.447930223999256),np.float64(0.9990004997501248),
2024-11-04,PEP,buy,np.float64(2.95102669696425),np.float64(165.59),np.float64(488.66051075031015),np.float64(0.24433025537515507),np.float64(0.9990004997501248),
2024-11-11,AMD,sell,np.float64(161.57981967536),np.float64(147.38),np.float64(23813.633823754557),np.float64(11.906816911877279),,
2024-11-11,MSFT,sell,np.float64(55.87081612493536),np.float64(422.515),np.float64(23606.257875027062),np.float64(11.80312893751353),,
2024-11-11,MU,sell,np.float64(225.57497978323656),np.float64(110.945),np.float64(25026.416132051178),np.float64(12.513208066025589),,
2024-11-11,AAPL,buy,np.float64(1.7599211354029227),np.float64(225.0),np.float64(395.9822554656576),np.float64(0.19799112773282881),np.float64(0.9990006783601233),
2024-11-11,JNJ,buy,np.float64(152.1912782535062),np.float64(155.62),np.float64(23684.006721810634),np.float64(11.842003360905318),np.float64(0.9990006783601233),
2024-11-11,KO,buy,np.float64(370.1204363464703),np.float64(63.99),np.float64(23684.006721810634),np.float64(11.842003360905318),np.float64(0.9990006783601233),
2024-11-11,PEP,buy,np.float64(5.789087218119948),np.float64(164.41),np.float64(951.7838295311007),np.float64(0.4758919147655503),np.float64(0.9990006783601233),
2024-11-11,WMT,buy,np.float64(278.79937282884794),np.float64(84.95),np.float64(23684.006721810634),np.float64(11.842003360905318),np.float64(0.9990006783601233),
2024-11-18,AAPL,sell,np.float64(105.36578768139374),np.float64(225.25),np.float64(23733.64367523394),np.float64(11.86682183761697),,
2024-11-18,JNJ,sell,np.float64(152.1912782535062),np.float64(152.59),np.float64(23222.86714870251),np.float64(11.611433574351254),,
2024-11-18,KO,sell,np.float64(370.1204363464703),np.float64(61.85),np.float64(22891.948988029188),np.float64(11.445974494014594),,
2024-11-18,PEP,sell,np.float64(144.1928486598757),np.float64(159.405),np.float64(22985.061040627486),np.float64(11.492530520313743),,
2024-11-18,WMT,sell,np.float64(278.79937282884794),np.float64(84.82),np.float64(23647.76280334288),np.float64(11.823881401671441),,
2024-11-18,AMAT,buy,np.float64(138.79396539100208),np.float64(167.68),np.float64(23272.972116763227),np.float64(11.636486058381614),np.float64(0.999000499750125),
2024-11-18,AMD,buy,np.float64(168.4189464613614),np.float64(138.185),np.float64(23272.972116763227),np.float64(11.636486058381614),np.float64(0.999000499750125),
2024-11-18,AVGO,buy,np.float64(140.48637037766042),np.float64(165.66),np.float64(23272.972116763227),np.float64(11.636486058381614),np.float64(0.999000499750125),
2024-11-18,META,buy,np.float64(41.77971441326158),np.float64(557.04),np.float64(23272.972116763227),np.float64(11.636486058381614),np.float64(0.999000499750125),
2024-11-18,MU,buy,np.float64(241.0582849113183),np.float64(96.545),np.float64(23272.972116763227),np.float64(11.636486058381614),np.float64(0.999000499750125),
2024-11-25,AMAT,sell,np.float64(138.79396539100208),np.float64(176.71),np.float64(24526.281624243977),np.float64(12.26314081212199),,
2024-11-25,AMD,sell,np.float64(168.4189464613614),np.float64(140.49),np.float64(23661.177788356665),np.float64(11.830588894178332),,
2024-11-25,AVGO,sell,np.float64(140.48637037766042),np.float64(165.395),np.float64(23235.743228613148),np.float64(11.617871614306575),,
2024-11-25,META,sell,np.float64(41.77971441326158),np.float64(562.1),np.float64(23484.377471694334),np.float64(11.742188735847167),,
2024-11-25,MU,sell,np.float64(241.0582849113183),np.float64(103.85),np.float64(25033.902888040404),np.float64(12.516951444020203),,
2024-11-25,AMZN,buy,np.float64(120.31020804893065),np.float64(199.28),np.float64(23975.4182599909),np.float64(11.98770912999545),np.float64(0.999000730963576),
2024-11-25,GOOGL,buy,np.float64(144.35196736703534),np.float64(166.09),np.float64(23975.4182599909),np.float64(11.98770912999545),np.float64(0.999000730963576),
2024-11-25,JNJ,buy,np.float64(154.51065450790037),np.float64(155.17),np.float64(23975.4182599909),np.float64(11.98770912999545),np.float64(0.999000730963576),
2024-11-25,MSFT,buy,np.float64(57.30536416652541),np.float64(418.38),np.float64(23975.4182599909),np.float64(11.98770912999545),np.float64(0.999000730963576),
2024-11-25,QCOM,buy,np.float64(150.8457170000686),np.float64(158.94),np.float64(23975.4182599909),np.float64(11.98770912999545),np.float64(0.999000730963576),
2024-12-02,AMZN,sell,np.float64(120.31020804893065),np.float64(209.96),np.float64(25260.33128195348),np.float64(12.63016564097674),,
2024-12-02,GOOGL,sell,np.float64(144.35196736703534),np.float64(168.765),np.float64(24361.559772697718),np.float64(12.180779886348859),,
2024-12-02,JNJ,sell,np.float64(154.51065450790037),np.float64(154.75),np.float64(23910.523785097583),np.float64(11.955261892548792),,
2024-12-02,MSFT,sell,np.float64(57.30536416652541),np.float64(421.57),np.float64(24158.222371682117),np.float64(12.07911118584106),,
2024-12-02,QCOM,sell,np.float64(150.8457170000686),np.float64(158.38),np.float64(23890.944658470864),np.float64(11.945472329235432),,
2024-12-02,CRM,buy,np.float64(73.28407139234997),np.float64(332.0),np.float64(24330.31170226019),np.float64(12.165155851130097),np.float64(0.9990012860376744),
2024-12-02,MU,buy,np.float64(249.2859805559446),np.float64(97.6),np.float64(24330.31170226019),np.float64(12.165155851130097),np.float64(0.9990012860376744),
2024-12-02,NVDA,buy,np.float64(175.2525513380407),np.float64(138.83),np.float64(24330.31170226019),np.float64(12.165155851130097),np.float64(0.9990012860376744),
2024-12-02,ORCL,buy,np.float64(131.30936209326026),np.float64(185.29),np.float64(24330.31170226019),np.float64(12.165155851130097),np.float64(0.9990012860376744),
2024-12-02,XOM,buy,np.float64(206.10175097213207),np.float64(118.05),np.float64(24330.31170226019),np.float64(12.165155851130097),np.float64(0.9990012860376744),
2024-12-09,CRM,sell,np.float64(73.28407139234997),np.float64(361.7),np.float64(26506.848622612983),np.float64(13.25342431130649),,
2024-12-09,MU,sell,np.float64(249.2859805559446),np.float64(100.65),np.float64(25090.633942955825),np.float64(12.545316971477913),,
2024-12-09,NVDA,sell,np.float64(175.2525513380407),np.float64(138.97),np.float64(24354.847059447515),np.float64(12.177423529723757),,
2024-12-09,ORCL,sell,np.float64(131.30936209326026),np.float64(196.3),np.float64(25776.02777890699),np.float64(12.888013889453497),,
2024-12-09,INTC,buy,np.float64(1197.2497205826548),np.float64(20.92),np.float64(25046.46415458914),np.float64(12.523232077294569),np.float64(0.999000508359423),
2024-12-09,JNJ,buy,np.float64(167.77054159413987),np.float64(149.29),np.float64(25046.46415458914),np.float64(12.523232077294569),np.float64(0.999000508359423),
2024-12-09,KO,buy,np.float64(399.528858742848),np.float64(62.69),np.float64(25046.46415458914),np.float64(12.523232077294569),np.float64(0.999000508359423),
2024-12-09,PEP,buy,np.float64(158.61227379259793),np.float64(157.91),np.float64(25046.46415458914),np.float64(12.523232077294569),np.float64(0.999000508359423),
2024-12-09,XOM,buy,np.float64(12.583521603373093),np.float64(114.64),np.float64(1442.5749166106914),np.float64(0.7212874583053457),np.float64(0.999000508359423),
2024-12-16,INTC,sell,np.float64(1197.2497205826548),np.float64(20.17),np.float64(24148.52686415215),np.float64(12.074263432076076),,
2024-12-16,KO,sell,np.float64(399.528858742848),np.float64(63.23),np.float64(25262.209738310277),np.float64(12.63110486915514),,
2024-12-16,PEP,sell,np.float64(158.61227379259793),np.float64(157.85),np.float64(25036.947418161584),np.float64(12.518473709080792),,
2024-12-16,XOM,sell,np.float64(218.68527257550517),np.float64(110.2),np.float64(24099.11703782067),np.float64(12.049558518910334),,
2024-12-16,ADBE,buy,np.float64(52.67264727628461),np.float64(467.19),np.float64(24608.134081007407),np.float64(12.304067040503703),np.float64(0.999000499750125),
2024-12-16,AMD,buy,np.float64(195.28715245621305),np.float64(126.01),np.float64(24608.134081007407),np.float64(12.304067040503703),np.float64(0.999000499750125),
2024-12-16,JNJ,buy,np.float64(0.10745711260653083),np.float64(146.73),np.float64(15.767182132756268),np.float64(0.007883591066378134),np.float64(0.999000499750125),
2024-12-16,NVDA,buy,np.float64(183.39643822482788),np.float64(134.18),np.float64(24608.134081007407),np.float64(12.304067040503703),np.float64(0.999000499750125),
2024-12-16,ORCL,buy,np.float64(141.55622458011624),np.float64(173.84),np.float64(24608.134081007407),np.float64(12.304067040503703),np.float64(0.999000499750125),
2024-12-23,ADBE,sell,np.float64(52.67264727628461),np.float64(447.0),np.float64(23544.67333249922),np.float64(11.772336666249611),,
2024-12-23,JNJ,sell,np.float64(167.8779987067464),np.float64(144.63),np.float64(24280.194952956732),np.float64(12.140097476478367),,
2024-12-23,NVDA,sell,np.float64(183.39643822482788),np.float64(136.28),np.float64(24993.26660127954),np.float64(12.496633300639772),,
2024-12-23,ORCL,sell,np.float64(141.55622458011624),np.float64(169.59),np.float64(24006.520126541913),np.float64(12.003260063270957),,
2024-12-23,AMD,buy,np.float64(4.191326949662176),np.float64(120.71),np.float64(505.9350760937212),np.float64(0.2529675380468606),np.float64(0.9990004997501251),
2024-12-23,COST,buy,np.float64(25.21856619027128),np.float64(953.88),np.float64(24055.485917575967),np.float64(12.027742958787984),np.float64(0.9990004997501251),
2024-12-23,META,buy,np.float64(40.79967082356846),np.float64(589.6),np.float64(24055.485917575967),np.float64(12.027742958787984),np.float64(0.9990004997501251),
2024-12-23,MU,buy,np.float64(267.2831768619552),np.float64(90.0),np.float64(24055.485917575967),np.float64(12.027742958787984),np.float64(0.9990004997501251),
2024-12-23,XOM,buy,np.float64(228.4254668842082),np.float64(105.31),np.float64(24055.485917575967),np.float64(12.027742958787984),np.float64(0.9990004997501251),
2024-12-30,AMD,sell,np.float64(199.47847940587522),np.float64(123.562),np.float64(24647.959872348754),np.float64(12.323979936174377),,
2024-12-30,META,sell,np.float64(40.79967082356846),np.float64(588.75),np.float64(24020.806197375932),np.float64(12.010403098687966),,
2024-12-30,MU,sell,np.float64(267.2831768619552),np.float64(86.985),np.float64(23249.627139337175),np.float64(11.624813569668587),,
2024-12-30,XOM,sell,np.float64(228.4254668842082),np.float64(106.3),np.float64(24281.62712979133),np.float64(12.140813564895666),,
2024-12-30,COST,buy,np.float64(0.4972077597999297),np.float64(931.0),np.float64(462.90042437373455),np.float64(0.2314502121868673),np.float64(0.9990006593779035),
2024-12-30,JNJ,buy,np.float64(165.13340612805476),np.float64(144.84),np.float64(23917.92254358745),np.float64(11.958961271793726),np.float64(0.9990006593779035),
2024-12-30,KO,buy,np.float64(383.66895321763633),np.float64(62.34),np.float64(23917.92254358745),np.float64(11.958961271793726),np.float64(0.9990006593779035),
2024-12-30,MSFT,buy,np.float64(56.13745140024281),np.float64(426.06),np.float64(23917.92254358745),np.float64(11.958961271793726),np.float64(0.9990006593779035),
2024-12-30,WMT,buy,np.float64(263.6164724301493),np.float64(90.73),np.float64(23917.92254358745),np.float64(11.958961271793726),np.float64(0.9990006593779035),
2025-01-06,JNJ,sell,np.float64(165.13340612805476),np.float64(143.51),np.float64(23698.295113437136),np.float64(11.849147556718568),,
2025-01-06,KO,sell,np.float64(383.66895321763633),np.float64(61.5),np.float64(23595.640622884635),np.float64(11.797820311442319),,
2025-01-06,MSFT,sell,np.float64(0.5899676165313607),np.float64(428.0),np.float64(252.50613987542235),np.float64(0.12625306993771118),,
2025-01-06,WMT,sell,np.float64(263.6164724301493),np.float64(90.83),np.float64(23944.28419083046),np.float64(11.972142095415231),,
2025-01-06,AAPL,buy,np.float64(97.21485251356883),np.float64(244.31),np.float64(23750.56061759),np.float64(11.875280308795),np.float64(0.9990004997501253),
2025-01-06,COST,buy,np.float64(0.18256303589393783),np.float64(917.98),np.float64(167.58921568991704),np.float64(0.08379460784495853),np.float64(0.9990004997501253),
2025-01-06,NFLX,buy,np.float64(26.723255566845943),np.float64(888.76),np.float64(23750.56061759),np.float64(11.875280308795),np.float64(0.9990004997501253),
2025-01-06,TSLA,buy,np.float64(56.121362517934784),np.float64(423.2),np.float64(23750.56061759),np.float64(11.875280308795),np.float64(0.9990004997501253),
2025-01-13,COST,sell,np.float64(25.898336985965148),np.float64(934.0),np.float64(24189.04674489145),np.float64(12.094523372445725),,
2025-01-13,MSFT,sell,np.float64(55.54748378371145),np.float64(415.235),np.float64(23065.259428929425),np.float64(11.532629714464713),,
2025-01-13,TSLA,sell,np.float64(56.121362517934784),np.float64(383.21),np.float64(21506.267330497787),np.float64(10.753133665248894),,
2025-01-13,AAPL,buy,np.float64(0.1465502116286945),np.float64(233.53),np.float64(34.223870921649024),np.float64(0.017111935460824512),np.float64(0.9990004997501247),
2025-01-13,ADBE,buy,np.float64(56.18551250285038),np.float64(404.27),np.float64(22714.117139527323),np.float64(11.357058569763662),np.float64(0.9990004997501247),
2025-01-13,NFLX,buy,np.float64(0.6196710915678092),np.float64(831.525),np.float64(515.2720044159225),np.float64(0.2576360022079613),np.float64(0.9990004997501247),
2025-01-13,ORCL,buy,np.float64(147.7437045630761),np.float64(153.74),np.float64(22714.117139527323),np.float64(11.357058569763662),np.float64(0.9990004997501247),
2025-01-13,PEP,buy,np.float64(159.07358456143515),np.float64(142.79),np.float64(22714.117139527323),np.float64(11.357058569763662),np.float64(0.9990004997501247),
2025-01-21,ADBE,sell,np.float64(56.18551250285038),np.float64(433.26),np.float64(24342.935146984953),np.float64(12.171467573492476),,
2025-01-21,NFLX,sell,np.float64(27.342926658413752),np.float64(863.53),np.float64(23611.437457340027),np.float64(11.805718728670014),,
2025-01-21,ORCL,sell,np.float64(147.7437045630761),np.float64(163.87),np.float64(24210.760866751283),np.float64(12.105380433375641),,
2025-01-21,PEP,sell,np.float64(159.07358456143515),np.float64(148.33),np.float64(23595.384797997678),np.float64(11.797692398998839),,
2025-01-21,AAPL,buy,np.float64(7.603733023294888),np.float64(224.0),np.float64(1703.236197218055),np.float64(0.8516180986090275),np.float64(0.999000499750125),
2025-01-21,COST,buy,np.float64(24.850983710636815),np.float64(945.25),np.float64(23490.392352479448),np.float64(11.745196176239725),np.float64(0.999000499750125),
2025-01-21,CSCO,buy,np.float64(388.4635745407549),np.float64(60.47),np.float64(23490.392352479448),np.float64(11.745196176239725),np.float64(0.999000499750125),
2025-01-21,META,buy,np.float64(38.021110108007036),np.float64(617.825),np.float64(23490.392352479448),np.float64(11.745196176239725),np.float64(0.999000499750125),
2025-01-21,WMT,buy,np.float64(254.00510761764107),np.float64(92.48),np.float64(23490.392352479448),np.float64(11.745196176239725),np.float64(0.999000499750125),
2025-01-27,COST,sell,np.float64(24.850983710636815),np.float64(930.0),np.float64(23111.414850892237),np.float64(11.55570742544612),,
2025-01-27,CSCO,sell,np.float64(388.4635745407549),np.float64(61.39),np.float64(23847.778841056945),np.float64(11.923889420528473),,
2025-01-27,META,sell,np.float64(38.021110108007036),np.float64(626.61),np.float64(23824.40780477829),np.float64(11.912203902389145),,
2025-01-27,WMT,sell,np.float64(254.00510761764107),np.float64(95.9),np.float64(24359.08982053178),np.float64(12.17954491026589),,
2025-01-27,AAPL,buy,np.float64(0.9681702399512789),np.float64(224.02),np.float64(216.88949715388551),np.float64(0.10844474857694276),np.float64(0.9990004997501247),
2025-01-27,JNJ,buy,np.float64(159.70142586116535),np.float64(148.45),np.float64(23707.676669089993),np.float64(11.853838334544998),np.float64(0.9990004997501247),
2025-01-27,KO,buy,np.float64(377.0904512341338),np.float64(62.87),np.float64(23707.676669089993),np.float64(11.853838334544998),np.float64(0.9990004997501247),
2025-01-27,PEP,buy,np.float64(157.08770652723294),np.float64(150.92),np.float64(23707.676669089993),np.float64(11.853838334544998),np.float64(0.9990004997501247),
2025-01-27,XOM,buy,np.float64(217.48166837069985),np.float64(109.01),np.float64(23707.676669089993),np.float64(11.853838334544998),np.float64(0.9990004997501247),
2025-02-03,AAPL,sell,np.float64(105.93330598844369),np.float64(229.99),np.float64(24363.601044282164),np.float64(12.181800522141083),,
2025-02-03,JNJ,sell,np.float64(159.70142586116535),np.float64(152.0),np.float64(24274.616730897134),np.float64(12.137308365448568),,
2025-02-03,KO,sell,np.float64(377.0904512341338),np.float64(63.18),np.float64(23824.574708972574),np.float64(11.912287354486287),,
2025-02-03,PEP,sell,np.float64(157.08770652723294),np.float64(149.755),np.float64(23524.66949098577),np.float64(11.762334745492884),,
2025-02-03,XOM,sell,np.float64(217.48166837069985),np.float64(106.64),np.float64(23192.24511505143),np.float64(11.596122557525716),,
2025-02-03,INTC,buy,np.float64(1255.2513119997093),np.float64(18.97),np.float64(23812.117388634484),np.float64(11.906058694317242),np.float64(0.9990004997501252),
2025-02-03,MSFT,buy,np.float64(57.85256897141517),np.float64(411.6),np.float64(23812.117388634484),np.float64(11.906058694317242),np.float64(0.9990004997501252),
2025-02-03,MU,buy,np.float64(268.6082051735418),np.float64(88.65),np.float64(23812.117388634484),np.float64(11.906058694317242),np.float64(0.9990004997501252),
2025-02-03,NVDA,buy,np.float64(207.5130055654421),np.float64(114.75),np.float64(23812.117388634484),np.float64(11.906058694317242),np.float64(0.9990004997501252),
2025-02-03,ORCL,buy,np.float64(145.9075820382015),np.float64(163.2),np.float64(23812.117388634484),np.float64(11.906058694317242),np.float64(0.9990004997501252),
2025-02-10,INTC,sell,np.float64(1255.2513119997093),np.float64(19.25),np.float64(24163.587755994406),np.float64(12.081793877997203),,
2025-02-10,MSFT,sell,np.float64(57.85256897141517),np.float64(413.71),np.float64(23934.186309164168),np.float64(11.967093154582084),,
2025-02-10,MU,sell,np.float64(268.6082051735418),np.float64(93.185),np.float64(25030.255599096494),np.float64(12.515127799548248),,
2025-02-10,NVDA,sell,np.float64(207.5130055654421),np.float64(130.09),np.float64(26995.366894008366),np.float64(13.497683447004183),,
2025-02-10,ORCL,sell,np.float64(145.9075820382015),np.float64(176.0),np.float64(25679.734438723463),np.float64(12.839867219361732),,
2025-02-10,AAPL,buy,np.float64(109.48938514276287),np.float64(229.57),np.float64(25135.478147224072),np.float64(12.567739073612037),np.float64(0.9990004997501251),
2025-02-10,AMD,buy,np.float64(231.79157273353073),np.float64(108.44),np.float64(25135.478147224072),np.float64(12.567739073612037),np.float64(0.9990004997501251),
2025-02-10,GOOGL,buy,np.float64(134.16321402308017),np.float64(187.35),np.float64(25135.478147224072),np.float64(12.567739073612037),np.float64(0.9990004997501251),
2025-02-10,PEP,buy,np.float64(174.12870209368947),np.float64(144.35),np.float64(25135.478147224072),np.float64(12.567739073612037),np.float64(0.9990004997501251),
2025-02-10,TSLA,buy,np.float64(70.56365106881915),np.float64(356.21),np.float64(25135.478147224072),np.float64(12.567739073612037),np.float64(0.9990004997501251),
2025-02-18,AAPL,sell,np.float64(109.48938514276287),np.float64(244.15),np.float64(26731.833382605557),np.float64(13.365916691302779),,
2025-02-18,AMD,sell,np.float64(231.79157273353073),np.float64(114.05),np.float64(26435.828870259178),np.float64(13.21791443512959),,
2025-02-18,GOOGL,sell,np.float64(134.16321402308017),np.float64(185.6),np.float64(24900.69252268368),np.float64(12.45034626134184),,
2025-02-18,TSLA,sell,np.float64(70.56365106881915),np.float64(355.01),np.float64(25050.801765941487),np.float64(12.525400882970743),,
2025-02-18,AMAT,buy,np.float64(148.87270492077178),np.float64(171.79),np.float64(25574.841978339384),np.float64(12.787420989169693),np.float64(0.9990004997501247),
2025-02-18,JPM,buy,np.float64(92.40801408563154),np.float64(276.76),np.float64(25574.841978339384),np.float64(12.787420989169693),np.float64(0.9990004997501247),
2025-02-18,MSFT,buy,np.float64(62.68343622142006),np.float64(408.0),np.float64(25574.841978339384),np.float64(12.787420989169693),np.float64(0.9990004997501247),
2025-02-18,PEP,buy,np.float64(5.015542375103069),np.float64(142.9),np.float64(716.7210054022287),np.float64(0.35836050270111436),np.float64(0.9990004997501247),
2025-02-18,XOM,buy,np.float64(235.43074637153074),np.float64(108.63),np.float64(25574.841978339384),np.float64(12.787420989169693),np.float64(0.9990004997501247),
2025-02-24,MSFT,sell,np.float64(62.68343622142006),np.float64(408.51),np.float64(25606.81053081231),np.float64(12.803405265406155),,
2025-02-24,PEP,sell,np.float64(179.14424446879255),np.float64(152.34),np.float64(27290.834202375856),np.float64(13.645417101187927),,
2025-02-24,XOM,sell,np.float64(235.43074637153074),np.float64(110.925),np.float64(26115.155541262047),np.float64(13.057577770631024),,
2025-02-24,AMAT,buy,np.float64(0.20620522210346723),np.float64(173.77),np.float64(35.8322814449195),np.float64(0.017916140722459752),np.float64(0.9990012044670435),
2025-02-24,AMZN,buy,np.float64(119.01404352580339),np.float64(217.45),np.float64(25879.603764685944),np.float64(12.939801882342973),np.float64(0.9990012044670435),
2025-02-24,JPM,buy,np.float64(5.162921236487428),np.float64(265.49),np.float64(1370.7039590750474),np.float64(0.6853519795375237),np.float64(0.9990012044670435),
2025-02-24,META,buy,np.float64(37.70997809157479),np.float64(686.28),np.float64(25879.603764685944),np.float64(12.939801882342973),np.float64(0.9990012044670435),
2025-02-24,WMT,buy,np.float64(274.7887424579098),np.float64(94.18),np.float64(25879.603764685944),np.float64(12.939801882342973),np.float64(0.9990012044670435),
2025-03-03,AMZN,sell,np.float64(119.01404352580339),np.float64(213.352),np.float64(25391.884214317204),np.float64(12.695942107158602),,
2025-03-03,JPM,sell,np.float64(97.57093532211897),np.float64(264.0),np.float64(25758.72692503941),np.float64(12.879363462519706),,
2025-03-03,META,sell,np.float64(37.70997809157479),np.float64(673.675),np.float64(25404.269490841645),np.float64(12.702134745420823),,
2025-03-03,WMT,sell,np.float64(274.7887424579098),np.float64(97.98),np.float64(26923.800986026003),np.float64(13.461900493013001),,
2025-03-03,AMAT,buy,np.float64(10.293569493428404),np.float64(159.73),np.float64(1644.191855185319),np.float64(0.8220959275926595),np.float64(0.9990004997501248),
2025-03-03,AMD,buy,np.float64(250.53209573192825),np.float64(101.515),np.float64(25432.765698226696),np.float64(12.716382849113348),np.float64(0.9990004997501248),
2025-03-03,AVGO,buy,np.float64(124.67042008934655),np.float64(204.0),np.float64(25432.765698226696),np.float64(12.716382849113348),np.float64(0.9990004997501248),
2025-03-03,QCOM,buy,np.float64(159.9645619109799),np.float64(158.99),np.float64(25432.765698226696),np.float64(12.716382849113348),np.float64(0.9990004997501248),
2025-03-03,TSLA,buy,np.float64(84.67991509031997),np.float64(300.34),np.float64(25432.765698226696),np.float64(12.716382849113348),np.float64(0.9990004997501248),
2025-03-10,AMAT,sell,np.float64(159.37247963630367),np.float64(152.42),np.float64(24291.5533461654),np.float64(12.1457766730827),,
2025-03-10,AMD,sell,np.float64(250.53209573192825),np.float64(98.57),np.float64(24694.948676296168),np.float64(12.347474338148084),,
2025-03-10,AVGO,sell,np.float64(124.67042008934655),np.float64(189.6),np.float64(23637.511648940104),np.float64(11.818755824470053),,
2025-03-10,QCOM,sell,np.float64(159.9645619109799),np.float64(157.35),np.float64(25170.423816692688),np.float64(12.585211908346345),,
2025-03-10,TSLA,sell,np.float64(84.67991509031997),np.float64(252.535),np.float64(21384.642357333953),np.float64(10.692321178666976),,
2025-03-10,COST,buy,np.float64(24.95020508273498),np.float64(955.47),np.float64(23839.17245040079),np.float64(11.919586225200396),np.float64(0.9990010692588623),
2025-03-10,INTC,buy,np.float64(1177.8247258103158),np.float64(20.24),np.float64(23839.17245040079),np.float64(11.919586225200396),np.float64(0.9990010692588623),
2025-03-10,JPM,buy,np.float64(100.9236376546327),np.float64(236.21),np.float64(23839.17245040079),np.float64(11.919586225200396),np.float64(0.9990010692588623),
2025-03-10,NFLX,buy,np.float64(27.24258910761515),np.float64(875.07),np.float64(23839.17245040079),np.float64(11.919586225200396),np.float64(0.9990010692588623),
2025-03-10,WMT,buy,np.float64(265.5879283689928),np.float64(89.76),np.float64(23839.17245040079),np.float64(11.919586225200396),np.float64(0.9990010692588623),
2025-03-17,INTC,sell,np.float64(1177.8247258103158),np.float64(24.42),np.float64(28762.479804287916),np.float64(14.381239902143959),,
2025-03-17,JPM,sell,np.float64(100.9236376546327),np.float64(231.18),np.float64(23331.526552997988),np.float64(11.665763276498994),,
2025-03-17,NFLX,sell,np.float64(27.24258910761515),np.float64(939.95),np.float64(25606.671631702862),np.float64(12.803335815851431),,
2025-03-17,AAPL,buy,np.float64(115.02816284316475),np.float64(213.31),np.float64(24536.65741607547),np.float64(12.268328708037735),np.float64(0.9990004997501247),
2025-03-17,ADBE,buy,np.float64(62.25760860681647),np.float64(394.115),np.float64(24536.65741607547),np.float64(12.268328708037735),np.float64(0.9990004997501247),
2025-03-17,COST,buy,np.float64(2.2883983656625597),np.float64(901.63),np.float64(2063.288618432334),np.float64(1.031644309216167),np.float64(0.9990004997501247),
2025-03-17,CSCO,buy,np.float64(406.23604993502437),np.float64(60.4),np.float64(24536.65741607547),np.float64(12.268328708037735),np.float64(0.9990004997501247),
2025-03-17,WMT,buy,np.float64(22.903268827258955),np.float64(85.13),np.float64(1949.7552752645547),np.float64(0.9748776376322774),np.float64(0.9990004997501247),
2025-03-24,AAPL,sell,np.float64(115.02816284316475),np.float64(221.0),np.float64(25421.22398833941),np.float64(12.710611994169705),,
2025-03-24,COST,sell,np.float64(27.238603448397537),np.float64(920.0),np.float64(25059.515172525735),np.float64(12.529757586262868),,
2025-03-24,CSCO,sell,np.float64(406.23604993502437),np.float64(61.035),np.float64(24794.61730778421),np.float64(12.397308653892106),,
2025-03-24,WMT,sell,np.float64(288.49119719625173),np.float64(86.47),np.float64(24945.83382155989),np.float64(12.472916910779945),,
2025-03-24,ADBE,buy,np.float64(1.2991878351349018),np.float64(392.47),np.float64(509.8922496553949),np.float64(0.25494612482769746),np.float64(0.9990008375815932),
2025-03-24,AMAT,buy,np.float64(160.25544772730203),np.float64(155.5),np.float64(24919.722121595463),np.float64(12.459861060797731),np.float64(0.9990008375815932),
2025-03-24,META,buy,np.float64(40.52185004405981),np.float64(614.97),np.float64(24919.722121595463),np.float64(12.459861060797731),np.float64(0.9990008375815932),
2025-03-24,MU,buy,np.float64(259.3103238459466),np.float64(96.1),np.float64(24919.722121595463),np.float64(12.459861060797731),np.float64(0.9990008375815932),
2025-03-24,PEP,buy,np.float64(171.28722632295742),np.float64(145.485),np.float64(24919.722121595463),np.float64(12.459861060797731),np.float64(0.9990008375815932),
2025-03-31,ADBE,sell,np.float64(63.55679644195137),np.float64(380.0),np.float64(24151.58264794152),np.float64(12.07579132397076),,
2025-03-31,AMAT,sell,np.float64(160.25544772730203),np.float64(142.772),np.float64(22879.990782922363),np.float64(11.439995391461181),,
2025-03-31,META,sell,np.float64(40.52185004405981),np.float64(563.5),np.float64(22834.0624998277),np.float64(11.417031249913851),,
2025-03-31,PEP,sell,np.float64(171.28722632295742),np.float64(150.2),np.float64(25727.341393708204),np.float64(12.863670696854102),,
2025-03-31,AVGO,buy,np.float64(143.24180282369903),np.float64(164.485),np.float64(23561.127937456138),np.float64(11.78056396872807),np.float64(0.999000655600952),
2025-03-31,GOOGL,buy,np.float64(153.88366493015567),np.float64(153.11),np.float64(23561.127937456138),np.float64(11.78056396872807),np.float64(0.999000655600952),
2025-03-31,MU,buy,np.float64(14.91542039771281),np.float64(86.0),np.float64(1282.7261542033016),np.float64(0.6413630771016507),np.float64(0.999000655600952),
2025-03-31,NVDA,buy,np.float64(224.11421989399923),np.float64(105.13),np.float64(23561.127937456138),np.float64(11.78056396872807),np.float64(0.999000655600952),
2025-03-31,ORCL,buy,np.float64(169.94466198395946),np.float64(138.64),np.float64(23561.127937456138),np.float64(11.78056396872807),np.float64(0.999000655600952),
2025-04-07,AVGO,sell,np.float64(143.24180282369903),np.float64(144.49),np.float64(20697.008089996274),np.float64(10.348504044998137),,
2025-04-07,GOOGL,sell,np.float64(153.88366493015567),np.float64(141.55),np.float64(21782.23277086354),np.float64(10.89111638543177),,
2025-04-07,NVDA,sell,np.float64(224.11421989399923),np.float64(87.46),np.float64(19601.029671929173),np.float64(9.800514835964586),,
2025-04-07,ORCL,sell,np.float64(169.94466198395946),np.float64(118.86),np.float64(20199.62252341342),np.float64(10.09981126170671),,
2025-04-07,AAPL,buy,np.float64(112.54261103806286),np.float64(177.2),np.float64(19942.550675944738),np.float64(9.971275337972369),np.float64(0.9990004997501248),
2025-04-07,AMD,buy,np.float64(247.18084625613207),np.float64(80.68),np.float64(19942.550675944738),np.float64(9.971275337972369),np.float64(0.9990004997501248),
2025-04-07,JPM,buy,np.float64(96.91670640008134),np.float64(205.77),np.float64(19942.550675944738),np.float64(9.971275337972369),np.float64(0.9990004997501248),
2025-04-07,MU,buy,np.float64(37.967491651741355),np.float64(63.935),np.float64(2427.4515787540836),np.float64(1.213725789377042),np.float64(0.9990004997501248),
2025-04-07,QCOM,buy,np.float64(160.06541998510906),np.float64(124.59),np.float64(19942.550675944738),np.float64(9.971275337972369),np.float64(0.9990004997501248),
2025-04-14,AAPL,sell,np.float64(112.54261103806286),np.float64(211.44),np.float64(23796.00967788801),np.float64(11.898004838944006),,
2025-04-14,AMD,sell,np.float64(247.18084625613207),np.float64(97.11),np.float64(24003.731979932985),np.float64(12.001865989966493),,
2025-04-14,JPM,sell,np.float64(96.91670640008134),np.float64(237.1),np.float64(22978.951087459285),np.float64(11.489475543729643),,
2025-04-14,MU,sell,np.float64(312.19323589540073),np.float64(74.67),np.float64(23311.468924309575),np.float64(11.655734462154788),,
2025-04-14,QCOM,sell,np.float64(160.06541998510906),np.float64(142.75),np.float64(22849.33870287432),np.float64(11.42466935143716),,
2025-04-14,ADBE,buy,np.float64(64.98991366728139),np.float64(359.51),np.float64(23364.52386252433),np.float64(11.682261931262165),np.float64(0.9990004997501251),
2025-04-14,JNJ,buy,np.float64(154.13480134923856),np.float64(151.585),np.float64(23364.52386252433),np.float64(11.682261931262165),np.float64(0.9990004997501251),
2025-04-14,KO,buy,np.float64(327.6931818025853),np.float64(71.3),np.float64(23364.52386252433),np.float64(11.682261931262165),np.float64(0.9990004997501251),
2025-04-14,PEP,buy,np.float64(162.07355620507997),np.float64(144.16),np.float64(23364.52386252433),np.float64(11.682261931262165),np.float64(0.9990004997501251),
2025-04-14,XOM,buy,np.float64(222.45571610515404),np.float64(105.03),np.float64(23364.52386252433),np.float64(11.682261931262165),np.float64(0.9990004997501251),
2025-04-21,ADBE,sell,np.float64(64.98991366728139),np.float64(344.565),np.float64(22393.24960276681),np.float64(11.196624801383406),,
2025-04-21,JNJ,sell,np.float64(154.13480134923856),np.float64(157.96),np.float64(24347.133221125725),np.float64(12.173566610562863),,
2025-04-21,KO,sell,np.float64(327.6931818025853),np.float64(73.38),np.float64(24046.125680673707),np.float64(12.023062840336854),,
2025-04-21,PEP,sell,np.float64(162.07355620507997),np.float64(142.5),np.float64(23095.481759223894),np.float64(11.547740879611947),,
2025-04-21,XOM,sell,np.float64(222.45571610515404),np.float64(105.61),np.float64(23493.54817786532),np.float64(11.74677408893266),,
2025-04-21,AMZN,buy,np.float64(138.2762046717616),np.float64(169.6),np.float64(23451.644312330765),np.float64(11.725822156165384),np.float64(0.9990004997501251),
2025-04-21,CRM,buy,np.float64(97.54042470711128),np.float64(240.43),np.float64(23451.644312330765),np.float64(11.725822156165384),np.float64(0.9990004997501251),
2025-04-21,META,buy,np.float64(47.731428916360386),np.float64(491.325),np.float64(23451.644312330765),np.float64(11.725822156165384),np.float64(0.9990004997501251),
2025-04-21,MSFT,buy,np.float64(64.63802299334583),np.float64(362.815),np.float64(23451.644312330765),np.float64(11.725822156165384),np.float64(0.9990004997501251),
2025-04-21,NVDA,buy,np.float64(237.43691720492828),np.float64(98.77),np.float64(23451.644312330765),np.float64(11.725822156165384),np.float64(0.9990004997501251),
2025-04-28,AMZN,sell,np.float64(138.2762046717616),np.float64(190.105),np.float64(26286.99788912524),np.float64(13.14349894456262),,
2025-04-28,CRM,sell,np.float64(97.54042470711128),np.float64(268.145),np.float64(26154.977183088355),np.float64(13.077488591544178),,
2025-04-28,META,sell,np.float64(47.731428916360386),np.float64(555.64),np.float64(26521.491163086484),np.float64(13.260745581543242),,
2025-04-28,MSFT,sell,np.float64(64.63802299334583),np.float64(391.955),np.float64(25335.196302356864),np.float64(12.667598151178433),,
2025-04-28,NVDA,sell,np.float64(237.43691720492828),np.float64(109.69),np.float64(26044.45544820858),np.float64(13.02222772410429),,
2025-04-28,COST,buy,np.float64(26.61478589818481),np.float64(978.5),np.float64(26042.568001373835),np.float64(13.021284000686917),np.float64(0.999000499750125),
2025-04-28,CSCO,buy,np.float64(460.7265458005101),np.float64(56.525),np.float64(26042.568001373835),np.float64(13.021284000686917),np.float64(0.999000499750125),
2025-04-28,JNJ,buy,np.float64(167.47632155224332),np.float64(155.5),np.float64(26042.568001373835),np.float64(13.021284000686917),np.float64(0.999000499750125),
2025-04-28,KO,buy,np.float64(361.32595215225575),np.float64(72.075),np.float64(26042.568001373835),np.float64(13.021284000686917),np.float64(0.999000499750125),
2025-04-28,PEP,buy,np.float64(194.49266617904283),np.float64(133.9),np.float64(26042.568001373835),np.float64(13.021284000686917),np.float64(0.999000499750125),
2025-05-05,COST,sell,np.float64(26.61478589818481),np.float64(1007.505),np.float64(26814.529866350687),np.float64(13.407264933175345),,
2025-05-05,CSCO,sell,np.float64(460.7265458005101),np.float64(59.0),np.float64(27182.866202230096),np.float64(13.591433101115049),,
2025-05-05,JNJ,sell,np.float64(167.47632155224332),np.float64(156.67),np.float64(26238.51529758996),np.float64(13.11925764879498),,
2025-05-05,AAPL,buy,np.float64(130.08898875072882),np.float64(203.1),np.float64(26421.073615273024),np.float64(13.210536807636512),np.float64(0.9990007151588124),
2025-05-05,KO,buy,np.float64(7.684112398406655),np.float64(71.67),np.float64(550.720335593805),np.float64(0.2753601677969025),np.float64(0.9990007151588124),
2025-05-05,PEP,buy,np.float64(2.80768623970078),np.float64(134.045),np.float64(376.356302000691),np.float64(0.18817815100034552),np.float64(0.9990007151588124),
2025-05-05,QCOM,buy,np.float64(191.04174703740435),np.float64(138.3),np.float64(26421.073615273024),np.float64(13.210536807636512),np.float64(0.9990007151588124),
2025-05-05,XOM,buy,np.float64(252.47084199974222),np.float64(104.65),np.float64(26421.073615273024),np.float64(13.210536807636512),np.float64(0.9990007151588124),
2025-05-12,AAPL,sell,np.float64(0.7318556879579822),np.float64(210.97),np.float64(154.3995944884955),np.float64(0.07719979724424775),,
2025-05-12,QCOM,sell,np.float64(191.04174703740435),np.float64(154.08),np.float64(29435.712383523263),np.float64(14.717856191761632),,
2025-05-12,XOM,sell,np.float64(252.47084199974222),np.float64(110.27),np.float64(27839.959747311572),np.float64(13.919979873655786),,
2025-05-12,GOOGL,buy,np.float64(173.11620505987779),np.float64(157.485),np.float64(27263.205553854856),np.float64(13.631602776927428),np.float64(0.9990007939020794),
2025-05-12,JNJ,buy,np.float64(179.3395971178454),np.float64(152.02),np.float64(27263.205553854856),np.float64(13.631602776927428),np.float64(0.9990007939020794),
2025-05-12,KO,buy,np.float64(20.02791699191142),np.float64(70.145),np.float64(1404.8582373976267),np.float64(0.7024291186988133),np.float64(0.9990007939020794),
2025-05-12,PEP,buy,np.float64(11.275325739552889),np.float64(130.835),np.float64(1475.2072431344022),np.float64(0.7376036215672012),np.float64(0.9990007939020794),
2025-05-19,AAPL,sell,np.float64(129.35713306277083),np.float64(207.91),np.float64(26894.641535080682),np.float64(13.447320767540342),,
2025-05-19,GOOGL,sell,np.float64(173.11620505987779),np.float64(164.51),np.float64(28479.346894400493),np.float64(14.239673447200246),,
2025-05-19,KO,sell,np.float64(5.3217799563513655),np.float64(72.03),np.float64(383.3278102559889),np.float64(0.19166390512799444),,
2025-05-19,COST,buy,np.float64(27.10725774090716),np.float64(1018.6),np.float64(27611.452734888033),np.float64(13.805726367444016),np.float64(0.9990004997501248),
2025-05-19,JNJ,buy,np.float64(2.6255027119994496),np.float64(151.89),np.float64(398.7876069255964),np.float64(0.1993938034627982),np.float64(0.9990004997501248),
2025-05-19,PEP,buy,np.float64(0.6046598919361708),np.float64(132.13),np.float64(79.89371152152624),np.float64(0.03994685576076312),np.float64(0.9990004997501248),
2025-05-19,XOM,buy,np.float64(256.6835803187509),np.float64(107.57),np.float64(27611.452734888033),np.float64(13.805726367444016),np.float64(0.9990004997501248),
2025-05-27,COST,sell,np.float64(27.10725774090716),np.float64(1015.0),np.float64(27513.866607020766),np.float64(13.756933303510383),,
2025-05-27,JNJ,sell,np.float64(181.96509982984483),np.float64(152.52),np.float64(27753.317026047935),np.float64(13.876658513023967),,
2025-05-27,KO,sell,np.float64(383.7162015862225),np.float64(71.74),np.float64(27527.8003017956),np.float64(13.7639001508978),,
2025-05-27,PEP,sell,np.float64(209.18033805023268),np.float64(130.08),np.float64(27210.17837357427),np.float64(13.605089186787135),,
2025-05-27,AAPL,buy,np.float64(137.8409579807708),np.float64(198.3),np.float64(27333.861967586854),np.float64(13.666930983793428),np.float64(0.9990015721046659),
2025-05-27,AMD,buy,np.float64(241.51855063032343),np.float64(113.175),np.float64(27333.861967586854),np.float64(13.666930983793428),np.float64(0.9990015721046659),
2025-05-27,CRM,buy,np.float64(100.06355853636758),np.float64(273.165),np.float64(27333.861967586854),np.float64(13.666930983793428),np.float64(0.9990015721046659),
2025-05-27,INTC,buy,np.float64(1337.2730903907461),np.float64(20.44),np.float64(27333.861967586854),np.float64(13.666930983793428),np.float64(0.9990015721046659),
2025-05-27,XOM,buy,np.float64(7.693503357322716),np.float64(103.49),np.float64(796.2006624493279),np.float64(0.39810033122466393),np.float64(0.9990015721046659),
2025-06-02,AAPL,sell,np.float64(137.8409579807708),np.float64(200.28),np.float64(27606.787064388776),np.float64(13.803393532194388),,
2025-06-02,AMD,sell,np.float64(241.51855063032343),np.float64(111.06),np.float64(26823.05023300372),np.float64(13.41152511650186),,
2025-06-02,XOM,sell,np.float64(5.602265435531287),np.float64(103.75),np.float64(581.235038936371),np.float64(0.2906175194681855),,
2025-06-02,AMAT,buy,np.float64(172.16158240130235),np.float64(155.79),np.float64(26821.05292229889),np.float64(13.410526461149447),np.float64(0.9990004997501251),
2025-06-02,CRM,buy,np.float64(1.9750089369424009),np.float64(263.11),np.float64(519.6446013989151),np.float64(0.25982230069945755),np.float64(0.9990004997501251),
2025-06-02,INTC,buy,np.float64(40.772934492666316),np.float64(19.482),np.float64(794.3383097861251),np.float64(0.3971691548930626),np.float64(0.9990004997501251),
2025-06-02,QCOM,buy,np.float64(185.22826603797574),np.float64(144.8),np.float64(26821.05292229889),np.float64(13.410526461149447),np.float64(0.9990004997501251),
2025-06-09,AMAT,sell,np.float64(172.16158240130235),np.float64(167.81),np.float64(28890.435142762548),np.float64(14.445217571381274),,
2025-06-09,CRM,sell,np.float64(102.03856747330998),np.float64(272.85),np.float64(27841.22313509263),np.float64(13.920611567546315),,
2025-06-09,INTC,sell,np.float64(1378.0460248834124),np.float64(20.22),np.float64(27864.090623142598),np.float64(13.932045311571299),,
2025-06-09,QCOM,sell,np.float64(185.22826603797574),np.float64(151.81),np.float64(28119.503067225098),np.float64(14.05975153361255),,
2025-06-09,XOM,sell,np.float64(258.7748182405423),np.float64(104.33),np.float64(26997.976787035775),np.float64(13.498988393517887),,
2025-06-09,COST,buy,np.float64(27.604819367376194),np.float64(1012.42),np.float64(27947.671223919006),np.float64(13.973835611959503),np.float64(0.9990010887300748),
2025-06-09,KO,buy,np.float64(391.6982652266154),np.float64(71.35),np.float64(27947.671223919006),np.float64(13.973835611959503),np.float64(0.9990010887300748),
2025-06-09,PEP,buy,np.float64(215.26358487190174),np.float64(129.83),np.float64(27947.671223919006),np.float64(13.973835611959503),np.float64(0.9990010887300748),
2025-06-09,TSLA,buy,np.float64(97.73450796075959),np.float64(285.955),np.float64(27947.671223919006),np.float64(13.973835611959503),np.float64(0.9990010887300748),
2025-06-09,WMT,buy,np.float64(286.93707622093433),np.float64(97.4),np.float64(27947.671223919006),np.float64(13.973835611959503),np.float64(0.9990010887300748),
2025-06-16,KO,sell,np.float64(391.6982652266154),np.float64(71.2),np.float64(27888.916484135018),np.float64(13.944458242067508),,
2025-06-16,PEP,sell,np.float64(215.26358487190174),np.float64(131.31),np.float64(28266.261329529418),np.float64(14.133130664764709),,
2025-06-16,TSLA,sell,np.float64(97.73450796075959),np.float64(331.29),np.float64(32378.465142320045),np.float64(16.189232571160023),,
2025-06-16,ADBE,buy,np.float64(72.8631914809324),np.float64(392.985),np.float64(28634.14130413422),np.float64(14.31707065206711),np.float64(0.9990016248409122),
2025-06-16,COST,buy,np.float64(1.2782033016180414),np.float64(992.33),np.float64(1268.399482294631),np.float64(0.6341997411473156),np.float64(0.9990016248409122),
2025-06-16,CRM,buy,np.float64(109.96636316346336),np.float64(260.39),np.float64(28634.14130413422),np.float64(14.31707065206711),np.float64(0.9990016248409122),
2025-06-16,CSCO,buy,np.float64(439.2413146822246),np.float64(65.19),np.float64(28634.14130413422),np.float64(14.31707065206711),np.float64(0.9990016248409122),
2025-06-16,WMT,buy,np.float64(15.55669071403522),np.float64(94.75),np.float64(1473.9964451548371),np.float64(0.7369982225774185),np.float64(0.9990016248409122),
2025-06-23,COST,sell,np.float64(28.883022668994236),np.float64(983.15),np.float64(28396.34373702168),np.float64(14.19817186851084),,
2025-06-23,CRM,sell,np.float64(109.96636316346336),np.float64(260.64),np.float64(28661.63289492509),np.float64(14.330816447462546),,
2025-06-23,CSCO,sell,np.float64(439.2413146822246),np.float64(66.345),np.float64(29141.46502259219),np.float64(14.570732511296095),,
2025-06-23,WMT,sell,np.float64(302.4937669349695),np.float64(95.92),np.float64(29015.202124402276),np.float64(14.507601062201138),,
2025-06-23,ADBE,buy,np.float64(2.757240816006133),np.float64(377.59),np.float64(1041.1065597157556),np.float64(0.5205532798578778),np.float64(0.9990006980973002),
2025-06-23,GOOGL,buy,np.float64(171.56447840783423),np.float64(166.27),np.float64(28526.0258248706),np.float64(14.2630129124353),np.float64(0.9990006980973002),
2025-06-23,JNJ,buy,np.float64(190.5037119331548),np.float64(149.74),np.float64(28526.0258248706),np.float64(14.2630129124353),np.float64(0.9990006980973002),
2025-06-23,KO,buy,np.float64(412.58353810920744),np.float64(69.14),np.float64(28526.0258248706),np.float64(14.2630129124353),np.float64(0.9990006980973002),
2025-06-23,PEP,buy,np.float64(220.6359797731503),np.float64(129.29),np.float64(28526.0258248706),np.float64(14.2630129124353),np.float64(0.9990006980973002),
2025-06-30,ADBE,sell,np.float64(75.62043229693853),np.float64(387.3),np.float64(29287.793428604295),np.float64(14.643896714302148),,
2025-06-30,GOOGL,sell,np.float64(171.56447840783423),np.float64(180.78),np.float64(31015.426406568273),np.float64(15.507713203284137),,
2025-06-30,COST,buy,np.float64(29.847319652500367),np.float64(985.16),np.float64(29404.385428857262),np.float64(14.702192714428632),np.float64(0.999000499750125),
2025-06-30,JNJ,buy,np.float64(2.9331833572352246),np.float64(152.16),np.float64(446.3131796369118),np.float64(0.2231565898184559),np.float64(0.999000499750125),
2025-06-30,KO,buy,np.float64(7.1427134485302295),np.float64(70.125),np.float64(500.88278057818235),np.float64(0.2504413902890912),np.float64(0.999000499750125),
2025-06-30,PEP,buy,np.float64(3.7118787602380525),np.float64(131.195),np.float64(486.97993394943126),np.float64(0.24348996697471564),np.float64(0.999000499750125),
2025-06-30,XOM,buy,np.float64(270.65892331422367),np.float64(108.64),np.float64(29404.385428857262),np.float64(14.702192714428632),np.float64(0.999000499750125),
2025-07-07,COST,sell,np.float64(29.847319652500367),np.float64(985.0),np.float64(29399.60985771286),np.float64(14.69980492885643),,
2025-07-07,JNJ,sell,np.float64(193.43689529039003),np.float64(156.02),np.float64(30180.024403206655),np.float64(15.090012201603328),,
2025-07-07,KO,sell,np.float64(419.72625155773767),np.float64(71.37),np.float64(29955.86257367574),np.float64(14.977931286837869),,
2025-07-07,PEP,sell,np.float64(224.34785853338835),np.float64(135.53),np.float64(30405.865267030124),np.float64(15.202932633515061),,
2025-07-07,XOM,sell,np.float64(270.65892331422367),np.float64(111.54),np.float64(30189.29630646851),np.float64(15.094648153234255),,
2025-07-07,ADBE,buy,np.float64(79.16632503431043),np.float64(378.9),np.float64(29996.12055550022),np.float64(14.99806027775011),np.float64(0.9990004997501251),
2025-07-07,AMD,buy,np.float64(219.65524718438942),np.float64(136.56),np.float64(29996.12055550022),np.float64(14.99806027775011),np.float64(0.9990004997501251),
2025-07-07,MU,buy,np.float64(247.5335909844877),np.float64(121.18),np.float64(29996.12055550022),np.float64(14.99806027775011),np.float64(0.9990004997501251),
2025-07-07,NFLX,buy,np.float64(23.163027455984725),np.float64(1295.0),np.float64(29996.12055550022),np.float64(14.99806027775011),np.float64(0.9990004997501251),
2025-07-07,TSLA,buy,np.float64(102.94855529224085),np.float64(291.37),np.float64(29996.12055550022),np.float64(14.99806027775011),np.float64(0.9990004997501251),
2025-07-14,AMD,sell,np.float64(219.65524718438942),np.float64(145.09),np.float64(31869.779813983063),np.float64(15.934889906991533),,
2025-07-14,MU,sell,np.float64(247.5335909844877),np.float64(120.38),np.float64(29798.093682712628),np.float64(14.899046841356315),,
2025-07-14,TSLA,sell,np.float64(102.94855529224085),np.float64(317.73),np.float64(32709.84447300369),np.float64(16.354922236501846),,
2025-07-14,ADBE,buy,np.float64(4.514125877909607),np.float64(363.185),np.float64(1639.4628069686007),np.float64(0.8197314034843004),np.float64(0.9990004997501248),
2025-07-14,CRM,buy,np.float64(117.41201435275912),np.float64(258.6),np.float64(30362.74691162351),np.float64(15.181373455811755),np.float64(0.9990004997501248),
2025-07-14,JPM,buy,np.float64(105.76774623479818),np.float64(287.07),np.float64(30362.74691162351),np.float64(15.181373455811755),np.float64(0.9990004997501248),
2025-07-14,NFLX,buy,np.float64(1.2496356163633606),np.float64(1244.91),np.float64(1555.6838751669113),np.float64(0.7778419375834557),np.float64(0.9990004997501248),
2025-07-14,WMT,buy,np.float64(321.26491283063706),np.float64(94.51),np.float64(30362.74691162351),np.float64(15.181373455811755),np.float64(0.9990004997501248),
2025-07-21,ADBE,sell,np.float64(83.68045091222004),np.float64(366.49),np.float64(30668.048454819524),np.float64(15.334024227409762),,
2025-07-21,CRM,sell,np.float64(117.41201435275912),np.float64(263.62),np.float64(30952.15522367436),np.float64(15.47607761183718),,
2025-07-21,JPM,sell,np.float64(105.76774623479818),np.float64(291.0),np.float64(30778.41415432627),np.float64(15.389207077163135),,
2025-07-21,WMT,sell,np.float64(321.26491283063706),np.float64(95.255),np.float64(30602.089271682333),np.float64(15.301044635841167),,
2025-07-21,AMAT,buy,np.float64(159.64150382523442),np.float64(190.79),np.float64(30458.002514816475),np.float64(15.229001257408237),np.float64(0.999000499750125),
2025-07-21,COST,buy,np.float64(32.010175946460336),np.float64(951.51),np.float64(30458.002514816475),np.float64(15.229001257408237),np.float64(0.999000499750125),
2025-07-21,MU,buy,np.float64(268.1516266656379),np.float64(113.585),np.float64(30458.002514816475),np.float64(15.229001257408237),np.float64(0.999000499750125),
2025-07-21,NFLX,buy,np.float64(0.8671291938232526),np.float64(1206.0),np.float64(1045.7578077508426),np.float64(0.5228789038754214),np.float64(0.999000499750125),
2025-07-21,XOM,buy,np.float64(283.0669378700416),np.float64(107.6),np.float64(30458.002514816475),np.float64(15.229001257408237),np.float64(0.999000499750125),
2025-07-28,MU,sell,np.float64(268.1516266656379),np.float64(111.72),np.float64(29957.899731085065),np.float64(14.978949865542532),,
2025-07-28,XOM,sell,np.float64(283.0669378700416),np.float64(111.0),np.float64(31420.430103574618),np.float64(15.710215051787308),,
2025-07-28,AMAT,buy,np.float64(0.5168919868852522),np.float64(189.01),np.float64(97.69775444118152),np.float64(0.04884887722059076),np.float64(0.999000499750125),
2025-07-28,COST,buy,np.float64(0.3482528996242322),np.float64(935.5),np.float64(325.79058759846924),np.float64(0.16289529379923462),np.float64(0.999000499750125),
2025-07-28,INTC,buy,np.float64(1452.5158324299405),np.float64(20.82),np.float64(30241.37963119136),np.float64(15.12068981559568),np.float64(0.999000499750125),
2025-07-28,KO,buy,np.float64(439.9386038869852),np.float64(68.74),np.float64(30241.37963119136),np.float64(15.12068981559568),np.float64(0.999000499750125),
2025-07-28,NFLX,buy,np.float64(0.3477265274556845),np.float64(1181.2),np.float64(410.7345742306546),np.float64(0.20536728711532728),np.float64(0.999000499750125),
2025-08-04,AMAT,sell,np.float64(160.15839581211966),np.float64(182.0),np.float64(29148.82803780578),np.float64(14.574414018902889),,
2025-08-04,COST,sell,np.float64(32.35842884608457),np.float64(952.6),np.float64(30824.639318780162),np.float64(15.412319659390082),,
2025-08-04,INTC,sell,np.float64(1452.5158324299405),np.float64(19.515),np.float64(28345.84646987029),np.float64(14.172923234935144),,
2025-08-04,KO,sell,np.float64(439.9386038869852),np.float64(68.715),np.float64(30230.38116609419),np.float64(15.115190583047095),,
2025-08-04,NFLX,sell,np.float64(25.627518793627022),np.float64(1167.65),np.float64(29923.972319378594),np.float64(14.961986159689298),,
2025-08-04,AAPL,buy,np.float64(145.09895873390215),np.float64(204.505),np.float64(29673.46255587666),np.float64(14.83673127793833),np.float64(0.999000641300566),
2025-08-04,ADBE,buy,np.float64(84.50126026847208),np.float64(351.16),np.float64(29673.46255587666),np.float64(14.83673127793833),np.float64(0.999000641300566),
2025-08-04,AMZN,buy,np.float64(136.4924680583103),np.float64(217.4),np.float64(29673.46255587666),np.float64(14.83673127793833),np.float64(0.999000641300566),
2025-08-04,CRM,buy,np.float64(118.22096635807435),np.float64(251.0),np.float64(29673.46255587666),np.float64(14.83673127793833),np.float64(0.999000641300566),
2025-08-04,QCOM,buy,np.float64(199.80784159906176),np.float64(148.51),np.float64(29673.46255587666),np.float64(14.83673127793833),np.float64(0.999000641300566),
2025-08-11,AAPL,sell,np.float64(145.09895873390215),np.float64(227.92),np.float64(33070.95467463098),np.float64(16.53547733731549),,
2025-08-11,AMZN,sell,np.float64(136.4924680583103),np.float64(221.78),np.float64(30271.29956597206),np.float64(15.135649782986029),,
2025-08-11,QCOM,sell,np.float64(199.80784159906176),np.float64(148.575),np.float64(29686.4500655806),np.float64(14.8432250327903),,
2025-08-11,ADBE,buy,np.float64(4.9207686944798255),np.float64(334.53),np.float64(1646.144751364336),np.float64(0.823072375682168),np.float64(0.9990007023305603),
2025-08-11,CRM,buy,np.float64(6.985498197892262),np.float64(238.92),np.float64(1668.9752294404193),np.float64(0.8344876147202097),np.float64(0.9990007023305603),
2025-08-11,JPM,buy,np.float64(103.26918796131329),np.float64(289.4),np.float64(29886.102996004065),np.float64(14.943051498002033),np.float64(0.9990007023305603),
2025-08-11,MSFT,buy,np.float64(57.22018570937022),np.float64(522.3),np.float64(29886.102996004065),np.float64(14.943051498002033),np.float64(0.9990007023305603),
2025-08-11,XOM,buy,np.float64(279.0225282046874),np.float64(107.11),np.float64(29886.102996004065),np.float64(14.943051498002033),np.float64(0.9990007023305603),
2025-08-18,ADBE,sell,np.float64(89.42202896295191),np.float64(355.68),np.float64(31805.627261542737),np.float64(15.90281363077137),,
2025-08-18,CRM,sell,np.float64(125.20646455596662),np.float64(239.77),np.float64(30020.754006584117),np.float64(15.010377003292058),,
2025-08-18,JPM,sell,np.float64(103.26918796131329),np.float64(290.0),np.float64(29948.064508780855),np.float64(14.974032254390428),,
2025-08-18,MSFT,sell,np.float64(57.22018570937022),np.float64(521.585),np.float64(29845.19056322187),np.float64(14.922595281610935),,
2025-08-18,XOM,sell,np.float64(279.0225282046874),np.float64(106.1),np.float64(29604.29024251733),np.float64(14.802145121258665),,
2025-08-18,AMAT,buy,np.float64(187.06986278479104),np.float64(161.81),np.float64(30269.77449720704),np.float64(15.13488724860352),np.float64(0.9990014109513337),
2025-08-18,COST,buy,np.float64(31.100148461118916),np.float64(973.3),np.float64(30269.77449720704),np.float64(15.13488724860352),np.float64(0.9990014109513337),
2025-08-18,CSCO,buy,np.float64(458.0777012289201),np.float64(66.08),np.float64(30269.77449720704),np.float64(15.13488724860352),np.float64(0.9990014109513337),
2025-08-18,KO,buy,np.float64(432.5489353702063),np.float64(69.98),np.float64(30269.77449720704),np.float64(15.13488724860352),np.float64(0.9990014109513337),
2025-08-18,WMT,buy,np.float64(302.6977449720704),np.float64(100.0),np.float64(30269.77449720704),np.float64(15.13488724860352),np.float64(0.9990014109513337),
2025-08-25,AMAT,sell,np.float64(187.06986278479104),np.float64(162.31),np.float64(30363.309428599434),np.float64(15.181654714299718),,
2025-08-25,COST,sell,np.float64(31.100148461118916),np.float64(954.96),np.float64(29699.397774430123),np.float64(14.849698887215062),,
2025-08-25,CSCO,sell,np.float64(458.0777012289201),np.float64(67.28),np.float64(30819.467738681746),np.float64(15.409733869340872),,
2025-08-25,KO,sell,np.float64(432.5489353702063),np.float64(70.11),np.float64(30326.005858805165),np.float64(15.163002929402582),,
2025-08-25,AMD,buy,np.float64(181.82468981030163),np.float64(165.55),np.float64(30101.077398095436),np.float64(15.050538699047719),np.float64(0.9990008542976175),
2025-08-25,AVGO,buy,np.float64(102.80071513300582),np.float64(292.81),np.float64(30101.077398095436),np.float64(15.050538699047719),np.float64(0.9990008542976175),
2025-08-25,META,buy,np.float64(39.878484139391425),np.float64(754.82),np.float64(30101.077398095436),np.float64(15.050538699047719),np.float64(0.9990008542976175),
2025-08-25,MSFT,buy,np.float64(59.41432090104304),np.float64(506.63),np.float64(30101.077398095436),np.float64(15.050538699047719),np.float64(0.9990008542976175),
2025-08-25,WMT,buy,np.float64(7.92507972631498),np.float64(97.0),np.float64(768.732733452553),np.float64(0.3843663667262765),np.float64(0.9990008542976175),
2025-09-02,AVGO,sell,np.float64(102.80071513300582),np.float64(289.34),np.float64(29744.358916583904),np.float64(14.872179458291953),,
2025-09-02,META,sell,np.float64(39.878484139391425),np.float64(726.04),np.float64(28953.37462456375),np.float64(14.476687312281875),,
2025-09-02,MSFT,sell,np.float64(59.41432090104304),np.float64(500.465),np.float64(29734.788109740504),np.float64(14.867394054870253),,
2025-09-02,WMT,sell,np.float64(310.6228246983854),np.float64(97.23),np.float64(30201.857245424013),np.float64(15.100928622712006),,
2025-09-02,AMD,buy,np.float64(4.307909929130376),np.float64(158.42),np.float64(682.4590909728341),np.float64(0.3412295454864171),np.float64(0.9990004997501248),
2025-09-02,COST,buy,np.float64(31.383393538125816),np.float64(938.66),np.float64(29458.33617849718),np.float64(14.72916808924859),np.float64(0.9990004997501248),
2025-09-02,KO,buy,np.float64(427.1800489921285),np.float64(68.96),np.float64(29458.33617849718),np.float64(14.72916808924859),np.float64(0.9990004997501248),
2025-09-02,NVDA,buy,np.float64(173.2843304617481),np.float64(170.0),np.float64(29458.33617849718),np.float64(14.72916808924859),np.float64(0.9990004997501248),
2025-09-02,ORCL,buy,np.float64(132.69520801124855),np.float64(222.0),np.float64(29458.33617849718),np.float64(14.72916808924859),np.float64(0.9990004997501248),
2025-09-08,COST,sell,np.float64(31.383393538125816),np.float64(963.73),np.float64(30245.117854497992),np.float64(15.122558927248996),,
2025-09-08,KO,sell,np.float64(427.1800489921285),np.float64(67.855),np.float64(28986.30222436088),np.float64(14.49315111218044),,
2025-09-08,ORCL,sell,np.float64(132.69520801124855),np.float64(239.89),np.float64(31832.253449818414),np.float64(15.916126724909207),,
2025-09-08,AMD,buy,np.float64(9.31577644839266),np.float64(151.8),np.float64(1414.1348648660057),np.float64(0.7070674324330029),np.float64(0.9990004997501248),
2025-09-08,CSCO,buy,np.float64(444.2569349082053),np.float64(66.72),np.float64(29640.82269707546),np.float64(14.82041134853773),np.float64(0.9990004997501248),
2025-09-08,MSFT,buy,np.float64(59.50717759724447),np.float64(498.105),np.float64(29640.82269707546),np.float64(14.82041134853773),np.float64(0.9990004997501248),
2025-09-08,NVDA,buy,np.float64(3.796194617358782),np.float64(167.55),np.float64(636.052408138464),np.float64(0.318026204069232),np.float64(0.9990004997501248),
2025-09-08,XOM,buy,np.float64(270.12505875399125),np.float64(109.73),np.float64(29640.82269707546),np.float64(14.82041134853773),np.float64(0.9990004997501248),
2025-09-15,AMD,sell,np.float64(195.44837618782466),np.float64(160.01),np.float64(31273.69467381382),np.float64(15.63684733690691),,
2025-09-15,CSCO,sell,np.float64(444.2569349082053),np.float64(66.505),np.float64(29545.307456070193),np.float64(14.772653728035097),,
2025-09-15,MSFT,sell,np.float64(59.50717759724447),np.float64(508.79),np.float64(30276.656889702015),np.float64(15.138328444851007),,
2025-09-15,NVDA,sell,np.float64(177.0805250791069),np.float64(175.67),np.float64(31107.735840646706),np.float64(15.553867920323354),,
2025-09-15,XOM,sell,np.float64(270.12505875399125),np.float64(112.18),np.float64(30302.62909102274),np.float64(15.15131454551137),,
2025-09-15,AAPL,buy,np.float64(128.56992747890243),np.float64(237.0),np.float64(30471.07281249988),np.float64(15.23553640624994),np.float64(0.9990005055528456),
2025-09-15,CRM,buy,np.float64(125.26648638232221),np.float64(243.25),np.float64(30471.07281249988),np.float64(15.23553640624994),np.float64(0.9990005055528456),
2025-09-15,KO,buy,np.float64(456.9746972480485),np.float64(66.68),np.float64(30471.07281249988),np.float64(15.23553640624994),np.float64(0.9990005055528456),
2025-09-15,NFLX,buy,np.float64(25.640418051581854),np.float64(1188.4),np.float64(30471.07281249988),np.float64(15.23553640624994),np.float64(0.9990005055528456),
2025-09-15,PEP,buy,np.float64(212.49745676278724),np.float64(143.395),np.float64(30471.07281249988),np.float64(15.23553640624994),np.float64(0.9990005055528456),
2025-09-22,AAPL,sell,np.float64(128.56992747890243),np.float64(248.3),np.float64(31923.912993011476),np.float64(15.961956496505739),,
2025-09-22,CRM,sell,np.float64(125.26648638232221),np.float64(245.28),np.float64(30725.363779855994),np.float64(15.362681889927996),,
2025-09-22,NFLX,sell,np.float64(25.640418051581854),np.float64(1221.9),np.float64(31330.02681722787),np.float64(15.665013408613936),,
2025-09-22,PEP,sell,np.float64(212.49745676278724),np.float64(141.08),np.float64(29979.141200094025),np.float64(14.989570600047013),,
2025-09-22,AVGO,buy,np.float64(89.9991922854781),np.float64(342.425),np.float64(30817.97341835484),np.float64(15.40898670917742),np.float64(0.9990007097516674),
2025-09-22,COST,buy,np.float64(32.52985715092211),np.float64(947.375),np.float64(30817.97341835484),np.float64(15.40898670917742),np.float64(0.9990007097516674),
2025-09-22,JNJ,buy,np.float64(175.01262660204918),np.float64(176.09),np.float64(30817.97341835484),np.float64(15.40898670917742),np.float64(0.9990007097516674),
2025-09-22,KO,buy,np.float64(9.291708527134087),np.float64(66.16),np.float64(614.7394361551911),np.float64(0.30736971807759556),np.float64(0.9990007097516674),
2025-09-22,WMT,buy,np.float64(300.8098918336246),np.float64(102.45),np.float64(30817.97341835484),np.float64(15.40898670917742),np.float64(0.9990007097516674),
2025-09-29,AVGO,sell,np.float64(89.9991922854781),np.float64(336.0),np.float64(30239.728607920642),np.float64(15.119864303960322),,
2025-09-29,JNJ,sell,np.float64(175.01262660204918),np.float64(179.825),np.float64(31471.64557871349),np.float64(15.735822789356746),,
2025-09-29,WMT,sell,np.float64(300.8098918336246),np.float64(103.05),np.float64(30998.459353455015),np.float64(15.499229676727508),,
2025-09-29,AMZN,buy,np.float64(139.02662330245894),np.float64(220.08),np.float64(30596.979256405168),np.float64(15.298489628202583),np.float64(0.9990004997501248),
2025-09-29,COST,buy,np.float64(0.8930784067863508),np.float64(916.34),np.float64(818.3634672746047),np.float64(0.4091817336373023),np.float64(0.9990004997501248),
2025-09-29,GOOGL,buy,np.float64(123.44958344323247),np.float64(247.85),np.float64(30596.979256405168),np.float64(15.298489628202583),np.float64(0.9990004997501248),
2025-09-29,KO,buy,np.float64(0.1198233867802083),np.float64(65.67),np.float64(7.868801809856279),np.float64(0.00393440090492814),np.float64(0.9990004997501248),
2025-09-29,META,buy,np.float64(40.865716498030196),np.float64(748.72),np.float64(30596.979256405168),np.float64(15.298489628202583),np.float64(0.9990004997501248),
2025-10-06,AMZN,sell,np.float64(139.02662330245894),np.float64(221.0),np.float64(30724.883749843426),np.float64(15.362441874921712),,
2025-10-06,COST,sell,np.float64(33.42293555770846),np.float64(915.5),np.float64(30598.697503082098),np.float64(15.29934875154105),,
2025-10-06,GOOGL,sell,np.float64(123.44958344323247),np.float64(244.78),np.float64(30217.989035234445),np.float64(15.108994517617223),,
2025-10-06,KO,sell,np.float64(466.3862291619628),np.float64(66.49),np.float64(31010.020376978904),np.float64(15.505010188489452),,
2025-10-06,ADBE,buy,np.float64(87.17504229658175),np.float64(346.93),np.float64(30243.637423953107),np.float64(15.121818711976553),np.float64(0.9990004997501251),
2025-10-06,JPM,buy,np.float64(97.50350578358729),np.float64(310.18),np.float64(30243.637423953107),np.float64(15.121818711976553),np.float64(0.9990004997501251),
2025-10-06,META,buy,np.float64(2.062651111175188),np.float64(705.185),np.float64(1454.550623834075),np.float64(0.7272753119170375),np.float64(0.9990004997501251),
2025-10-06,NFLX,buy,np.float64(26.063787777995906),np.float64(1160.37),np.float64(30243.637423953107),np.float64(15.121818711976553),np.float64(0.9990004997501251),
2025-10-06,XOM,buy,np.float64(266.95769638938214),np.float64(113.29),np.float64(30243.637423953107),np.float64(15.121818711976553),np.float64(0.9990004997501251),
2025-10-13,ADBE,sell,np.float64(87.17504229658175),np.float64(339.25),np.float64(29574.13309911536),np.float64(14.78706654955768),,
2025-10-13,META,sell,np.float64(42.92836760920538),np.float64(713.01),np.float64(30608.355389039527),np.float64(15.304177694519764),,
2025-10-13,NFLX,sell,np.float64(26.063787777995906),np.float64(1221.35),np.float64(31833.007202655295),np.float64(15.916503601327648),,
2025-10-13,AAPL,buy,np.float64(121.45121119710363),np.float64(249.38),np.float64(30287.503048333703),np.float64(15.143751524166852),np.float64(0.9990004997501248),
2025-10-13,GOOGL,buy,np.float64(126.08760271568087),np.float64(240.21),np.float64(30287.503048333703),np.float64(15.143751524166852),np.float64(0.9990004997501248),
2025-10-13,JPM,buy,np.float64(1.7022704880456723),np.float64(305.6),np.float64(520.2138611467575),np.float64(0.26010693057337875),np.float64(0.9990004997501248),
2025-10-13,QCOM,buy,np.float64(194.21290829325878),np.float64(155.95),np.float64(30287.503048333703),np.float64(15.143751524166852),np.float64(0.9990004997501248),
2025-10-13,XOM,buy,np.float64(4.848513302196181),np.float64(111.54),np.float64(540.803173726962),np.float64(0.270401586863481),np.float64(0.9990004997501248),
2025-10-20,AAPL,sell,np.float64(121.45121119710363),np.float64(255.885),np.float64(31077.54317717086),np.float64(15.538771588585432),,
2025-10-20,GOOGL,sell,np.float64(126.08760271568087),np.float64(254.69),np.float64(32113.25153565676),np.float64(16.05662576782838),,
2025-10-20,QCOM,sell,np.float64(194.21290829325878),np.float64(163.34),np.float64(31722.73644062089),np.float64(15.861368220310446),,
2025-10-20,XOM,sell,np.float64(271.8062096915783),np.float64(112.0),np.float64(30442.295485456772),np.float64(15.221147742728386),,
2025-10-20,ADBE,buy,np.float64(92.52561531842238),np.float64(334.64),np.float64(30962.771910156865),np.float64(15.481385955078434),np.float64(0.9990004997501248),
2025-10-20,AMZN,buy,np.float64(144.76702782007138),np.float64(213.88),np.float64(30962.771910156865),np.float64(15.481385955078434),np.float64(0.9990004997501248),
2025-10-20,JPM,buy,np.float64(4.621259022542502),np.float64(298.5),np.float64(1379.445818228937),np.float64(0.6897229091144685),np.float64(0.9990004997501248),
2025-10-20,MSFT,buy,np.float64(60.167450904873334),np.float64(514.61),np.float64(30962.771910156865),np.float64(15.481385955078434),np.float64(0.9990004997501248),
2025-10-20,NFLX,buy,np.float64(25.63408623421866),np.float64(1207.875),np.float64(30962.771910156865),np.float64(15.481385955078434),np.float64(0.9990004997501248),
2025-10-27,ADBE,sell,np.float64(92.52561531842238),np.float64(355.57),np.float64(32899.333038771445),np.float64(16.449666519385723),,
2025-10-27,AMZN,sell,np.float64(144.76702782007138),np.float64(227.66),np.float64(32957.66155351745),np.float64(16.478830776758723),,
2025-10-27,JPM,sell,np.float64(103.82703529417546),np.float64(302.16),np.float64(31372.37698448806),np.float64(15.68618849224403),,
2025-10-27,MSFT,sell,np.float64(60.167450904873334),np.float64(531.78),np.float64(31995.84704219354),np.float64(15.997923521096771),,
2025-10-27,COST,buy,np.float64(33.8165633795976),np.float64(930.21),np.float64(31456.505421335485),np.float64(15.728252710667743),np.float64(0.9990004997501251),
2025-10-27,JNJ,buy,np.float64(165.56926902118786),np.float64(189.99),np.float64(31456.505421335485),np.float64(15.728252710667743),np.float64(0.9990004997501251),
2025-10-27,NFLX,buy,np.float64(2.970950689424385),np.float64(1100.67),np.float64(3270.036295328738),np.float64(1.635018147664369),np.float64(0.9990004997501251),
2025-10-27,PEP,buy,np.float64(208.30743276164154),np.float64(151.01),np.float64(31456.505421335485),np.float64(15.728252710667743),np.float64(0.9990004997501251),
2025-10-27,WMT,buy,np.float64(295.81065846657407),np.float64(106.34),np.float64(31456.505421335485),np.float64(15.728252710667743),np.float64(0.9990004997501251),
2025-11-03,JNJ,sell,np.float64(165.56926902118786),np.float64(189.0),np.float64(31292.591845004506),np.float64(15.646295922502254),,
2025-11-03,NFLX,sell,np.float64(28.605036923643045),np.float64(1133.24),np.float64(32416.372043349245),np.float64(16.208186021674624),,
2025-11-03,ADBE,buy,np.float64(90.89262684632342),np.float64(340.31),np.float64(30931.669842072326),np.float64(15.465834921036164),np.float64(0.9990008443583319),
2025-11-03,COST,buy,np.float64(0.11866023117798494),np.float64(912.4),np.float64(108.26559492679345),np.float64(0.05413279746339673),np.float64(0.9990008443583319),
2025-11-03,META,buy,np.float64(47.15193573486635),np.float64(656.0),np.float64(30931.669842072326),np.float64(15.465834921036164),np.float64(0.9990008443583319),
2025-11-03,PEP,buy,np.float64(3.9648002663715523),np.float64(145.86),np.float64(578.3057668529547),np.float64(0.2891528834264773),np.float64(0.9990008443583319),
2025-11-03,WMT,buy,np.float64(11.301049245805151),np.float64(100.815),np.float64(1139.3152797158464),np.float64(0.5696576398579232),np.float64(0.9990008443583319),
2025-11-10,ADBE,sell,np.float64(90.89262684632342),np.float64(328.0),np.float64(29812.781605594082),np.float64(14.906390802797041),,
2025-11-10,COST,sell,np.float64(33.93522361077559),np.float64(919.0),np.float64(31186.470498302766),np.float64(15.593235249151384),,
2025-11-10,META,sell,np.float64(47.15193573486635),np.float64(631.09),np.float64(29757.115122916806),np.float64(14.878557561458404),,
2025-11-10,PEP,sell,np.float64(212.2722330280131),np.float64(142.49),np.float64(30246.670484161587),np.float64(15.123335242080794),,
2025-11-10,WMT,sell,np.float64(307.1117077123792),np.float64(102.15),np.float64(31371.460942819536),np.float64(15.685730471409768),,
2025-11-10,AMD,buy,np.float64(125.7333308314087),np.float64(242.135),np.float64(30444.440060863144),np.float64(15.222220030431572),np.float64(0.9990004997501248),
2025-11-10,CRM,buy,np.float64(126.85183358692977),np.float64(240.0),np.float64(30444.440060863144),np.float64(15.222220030431572),np.float64(0.9990004997501248),
2025-11-10,MSFT,buy,np.float64(60.884618198452394),np.float64(500.035),np.float64(30444.440060863144),np.float64(15.222220030431572),np.float64(0.9990004997501248),
2025-11-10,NVDA,buy,np.float64(156.03731259732018),np.float64(195.11),np.float64(30444.440060863144),np.float64(15.222220030431572),np.float64(0.9990004997501248),
2025-11-10,QCOM,buy,np.float64(175.21475676016888),np.float64(173.755),np.float64(30444.440060863144),np.float64(15.222220030431572),np.float64(0.9990004997501248),
2025-11-17,AMD,sell,np.float64(125.7333308314087),np.float64(242.745),np.float64(30521.137392670305),np.float64(15.260568696335152),,
2025-11-17,CRM,sell,np.float64(126.85183358692977),np.float64(242.07),np.float64(30707.02335638809),np.float64(15.353511678194046),,
2025-11-17,MSFT,sell,np.float64(60.884618198452394),np.float64(508.45),np.float64(30956.78412300312),np.float64(15.47839206150156),,
2025-11-17,NVDA,sell,np.float64(156.03731259732018),np.float64(185.965),np.float64(29017.47883716065),np.float64(14.508739418580324),,
2025-11-17,QCOM,sell,np.float64(175.21475676016888),np.float64(172.8),np.float64(30277.109968157183),np.float64(15.138554984078592),,
2025-11-17,AMZN,buy,np.float64(129.75616707019756),np.float64(233.25),np.float64(30265.62596912358),np.float64(15.13281298456179),np.float64(0.9990004997501251),
2025-11-17,INTC,buy,np.float64(853.8757502926669),np.float64(35.445),np.float64(30265.62596912358),np.float64(15.13281298456179),np.float64(0.9990004997501251),
2025-11-17,JPM,buy,np.float64(99.55798016159072),np.float64(304.0),np.float64(30265.62596912358),np.float64(15.13281298456179),np.float64(0.9990004997501251),
2025-11-17,ORCL,buy,np.float64(138.69953700162037),np.float64(218.21),np.float64(30265.62596912358),np.float64(15.13281298456179),np.float64(0.9990004997501251),
2025-11-17,TSLA,buy,np.float64(75.90315987641966),np.float64(398.74),np.float64(30265.62596912358),np.float64(15.13281298456179),np.float64(0.9990004997501251),
2025-11-24,AMZN,sell,np.float64(129.75616707019756),np.float64(222.555),np.float64(28877.883762307818),np.float64(14.438941881153909),,
2025-11-24,INTC,sell,np.float64(853.8757502926669),np.float64(34.97),np.float64(29860.03498773456),np.float64(14.93001749386728),,
2025-11-24,JPM,sell,np.float64(99.55798016159072),np.float64(298.24),np.float64(29692.172003392818),np.float64(14.84608600169641),,
2025-11-24,ORCL,sell,np.float64(138.69953700162037),np.float64(196.855),np.float64(27303.697356453977),np.float64(13.651848678226989),,
2025-11-24,TSLA,sell,np.float64(75.90315987641966),np.float64(402.17),np.float64(30525.973807499697),np.float64(15.262986903749848),,
2025-11-24,AMD,buy,np.float64(141.0635018814499),np.float64(207.16),np.float64(29222.715049761162),np.float64(14.611357524880582),np.float64(0.9990004997501251),
2025-11-24,CRM,buy,np.float64(128.54189781719523),np.float64(227.34),np.float64(29222.715049761162),np.float64(14.611357524880582),np.float64(0.9990004997501251),
2025-11-24,MSFT,buy,np.float64(61.52150536791824),np.float64(475.0),np.float64(29222.715049761162),np.float64(14.611357524880582),np.float64(0.9990004997501251),
2025-11-24,MU,buy,np.float64(136.9322667623877),np.float64(213.41),np.float64(29222.715049761162),np.float64(14.611357524880582),np.float64(0.9990004997501251),
2025-11-24,NFLX,buy,np.float64(280.31381342696557),np.float64(104.25),np.float64(29222.715049761162),np.float64(14.611357524880582),np.float64(0.9990004997501251),
2025-12-01,AMD,sell,np.float64(141.0635018814499),np.float64(213.875),np.float64(30169.956464895095),np.float64(15.084978232447547),,
2025-12-01,CRM,sell,np.float64(128.54189781719523),np.float64(228.67),np.float64(29393.675773858035),np.float64(14.696837886929018),,
2025-12-01,MSFT,sell,np.float64(61.52150536791824),np.float64(488.435),np.float64(30049.256474379144),np.float64(15.024628237189573),,
2025-12-01,MU,sell,np.float64(136.9322667623877),np.float64(232.285),np.float64(31807.31158490123),np.float64(15.903655792450614),,
2025-12-01,NFLX,sell,np.float64(280.31381342696557),np.float64(106.51),np.float64(29856.224268106103),np.float64(14.928112134053052),,
2025-12-01,COST,buy,np.float64(33.09794650503407),np.float64(913.2),np.float64(30225.044748397115),np.float64(15.112522374198557),np.float64(0.9990004997501252),
2025-12-01,JNJ,buy,np.float64(146.36825544017972),np.float64(206.5),np.float64(30225.044748397115),np.float64(15.112522374198557),np.float64(0.9990004997501252),
2025-12-01,NVDA,buy,np.float64(172.9517323666578),np.float64(174.76),np.float64(30225.044748397115),np.float64(15.112522374198557),np.float64(0.9990004997501252),
2025-12-01,PEP,buy,np.float64(203.3644726553212),np.float64(148.625),np.float64(30225.044748397115),np.float64(15.112522374198557),np.float64(0.9990004997501252),
2025-12-01,XOM,buy,np.float64(260.33630274243853),np.float64(116.1),np.float64(30225.044748397115),np.float64(15.112522374198557),np.float64(0.9990004997501252),
2025-12-08,NVDA,sell,np.float64(172.9517323666578),np.float64(182.64),np.float64(31587.90439944638),np.float64(15.79395219972319),,
2025-12-08,PEP,sell,np.float64(203.3644726553212),np.float64(145.01),np.float64(29489.882179748125),np.float64(14.744941089874063),,
2025-12-08,XOM,sell,np.float64(260.33630274243853),np.float64(115.83),np.float64(30154.753946656656),np.float64(15.077376973328327),,
2025-12-08,COST,buy,np.float64(0.6472517972434466),np.float64(893.5),np.float64(578.3194808370196),np.float64(0.2891597404185098),np.float64(0.999002088794833),
2025-12-08,JNJ,buy,np.float64(2.410114591350808),np.float64(202.66),np.float64(488.4338230831547),np.float64(0.24421691154157738),np.float64(0.999002088794833),
2025-12-08,KO,buy,np.float64(431.29758648115785),np.float64(69.84),np.float64(30121.823439844065),np.float64(15.060911719922032),np.float64(0.999002088794833),
2025-12-08,MSFT,buy,np.float64(62.121582313010435),np.float64(484.885),np.float64(30121.823439844065),np.float64(15.060911719922032),np.float64(0.999002088794833),
2025-12-08,NFLX,buy,np.float64(301.6103278246126),np.float64(99.87),np.float64(30121.823439844065),np.float64(15.060911719922032),np.float64(0.999002088794833),
2025-12-15,COST,sell,np.float64(33.74519830227752),np.float64(882.11),np.float64(29766.976874422027),np.float64(14.883488437211014),,
2025-12-15,JNJ,sell,np.float64(148.77837003153053),np.float64(210.345),np.float64(31294.786244282288),np.float64(15.647393122141144),,
2025-12-15,KO,sell,np.float64(431.29758648115785),np.float64(70.43),np.float64(30376.28901586795),np.float64(15.188144507933975),,
2025-12-15,MSFT,sell,np.float64(62.121582313010435),np.float64(480.1),np.float64(29824.57166847631),np.float64(14.912285834238155),,
2025-12-15,AVGO,buy,np.float64(82.93768424827029),np.float64(361.89),np.float64(30014.31855260653),np.float64(15.007159276303266),np.float64(0.9990004997501247),
2025-12-15,INTC,buy,np.float64(783.1524736492245),np.float64(38.325),np.float64(30014.31855260653),np.float64(15.007159276303266),np.float64(0.9990004997501247),
2025-12-15,META,buy,np.float64(46.483380134128126),np.float64(645.7),np.float64(30014.31855260653),np.float64(15.007159276303266),np.float64(0.9990004997501247),
2025-12-15,NFLX,buy,np.float64(11.291439564972),np.float64(96.015),np.float64(1084.1475698307866),np.float64(0.5420737849153933),np.float64(0.9990004997501247),
2025-12-15,ORCL,buy,np.float64(159.40474030807016),np.float64(188.29),np.float64(30014.31855260653),np.float64(15.007159276303266),np.float64(0.9990004997501247),
2025-12-22,INTC,sell,np.float64(783.1524736492245),np.float64(37.89),np.float64(29673.647226569115),np.float64(14.836823613284558),,
2025-12-22,META,sell,np.float64(46.483380134128126),np.float64(661.645),np.float64(30755.4960488452),np.float64(15.377748024422601),,
2025-12-22,NFLX,sell,np.float64(312.9017673895846),np.float64(94.71),np.float64(29634.926389467557),np.float64(14.81746319473378),,
2025-12-22,ORCL,sell,np.float64(159.40474030807016),np.float64(196.82),np.float64(31374.040987434368),np.float64(15.687020493717185),,
2025-12-22,AAPL,buy,np.float64(109.97644538868789),np.float64(272.86),np.float64(30008.17288875738),np.float64(15.004086444378691),np.float64(0.9990007215035924),
2025-12-22,AVGO,buy,np.float64(3.8664977858278218),np.float64(346.03),np.float64(1337.924228830001),np.float64(0.6689621144150005),np.float64(0.9990007215035924),
2025-12-22,COST,buy,np.float64(35.138375747959465),np.float64(854.0),np.float64(30008.17288875738),np.float64(15.004086444378691),np.float64(0.9990007215035924),
2025-12-22,JNJ,buy,np.float64(145.57887201648174),np.float64(206.13),np.float64(30008.17288875738),np.float64(15.004086444378691),np.float64(0.9990007215035924),
2025-12-22,XOM,buy,np.float64(255.74784070189955),np.float64(117.335),np.float64(30008.17288875738),np.float64(15.004086444378691),np.float64(0.9990007215035924),
2025-12-29,AVGO,sell,np.float64(86.8041820340981),np.float64(348.72),np.float64(30270.354358930694),np.float64(15.135177179465348),,
2025-12-29,COST,sell,np.float64(35.138375747959465),np.float64(873.29),np.float64(30685.99215693552),np.float64(15.342996078467761),,
2025-12-29,XOM,sell,np.float64(255.74784070189955),np.float64(120.15),np.float64(30728.103060333233),np.float64(15.364051530166616),,
2025-12-29,AAPL,buy,np.float64(1.4704913557894983),np.float64(272.69),np.float64(400.98828781023826),np.float64(0.20049414390511913),np.float64(0.9990004997501251),
2025-12-29,JNJ,buy,np.float64(0.530531656337394),np.float64(208.0),np.float64(110.35058451817794),np.float64(0.05517529225908897),np.float64(0.9990004997501251),
2025-12-29,KO,buy,np.float64(433.72129558861894),np.float64(70.0),np.float64(30360.490691203326),np.float64(15.180245345601664),np.float64(0.9990004997501251),
2025-12-29,PEP,buy,np.float64(211.2181069375492),np.float64(143.74),np.float64(30360.490691203326),np.float64(15.180245345601664),np.float64(0.9990004997501251),
2025-12-29,WMT,buy,np.float64(272.0717868196373),np.float64(111.59),np.float64(30360.490691203326),np.float64(15.180245345601664),np.float64(0.9990004997501251),
2026-01-05,AAPL,sell,np.float64(111.4469367444774),np.float64(270.64),np.float64(30161.99896052536),np.float64(15.080999480262681),,
2026-01-05,JNJ,sell,np.float64(146.10940367281913),np.float64(205.87),np.float64(30079.542934123274),np.float64(15.039771467061637),,
2026-01-05,KO,sell,np.float64(433.72129558861894),np.float64(68.92),np.float64(29892.07169196762),np.float64(14.94603584598381),,
2026-01-05,PEP,sell,np.float64(211.2181069375492),np.float64(141.66),np.float64(29921.15702877322),np.float64(14.960578514386611),,
2026-01-05,WMT,sell,np.float64(272.0717868196373),np.float64(112.82),np.float64(30695.138988991475),np.float64(15.347569494495739),,
2026-01-05,ADBE,buy,np.float64(91.2418497058936),np.float64(330.11),np.float64(30119.84700641254),np.float64(15.05992350320627),np.float64(0.9990004997501247),
2026-01-05,COST,buy,np.float64(34.86295156711909),np.float64(863.95),np.float64(30119.84700641254),np.float64(15.05992350320627),np.float64(0.9990004997501247),
2026-01-05,CRM,buy,np.float64(118.75974689067321),np.float64(253.62),np.float64(30119.84700641254),np.float64(15.05992350320627),np.float64(0.9990004997501247),
2026-01-05,MSFT,buy,np.float64(63.5366086348895),np.float64(474.055),np.float64(30119.84700641254),np.float64(15.05992350320627),np.float64(0.9990004997501247),
2026-01-05,TSLA,buy,np.float64(67.2333020969498),np.float64(447.99),np.float64(30119.84700641254),np.float64(15.05992350320627),np.float64(0.9990004997501247),
2026-01-12,ADBE,sell,np.float64(91.2418497058936),np.float64(327.77),np.float64(29906.341078100744),np.float64(14.953170539050372),,
2026-01-12,COST,sell,np.float64(34.86295156711909),np.float64(920.4),np.float64(32087.86062237641),np.float64(16.043930311188205),,
2026-01-12,CRM,sell,np.float64(118.75974689067321),np.float64(259.0),np.float64(30758.77444468436),np.float64(15.379387222342181),,
2026-01-12,MSFT,sell,np.float64(63.5366086348895),np.float64(476.67),np.float64(30285.995237992778),np.float64(15.14299761899639),,
2026-01-12,TSLA,sell,np.float64(67.2333020969498),np.float64(441.225),np.float64(29665.013717726677),np.float64(14.832506858863338),,
2026-01-12,AAPL,buy,np.float64(117.72754856429675),np.float64(259.16),np.float64(30510.27148592315),np.float64(15.255135742961574),np.float64(0.999000499750125),
2026-01-12,AMD,buy,np.float64(151.65658358645564),np.float64(201.18),np.float64(30510.27148592315),np.float64(15.255135742961574),np.float64(0.999000499750125),
2026-01-12,CSCO,buy,np.float64(418.46484002089085),np.float64(72.91),np.float64(30510.27148592315),np.float64(15.255135742961574),np.float64(0.999000499750125),
2026-01-12,JNJ,buy,np.float64(148.43235945474652),np.float64(205.55),np.float64(30510.27148592315),np.float64(15.255135742961574),np.float64(0.999000499750125),
2026-01-12,PEP,buy,np.float64(218.07069892018546),np.float64(139.91),np.float64(30510.27148592315),np.float64(15.255135742961574),np.float64(0.999000499750125),
2026-01-20,AAPL,sell,np.float64(117.72754856429675),np.float64(252.73),np.float64(29753.283348654717),np.float64(14.87664167432736),,
2026-01-20,AMD,sell,np.float64(151.65658358645564),np.float64(226.08),np.float64(34286.5204172259),np.float64(17.143260208612947),,
2026-01-20,CSCO,sell,np.float64(418.46484002089085),np.float64(74.52),np.float64(31183.999878356783),np.float64(15.591999939178391),,
2026-01-20,JNJ,sell,np.float64(148.43235945474652),np.float64(217.09),np.float64(32223.180914030923),np.float64(16.111590457015463),,
2026-01-20,PEP,sell,np.float64(218.07069892018546),np.float64(146.215),np.float64(31885.207242614917),np.float64(15.942603621307459),,
2026-01-20,ADBE,buy,np.float64(108.16318241054981),np.float64(294.32),np.float64(31834.58784707302),np.float64(15.91729392353651),np.float64(0.9990004997501248),
2026-01-20,CRM,buy,np.float64(142.41114720887992),np.float64(223.54),np.float64(31834.58784707302),np.float64(15.91729392353651),np.float64(0.9990004997501248),
2026-01-20,JPM,buy,np.float64(103.9632534766109),np.float64(306.21),np.float64(31834.58784707302),np.float64(15.91729392353651),np.float64(0.9990004997501248),
2026-01-20,MSFT,buy,np.float64(70.55303535359646),np.float64(451.215),np.float64(31834.58784707302),np.float64(15.91729392353651),np.float64(0.9990004997501248),
2026-01-20,QCOM,buy,np.float64(205.45071214632478),np.float64(154.95),np.float64(31834.58784707302),np.float64(15.91729392353651),np.float64(0.9990004997501248),
2026-01-26,ADBE,sell,np.float64(108.16318241054981),np.float64(301.4),np.float64(32600.38317853971),np.float64(16.300191589269854),,
2026-01-26,CRM,sell,np.float64(142.41114720887992),np.float64(229.43),np.float64(32673.389504133323),np.float64(16.336694752066663),,
2026-01-26,MSFT,sell,np.float64(70.55303535359646),np.float64(465.305),np.float64(32828.6801152052),np.float64(16.4143400576026),,
2026-01-26,AAPL,buy,np.float64(127.80875809607592),np.float64(251.48),np.float64(32141.34648600117),np.float64(16.070673243000584),np.float64(0.9990004997501252),
2026-01-26,AVGO,buy,np.float64(100.50452309568846),np.float64(319.8),np.float64(32141.34648600117),np.float64(16.070673243000584),np.float64(0.9990004997501252),
2026-01-26,JPM,buy,np.float64(4.066336898484717),np.float64(297.81),np.float64(1210.9957917377335),np.float64(0.6054978958688667),np.float64(0.9990004997501252),
2026-01-26,ORCL,buy,np.float64(179.4603377219496),np.float64(179.1),np.float64(32141.34648600117),np.float64(16.070673243000584),np.float64(0.9990004997501252),
2026-01-26,QCOM,buy,np.float64(2.38607313987199),np.float64(154.8),np.float64(369.3641220521841),np.float64(0.18468206102609205),np.float64(0.9990004997501252),
2026-02-02,AAPL,sell,np.float64(127.80875809607592),np.float64(260.03),np.float64(33234.11136772262),np.float64(16.61705568386131),,
2026-02-02,AVGO,sell,np.float64(100.50452309568846),np.float64(326.11),np.float64(32775.53002673497),np.float64(16.387765013367485),,
2026-02-02,JPM,sell,np.float64(108.02959037509562),np.float64(304.46),np.float64(32890.68908560161),np.float64(16.445344542800807),,
2026-02-02,QCOM,sell,np.float64(207.83678528619677),np.float64(150.97),np.float64(31377.119474657127),np.float64(15.688559737328564),,
2026-02-02,AMD,buy,np.float64(136.3955893476368),np.float64(235.77),np.float64(32157.988100492326),np.float64(16.078994050246163),np.float64(0.9990004997501248),
2026-02-02,COST,buy,np.float64(34.0573674851385),np.float64(944.23),np.float64(32157.988100492326),np.float64(16.078994050246163),np.float64(0.9990004997501248),
2026-02-02,CRM,buy,np.float64(150.0256034545945),np.float64(214.35),np.float64(32157.988100492326),np.float64(16.078994050246163),np.float64(0.9990004997501248),
2026-02-02,MSFT,buy,np.float64(74.74516973396476),np.float64(430.235),np.float64(32157.988100492326),np.float64(16.078994050246163),np.float64(0.9990004997501248),
2026-02-02,ORCL,buy,np.float64(8.865464597262976),np.float64(170.92),np.float64(1515.2852089641879),np.float64(0.757642604482094),np.float64(0.9990004997501248),
2026-02-09,AMD,sell,np.float64(136.3955893476368),np.float64(206.895),np.float64(28219.565458079313),np.float64(14.109782729039656),,
2026-02-09,COST,sell,np.float64(34.0573674851385),np.float64(1001.32),np.float64(34102.323210218885),np.float64(17.051161605109442),,
2026-02-09,MSFT,sell,np.float64(74.74516973396476),np.float64(404.85),np.float64(30260.581966795635),np.float64(15.130290983397817),,
2026-02-09,ADBE,buy,np.float64(111.43826502592232),np.float64(267.05),np.float64(29759.588675172556),np.float64(14.879794337586278),np.float64(0.9990004997501246),
2026-02-09,AMZN,buy,np.float64(142.41081818046877),np.float64(208.97),np.float64(29759.588675172556),np.float64(14.879794337586278),np.float64(0.9990004997501246),
2026-02-09,CRM,buy,np.float64(7.332950845878641),np.float64(189.3),np.float64(1388.127595124827),np.float64(0.6940637975624134),np.float64(0.9990004997501246),
2026-02-09,ORCL,buy,np.float64(12.277195851016934),np.float64(148.49),np.float64(1823.0408119175047),np.float64(0.9115204059587524),np.float64(0.9990004997501246),
2026-02-09,QCOM,buy,np.float64(217.0648335169406),np.float64(137.1),np.float64(29759.588675172556),np.float64(14.879794337586278),np.float64(0.9990004997501246),
2026-02-17,ADBE,sell,np.float64(111.43826502592232),np.float64(265.235),np.float64(29557.328224150508),np.float64(14.778664112075255),,
2026-02-17,AMZN,sell,np.float64(142.41081818046877),np.float64(198.125),np.float64(28215.143352005376),np.float64(14.107571676002689),,
2026-02-17,CRM,sell,np.float64(157.35855430047312),np.float64(190.97),np.float64(30050.76311476135),np.float64(15.025381557380676),,
2026-02-17,ORCL,sell,np.float64(200.6029981702295),np.float64(157.98),np.float64(31691.261650932855),np.float64(15.845630825466428),,
2026-02-17,QCOM,sell,np.float64(217.0648335169406),np.float64(141.0),np.float64(30606.141525888626),np.float64(15.303070762944314),,
2026-02-17,AAPL,buy,np.float64(116.23374714410271),np.float64(258.05),np.float64(29994.118450535705),np.float64(14.997059225267853),np.float64(0.999000499750125),
2026-02-17,CSCO,buy,np.float64(389.7871143669357),np.float64(76.95),np.float64(29994.118450535705),np.float64(14.997059225267853),np.float64(0.999000499750125),
2026-02-17,GOOGL,buy,np.float64(99.96706589299994),np.float64(300.04),np.float64(29994.118450535705),np.float64(14.997059225267853),np.float64(0.999000499750125),
2026-02-17,JPM,buy,np.float64(99.06896039944414),np.float64(302.76),np.float64(29994.118450535705),np.float64(14.997059225267853),np.float64(0.999000499750125),
2026-02-17,NFLX,buy,np.float64(389.93913742246104),np.float64(76.92),np.float64(29994.118450535705),np.float64(14.997059225267853),np.float64(0.999000499750125),
2026-02-23,AAPL,sell,np.float64(116.23374714410271),np.float64(263.49),np.float64(30626.430034999623),np.float64(15.313215017499811),,
2026-02-23,CSCO,sell,np.float64(389.7871143669357),np.float64(78.85),np.float64(30734.71396783288),np.float64(15.367356983916439),,
2026-02-23,GOOGL,sell,np.float64(99.96706589299994),np.float64(319.045),np.float64(31893.992537832168),np.float64(15.946996268916084),,
2026-02-23,JPM,sell,np.float64(99.06896039944414),np.float64(308.8),np.float64(30592.49497134835),np.float64(15.296247485674176),,
2026-02-23,NFLX,sell,np.float64(389.93913742246104),np.float64(77.79),np.float64(30333.36550009325),np.float64(15.166682750046625),,
2026-02-23,COST,buy,np.float64(31.37642963272901),np.float64(981.8),np.float64(30805.37861341334),np.float64(15.402689306706671),np.float64(0.9990004997501251),
2026-02-23,ORCL,buy,np.float64(211.4447018560872),np.float64(145.69),np.float64(30805.37861341334),np.float64(15.402689306706671),np.float64(0.9990004997501251),
2026-02-23,PEP,buy,np.float64(187.2781239796543),np.float64(164.49),np.float64(30805.37861341334),np.float64(15.402689306706671),np.float64(0.9990004997501251),
2026-02-23,WMT,buy,np.float64(249.39587608009506),np.float64(123.52),np.float64(30805.37861341334),np.float64(15.402689306706671),np.float64(0.9990004997501251),
2026-02-23,XOM,buy,np.float64(207.93370646920917),np.float64(148.15),np.float64(30805.37861341334),np.float64(15.402689306706671),np.float64(0.9990004997501251),
2026-03-02,COST,sell,np.float64(31.37642963272901),np.float64(1010.91),np.float64(31718.746480022084),np.float64(15.859373240011042),,
2026-03-02,ORCL,sell,np.float64(211.4447018560872),np.float64(141.62),np.float64(29944.79867685907),np.float64(14.972399338429536),,
2026-03-02,PEP,sell,np.float64(187.2781239796543),np.float64(169.045),np.float64(31658.43046814066),np.float64(15.82921523407033),,
2026-03-02,WMT,sell,np.float64(249.39587608009506),np.float64(127.46),np.float64(31787.998365168914),np.float64(15.893999182584457),,
2026-03-02,XOM,sell,np.float64(207.93370646920917),np.float64(159.35),np.float64(33134.23612586848),np.float64(16.56711806293424),,
2026-03-02,AVGO,buy,np.float64(102.20199443270425),np.float64(309.36),np.float64(31617.20899770139),np.float64(15.808604498850695),np.float64(0.9990004997501248),
2026-03-02,GOOGL,buy,np.float64(104.26979634826083),np.float64(303.225),np.float64(31617.20899770139),np.float64(15.808604498850695),np.float64(0.9990004997501248),
2026-03-02,JPM,buy,np.float64(107.24605338252226),np.float64(294.81),np.float64(31617.20899770139),np.float64(15.808604498850695),np.float64(0.9990004997501248),
2026-03-02,NVDA,buy,np.float64(180.6594423044477),np.float64(175.01),np.float64(31617.20899770139),np.float64(15.808604498850695),np.float64(0.9990004997501248),
2026-03-02,TSLA,buy,np.float64(80.94523552918942),np.float64(390.6),np.float64(31617.20899770139),np.float64(15.808604498850695),np.float64(0.9990004997501248),
2026-03-09,AVGO,sell,np.float64(102.20199443270425),np.float64(327.25),np.float64(33445.60267810247),np.float64(16.722801339051234),,
2026-03-09,JPM,sell,np.float64(107.24605338252226),np.float64(285.5),np.float64(30618.748240710105),np.float64(15.309374120355052),,
2026-03-09,NVDA,sell,np.float64(180.6594423044477),np.float64(176.83),np.float64(31946.009182695492),np.float64(15.973004591347747),,
2026-03-09,TSLA,sell,np.float64(80.94523552918942),np.float64(390.05),np.float64(31572.689118160335),np.float64(15.786344559080169),,
2026-03-09,AMAT,buy,np.float64(98.68921493455974),np.float64(320.48),np.float64(31627.91960222771),np.float64(15.813959801113855),np.float64(0.99900058550587),
2026-03-09,GOOGL,buy,np.float64(3.2808032190468746),np.float64(294.36),np.float64(965.7372355586381),np.float64(0.48286861777931905),np.float64(0.99900058550587),
2026-03-09,KO,buy,np.float64(412.78934484766),np.float64(76.62),np.float64(31627.91960222771),np.float64(15.813959801113855),np.float64(0.99900058550587),
2026-03-09,MU,buy,np.float64(86.89943840594492),np.float64(363.96),np.float64(31627.91960222771),np.float64(15.813959801113855),np.float64(0.99900058550587),
2026-03-09,PEP,buy,np.float64(198.7052811599404),np.float64(159.17),np.float64(31627.91960222771),np.float64(15.813959801113855),np.float64(0.99900058550587),
2026-03-16,AMAT,sell,np.float64(98.68921493455974),np.float64(347.7),np.float64(34314.24003274642),np.float64(17.15712001637321),,
2026-03-16,GOOGL,sell,np.float64(107.5505995673077),np.float64(304.35),np.float64(32733.024978310103),np.float64(16.366512489155053),,
2026-03-16,KO,sell,np.float64(412.78934484766),np.float64(78.0),np.float64(32197.56889811748),np.float64(16.09878444905874),,
2026-03-16,MU,sell,np.float64(86.89943840594492),np.float64(446.16),np.float64(38771.05343919639),np.float64(19.385526719598193),,
2026-03-16,PEP,sell,np.float64(198.7052811599404),np.float64(161.36),np.float64(32063.084167967987),np.float64(16.031542083983993),,
2026-03-16,AAPL,buy,np.float64(134.96570600350603),np.float64(252.105),np.float64(34025.52931201389),np.float64(17.012764656006944),np.float64(0.9990011417698181),
2026-03-16,ADBE,buy,np.float64(137.06154808464808),np.float64(248.25),np.float64(34025.52931201389),np.float64(17.012764656006944),np.float64(0.9990011417698181),
2026-03-16,CRM,buy,np.float64(174.35577408154694),np.float64(195.15),np.float64(34025.52931201389),np.float64(17.012764656006944),np.float64(0.9990011417698181),
2026-03-16,META,buy,np.float64(53.83786283546501),np.float64(632.0),np.float64(34025.52931201389),np.float64(17.012764656006944),np.float64(0.9990011417698181),
2026-03-16,QCOM,buy,np.float64(259.5941872559653),np.float64(131.072),np.float64(34025.52931201389),np.float64(17.012764656006944),np.float64(0.9990011417698181),
2026-03-23,AAPL,sell,np.float64(134.96570600350603),np.float64(253.97),np.float64(34277.240353710426),np.float64(17.138620176855213),,
2026-03-23,ADBE,sell,np.float64(137.06154808464808),np.float64(248.945),np.float64(34120.78708793272),np.float64(17.06039354396636),,
2026-03-23,CRM,sell,np.float64(174.35577408154694),np.float64(197.09),np.float64(34363.779513732086),np.float64(17.181889756866042),,
2026-03-23,META,sell,np.float64(53.83786283546501),np.float64(605.787),np.float64(32614.277413507843),np.float64(16.30713870675392),,
2026-03-23,QCOM,sell,np.float64(259.5941872559653),np.float64(133.15),np.float64(34564.96603313179),np.float64(17.282483016565894),,
2026-03-23,COST,buy,np.float64(34.4480516767206),np.float64(985.665),np.float64(33954.23885593481),np.float64(16.977119427967406),np.float64(0.999000499750125),
2026-03-23,KO,buy,np.float64(450.6801016184604),np.float64(75.34),np.float64(33954.23885593481),np.float64(16.977119427967406),np.float64(0.999000499750125),
2026-03-23,PEP,buy,np.float64(222.94313103043208),np.float64(152.3),np.float64(33954.23885593481),np.float64(16.977119427967406),np.float64(0.999000499750125),
2026-03-23,TSLA,buy,np.float64(91.00817190472758),np.float64(373.09),np.float64(33954.23885593481),np.float64(16.977119427967406),np.float64(0.999000499750125),
2026-03-23,WMT,buy,np.float64(281.82469169932614),np.float64(120.48),np.float64(33954.23885593481),np.float64(16.977119427967406),np.float64(0.999000499750125),
2026-03-30,COST,sell,np.float64(34.4480516767206),np.float64(987.65),np.float64(34022.6182385131),np.float64(17.011309119256552),,
2026-03-30,KO,sell,np.float64(450.6801016184604),np.float64(75.93),np.float64(34220.1401158897),np.float64(17.11007005794485),,
2026-03-30,PEP,sell,np.float64(222.94313103043208),np.float64(153.82),np.float64(34293.11241510106),np.float64(17.14655620755053),,
2026-03-30,TSLA,sell,np.float64(91.00817190472758),np.float64(365.86),np.float64(33296.24977306363),np.float64(16.648124886531814),,
2026-03-30,WMT,sell,np.float64(281.82469169932614),np.float64(123.71),np.float64(34864.532610123635),np.float64(17.43226630506182),,
2026-03-30,CRM,buy,np.float64(189.3681752417681),np.float64(180.1),np.float64(34105.20836104244),np.float64(17.052604180521218),np.float64(0.9990004997501251),
2026-03-30,GOOGL,buy,np.float64(123.38184053629418),np.float64(276.42),np.float64(34105.20836104244),np.float64(17.052604180521218),np.float64(0.9990004997501251),
2026-03-30,META,buy,np.float64(63.584041837955255),np.float64(536.38),np.float64(34105.20836104244),np.float64(17.052604180521218),np.float64(0.9990004997501251),
2026-03-30,MSFT,buy,np.float64(94.2406177511224),np.float64(361.895),np.float64(34105.20836104244),np.float64(17.052604180521218),np.float64(0.9990004997501251),
2026-03-30,MU,buy,np.float64(94.0418252937805),np.float64(362.66),np.float64(34105.20836104244),np.float64(17.052604180521218),np.float64(0.9990004997501251),
2026-04-06,CRM,sell,np.float64(189.3681752417681),np.float64(187.5),np.float64(35506.532857831524),np.float64(17.75326642891576),,
2026-04-06,GOOGL,sell,np.float64(123.38184053629418),np.float64(295.87),np.float64(36504.985159473355),np.float64(18.25249257973668),,
2026-04-06,META,sell,np.float64(63.584041837955255),np.float64(577.69),np.float64(36731.86512936837),np.float64(18.365932564684186),,
2026-04-06,MSFT,sell,np.float64(94.2406177511224),np.float64(373.49),np.float64(35197.928323866705),np.float64(17.598964161933353),,
2026-04-06,MU,sell,np.float64(94.0418252937805),np.float64(373.8),np.float64(35152.834294815155),np.float64(17.57641714740758),,
2026-04-06,CSCO,buy,np.float64(452.2627429775315),np.float64(79.12),np.float64(35783.028224382295),np.float64(17.891514112191146),np.float64(0.9990004997501246),
2026-04-06,JPM,buy,np.float64(121.68614644760353),np.float64(294.06),np.float64(35783.028224382295),np.float64(17.891514112191146),np.float64(0.9990004997501246),
2026-04-06,QCOM,buy,np.float64(282.7356844530839),np.float64(126.56),np.float64(35783.028224382295),np.float64(17.891514112191146),np.float64(0.9990004997501246),
2026-04-06,TSLA,buy,np.float64(98.68730032373286),np.float64(362.59),np.float64(35783.028224382295),np.float64(17.891514112191146),np.float64(0.9990004997501246),
2026-04-06,XOM,buy,np.float64(222.85002319475802),np.float64(160.57),np.float64(35783.028224382295),np.float64(17.891514112191146),np.float64(0.9990004997501246),
2026-04-13,CSCO,sell,np.float64(452.2627429775315),np.float64(82.035),np.float64(37101.374120161796),np.float64(18.550687060080897),,
2026-04-13,JPM,sell,np.float64(121.68614644760353),np.float64(307.47),np.float64(37414.83944824466),np.float64(18.70741972412233),,
2026-04-13,QCOM,sell,np.float64(282.7356844530839),np.float64(128.0),np.float64(36190.167609994736),np.float64(18.09508380499737),,
2026-04-13,TSLA,sell,np.float64(98.68730032373286),np.float64(350.065),np.float64(34546.96978782754),np.float64(17.27348489391377),,
2026-04-13,ADBE,buy,np.float64(158.01081394009506),np.float64(227.14),np.float64(35890.57627835319),np.float64(17.945288139176597),np.float64(0.9990004997501252),
2026-04-13,COST,buy,np.float64(35.94557300505092),np.float64(998.47),np.float64(35890.57627835319),np.float64(17.945288139176597),np.float64(0.9990004997501252),
2026-04-13,CRM,buy,np.float64(214.84930427029744),np.float64(167.05),np.float64(35890.57627835319),np.float64(17.945288139176597),np.float64(0.9990004997501252),
2026-04-13,JNJ,buy,np.float64(150.98471363574603),np.float64(237.71),np.float64(35890.57627835319),np.float64(17.945288139176597),np.float64(0.9990004997501252),
2026-04-13,XOM,buy,np.float64(10.020516576327537),np.float64(154.27),np.float64(1545.8650922300492),np.float64(0.7729325461150246),np.float64(0.9990004997501252),
2026-04-20,ADBE,sell,np.float64(158.01081394009506),np.float64(249.49),np.float64(39422.11796991432),np.float64(19.71105898495716),,
2026-04-20,CRM,sell,np.float64(214.84930427029744),np.float64(182.5),np.float64(39209.99802932928),np.float64(19.604999014664642),,
2026-04-20,COST,buy,np.float64(0.8099567676094714),np.float64(1003.85),np.float64(813.075101164768),np.float64(0.406537550582384),np.float64(0.9990004997501248),
2026-04-20,JNJ,buy,np.float64(6.1483200293300575),np.float64(234.81),np.float64(1443.6870260869907),np.float64(0.7218435130434954),np.float64(0.9990004997501248),
2026-04-20,KO,buy,np.float64(486.1642394063474),np.float64(75.82),np.float64(36860.97263178926),np.float64(18.43048631589463),np.float64(0.9990004997501248),
2026-04-20,NFLX,buy,np.float64(379.46234951399276),np.float64(97.14),np.float64(36860.97263178926),np.float64(18.43048631589463),np.float64(0.9990004997501248),
2026-04-20,XOM,buy,np.float64(17.470591591965565),np.float64(147.38),np.float64(2574.8157888238848),np.float64(1.2874078944119425),np.float64(0.9990004997501248),
2026-04-27,COST,sell,np.float64(36.75552977266039),np.float64(1008.625),np.float64(37072.54621694959),np.float64(18.536273108474795),,
2026-04-27,KO,sell,np.float64(486.1642394063474),np.float64(76.71),np.float64(37293.658804860905),np.float64(18.646829402430452),,
2026-04-27,XOM,sell,np.float64(250.34113136305112),np.float64(149.155),np.float64(37339.63144845589),np.float64(18.669815724227945),,
2026-04-27,JNJ,buy,np.float64(4.187373362016467),np.float64(225.77),np.float64(945.3832839424578),np.float64(0.47269164197122887),np.float64(0.9990004997501245),
2026-04-27,JPM,buy,np.float64(118.56702977904739),np.float64(306.88),np.float64(36385.85009859406),np.float64(18.19292504929703),np.float64(0.9990004997501245),
2026-04-27,NFLX,buy,np.float64(16.200465823760833),np.float64(92.05),np.float64(1491.2528790771846),np.float64(0.7456264395385923),np.float64(0.9990004997501245),
2026-04-27,PEP,buy,np.float64(233.94747057541352),np.float64(155.53),np.float64(36385.85009859406),np.float64(18.19292504929703),np.float64(0.9990004997501245),
2026-04-27,TSLA,buy,np.float64(97.7877666655757),np.float64(372.09),np.float64(36385.85009859406),np.float64(18.19292504929703),np.float64(0.9990004997501245),
2026-05-04,JPM,sell,np.float64(118.56702977904739),np.float64(310.62),np.float64(36829.2907899677),np.float64(18.41464539498385),,
2026-05-04,NFLX,sell,np.float64(395.6628153377536),np.float64(92.1),np.float64(36440.54529260711),np.float64(18.220272646303556),,
2026-05-04,PEP,sell,np.float64(233.94747057541352),np.float64(155.9),np.float64(36472.41066270697),np.float64(18.236205331353485),,
2026-05-04,TSLA,sell,np.float64(97.7877666655757),np.float64(390.23),np.float64(38159.72018590761),np.float64(19.079860092953805),,
2026-05-04,AMAT,buy,np.float64(95.10132383643341),np.float64(387.16),np.float64(36819.42853651356),np.float64(18.409714268256778),np.float64(0.9990004997501248),
2026-05-04,JNJ,buy,np.float64(2.1126545706638526),np.float64(225.51),np.float64(476.4247322304054),np.float64(0.23821236611520272),np.float64(0.9990004997501248),
2026-05-04,META,buy,np.float64(60.56474546869906),np.float64(607.935),np.float64(36819.42853651356),np.float64(18.409714268256778),np.float64(0.9990004997501248),
2026-05-04,MSFT,buy,np.float64(89.46743581793642),np.float64(411.54),np.float64(36819.42853651356),np.float64(18.409714268256778),np.float64(0.9990004997501248),
2026-05-04,NVDA,buy,np.float64(184.55853903014315),np.float64(199.5),np.float64(36819.42853651356),np.float64(18.409714268256778),np.float64(0.9990004997501248),
2026-05-11,AMAT,sell,np.float64(95.10132383643341),np.float64(439.245),np.float64(41772.78098853419),np.float64(20.886390494267097),,
2026-05-11,META,sell,np.float64(60.56474546869906),np.float64(604.57),np.float64(36615.62816801139),np.float64(18.307814084005695),,
2026-05-11,MSFT,sell,np.float64(89.46743581793642),np.float64(407.87),np.float64(36491.08304706173),np.float64(18.245541523530864),,
2026-05-11,NVDA,sell,np.float64(184.55853903014315),np.float64(214.035),np.float64(39501.98690131669),np.float64(19.750993450658346),,
2026-05-11,JNJ,buy,np.float64(8.75453255163073),np.float64(221.32),np.float64(1937.553144326913),np.float64(0.9687765721634566),np.float64(0.9990004997501247),
2026-05-11,JPM,buy,np.float64(126.02583716787125),np.float64(302.1),np.float64(38072.405408413906),np.float64(19.036202704206953),np.float64(0.9990004997501247),
2026-05-11,KO,buy,np.float64(487.1085645907614),np.float64(78.16),np.float64(38072.405408413906),np.float64(19.036202704206953),np.float64(0.9990004997501247),
2026-05-11,PEP,buy,np.float64(246.5989080148579),np.float64(154.39),np.float64(38072.405408413906),np.float64(19.036202704206953),np.float64(0.9990004997501247),
2026-05-11,XOM,buy,np.float64(260.7341830462533),np.float64(146.02),np.float64(38072.405408413906),np.float64(19.036202704206953),np.float64(0.9990004997501247),
2026-05-18,JNJ,sell,np.float64(172.18759414938714),np.float64(226.71),np.float64(39036.64946960756),np.float64(19.51832473480378),,
2026-05-18,JPM,sell,np.float64(126.02583716787125),np.float64(298.0),np.float64(37555.69947602563),np.float64(18.777849738012815),,
2026-05-18,KO,sell,np.float64(487.1085645907614),np.float64(80.87),np.float64(39392.469618454874),np.float64(19.696234809227438),,
2026-05-18,XOM,sell,np.float64(260.7341830462533),np.float64(157.315),np.float64(41017.398005921335),np.float64(20.508699002960668),,
2026-05-18,AMZN,buy,np.float64(147.0935119885877),np.float64(263.865),np.float64(38812.82954086869),np.float64(19.406414770434345),np.float64(0.9990013531254625),
2026-05-18,CRM,buy,np.float64(224.4943579204621),np.float64(172.89),np.float64(38812.82954086869),np.float64(19.406414770434345),np.float64(0.9990013531254625),
2026-05-18,INTC,buy,np.float64(342.05366652744067),np.float64(113.47),np.float64(38812.82954086869),np.float64(19.406414770434345),np.float64(0.9990013531254625),
2026-05-18,PEP,buy,np.float64(12.416805449569116),np.float64(149.99),np.float64(1862.3966493808718),np.float64(0.931198324690436),np.float64(0.9990013531254625),
2026-05-18,QCOM,buy,np.float64(187.71015882801512),np.float64(206.77),np.float64(38812.82954086869),np.float64(19.406414770434345),np.float64(0.9990013531254625),
2026-05-26,AMZN,sell,np.float64(147.0935119885877),np.float64(267.94),np.float64(39412.23560222219),np.float64(19.706117801111095),,
2026-05-26,CRM,sell,np.float64(224.4943579204621),np.float64(178.43),np.float64(40056.528283748055),np.float64(20.02826414187403),,
2026-05-26,INTC,sell,np.float64(342.05366652744067),np.float64(122.095),np.float64(41763.04241466787),np.float64(20.881521207333936),,
2026-05-26,PEP,sell,np.float64(259.015713464427),np.float64(149.71),np.float64(38777.242462759365),np.float64(19.388621231379684),,
2026-05-26,QCOM,sell,np.float64(187.71015882801512),np.float64(240.715),np.float64(45184.65088228566),np.float64(22.592325441142833),,
2026-05-26,COST,buy,np.float64(39.95373071474656),np.float64(1026.13),np.float64(40997.721698322894),np.float64(20.498860849161446),np.float64(0.9990004997501247),
2026-05-26,GOOGL,buy,np.float64(106.62329119742762),np.float64(384.51),np.float64(40997.721698322894),np.float64(20.498860849161446),np.float64(0.9990004997501247),
2026-05-26,NVDA,buy,np.float64(189.33093977243416),np.float64(216.54),np.float64(40997.721698322894),np.float64(20.498860849161446),np.float64(0.9990004997501247),
2026-05-26,WMT,buy,np.float64(339.7085114001151),np.float64(120.685),np.float64(40997.721698322894),np.float64(20.498860849161446),np.float64(0.9990004997501247),
2026-05-26,XOM,buy,np.float64(267.0861348424944),np.float64(153.5),np.float64(40997.721698322894),np.float64(20.498860849161446),np.float64(0.9990004997501247),
2026-06-01,GOOGL,sell,np.float64(106.62329119742762),np.float64(376.52),np.float64(40145.80160165545),np.float64(20.072900800827725),,
2026-06-01,NVDA,sell,np.float64(189.33093977243416),np.float64(215.73),np.float64(40844.36363710722),np.float64(20.42218181855361),,
2026-06-01,WMT,sell,np.float64(339.7085114001151),np.float64(114.725),np.float64(38973.05897037821),np.float64(19.486529485189106),,
2026-06-01,COST,buy,np.float64(1.3822770154484767),np.float64(955.0),np.float64(1320.0745497532953),np.float64(0.6600372748766477),np.float64(0.9990004997501251),
2026-06-01,JNJ,buy,np.float64(176.6924311732792),np.float64(223.2),np.float64(39437.75063787591),np.float64(19.718875318937958),np.float64(0.9990004997501251),
2026-06-01,KO,buy,np.float64(501.9121939277876),np.float64(78.575),np.float64(39437.75063787591),np.float64(19.718875318937958),np.float64(0.9990004997501251),
2026-06-01,PEP,buy,np.float64(276.5911606261241),np.float64(142.585),np.float64(39437.75063787591),np.float64(19.718875318937958),np.float64(0.9990004997501251),
2026-06-01,XOM,buy,np.float64(1.4283394992994027),np.float64(147.02),np.float64(209.99447318699822),np.float64(0.10499723659349912),np.float64(0.9990004997501251),
