session,equity,exposure,n_held
2017-02-01,100000.0,0.0,0
2017-02-02,100000.0,0.0,0
2017-02-03,100000.0,0.0,0
2017-02-06,100000.0,0.0,0
2017-02-07,100000.0,0.0,0
2017-02-08,100000.0,0.0,0
2017-02-09,100000.0,0.0,0
2017-02-10,np.float64(100015.46185933106),np.float64(0.20012367575207773),1
2017-02-13,np.float64(100275.99135721709),np.float64(0.2022018539311881),1
2017-02-14,np.float64(100349.61925879358),np.float64(0.20278720944933087),1
2017-02-15,np.float64(100417.58347563341),np.float64(0.20332677573930857),1
2017-02-16,np.float64(100621.4761261529),np.float64(0.20494110124461898),1
2017-02-17,np.float64(100661.12191930949),np.float64(0.2052542384325058),1
2017-02-21,np.float64(100683.7766582561),np.float64(0.2054330632477325),1
2017-02-22,np.float64(100428.91084510671),np.float64(0.2034166324537223),1
2017-02-23,np.float64(100491.2113772099),np.float64(0.2039104822837974),1
2017-02-24,np.float64(100689.44034299275),np.float64(0.2054777568781331),1
2017-02-27,np.float64(100678.11297351944),np.float64(0.20538836458881826),1
2017-02-28,np.float64(100502.5387466832),np.float64(0.20400020738142632),1
2017-03-01,np.float64(100349.61925879358),np.float64(0.20278720944933087),1
2017-03-02,np.float64(100338.29188932027),np.float64(0.20269721066962895),1
2017-03-03,np.float64(100332.62820458363),np.float64(0.20265220365925526),1
2017-03-06,np.float64(100145.72660827408),np.float64(0.20116411643879),1
2017-03-07,np.float64(100275.99135721709),np.float64(0.2022018539311881),1
2017-03-08,np.float64(100174.04503195734),np.float64(0.20138994113217107),1
2017-03-09,np.float64(100287.3187266904),np.float64(0.20229196457010418),1
2017-03-10,np.float64(100338.29188932027),np.float64(0.20269721066962895),1
2017-03-13,np.float64(99913.51553407131),np.float64(0.19930752538960197),1
2017-03-14,np.float64(99924.84290354462),np.float64(0.19939829100134449),1
2017-03-15,np.float64(99879.5334256514),np.float64(0.1990351050292939),1
2017-03-16,np.float64(99902.188164598),np.float64(0.19921673919501473),1
2017-03-17,np.float64(99975.81606617449),np.float64(0.19980648172906537),1
2017-03-20,np.float64(100066.43502196093),np.float64(0.2005311273211351),1
2017-03-21,np.float64(99845.55131723148),np.float64(0.19876249923421982),1
2017-03-22,np.float64(100032.45291354103),np.float64(0.20025953908033484),1
2017-03-23,np.float64(99975.81606617449),np.float64(0.19980648172906537),1
2017-03-24,np.float64(99913.51553407131),np.float64(0.19930752538960197),1
2017-03-27,np.float64(100043.78028301433),np.float64(0.20035008899416218),1
2017-03-28,np.float64(100162.71766248404),np.float64(0.20129962657788378),1
2017-03-29,np.float64(100145.72660827408),np.float64(0.20116411643879),1
2017-03-30,np.float64(100247.67293353383),np.float64(0.2019764882418611),1
2017-03-31,np.float64(100428.91084510671),np.float64(0.2034166324537223),1
2017-04-03,np.float64(100479.88400773659),np.float64(0.20382073695626196),1
2017-04-04,np.float64(100547.84822457643),np.float64(0.2043589056096182),1
2017-04-05,np.float64(100513.86611615651),np.float64(0.20408991225598802),1
2017-04-06,np.float64(100406.25610616012),np.float64(0.2032368987504569),1
2017-04-07,np.float64(100406.25610616012),np.float64(0.2032368987504569),1
2017-04-10,np.float64(100275.99135721709),np.float64(0.2022018539311881),1
2017-04-11,np.float64(100242.00924879717),np.float64(0.2019313998241717),1
2017-04-12,np.float64(100179.708716694),np.float64(0.20143509075038105),1
2017-04-13,np.float64(99964.48869670118),np.float64(0.19971580865355854),1
2017-04-17,np.float64(100094.7534456442),np.float64(0.20075730998784594),1
2017-04-18,np.float64(100256.16846063882),np.float64(0.20204411131661693),1
2017-04-19,np.float64(100338.29188932027),np.float64(0.20269721066962895),1
2017-04-20,np.float64(100491.2113772099),np.float64(0.2039104822837974),1
2017-04-21,np.float64(100570.50296352305),np.float64(0.20453813352195296),1
2017-04-24,np.float64(100814.04140719911),np.float64(0.20645974624833147),1
2017-04-25,np.float64(100882.00562403895),np.float64(0.20699435439319833),1
2017-04-26,np.float64(100915.98773245886),np.float64(0.20726138843242373),1
2017-04-27,np.float64(101199.1719692915),np.float64(0.20947969787464574),1
2017-04-28,np.float64(100474.22032299994),np.float64(0.20377585670414114),1
2017-05-01,np.float64(100564.83927878638),np.float64(0.20449333411428652),1
2017-05-02,np.float64(100938.64247140547),np.float64(0.20743931123639892),1
2017-05-03,np.float64(101098.64156521592),np.float64(0.20716703836847833),1
2017-05-04,np.float64(101230.71977221649),np.float64(0.4057699525951252),2
2017-05-05,np.float64(101260.23618603265),np.float64(0.4059431651081691),2
2017-05-08,np.float64(101101.65301340635),np.float64(0.40501135623274964),2
2017-05-09,np.float64(100915.93293437149),np.float64(0.4039163721729267),2
2017-05-10,np.float64(100733.50526909482),np.float64(0.40283686894067383),2
2017-05-11,np.float64(100588.04233292663),np.float64(0.401973296090456),2
2017-05-12,np.float64(100474.16964312713),np.float64(0.40129552080166303),2
2017-05-15,np.float64(100715.04761382789),np.float64(0.40272742917499477),2
2017-05-16,np.float64(100795.82639227077),np.float64(0.4032060893576189),2
2017-05-17,np.float64(100345.11523896066),np.float64(0.4005255236807196),2
2017-05-18,np.float64(100498.93527855724),np.float64(0.4014430576568655),2
2017-05-19,np.float64(100540.064145629),np.float64(0.4016879149595309),2
2017-05-22,np.float64(100930.28410667891),np.float64(0.4040011286850903),2
2017-05-23,np.float64(101043.86347626701),np.float64(0.40467106720238655),2
2017-05-24,np.float64(101371.78290521374),np.float64(0.40659684889511855),2
2017-05-25,np.float64(101714.02056075147),np.float64(0.4085934753395675),2
2017-05-26,np.float64(101781.9930140204),np.float64(0.40898843078473046),2
2017-05-30,np.float64(101754.57102382953),np.float64(0.40882915820079996),2
2017-05-31,np.float64(101655.00214687007),np.float64(0.4068336194813185),2
2017-06-01,np.float64(101725.0607873352),np.float64(0.4072421366143348),2
2017-06-02,np.float64(101917.0394279586),np.float64(0.40835870013963277),2
2017-06-05,np.float64(101965.93052160685),np.float64(0.4086423830330235),2
2017-06-06,np.float64(101814.79566427291),np.float64(0.40776456612546563),2
2017-06-07,np.float64(101772.1548957841),np.float64(0.407516429746192),2
2017-06-08,np.float64(101689.26110264318),np.float64(0.40703345632324184),2
2017-06-09,np.float64(101262.10112177208),np.float64(0.404532110067849),2
2017-06-12,np.float64(101325.30220558221),np.float64(0.40490352979420213),2
2017-06-13,np.float64(101426.35621556413),np.float64(0.4054964416061237),2
2017-06-14,np.float64(101415.94587065597),np.float64(0.4054354158272004),2
2017-06-15,np.float64(101262.72482612585),np.float64(0.4045357777147162),2
2017-06-16,np.float64(101143.48177180109),np.float64(0.4038337554848842),2
2017-06-19,np.float64(101390.30851102079),np.float64(0.4052850753627651),2
2017-06-20,np.float64(101140.22642197387),np.float64(0.4038145669804708),2
2017-06-21,np.float64(100951.23452025361),np.float64(0.19400477777630498),1
2017-06-22,np.float64(100826.63345604725),np.float64(0.19300873279303085),1
2017-06-23,np.float64(100730.35081552414),np.float64(0.19223737391800752),1
2017-06-26,np.float64(100662.38659868432),np.float64(0.1916919968796802),1
2017-06-27,np.float64(100424.5118397449),np.float64(0.18977736400899342),1
2017-06-28,np.float64(100736.0145002608),np.float64(0.19228278878655158),1
2017-06-29,np.float64(100362.21130764172),np.float64(0.1892744127419119),1
2017-06-30,np.float64(100475.48500237477),np.float64(0.19018840566945222),1
2017-07-03,np.float64(100316.9018297485),np.float64(0.18890823762681833),1
2017-07-05,np.float64(100815.30608657394),np.float64(0.19291806116190438),1
2017-07-06,np.float64(100413.18447027159),np.float64(0.18968596474502306),1
2017-07-07,np.float64(100554.7765886879),np.float64(0.19082697549286193),1
2017-07-10,np.float64(100424.5118397449),np.float64(0.18977736400899342),1
2017-07-11,np.float64(100532.53202093265),np.float64(0.38958850963655595),2
2017-07-12,np.float64(100803.94995926926),np.float64(0.3912320625758839),2
2017-07-13,np.float64(101042.59132570459),np.float64(0.3926698445104409),2
2017-07-14,np.float64(101212.55938346696),np.float64(0.3936897448822709),2
2017-07-17,np.float64(101072.49291849046),np.float64(0.3928495189052406),2
2017-07-18,np.float64(100929.5189357912),np.float64(0.39198944621991333),2
2017-07-19,np.float64(100912.17522605267),np.float64(0.39188494784259553),2
2017-07-20,np.float64(100986.77103994475),np.float64(0.39233414368070946),2
2017-07-21,np.float64(100902.81243904191),np.float64(0.3918285207562364),2
2017-07-24,np.float64(100846.4994893726),np.float64(0.3914889162079935),2
2017-07-25,np.float64(101229.34535208123),np.float64(0.3937902839589342),2
2017-07-26,np.float64(101032.92597049699),np.float64(0.9984724246319576),5
2017-07-27,np.float64(100960.27777295411),np.float64(0.9984713254313655),5
2017-07-28,np.float64(101343.16148402511),np.float64(0.9984771009033687),5
2017-07-31,np.float64(102044.31806438202),np.float64(0.9984875648933592),5
2017-08-01,np.float64(102566.55526507988),np.float64(0.9984952657454965),5
2017-08-02,np.float64(102408.67075530873),np.float64(0.0),0
2017-08-03,np.float64(102408.67075530873),np.float64(0.0),0
2017-08-04,np.float64(102408.67075530873),np.float64(0.0),0
2017-08-07,np.float64(102408.67075530873),np.float64(0.0),0
2017-08-08,np.float64(102408.67075530873),np.float64(0.0),0
2017-08-09,np.float64(102408.67075530873),np.float64(0.0),0
2017-08-10,np.float64(102408.67075530873),np.float64(0.0),0
2017-08-11,np.float64(102408.67075530873),np.float64(0.0),0
2017-08-14,np.float64(102408.67075530873),np.float64(0.0),0
2017-08-15,np.float64(102408.67075530873),np.float64(0.0),0
2017-08-16,np.float64(102408.67075530873),np.float64(0.0),0
2017-08-17,np.float64(102408.67075530873),np.float64(0.0),0
2017-08-18,np.float64(102408.67075530873),np.float64(0.0),0
2017-08-21,np.float64(102408.67075530873),np.float64(0.0),0
2017-08-22,np.float64(102408.67075530873),np.float64(0.0),0
2017-08-23,np.float64(102408.67075530873),np.float64(0.0),0
2017-08-24,np.float64(102408.67075530873),np.float64(0.0),0
2017-08-25,np.float64(102408.67075530873),np.float64(0.0),0
2017-08-28,np.float64(102408.67075530873),np.float64(0.0),0
2017-08-29,np.float64(102446.01984986909),np.float64(0.20029165872614738),1
2017-08-30,np.float64(102810.17352183252),np.float64(0.2031242259614591),1
2017-08-31,np.float64(103323.72357203734),np.float64(0.20708493875438497),1
2017-09-01,np.float64(103379.74721387787),np.float64(0.20751463596876565),1
2017-09-05,np.float64(103067.37296846403),np.float64(0.2051127893856911),1
2017-09-06,np.float64(103095.38478938429),np.float64(0.2053287664465559),1
2017-09-07,np.float64(102855.16220391658),np.float64(0.203472778139984),1
2017-09-08,np.float64(102648.04449771826),np.float64(0.20186558833014961),1
2017-09-11,np.float64(102956.17452784117),np.float64(0.20425426663368787),1
2017-09-12,np.float64(102905.24394434977),np.float64(0.2038604305864885),1
2017-09-13,np.float64(102828.84806911269),np.float64(0.2032689450222883),1
2017-09-14,np.float64(102889.11592624417),np.float64(0.20373563455461965),1
2017-09-15,np.float64(103194.6994271925),np.float64(0.20609355849668096),1
2017-09-18,np.float64(103219.31587588),np.float64(0.20544407894736844),1
2017-09-19,np.float64(103214.22281753086),np.float64(0.20540487195091864),1
2017-09-20,np.float64(102632.76532267084),np.float64(0.20090315857380345),1
2017-09-21,np.float64(102418.00802894883),np.float64(0.19922755602705214),1
2017-09-22,np.float64(102321.23992031519),np.float64(0.19847024273697136),1
2017-09-25,np.float64(102004.62145961038),np.float64(0.19598232489244316),1
2017-09-26,np.float64(102154.01783785179),np.float64(0.1971581702605011),1
2017-09-27,np.float64(102434.98489011262),np.float64(0.19936027047631674),1
2017-09-28,np.float64(102635.31185184541),np.float64(0.2009229853116316),1
2017-09-29,np.float64(102601.35812951782),np.float64(0.20065854788536638),1
2017-10-02,np.float64(102425.64761647253),np.float64(0.19928728297352175),1
2017-10-03,np.float64(102289.02631849922),np.float64(0.3984517532356994),2
2017-10-04,np.float64(102540.54583987105),np.float64(0.3999272781206995),2
2017-10-05,np.float64(102890.07748808901),np.float64(0.4019658071280607),2
2017-10-06,np.float64(103056.42877331897),np.float64(0.40293113998288466),2
2017-10-09,np.float64(103041.14812431633),np.float64(0.40284259671792294),2
2017-10-10,np.float64(103148.7799811702),np.float64(0.40346570791866637),2
2017-10-11,np.float64(103659.76449593568),np.float64(0.40640628748936475),2
2017-10-12,np.float64(103752.7183704744),np.float64(0.6043472311975515),3
2017-10-13,np.float64(103749.51139996081),np.float64(0.6043350012916364),3
2017-10-16,np.float64(104013.83342993657),np.float64(0.6053404730851493),3
2017-10-17,np.float64(103367.19242730508),np.float64(0.6028715753025016),3
2017-10-18,np.float64(103385.95462418778),np.float64(0.602943645069802),3
2017-10-19,np.float64(103629.97921850304),np.float64(0.6038786208042642),3
2017-10-20,np.float64(103333.7751331678),np.float64(0.6027431472318027),3
2017-10-23,np.float64(103324.56950102994),np.float64(0.6027077539031056),3
2017-10-24,np.float64(103375.70867403828),np.float64(0.6029042913408521),3
2017-10-25,np.float64(103032.63002765644),np.float64(0.6015820397573077),3
2017-10-26,np.float64(103061.49094228254),np.float64(0.6016936110787676),3
2017-10-27,np.float64(103741.72770296961),np.float64(0.6043053147177941),3
2017-10-30,np.float64(104010.34400641933),np.float64(0.8022473981844761),4
2017-10-31,np.float64(104465.5014241234),np.float64(0.8031090085951818),4
2017-11-01,np.float64(104254.92664719663),np.float64(0.8027113268939201),4
2017-11-02,np.float64(104048.73076650174),np.float64(0.8023203551693969),4
2017-11-03,np.float64(105475.22242368104),np.float64(0.8049938585540336),4
2017-11-06,np.float64(105551.86872423236),np.float64(0.9991797208994795),5
2017-11-07,np.float64(105464.64879311853),np.float64(0.999179042523479),5
2017-11-08,np.float64(105930.15614424642),np.float64(0.9991826502000293),5
2017-11-09,np.float64(104982.89718566932),np.float64(0.9991752752661965),5
2017-11-10,np.float64(105168.82988941563),np.float64(0.9991767333341408),5
2017-11-13,np.float64(105506.41004100283),np.float64(0.9991793674725382),5
2017-11-14,np.float64(105969.50586948093),np.float64(0.9991829537070598),5
2017-11-15,np.float64(105796.42559700177),np.float64(0.9991816170400201),5
2017-11-16,np.float64(107501.96923988491),np.float64(0.9991946008752438),5
2017-11-17,np.float64(106947.87945763856),np.float64(0.9991904281564585),5
2017-11-20,np.float64(107464.16928001058),np.float64(0.9991943175803112),5
2017-11-21,np.float64(108412.65327374185),np.float64(0.9992013663597298),5
2017-11-22,np.float64(107921.33689987399),np.float64(0.9991977305468732),5
2017-11-24,np.float64(108930.64330543096),np.float64(0.9992051640446793),5
2017-11-27,np.float64(109375.78926874796),np.float64(0.99920839892892),5
2017-11-28,np.float64(109347.21980516633),np.float64(0.9992081921050243),5
2017-11-29,np.float64(107727.11061460694),np.float64(0.9991962840974625),5
2017-11-30,np.float64(108777.36093735065),np.float64(0.9963036278979813),5
2017-12-01,np.float64(108314.00643234442),np.float64(0.9962878152554426),5
2017-12-04,np.float64(107537.51349288522),np.float64(0.9962610107929766),5
2017-12-05,np.float64(107320.15385842897),np.float64(0.996253438074358),5
2017-12-06,np.float64(108270.3177690263),np.float64(0.9962863173343797),5
2017-12-07,np.float64(108027.705352629),np.float64(0.9962779770153634),5
2017-12-08,np.float64(107445.11690423879),np.float64(0.9962577954784265),5
2017-12-11,np.float64(107824.3762839748),np.float64(0.9962709582363725),5
2017-12-12,np.float64(107433.89893151067),np.float64(0.9962574047270093),5
2017-12-13,np.float64(108324.28769100155),np.float64(0.7864402922923897),4
2017-12-14,np.float64(108205.36130471923),np.float64(0.7862055730142787),4
2017-12-15,np.float64(109253.23154768092),np.float64(0.7882561193914961),4
2017-12-18,np.float64(109022.3785218733),np.float64(0.786445213654576),4
2017-12-19,np.float64(109007.45783650927),np.float64(0.7864159827758977),4
2017-12-20,np.float64(109040.78443486472),np.float64(0.7864812613667852),4
2017-12-21,np.float64(108285.36404557757),np.float64(0.7849917118779871),4
2017-12-22,np.float64(108385.4811747649),np.float64(0.7851903179304301),4
2017-12-26,np.float64(108038.21201099177),np.float64(0.7844998513142751),4
2017-12-27,np.float64(108441.9627580087),np.float64(0.7853022007351196),4
2017-12-28,np.float64(108502.53885874014),np.float64(0.7854220648014528),4
2017-12-29,np.float64(108214.24372507143),np.float64(0.7848504046171652),4
2018-01-02,np.float64(109141.74526229345),np.float64(0.7866787754203872),4
2018-01-03,np.float64(109659.82676666846),np.float64(0.7876865991987384),4
2018-01-04,np.float64(110022.1208877586),np.float64(0.7883857303945224),4
2018-01-05,np.float64(110506.18077054767),np.float64(0.7893126828765236),4
2018-01-08,np.float64(110566.91688247654),np.float64(0.789428416667748),4
2018-01-09,np.float64(110319.17380376683),np.float64(0.7889555373799072),4
2018-01-10,np.float64(109650.85610223966),np.float64(0.7876692295917875),4
2018-01-11,np.float64(109574.02503678012),np.float64(0.7875203475979498),4
2018-01-12,np.float64(108820.15284062603),np.float64(0.7860483546075614),4
2018-01-16,np.float64(108664.57524666264),np.float64(0.994932763172972),5
2018-01-17,np.float64(109819.9834003966),np.float64(0.9949860752074994),5
2018-01-18,np.float64(110460.39277410728),np.float64(0.9950151441285449),5
2018-01-19,np.float64(110853.68863424116),np.float64(0.9950328298113739),5
2018-01-22,np.float64(111792.63488187722),np.float64(0.9950745490696676),5
2018-01-23,np.float64(112469.90172500884),np.float64(0.9951042089569034),5
2018-01-24,np.float64(111483.04638262992),np.float64(0.9950608710889242),5
2018-01-25,np.float64(110632.51625813858),np.float64(0.995022899631077),5
2018-01-26,np.float64(114182.004159845),np.float64(0.9951776189117121),5
2018-01-29,np.float64(112257.82344037018),np.float64(0.7644694635674741),4
2018-01-30,np.float64(111919.45712788275),np.float64(0.7637573836384248),4
2018-01-31,np.float64(112648.43576739819),np.float64(0.7652861738066827),4
2018-02-01,np.float64(112114.06260848421),np.float64(0.0),0
2018-02-02,np.float64(112114.06260848421),np.float64(0.0),0
2018-02-05,np.float64(112114.06260848421),np.float64(0.0),0
2018-02-06,np.float64(112114.06260848421),np.float64(0.0),0
2018-02-07,np.float64(112114.06260848421),np.float64(0.0),0
2018-02-08,np.float64(112114.06260848421),np.float64(0.0),0
2018-02-09,np.float64(112114.06260848421),np.float64(0.0),0
2018-02-12,np.float64(112114.06260848421),np.float64(0.0),0
2018-02-13,np.float64(112114.06260848421),np.float64(0.0),0
2018-02-14,np.float64(112114.06260848421),np.float64(0.0),0
2018-02-15,np.float64(112114.06260848421),np.float64(0.0),0
2018-02-16,np.float64(112114.06260848421),np.float64(0.0),0
2018-02-20,np.float64(112114.06260848421),np.float64(0.0),0
2018-02-21,np.float64(112114.06260848421),np.float64(0.0),0
2018-02-22,np.float64(112114.06260848421),np.float64(0.0),0
2018-02-23,np.float64(112114.06260848421),np.float64(0.0),0
2018-02-26,np.float64(112114.06260848421),np.float64(0.0),0
2018-02-27,np.float64(112114.06260848421),np.float64(0.0),0
2018-02-28,np.float64(112114.06260848421),np.float64(0.0),0
2018-03-01,np.float64(112114.06260848421),np.float64(0.0),0
2018-03-02,np.float64(112473.9832724599),np.float64(0.2025600278642489),1
2018-03-05,np.float64(112618.44122602837),np.float64(0.20358292025393512),1
2018-03-06,np.float64(112540.09114951667),np.float64(0.20302845705334607),1
2018-03-07,np.float64(112672.30690363017),np.float64(0.20396366639141209),1
2018-03-08,np.float64(112811.86797741668),np.float64(0.20494845360824743),1
2018-03-09,np.float64(113328.48879441581),np.float64(0.20857278658773712),1
2018-03-12,np.float64(113384.8029119086),np.float64(0.20896585976807966),1
2018-03-13,np.float64(112806.9710976347),np.float64(0.2049139409198446),1
2018-03-14,np.float64(112669.85846373919),np.float64(0.20394636764673926),1
2018-03-15,np.float64(112628.74128247495),np.float64(0.4027418152851408),2
2018-03-16,np.float64(112770.27915398132),np.float64(0.4034914334721178),2
2018-03-19,np.float64(112175.49548043625),np.float64(0.4003285897959564),2
2018-03-20,np.float64(112255.54490566664),np.float64(0.40075621545804985),2
2018-03-21,np.float64(112115.74801079459),np.float64(0.4000090196194931),2
2018-03-22,np.float64(110530.17134388835),np.float64(0.39140203306298366),2
2018-03-23,np.float64(109322.1886098939),np.float64(0.38467717834362336),2
2018-03-26,np.float64(111576.76497334635),np.float64(0.3971107014873597),2
2018-03-27,np.float64(110107.36104222239),np.float64(0.38906502772965945),2
2018-03-28,np.float64(110054.87563642242),np.float64(0.38877367153347486),2
2018-03-29,np.float64(110896.41078736351),np.float64(0.39341195005784924),2
2018-04-02,np.float64(109812.83381884264),np.float64(0.38742644893343964),2
2018-04-03,np.float64(110390.6032968977),np.float64(0.3906325759976986),2
2018-04-04,np.float64(111353.33273584076),np.float64(0.3959009944976784),2
2018-04-05,np.float64(111646.17455691012),np.float64(0.39651486187031515),2
2018-04-06,np.float64(110579.84760496483),np.float64(0.3906954247683128),2
2018-04-09,np.float64(110965.57060343344),np.float64(0.39281340412408),2
2018-04-10,np.float64(111890.51224912662),np.float64(0.3978327052063905),2
2018-04-11,np.float64(111275.02428724468),np.float64(0.39450197826781225),2
2018-04-12,np.float64(112228.3276446604),np.float64(0.39964527238205305),2
2018-04-13,np.float64(111511.80852021002),np.float64(0.3957876930861841),2
2018-04-16,np.float64(111761.27194008991),np.float64(0.39713636124107987),2
2018-04-17,np.float64(112226.47551937823),np.float64(0.3996353644511112),2
2018-04-18,np.float64(112144.83768276779),np.float64(0.39919831829690233),2
2018-04-19,np.float64(112528.47991938202),np.float64(0.401246625544057),2
2018-04-20,np.float64(112208.32384637608),np.float64(0.39953824489551154),2
2018-04-23,np.float64(112196.07964773604),np.float64(0.5993265121778427),3
2018-04-24,np.float64(111300.18488726873),np.float64(0.5961013488165993),3
2018-04-25,np.float64(110957.17490314748),np.float64(0.5948527475427298),3
2018-04-26,np.float64(111917.26429689271),np.float64(0.5983283291023127),3
2018-04-27,np.float64(111824.84767904531),np.float64(0.5979963712407111),3
2018-04-30,np.float64(110973.36356141596),np.float64(0.594911849927374),3
2018-05-01,np.float64(110939.97166416835),np.float64(0.5947899221705831),3
2018-05-02,np.float64(109993.28979231967),np.float64(0.5913023909248516),3
2018-05-03,np.float64(110005.30031118735),np.float64(0.7951809415819326),4
2018-05-04,np.float64(111329.26066155736),np.float64(0.7976167101367064),4
2018-05-07,np.float64(112145.25247775065),np.float64(0.7990892923870829),4
2018-05-08,np.float64(112329.24640518414),np.float64(0.7994183816611603),4
2018-05-09,np.float64(112857.10735111796),np.float64(0.8003565521076512),4
2018-05-10,np.float64(114049.32449963548),np.float64(0.8024435293274698),4
2018-05-11,np.float64(113936.78128023182),np.float64(0.8022483891719056),4
2018-05-14,np.float64(114101.0158383073),np.float64(0.802533028604556),4
2018-05-15,np.float64(113366.78163163956),np.float64(0.8012541089510308),4
2018-05-16,np.float64(113467.09625916713),np.float64(0.8005235239786342),4
2018-05-17,np.float64(113210.50850886069),np.float64(0.8000714173597742),4
2018-05-18,np.float64(112467.50952638558),np.float64(0.7987506204994638),4
2018-05-21,np.float64(113709.40927941204),np.float64(0.8009486053125261),4
2018-05-22,np.float64(113887.62257674278),np.float64(0.8012600843352938),4
2018-05-23,np.float64(114390.08915555643),np.float64(0.8021330635088826),4
2018-05-24,np.float64(114296.19766689047),np.float64(0.8019705207331459),4
2018-05-25,np.float64(114871.46391074867),np.float64(0.8029622350443655),4
2018-05-29,np.float64(114009.43522696735),np.float64(0.8014724267241876),4
2018-05-30,np.float64(114838.74334917578),np.float64(0.802906093831632),4
2018-05-31,np.float64(114674.7336878746),np.float64(0.8008557251170605),4
2018-06-01,np.float64(115844.82032368846),np.float64(0.8028671750376377),4
2018-06-04,np.float64(116242.94250858926),np.float64(0.8035423381855759),4
2018-06-05,np.float64(116360.19697497688),np.float64(0.8037403056942486),4
2018-06-06,np.float64(117479.53759862809),np.float64(0.8056102606933255),4
2018-06-07,np.float64(117357.73211035687),np.float64(0.8054085037516618),4
2018-06-08,np.float64(117226.42391683292),np.float64(0.8051905370425041),4
2018-06-11,np.float64(117471.41715511783),np.float64(0.8055968231190181),4
2018-06-12,np.float64(117748.44397381842),np.float64(0.8060541955633503),4
2018-06-13,np.float64(117979.2918346243),np.float64(0.8064336856702179),4
2018-06-14,np.float64(118196.99262312955),np.float64(0.8067902052256013),4
2018-06-15,np.float64(118573.85712976767),np.float64(0.8074042858985916),4
2018-06-18,np.float64(117750.67535894574),np.float64(0.8060578708525341),4
2018-06-19,np.float64(117576.9893313281),np.float64(0.8042946601065831),4
2018-06-20,np.float64(117809.3919144153),np.float64(0.8046807280233773),4
2018-06-21,np.float64(117788.6993721753),np.float64(0.8046464152895819),4
2018-06-22,np.float64(117522.40364375168),np.float64(0.8042037607528493),4
2018-06-25,np.float64(116254.32249858123),np.float64(0.8020680507512911),4
2018-06-26,np.float64(116143.96763563783),np.float64(0.8018799845643326),4
2018-06-27,np.float64(115061.98711941643),np.float64(0.8000169714012417),4
2018-06-28,np.float64(115526.29095805349),np.float64(0.8008207095553073),4
2018-06-29,np.float64(115197.44252983788),np.float64(0.8002521223092938),4
2018-07-02,np.float64(115796.29226772033),np.float64(0.8012851343501378),4
2018-07-03,np.float64(114843.31964407416),np.float64(0.7996361936240882),4
2018-07-05,np.float64(115917.01428428374),np.float64(0.8005571976425208),4
2018-07-06,np.float64(116553.99061214374),np.float64(0.8016471675628689),4
2018-07-09,np.float64(116927.67916918793),np.float64(0.8022810823404967),4
2018-07-10,np.float64(118298.29912829393),np.float64(0.8045718802372868),4
2018-07-11,np.float64(117436.56588352332),np.float64(0.8031378557790991),4
2018-07-12,np.float64(114541.70193347288),np.float64(0.7981624702660942),4
2018-07-13,np.float64(114242.39896023486),np.float64(0.79763367733711),4
2018-07-16,np.float64(115069.13854256971),np.float64(0.7990876227754435),4
2018-07-17,np.float64(116230.14058958451),np.float64(0.8010945005099547),4
2018-07-18,np.float64(116281.62018070719),np.float64(0.5850904220439288),3
2018-07-19,np.float64(115945.71807618967),np.float64(0.5838884026616491),3
2018-07-20,np.float64(116668.59629920962),np.float64(0.5864666286933612),3
2018-07-23,np.float64(118119.4013718085),np.float64(0.5915458646682549),3
2018-07-24,np.float64(118259.82722998451),np.float64(0.5920308774052341),3
2018-07-25,np.float64(120091.5391124432),np.float64(0.5982534797222332),3
2018-07-26,np.float64(119454.60468503357),np.float64(0.5961113589514883),3
2018-07-27,np.float64(118996.62733586352),np.float64(0.594556929609006),3
2018-07-30,np.float64(118977.25378362359),np.float64(0.5944909096576729),3
2018-07-31,np.float64(118467.31412336598),np.float64(0.5927454056822455),3
2018-08-01,np.float64(118160.57653377856),np.float64(0.5916881978023084),3
2018-08-02,np.float64(117483.16387364801),np.float64(0.0),0
2018-08-03,np.float64(117483.16387364801),np.float64(0.0),0
2018-08-06,np.float64(117483.16387364801),np.float64(0.0),0
2018-08-07,np.float64(117483.16387364801),np.float64(0.0),0
2018-08-08,np.float64(117483.16387364801),np.float64(0.0),0
2018-08-09,np.float64(117483.16387364801),np.float64(0.0),0
2018-08-10,np.float64(117483.16387364801),np.float64(0.0),0
2018-08-13,np.float64(117483.16387364801),np.float64(0.0),0
2018-08-14,np.float64(117483.16387364801),np.float64(0.0),0
2018-08-15,np.float64(117483.16387364801),np.float64(0.0),0
2018-08-16,np.float64(117483.16387364801),np.float64(0.0),0
2018-08-17,np.float64(117483.16387364801),np.float64(0.0),0
2018-08-20,np.float64(117483.16387364801),np.float64(0.0),0
2018-08-21,np.float64(117483.16387364801),np.float64(0.0),0
2018-08-22,np.float64(117483.16387364801),np.float64(0.0),0
2018-08-23,np.float64(117483.16387364801),np.float64(0.0),0
2018-08-24,np.float64(117483.16387364801),np.float64(0.0),0
2018-08-27,np.float64(117483.16387364801),np.float64(0.0),0
2018-08-28,np.float64(117483.16387364801),np.float64(0.0),0
2018-08-29,np.float64(117483.16387364801),np.float64(0.0),0
2018-08-30,np.float64(117483.16387364801),np.float64(0.0),0
2018-08-31,np.float64(117100.18795512617),np.float64(0.1973836016818788),1
2018-09-04,np.float64(116715.71090610547),np.float64(0.19473967669589964),1
2018-09-05,np.float64(116486.60086371686),np.float64(0.19315586168680754),1
2018-09-06,np.float64(116203.07484074454),np.float64(0.1911872278102257),1
2018-09-07,np.float64(116082.98440083567),np.float64(0.19035049293372752),1
2018-09-10,np.float64(116035.51114880921),np.float64(0.1900192435194618),1
2018-09-11,np.float64(116315.65962815909),np.float64(0.191970097582931),1
2018-09-12,np.float64(115970.58725473349),np.float64(0.18956579143232521),1
2018-09-13,np.float64(116168.36119795838),np.float64(0.19094553689399743),1
2018-09-14,np.float64(116090.30241201763),np.float64(0.1904015309965378),1
2018-09-17,np.float64(115749.7334300886),np.float64(0.18801945962419775),1
2018-09-18,np.float64(115886.33630548493),np.float64(0.1889765946939337),1
2018-09-19,np.float64(116000.25563054625),np.float64(0.39232980185237826),2
2018-09-20,np.float64(116672.21662889913),np.float64(0.3958296125598011),2
2018-09-21,np.float64(116276.60649448354),np.float64(0.3937740320316879),2
2018-09-24,np.float64(116155.7054848969),np.float64(0.3931430399400033),2
2018-09-25,np.float64(116225.38490328478),np.float64(0.393506862697457),2
2018-09-26,np.float64(116154.25932594648),np.float64(0.595423656246742),3
2018-09-27,np.float64(116391.3706147434),np.float64(0.5962478549633428),3
2018-09-28,np.float64(116635.02512861356),np.float64(0.5970913068553835),3
2018-10-01,np.float64(116454.54232519378),np.float64(0.5964668735871826),3
2018-10-02,np.float64(116164.38443223156),np.float64(0.5954589198819856),3
2018-10-03,np.float64(115659.32302938963),np.float64(0.5936923689453208),3
2018-10-04,np.float64(114812.0441214079),np.float64(0.5906939388713764),3
2018-10-05,np.float64(114628.87301973338),np.float64(0.5900398886293743),3
2018-10-08,np.float64(115067.6576521284),np.float64(0.5916031793092646),3
2018-10-09,np.float64(114805.32149019279),np.float64(0.5906699712219038),3
2018-10-10,np.float64(113284.72574449595),np.float64(0.5851756250401443),3
2018-10-11,np.float64(112249.6784789596),np.float64(0.5813505554203636),3
2018-10-12,np.float64(112875.3245476982),np.float64(0.5836710482316172),3
2018-10-15,np.float64(112726.42732786004),np.float64(0.5831211308349081),3
2018-10-16,np.float64(113965.96702704133),np.float64(0.5876552731017598),3
2018-10-17,np.float64(114244.49048812133),np.float64(0.5886605529187828),3
2018-10-18,np.float64(113480.34298522252),np.float64(0.5858906986597785),3
2018-10-19,np.float64(114478.4485284584),np.float64(0.5895012017237719),3
2018-10-22,np.float64(114224.44652788914),np.float64(0.5885883715970969),3
2018-10-23,np.float64(114642.86152299416),np.float64(0.5900899111800898),3
2018-10-24,np.float64(114339.75877204933),np.float64(0.589003282374015),3
2018-10-25,np.float64(114874.73363120398),np.float64(0.5896602153109775),3
2018-10-26,np.float64(113935.95920612951),np.float64(0.5862792239352899),3
2018-10-29,np.float64(113177.82082998045),np.float64(0.5835078541117269),3
2018-10-30,np.float64(114424.69678111892),np.float64(0.5880463327370147),3
2018-10-31,np.float64(115216.25260352906),np.float64(0.5908765265379475),3
2018-11-01,np.float64(115360.37312141097),np.float64(0.5913876473437977),3
2018-11-02,np.float64(115081.36125023368),np.float64(0.5903969769531958),3
2018-11-05,np.float64(115189.63996256296),np.float64(0.590782005397734),3
2018-11-06,np.float64(115722.78650229373),np.float64(0.5926673139390508),3
2018-11-07,np.float64(116426.54672504254),np.float64(0.5951295061962181),3
2018-11-08,np.float64(114250.67823321656),np.float64(0.5874188740637819),3
2018-11-09,np.float64(113609.27728444168),np.float64(0.5850895755069435),3
2018-11-12,np.float64(112366.16414064696),np.float64(0.5804993983292374),3
2018-11-13,np.float64(112213.45877340625),np.float64(0.5799285221247602),3
2018-11-14,np.float64(112205.39987029028),np.float64(0.5798983514257929),3
2018-11-15,np.float64(113038.15987749731),np.float64(0.5829932695691304),3
2018-11-16,np.float64(113386.06978091277),np.float64(0.5842727986293416),3
2018-11-19,np.float64(112432.36228103192),np.float64(0.5807463926924046),3
2018-11-20,np.float64(113222.35306987715),np.float64(0.7911981154894654),4
2018-11-21,np.float64(113862.88010489702),np.float64(0.7923727147255719),4
2018-11-23,np.float64(113432.91581698078),np.float64(0.791585709320465),4
2018-11-26,np.float64(114918.07062344579),np.float64(0.794279171574569),4
2018-11-27,np.float64(115278.10856147534),np.float64(0.7949216812739411),4
2018-11-28,np.float64(119283.09474161084),np.float64(0.8018072825749675),4
2018-11-29,np.float64(119510.31425004218),np.float64(0.8005172070583892),4
2018-11-30,np.float64(121198.42308929762),np.float64(0.8032956975491111),4
2018-12-03,np.float64(121867.84606109178),np.float64(0.63005623264069),3
2018-12-04,np.float64(120283.37382460138),np.float64(0.625183026894913),3
2018-12-06,np.float64(120760.7693878852),np.float64(0.6247742398357364),3
2018-12-07,np.float64(118944.5208651226),np.float64(0.6190446507160021),3
2018-12-10,np.float64(119752.70638720172),np.float64(0.6216156372693618),3
2018-12-11,np.float64(119847.80275196431),np.float64(0.6219158762103556),3
2018-12-12,np.float64(120498.79476692769),np.float64(0.6239584671428837),3
2018-12-13,np.float64(120978.52993617412),np.float64(0.6254496437054032),3
2018-12-14,np.float64(119896.44403119876),np.float64(0.6220692627064104),3
2018-12-17,np.float64(118391.88889633842),np.float64(0.4043912570222346),2
2018-12-18,np.float64(118671.76923078246),np.float64(0.6198477430496756),3
2018-12-19,np.float64(117491.45431393484),np.float64(0.6160287471731513),3
2018-12-20,np.float64(116795.6632231944),np.float64(0.6137413011375324),3
2018-12-21,np.float64(115210.744087622),np.float64(0.6084276577967446),3
2018-12-24,np.float64(113434.23486645472),np.float64(0.6022951892567387),3
2018-12-26,np.float64(116983.75352389347),np.float64(0.6143623404923847),3
2018-12-27,np.float64(118062.32854990111),np.float64(0.6178853876297885),3
2018-12-28,np.float64(118464.93426431398),np.float64(0.38324784733020373),2
2018-12-31,np.float64(118844.16818563142),np.float64(0.38521591476597905),2
2019-01-02,np.float64(118774.52440372083),np.float64(0.38485543436019265),2
2019-01-03,np.float64(117758.03413100837),np.float64(0.37954549120515363),2
2019-01-04,np.float64(119043.5918926386),np.float64(0.5647014376862968),3
2019-01-07,np.float64(118778.42981429008),np.float64(0.5637296731018879),3
2019-01-08,np.float64(119579.97986773626),np.float64(0.5666540129807618),3
2019-01-09,np.float64(120001.15976941283),np.float64(0.5681749701161379),3
2019-01-10,np.float64(120293.19194214458),np.float64(0.5692232987844602),3
2019-01-11,np.float64(120336.69618621572),np.float64(0.5693790336130186),3
2019-01-14,np.float64(119643.67313651604),np.float64(0.5668847081918188),3
2019-01-15,np.float64(119724.55953836394),np.float64(0.5671773226535027),3
2019-01-16,np.float64(119576.11705180802),np.float64(0.5666400140667448),3
2019-01-17,np.float64(119729.21493881344),np.float64(0.5671941519869925),3
2019-01-18,np.float64(120362.22154824124),np.float64(0.5694703559226387),3
2019-01-22,np.float64(119120.39323943562),np.float64(0.5649820908552072),3
2019-01-23,np.float64(118283.59031920847),np.float64(0.5619045358389865),3
2019-01-24,np.float64(117410.28005321903),np.float64(0.5586459347508892),3
2019-01-25,np.float64(118565.30384804982),np.float64(0.562945459407456),3
2019-01-28,np.float64(118253.87063599739),np.float64(0.5617944332407285),3
2019-01-29,np.float64(117816.91942350728),np.float64(0.5601692468527948),3
2019-01-30,np.float64(119906.10445272864),np.float64(0.5678326417154688),3
2019-01-31,np.float64(120118.67721979276),np.float64(0.5685974437705),3
2019-02-01,np.float64(120111.03879423087),np.float64(0.8012727029162973),4
2019-02-04,np.float64(120270.21883673768),np.float64(0.0),0
2019-02-05,np.float64(120270.21883673768),np.float64(0.0),0
2019-02-06,np.float64(120270.21883673768),np.float64(0.0),0
2019-02-07,np.float64(120270.21883673768),np.float64(0.0),0
2019-02-08,np.float64(120270.21883673768),np.float64(0.0),0
2019-02-11,np.float64(120270.21883673768),np.float64(0.0),0
2019-02-12,np.float64(120270.21883673768),np.float64(0.0),0
2019-02-13,np.float64(120270.21883673768),np.float64(0.0),0
2019-02-14,np.float64(120270.21883673768),np.float64(0.0),0
2019-02-15,np.float64(120270.21883673768),np.float64(0.0),0
2019-02-19,np.float64(120010.14643060352),np.float64(0.19826633054707885),1
2019-02-20,np.float64(120153.45163398357),np.float64(0.19922254616132168),1
2019-02-21,np.float64(120556.82924349778),np.float64(0.20190191071585809),1
2019-02-22,np.float64(120248.98843623693),np.float64(0.1998587570621469),1
2019-02-25,np.float64(120068.53003198057),np.float64(0.19865617540447353),1
2019-02-26,np.float64(119935.8400288509),np.float64(0.1977696154356773),1
2019-02-27,np.float64(120068.53003198057),np.float64(0.19865617540447353),1
2019-02-28,np.float64(120280.83403698806),np.float64(0.20007060277115876),1
2019-03-01,np.float64(120302.06443748879),np.float64(0.20021177093443926),1
2019-03-04,np.float64(120445.36964086886),np.float64(0.2011633543383422),1
2019-03-05,np.float64(120418.83164024292),np.float64(0.20098730606488013),1
2019-03-06,np.float64(120339.21763836511),np.float64(0.2004586953645305),1
2019-03-07,np.float64(120248.98843623693),np.float64(0.1998587570621469),1
2019-03-08,np.float64(120015.4540307287),np.float64(0.19830178666194945),1
2019-03-11,np.float64(120726.67244750376),np.float64(0.20302470764090388),1
2019-03-12,np.float64(120657.67364587633),np.float64(0.20256895262393876),1
2019-03-13,np.float64(120747.90284800451),np.float64(0.20316483516483516),1
2019-03-14,np.float64(120684.21164650228),np.float64(0.2009851350162723),1
2019-03-15,np.float64(120471.90764149479),np.float64(0.19957705524715832),1
2019-03-18,np.float64(120530.29124287186),np.float64(0.19996477167642782),1
2019-03-19,np.float64(120609.90524474967),np.float64(0.20049287097342017),1
2019-03-20,np.float64(120593.9824443741),np.float64(0.20038730689670348),1
2019-03-21,np.float64(120583.36724412371),np.float64(0.20031691535719),1
2019-03-22,np.float64(120806.28644938159),np.float64(0.20179253987083168),1
2019-03-25,np.float64(120859.36245063345),np.float64(0.20214307672038997),1
2019-03-26,np.float64(121207.22347739161),np.float64(0.40288678157412083),2
2019-03-27,np.float64(121109.36945200205),np.float64(0.4024043256559645),2
2019-03-28,np.float64(121365.74748770245),np.float64(0.4036667115292679),2
2019-03-29,np.float64(121639.66687064088),np.float64(0.4050095896430107),2
2019-04-01,np.float64(122387.08246094051),np.float64(0.4086431847891448),2
2019-04-02,np.float64(122427.95555467153),np.float64(0.40884061177734443),2
2019-04-03,np.float64(122271.56372994494),np.float64(0.4080844875191106),2
2019-04-04,np.float64(122674.1756668304),np.float64(0.40845565690118174),2
2019-04-05,np.float64(122608.6245189008),np.float64(0.408139395211651),2
2019-04-08,np.float64(122733.0165449163),np.float64(0.4087392561278164),2
2019-04-09,np.float64(122608.74787726876),np.float64(0.4081399906908442),2
2019-04-10,np.float64(122706.08294676551),np.float64(0.4086094762595706),2
2019-04-11,np.float64(122957.70317782555),np.float64(0.409819695842276),2
2019-04-12,np.float64(124173.67745046508),np.float64(0.4155990532778376),2
2019-04-15,np.float64(124261.07047356424),np.float64(0.20075250030689218),1
2019-04-16,np.float64(124234.5324729383),np.float64(0.20058177136200922),1
2019-04-17,np.float64(124409.68327706947),np.float64(0.2017072363732112),1
2019-04-18,np.float64(124515.8352795732),np.float64(0.20238779539811722),1
2019-04-22,np.float64(124473.37447857171),np.float64(0.20211571108098647),1
2019-04-23,np.float64(124903.29008871186),np.float64(0.2048620191297835),1
2019-04-24,np.float64(124781.21528583256),np.float64(0.20408412710449558),1
2019-04-25,np.float64(124706.90888407995),np.float64(0.2036098819713119),1
2019-04-26,np.float64(124753.55059246773),np.float64(0.39672012731971246),2
2019-04-29,np.float64(124883.5208881153),np.float64(0.3973479800808524),2
2019-04-30,np.float64(125345.62222450925),np.float64(0.39956972742904745),2
2019-05-01,np.float64(124143.236529619),np.float64(0.5875146823784251),3
2019-05-02,np.float64(124098.45857261788),np.float64(0.5873658469293107),3
2019-05-03,np.float64(124681.33723906156),np.float64(0.5892948898012988),3
2019-05-06,np.float64(124388.78216315868),np.float64(0.5883289356163767),3
2019-05-07,np.float64(122931.55648853054),np.float64(0.5834490035496475),3
2019-05-08,np.float64(122959.74965375703),np.float64(0.5835445135933914),3
2019-05-09,np.float64(122913.49251037504),np.float64(0.5828698943777787),3
2019-05-10,np.float64(124206.24651077247),np.float64(0.5872114361913184),3
2019-05-13,np.float64(122648.97497901742),np.float64(0.5819702682226234),3
2019-05-14,np.float64(123780.6342920264),np.float64(0.5857920877001713),3
2019-05-15,np.float64(123794.70471283657),np.float64(0.5858391662859838),3
2019-05-16,np.float64(124773.65748926185),np.float64(0.5890886013527232),3
2019-05-17,np.float64(124094.73435342466),np.float64(0.5868405022953829),3
2019-05-20,np.float64(124167.06541433642),np.float64(0.5870811801651145),3
2019-05-21,np.float64(124106.27588002256),np.float64(0.5868789249399923),3
2019-05-22,np.float64(124891.85819642071),np.float64(0.5894774979437514),3
2019-05-23,np.float64(124332.78755291374),np.float64(0.5876315562262378),3
2019-05-24,np.float64(124200.8265890652),np.float64(0.5871934227709656),3
2019-05-28,np.float64(123931.68242878336),np.float64(0.5862969249795235),3
2019-05-29,np.float64(122788.0840346778),np.float64(0.5824438623965423),3
2019-05-30,np.float64(123330.93642292231),np.float64(0.3746131493020543),2
2019-05-31,np.float64(122523.38938158657),np.float64(0.37049124814081125),2
2019-06-03,np.float64(121755.3223912243),np.float64(0.3665201289901132),2
2019-06-04,np.float64(123027.01069958844),np.float64(0.3730681946625728),2
2019-06-05,np.float64(124362.33460226847),np.float64(0.3797997909107036),2
2019-06-06,np.float64(124806.6304460053),np.float64(0.38200762533583293),2
2019-06-07,np.float64(125560.6042062675),np.float64(0.3857185825861935),2
2019-06-10,np.float64(124414.56311409174),np.float64(0.3800601473604827),2
2019-06-11,np.float64(124057.6289145386),np.float64(0.3782764784558851),2
2019-06-12,np.float64(124233.05803942916),np.float64(0.37915441235713176),2
2019-06-13,np.float64(124484.62008699031),np.float64(0.38040903471238824),2
2019-06-14,np.float64(124335.06341784392),np.float64(0.3796637585332126),2
2019-06-17,np.float64(124500.97350954643),np.float64(0.3804904190789653),2
2019-06-18,np.float64(124672.71850274719),np.float64(0.38134383488669665),2
2019-06-19,np.float64(125277.02331107076),np.float64(0.384328076413163),2
2019-06-20,np.float64(126081.62449187),np.float64(0.38825704194401917),2
2019-06-21,np.float64(125910.00254386145),np.float64(0.3874232041549563),2
2019-06-24,np.float64(125352.73313873462),np.float64(0.38469992642444795),2
2019-06-25,np.float64(124846.17318427296),np.float64(0.38220336309935),2
2019-06-26,np.float64(124611.75174774062),np.float64(0.38104115509668685),2
2019-06-27,np.float64(124965.32993611654),np.float64(0.3827924436114456),2
2019-06-28,np.float64(124986.70081903411),np.float64(0.38289797700289435),2
2019-07-01,np.float64(125254.66302450477),np.float64(0.384218167525864),2
2019-07-02,np.float64(125451.38318415079),np.float64(0.38518377425985767),2
2019-07-03,np.float64(126023.71874033683),np.float64(0.38797595647784316),2
2019-07-05,np.float64(125790.26367886554),np.float64(0.38684009662252766),2
2019-07-08,np.float64(125646.50593826402),np.float64(0.38613855317984497),2
2019-07-09,np.float64(125867.45290898065),np.float64(0.3872161218759615),2
2019-07-10,np.float64(126345.49963908682),np.float64(0.3895346795613225),2
2019-07-11,np.float64(127401.33427957994),np.float64(0.6060588248244974),3
2019-07-12,np.float64(127851.72672501966),np.float64(0.6074465896501403),3
2019-07-15,np.float64(127702.26191020421),np.float64(0.8111411718997985),4
2019-07-16,np.float64(127208.86634308852),np.float64(0.8104086592120116),4
2019-07-17,np.float64(127067.1135872159),np.float64(0.8101971560599561),4
2019-07-18,np.float64(127294.12214723956),np.float64(0.5934290375029184),3
2019-07-19,np.float64(126508.8467207004),np.float64(0.5909053390085499),3
2019-07-22,np.float64(126498.65698475561),np.float64(0.590872385563262),3
2019-07-23,np.float64(126823.76547807927),np.float64(0.5919211705587653),3
2019-07-24,np.float64(127623.25434914797),np.float64(0.5944775579845588),3
2019-07-25,np.float64(127556.9471545402),np.float64(0.5942667575845778),3
2019-07-26,np.float64(127692.92026752523),np.float64(0.5946988004253019),3
2019-07-29,np.float64(127648.68046713671),np.float64(0.7829977568674662),4
2019-07-30,np.float64(127517.9081599009),np.float64(0.7827752164853403),4
2019-07-31,np.float64(126583.1718988195),np.float64(0.7811711495393879),4
2019-08-01,np.float64(125292.58976721621),np.float64(0.5601756390288516),3
2019-08-02,np.float64(124474.39830291871),np.float64(0.5572845984386335),3
2019-08-05,np.float64(123500.48683858397),np.float64(0.0),0
2019-08-06,np.float64(123500.48683858397),np.float64(0.0),0
2019-08-07,np.float64(123500.48683858397),np.float64(0.0),0
2019-08-08,np.float64(123500.48683858397),np.float64(0.0),0
2019-08-09,np.float64(123500.48683858397),np.float64(0.0),0
2019-08-12,np.float64(123500.48683858397),np.float64(0.0),0
2019-08-13,np.float64(123500.48683858397),np.float64(0.0),0
2019-08-14,np.float64(123500.48683858397),np.float64(0.0),0
2019-08-15,np.float64(123500.48683858397),np.float64(0.0),0
2019-08-16,np.float64(123500.48683858397),np.float64(0.0),0
2019-08-19,np.float64(123500.48683858397),np.float64(0.0),0
2019-08-20,np.float64(123500.48683858397),np.float64(0.0),0
2019-08-21,np.float64(123500.48683858397),np.float64(0.0),0
2019-08-22,np.float64(123500.48683858397),np.float64(0.0),0
2019-08-23,np.float64(123500.48683858397),np.float64(0.0),0
2019-08-26,np.float64(123495.7495740332),np.float64(0.19996931220990452),1
2019-08-27,np.float64(123618.91845235323),np.float64(0.2007664303506419),1
2019-08-28,np.float64(123410.47881211933),np.float64(0.19941652911596486),1
2019-08-29,np.float64(123666.5302908907),np.float64(0.40080560254379016),2
2019-08-30,np.float64(123559.76943313275),np.float64(0.40028787328507054),2
2019-09-03,np.float64(123164.2984465638),np.float64(0.3983622442724373),2
2019-09-04,np.float64(123962.06622252546),np.float64(0.402234132092214),2
2019-09-05,np.float64(124809.72179494431),np.float64(0.4062939085394871),2
2019-09-06,np.float64(124316.62173992302),np.float64(0.4039389820439931),2
2019-09-09,np.float64(124686.02068624634),np.float64(0.4057048922139183),2
2019-09-10,np.float64(124867.43772692145),np.float64(0.40656832996602493),2
2019-09-11,np.float64(125263.09199126647),np.float64(0.4084427350051621),2
2019-09-12,np.float64(124378.09849044625),np.float64(0.4042335989817197),2
2019-09-13,np.float64(124275.78393082623),np.float64(0.4037431126212351),2
2019-09-16,np.float64(123808.6461564785),np.float64(0.40149339804994744),2
2019-09-17,np.float64(123871.50214992667),np.float64(0.40179709766122146),2
2019-09-18,np.float64(123928.00658474001),np.float64(0.40206984566897097),2
2019-09-19,np.float64(124770.63392619524),np.float64(0.4061079136058373),2
2019-09-20,np.float64(124524.66479604262),np.float64(0.40493481974419837),2
2019-09-23,np.float64(124731.22506247113),np.float64(0.4059202732432272),2
2019-09-24,np.float64(124097.0912055682),np.float64(0.4028845367503221),2
2019-09-25,np.float64(124685.54644205743),np.float64(0.40570263179954463),2
2019-09-26,np.float64(124774.78718698499),np.float64(0.4061276819322066),2
2019-09-27,np.float64(124510.63628016636),np.float64(0.40486777421637826),2
2019-09-30,np.float64(125189.89271134886),np.float64(0.40809684793001694),2
2019-10-01,np.float64(124254.47918369353),np.float64(0.40364087805959037),2
2019-10-02,np.float64(123511.04343139165),np.float64(0.4000512825048565),2
2019-10-03,np.float64(124140.73099015665),np.float64(0.4030944436034783),2
2019-10-04,np.float64(125078.23512702028),np.float64(0.4075684548322931),2
2019-10-07,np.float64(124737.20385274789),np.float64(0.40594874813270876),2
2019-10-08,np.float64(124120.9608060981),np.float64(0.4029993675370437),2
2019-10-09,np.float64(124924.55205218733),np.float64(0.40592953720285563),2
2019-10-10,np.float64(125534.09872947102),np.float64(0.40881412139420553),2
2019-10-11,np.float64(126301.69504871567),np.float64(0.4124070431220746),2
2019-10-14,np.float64(126074.59731669154),np.float64(0.4113486139801188),2
2019-10-15,np.float64(126386.91507271412),np.float64(0.4128032446264602),2
2019-10-16,np.float64(126011.71272847572),np.float64(0.6070691524418659),3
2019-10-17,np.float64(125633.66571183367),np.float64(0.6058867756177533),3
2019-10-18,np.float64(124564.30494644884),np.float64(0.602503388864583),3
2019-10-21,np.float64(125414.72142388017),np.float64(0.6051987476230668),3
2019-10-22,np.float64(124283.19597917546),np.float64(0.601604314287601),3
2019-10-23,np.float64(124399.6534285222),np.float64(0.6019772746947252),3
2019-10-24,np.float64(125206.35364579565),np.float64(0.6045417213832045),3
2019-10-25,np.float64(125036.77739702283),np.float64(0.6040053965287894),3
2019-10-28,np.float64(126099.68187248394),np.float64(0.6073432672516801),3
2019-10-29,np.float64(125709.66123586311),np.float64(0.8026103047849414),4
2019-10-30,np.float64(126927.14743769325),np.float64(0.8045036683021966),4
2019-10-31,np.float64(126443.42804634759),np.float64(0.8037557815354401),4
2019-11-01,np.float64(126943.88074489395),np.float64(0.8045294379584864),4
2019-11-04,np.float64(127461.47162264181),np.float64(0.805323197660873),4
2019-11-05,np.float64(128580.30644291258),np.float64(0.8070171676877114),4
2019-11-06,np.float64(128267.96482104826),np.float64(0.8065472407584077),4
2019-11-07,np.float64(128637.54858223961),np.float64(0.8071030426930788),4
2019-11-08,np.float64(129306.42215513326),np.float64(0.808100856064478),4
2019-11-11,np.float64(128907.682134198),np.float64(0.807507269496141),4
2019-11-12,np.float64(129376.51942427187),np.float64(0.808204828609108),4
2019-11-13,np.float64(129058.47801512055),np.float64(0.8077321839017186),4
2019-11-14,np.float64(129247.36472267006),np.float64(0.8080131709441118),4
2019-11-15,np.float64(129806.98522799595),np.float64(0.8088408595781515),4
2019-11-18,np.float64(129907.15061466389),np.float64(0.8089882535370281),4
2019-11-19,np.float64(130278.6023747814),np.float64(0.8095328682944284),4
2019-11-20,np.float64(130071.0197803419),np.float64(0.8085232702752445),4
2019-11-21,np.float64(129772.18851225695),np.float64(0.8080823496542056),4
2019-11-22,np.float64(130066.59335086276),np.float64(0.8085167539345056),4
2019-11-25,np.float64(131377.62050261605),np.float64(0.810427579642395),4
2019-11-26,np.float64(131937.28170050654),np.float64(0.6047745854732324),3
2019-11-27,np.float64(132390.55810513496),np.float64(0.6061277511179621),3
2019-11-29,np.float64(131963.96082175808),np.float64(0.6048544880973289),3
2019-12-02,np.float64(130743.7734698368),np.float64(0.6011667288794621),3
2019-12-03,np.float64(130289.17645660801),np.float64(0.599775144261625),3
2019-12-04,np.float64(129947.504487531),np.float64(0.5987228299823092),3
2019-12-05,np.float64(129841.18895670227),np.float64(0.5983942593978693),3
2019-12-06,np.float64(130358.06619428126),np.float64(0.5999866492810463),3
2019-12-09,np.float64(130630.89524512383),np.float64(0.6008220968418719),3
2019-12-10,np.float64(130467.19212829249),np.float64(0.6003212301806738),3
2019-12-11,np.float64(130792.68563579932),np.float64(0.6013158794153165),3
2019-12-12,np.float64(131232.02735883003),np.float64(0.6026506036591455),3
2019-12-13,np.float64(131401.1953620685),np.float64(0.6031621576353614),3
2019-12-16,np.float64(131802.81615190342),np.float64(0.6043713755590755),3
2019-12-17,np.float64(131470.42999046904),np.float64(0.6033711393855039),3
2019-12-18,np.float64(131777.73427132308),np.float64(0.6042960736883363),3
2019-12-19,np.float64(132117.06414673885),np.float64(0.605312400874261),3
2019-12-20,np.float64(132205.27973618585),np.float64(0.605575761000829),3
2019-12-23,np.float64(132469.7535174358),np.float64(0.6063632227959551),3
2019-12-24,np.float64(132351.7899192754),np.float64(0.6060123789529246),3
2019-12-26,np.float64(133520.62879125983),np.float64(0.3850114744648924),2
2019-12-27,np.float64(133482.86539329373),np.float64(0.38483748916448735),2
2019-12-30,np.float64(132891.0538427288),np.float64(0.5877639772575823),3
2019-12-31,np.float64(132923.59149021708),np.float64(0.5878648862853899),3
2020-01-02,np.float64(133856.15968859848),np.float64(0.5907362080189634),3
2020-01-03,np.float64(133467.5315041765),np.float64(0.5895445216017895),3
2020-01-06,np.float64(133996.3556020205),np.float64(0.5911644070613147),3
2020-01-07,np.float64(134065.90482125408),np.float64(0.5913764982437945),3
2020-01-08,np.float64(134268.2756856092),np.float64(0.5911456108073246),3
2020-01-09,np.float64(134952.59638600936),np.float64(0.593218838959036),3
2020-01-10,np.float64(134534.05168038985),np.float64(0.5919533147354445),3
2020-01-13,np.float64(134953.3423075436),np.float64(0.5932210873422368),3
2020-01-14,np.float64(134779.83190203272),np.float64(0.5926974157135333),3
2020-01-15,np.float64(134719.0371080533),np.float64(0.5925136118708804),3
2020-01-16,np.float64(135463.48694447553),np.float64(0.5947529841314758),3
2020-01-17,np.float64(135290.51719439277),np.float64(0.5942348733539419),3
2020-01-21,np.float64(136510.2080741182),np.float64(0.5978603020399207),3
2020-01-22,np.float64(136082.8357868095),np.float64(0.5965973700798306),3
2020-01-23,np.float64(136257.8611295089),np.float64(0.5971155470346304),3
2020-01-24,np.float64(135287.07380584587),np.float64(0.5942245456341493),3
2020-01-27,np.float64(134071.03318655794),np.float64(0.5905441127838089),3
2020-01-28,np.float64(134912.8252680097),np.float64(0.5930989234393391),3
2020-01-29,np.float64(134737.8345101473),np.float64(0.5925704606803729),3
2020-01-30,np.float64(134956.34073593866),np.float64(0.5932301250609211),3
2020-01-31,np.float64(136104.69224332215),np.float64(0.5966621507416332),3
2020-02-03,np.float64(136017.9117234071),np.float64(0.5964048179549687),3
2020-02-04,np.float64(136927.0119378896),np.float64(0.0),0
2020-02-05,np.float64(136927.0119378896),np.float64(0.0),0
2020-02-06,np.float64(136927.0119378896),np.float64(0.0),0
2020-02-07,np.float64(136927.0119378896),np.float64(0.0),0
2020-02-10,np.float64(136927.0119378896),np.float64(0.0),0
2020-02-11,np.float64(136927.0119378896),np.float64(0.0),0
2020-02-12,np.float64(136927.0119378896),np.float64(0.0),0
2020-02-13,np.float64(136927.0119378896),np.float64(0.0),0
2020-02-14,np.float64(136927.0119378896),np.float64(0.0),0
2020-02-18,np.float64(136927.0119378896),np.float64(0.0),0
2020-02-19,np.float64(136927.0119378896),np.float64(0.0),0
2020-02-20,np.float64(136927.0119378896),np.float64(0.0),0
2020-02-21,np.float64(136927.0119378896),np.float64(0.0),0
2020-02-24,np.float64(136927.0119378896),np.float64(0.0),0
2020-02-25,np.float64(136927.0119378896),np.float64(0.0),0
2020-02-26,np.float64(136927.0119378896),np.float64(0.0),0
2020-02-27,np.float64(136927.0119378896),np.float64(0.0),0
2020-02-28,np.float64(136927.0119378896),np.float64(0.0),0
2020-03-02,np.float64(136927.0119378896),np.float64(0.0),0
2020-03-03,np.float64(136927.0119378896),np.float64(0.0),0
2020-03-04,np.float64(136927.0119378896),np.float64(0.0),0
2020-03-05,np.float64(136927.0119378896),np.float64(0.0),0
2020-03-06,np.float64(136927.0119378896),np.float64(0.0),0
2020-03-09,np.float64(136927.0119378896),np.float64(0.0),0
2020-03-10,np.float64(138076.30573825978),np.float64(0.40499416809086203),2
2020-03-11,np.float64(135986.7194732869),np.float64(0.395851245761742),2
2020-03-12,np.float64(130563.32367795127),np.float64(0.3707558535704788),2
2020-03-13,np.float64(134327.08774861495),np.float64(0.3883868954526571),2
2020-03-16,np.float64(126124.94062820179),np.float64(0.5657416804134536),3
2020-03-17,np.float64(131708.90258486843),np.float64(0.5841525994048616),3
2020-03-18,np.float64(129302.51979457821),np.float64(0.5764134769982076),3
2020-03-19,np.float64(130926.9088920367),np.float64(0.5816688468501136),3
2020-03-20,np.float64(127515.41393705313),np.float64(0.570476987180601),3
2020-03-23,np.float64(127685.37551762036),np.float64(0.5710487238407537),3
2020-03-24,np.float64(133864.42657996717),np.float64(0.6072428518491105),3
2020-03-25,np.float64(131587.6280865034),np.float64(0.6004471606719795),3
2020-03-26,np.float64(137205.9682139563),np.float64(0.6168081381094466),3
2020-03-27,np.float64(135679.38236489848),np.float64(0.6124966851558724),3
2020-03-30,np.float64(138685.69197798645),np.float64(0.6208966500253867),3
2020-03-31,np.float64(135654.66361112508),np.float64(0.798124136254671),4
2020-04-01,np.float64(132500.68881388864),np.float64(0.7933187922815735),4
2020-04-02,np.float64(134136.293932972),np.float64(0.795838981496966),4
2020-04-03,np.float64(133324.76762237266),np.float64(0.794596286376857),4
2020-04-06,np.float64(140225.36539501362),np.float64(0.8047043606523435),4
2020-04-07,np.float64(139041.06230572538),np.float64(1.0),5
2020-04-08,np.float64(143002.55474600723),np.float64(0.9989918689758182),5
2020-04-09,np.float64(144578.63981148478),np.float64(0.9990028588443999),5
2020-04-13,np.float64(143552.16389864497),np.float64(0.9989957287437443),5
2020-04-14,np.float64(148450.4359196514),np.float64(0.9990288656878398),5
2020-04-15,np.float64(146501.11873267838),np.float64(0.9990159439516652),5
2020-04-16,np.float64(147067.2381306039),np.float64(0.9990197319687972),5
2020-04-17,np.float64(149978.92667353275),np.float64(0.9990387628770638),5
2020-04-20,np.float64(148372.49411089203),np.float64(0.9990283555396126),5
2020-04-21,np.float64(141559.42438125238),np.float64(0.9989815915640597),5
2020-04-22,np.float64(146194.45088733363),np.float64(0.9990138797259287),5
2020-04-23,np.float64(145915.1981745748),np.float64(0.9990119924875527),5
2020-04-24,np.float64(148782.6311321245),np.float64(0.9990310339931501),5
2020-04-27,np.float64(149045.48864775602),np.float64(0.9990327428673978),5
2020-04-28,np.float64(147106.78303398637),np.float64(0.9990199954821702),5
2020-04-29,np.float64(152404.74173281973),np.float64(0.9990540628176159),5
2020-04-30,np.float64(153813.9255951771),np.float64(0.9990627291292458),5
2020-05-01,np.float64(150567.93896388062),np.float64(0.7583180650850451),4
2020-05-04,np.float64(151693.4709579582),np.float64(0.760111291572774),4
2020-05-05,np.float64(152917.91219155272),np.float64(0.7620321236182972),4
2020-05-06,np.float64(152609.4319819624),np.float64(0.7615511023640497),4
2020-05-07,np.float64(154803.58695038984),np.float64(0.764930829176398),4
2020-05-08,np.float64(157295.3292979924),np.float64(0.76865460031551),4
2020-05-11,np.float64(158880.15272780188),np.float64(0.7709622618043983),4
2020-05-12,np.float64(157061.52561550512),np.float64(0.5665545804274515),3
2020-05-13,np.float64(155357.62626852375),np.float64(0.5618007271078518),3
2020-05-14,np.float64(155693.0467701437),np.float64(0.562744770679303),3
2020-05-15,np.float64(157026.30826595722),np.float64(0.5664573686989227),3
2020-05-18,np.float64(157273.09746199838),np.float64(0.5671376734627697),3
2020-05-19,np.float64(156599.03728987137),np.float64(0.5652744739221947),3
2020-05-20,np.float64(156988.41989411146),np.float64(0.5663527353480245),3
2020-05-21,np.float64(156079.8556364259),np.float64(0.5638284095565934),3
2020-05-22,np.float64(156814.0060308443),np.float64(0.5658704181326331),3
2020-05-26,np.float64(156533.8664623294),np.float64(0.5650934816364458),3
2020-05-27,np.float64(157206.93338921887),np.float64(0.7975139348508566),4
2020-05-28,np.float64(158979.4843030029),np.float64(0.7997715648927591),4
2020-05-29,np.float64(158506.75175901147),np.float64(0.7991744010719298),4
2020-06-01,np.float64(158943.4319870277),np.float64(0.7997261481132203),4
2020-06-02,np.float64(158714.61783312715),np.float64(0.7994374192450574),4
2020-06-03,np.float64(158958.15869691528),np.float64(0.7997447025236324),4
2020-06-04,np.float64(157318.87337271095),np.float64(0.7963100962901463),4
2020-06-05,np.float64(159487.46723396255),np.float64(0.7990797225337942),4
2020-06-08,np.float64(161037.84296547368),np.float64(0.801014062415749),4
2020-06-09,np.float64(160246.17382145423),np.float64(0.8000310060149468),4
2020-06-10,np.float64(162657.53427495243),np.float64(0.8029955002584553),4
2020-06-11,np.float64(156112.3732642213),np.float64(0.7947358976165521),4
2020-06-12,np.float64(159033.13018625972),np.float64(0.7985057193334502),4
2020-06-15,np.float64(160015.1177785524),np.float64(0.5577181229634284),3
2020-06-16,np.float64(161303.52299719432),np.float64(0.372578329005143),2
2020-06-17,np.float64(159478.07317675816),np.float64(0.365396609576003),2
2020-06-18,np.float64(160993.10221889627),np.float64(0.37136855839542765),2
2020-06-19,np.float64(161108.51134572655),np.float64(0.37181887480123166),2
2020-06-22,np.float64(161493.30836042124),np.float64(0.37331566884253387),2
2020-06-23,np.float64(161599.6464267753),np.float64(0.37372804845760843),2
2020-06-24,np.float64(160775.83392152702),np.float64(0.37051904214874565),2
2020-06-25,np.float64(161213.5611495427),np.float64(0.37222820949672863),2
2020-06-26,np.float64(160489.00126668988),np.float64(0.3693940074554967),2
2020-06-29,np.float64(163293.97423396216),np.float64(0.6173906247731784),3
2020-06-30,np.float64(165032.25486912267),np.float64(0.6214206398045738),3
2020-07-01,np.float64(167120.13631605078),np.float64(0.6261503440746033),3
2020-07-02,np.float64(166669.18825253024),np.float64(0.8077373118270785),4
2020-07-06,np.float64(168858.64566168413),np.float64(0.8102302310701207),4
2020-07-07,np.float64(168819.51987680397),np.float64(0.8101862498340567),4
2020-07-08,np.float64(169757.2663730638),np.float64(0.8112347892159815),4
2020-07-09,np.float64(169968.5197112902),np.float64(0.8114694049023855),4
2020-07-10,np.float64(170326.73765637132),np.float64(0.811865907784376),4
2020-07-13,np.float64(169682.95857728567),np.float64(0.8111521248939391),4
2020-07-14,np.float64(170786.43832865776),np.float64(0.8115281763821073),4
2020-07-15,np.float64(170233.32738724153),np.float64(0.8109158061171791),4
2020-07-16,np.float64(170125.49767263333),np.float64(0.8107959599157443),4
2020-07-17,np.float64(170123.0202315803),np.float64(0.6206807601030702),3
2020-07-20,np.float64(170727.83335071517),np.float64(0.6220245202160369),3
2020-07-21,np.float64(170630.31875875528),np.float64(0.6218085086364413),3
2020-07-22,np.float64(170670.94173809962),np.float64(0.6218985255132772),3
2020-07-23,np.float64(169400.36535409038),np.float64(0.6190626000816067),3
2020-07-24,np.float64(168773.7921231842),np.float64(0.6176483687934595),3
2020-07-27,np.float64(168529.99233382137),np.float64(0.8051214135583136),4
2020-07-28,np.float64(167646.8657286165),np.float64(0.8040948362720435),4
2020-07-29,np.float64(167829.9336425845),np.float64(0.8043085284834437),4
2020-07-30,np.float64(167683.58362452406),np.float64(0.8041377338846424),4
2020-07-31,np.float64(171175.53088569266),np.float64(0.8081332857032286),4
2020-08-03,np.float64(171460.42782884307),np.float64(0.5363868094912171),3
2020-08-04,np.float64(171696.63779224578),np.float64(0.0),0
2020-08-05,np.float64(171696.63779224578),np.float64(0.0),0
2020-08-06,np.float64(171696.63779224578),np.float64(0.0),0
2020-08-07,np.float64(171696.63779224578),np.float64(0.0),0
2020-08-10,np.float64(171696.63779224578),np.float64(0.0),0
2020-08-11,np.float64(171696.63779224578),np.float64(0.0),0
2020-08-12,np.float64(171696.63779224578),np.float64(0.0),0
2020-08-13,np.float64(171696.63779224578),np.float64(0.0),0
2020-08-14,np.float64(171696.63779224578),np.float64(0.0),0
2020-08-17,np.float64(171696.63779224578),np.float64(0.0),0
2020-08-18,np.float64(171696.63779224578),np.float64(0.0),0
2020-08-19,np.float64(171696.63779224578),np.float64(0.0),0
2020-08-20,np.float64(171696.63779224578),np.float64(0.0),0
2020-08-21,np.float64(171696.63779224578),np.float64(0.0),0
2020-08-24,np.float64(171696.63779224578),np.float64(0.0),0
2020-08-25,np.float64(171696.63779224578),np.float64(0.0),0
2020-08-26,np.float64(171696.63779224578),np.float64(0.0),0
2020-08-27,np.float64(171887.87499918556),np.float64(0.4006675416992874),2
2020-08-28,np.float64(172474.36739937318),np.float64(0.40270554848997303),2
2020-08-31,np.float64(171747.1708928617),np.float64(0.40017653775728546),2
2020-09-01,np.float64(172498.21279319574),np.float64(0.6018587438976216),3
2020-09-02,np.float64(176749.67609714475),np.float64(0.8057177341610762),4
2020-09-03,np.float64(169675.048775583),np.float64(0.7976171051297748),4
2020-09-04,np.float64(167752.85728054048),np.float64(0.7952981063027619),4
2020-09-08,np.float64(161064.07334763792),np.float64(0.7867970997831917),4
2020-09-09,np.float64(163383.3306013261),np.float64(0.789823555242358),4
2020-09-10,np.float64(161315.18487500155),np.float64(0.7871289824013921),4
2020-09-11,np.float64(160788.81671782784),np.float64(0.7864321147489253),4
2020-09-14,np.float64(162033.84935495284),np.float64(0.7880731236395853),4
2020-09-15,np.float64(163607.43983874397),np.float64(0.7901114546362014),4
2020-09-16,np.float64(162130.57226244197),np.float64(0.7881995537346046),4
2020-09-17,np.float64(160735.45641953207),np.float64(0.7863612153573581),4
2020-09-18,np.float64(159208.6629357034),np.float64(0.7843124430212876),4
2020-09-21,np.float64(160101.7927288275),np.float64(0.785515658674657),4
2020-09-22,np.float64(162262.29099144271),np.float64(0.7883714857676937),4
2020-09-23,np.float64(159813.10010901382),np.float64(0.7851282057914829),4
2020-09-24,np.float64(161032.04416676934),np.float64(0.7867546938490927),4
2020-09-25,np.float64(161897.7520536043),np.float64(0.7878949699864924),4
2020-09-28,np.float64(163881.21501511327),np.float64(0.7904620883163311),4
2020-09-29,np.float64(164088.82895339344),np.float64(0.7907272068581669),4
2020-09-30,np.float64(164483.02529438733),np.float64(0.5830774104454652),3
2020-10-01,np.float64(165941.08494716042),np.float64(0.5867407467816879),3
2020-10-02,np.float64(162949.64651627775),np.float64(0.5791541110422134),3
2020-10-05,np.float64(165487.1972399145),np.float64(0.5856072857159988),3
2020-10-06,np.float64(164024.33977539488),np.float64(0.5819115081493098),3
2020-10-07,np.float64(165196.5176986081),np.float64(0.5848781209261663),3
2020-10-08,np.float64(166638.60046667093),np.float64(0.5884705665346972),3
2020-10-09,np.float64(168390.13226976502),np.float64(0.5927511433173619),3
2020-10-12,np.float64(171150.52998365136),np.float64(0.5993194479149403),3
2020-10-13,np.float64(171432.72313869165),np.float64(0.5999790029117111),3
2020-10-14,np.float64(170655.5254821123),np.float64(0.598157231359684),3
2020-10-15,np.float64(170044.03956568547),np.float64(0.5967121869213777),3
2020-10-16,np.float64(170016.53102782398),np.float64(0.5966469352778577),3
2020-10-19,np.float64(167864.82625064295),np.float64(0.5914767234137155),3
2020-10-20,np.float64(168488.07879235316),np.float64(0.592987887718663),3
2020-10-21,np.float64(169156.1152680419),np.float64(0.5945952723326937),3
2020-10-22,np.float64(169373.8888646907),np.float64(0.5951165241397716),3
2020-10-23,np.float64(169713.6975346852),np.float64(0.5959272006934817),3
2020-10-26,np.float64(166952.97938577514),np.float64(0.5892454923787784),3
2020-10-27,np.float64(167368.88392371018),np.float64(0.5902661998107215),3
2020-10-28,np.float64(163034.60555097135),np.float64(0.5793734182277019),3
2020-10-29,np.float64(165550.0323966435),np.float64(0.5857645700775448),3
2020-10-30,np.float64(166292.1416739397),np.float64(0.5876131718962223),3
2020-11-02,np.float64(167048.10319696757),np.float64(0.5894793922763627),3
2020-11-03,np.float64(168955.86022804107),np.float64(0.594114766123285),3
2020-11-04,np.float64(174258.49387968125),np.float64(0.6064657319324155),3
2020-11-05,np.float64(178488.8217059095),np.float64(0.6157928088264726),3
2020-11-06,np.float64(178818.64462844154),np.float64(0.6165014616569086),3
2020-11-09,np.float64(178459.33756320598),np.float64(0.6157293320714484),3
2020-11-10,np.float64(175769.87788546504),np.float64(0.6098495961396418),3
2020-11-11,np.float64(177802.36813272466),np.float64(0.6143094742567806),3
2020-11-12,np.float64(176785.89564079925),np.float64(0.6120918549812542),3
2020-11-13,np.float64(179232.35930971004),np.float64(0.6173866755556076),3
2020-11-16,np.float64(180305.44283953687),np.float64(0.6196637896032349),3
2020-11-17,np.float64(179559.77034330845),np.float64(0.6180843364168647),3
2020-11-18,np.float64(179551.2475694595),np.float64(0.6169068487863051),3
2020-11-19,np.float64(180984.83543145127),np.float64(0.6199413444128746),3
2020-11-20,np.float64(179918.45240125834),np.float64(0.6176887233204468),3
2020-11-23,np.float64(181782.873892572),np.float64(0.6216098262568772),3
2020-11-24,np.float64(184475.86382618584),np.float64(0.6271335891369292),3
2020-11-25,np.float64(183479.3907073206),np.float64(0.6251085586748131),3
2020-11-27,np.float64(185008.41769182007),np.float64(0.6282068994811161),3
2020-11-30,np.float64(184049.70068891652),np.float64(0.6262702249540972),3
2020-12-01,np.float64(186225.32999529308),np.float64(0.630636427184889),3
2020-12-02,np.float64(186661.03584650098),np.float64(0.4309133871504465),2
2020-12-03,np.float64(186100.7745993724),np.float64(0.6303892158223909),3
2020-12-04,np.float64(188447.4196753435),np.float64(0.6349918011388174),3
2020-12-07,np.float64(188907.6663507294),np.float64(0.6358810917285522),3
2020-12-08,np.float64(189537.1261894295),np.float64(0.6370903441524765),3
2020-12-09,np.float64(186611.54011346976),np.float64(0.6314008598079751),3
2020-12-10,np.float64(186842.4284150115),np.float64(0.6318563517974051),3
2020-12-11,np.float64(187408.8883463672),np.float64(0.6329690985167841),3
2020-12-14,np.float64(187473.6162696044),np.float64(0.37155475283744904),2
2020-12-15,np.float64(187277.2894826348),np.float64(0.3708959402472916),2
2020-12-16,np.float64(188645.56896620267),np.float64(0.3754589426157336),2
2020-12-17,np.float64(189048.16230654292),np.float64(0.3767889532722997),2
2020-12-18,np.float64(189170.43996462732),np.float64(0.37719178992743707),2
2020-12-21,np.float64(189627.65974884198),np.float64(0.37869347083091737),2
2020-12-22,np.float64(190614.2611993316),np.float64(0.3819092948674825),2
2020-12-23,np.float64(189544.81551295624),np.float64(0.37842191676851505),2
2020-12-24,np.float64(189538.00267709483),np.float64(0.37839957449732775),2
2020-12-28,np.float64(189689.62858123844),np.float64(0.3788964426036013),2
2020-12-29,np.float64(189203.6918858895),np.float64(0.3773012464045087),2
2020-12-30,np.float64(188813.2140106932),np.float64(0.37601346531638213),2
2020-12-31,np.float64(188948.75753985578),np.float64(0.37646108581498805),2
2021-01-04,np.float64(187852.26340787348),np.float64(0.372821487611255),2
2021-01-05,np.float64(188085.0688060768),np.float64(0.3735977881663606),2
2021-01-06,np.float64(186324.99804731237),np.float64(0.3676806421696984),2
2021-01-07,np.float64(187558.70755295962),np.float64(0.37183986470080765),2
2021-01-08,np.float64(188436.20354827124),np.float64(0.3747650350914234),2
2021-01-11,np.float64(187480.18529243808),np.float64(0.3715767726107488),2
2021-01-12,np.float64(186633.52205134445),np.float64(0.3687259297362649),2
2021-01-13,np.float64(187997.73194630054),np.float64(0.6347670582023762),3
2021-01-14,np.float64(188145.22684840998),np.float64(0.6350533795611475),3
2021-01-15,np.float64(186489.77316906114),np.float64(0.6318137797948711),3
2021-01-19,np.float64(189789.15765769925),np.float64(0.6382145032021906),3
2021-01-20,np.float64(192375.7798367553),np.float64(0.6430789533469652),3
2021-01-21,np.float64(192309.95853127568),np.float64(0.642956791138501),3
2021-01-22,np.float64(192319.3371924736),np.float64(0.6429742027380718),3
2021-01-25,np.float64(193522.86894939552),np.float64(0.645194570219072),3
2021-01-26,np.float64(193352.20567106898),np.float64(0.46013418326021877),2
2021-01-27,np.float64(190294.42747804924),np.float64(0.45145925807474996),2
2021-01-28,np.float64(191263.8725267445),np.float64(0.6337786224379294),3
2021-01-29,np.float64(190691.3134388305),np.float64(0.6326790265825638),3
2021-02-01,np.float64(192951.83799855137),np.float64(0.6369823703098049),3
2021-02-02,np.float64(195262.57813758822),np.float64(0.6412783261253224),3
2021-02-03,np.float64(196125.02552697196),np.float64(0.0),0
2021-02-04,np.float64(196125.02552697196),np.float64(0.0),0
2021-02-05,np.float64(196125.02552697196),np.float64(0.0),0
2021-02-08,np.float64(196125.02552697196),np.float64(0.0),0
2021-02-09,np.float64(196125.02552697196),np.float64(0.0),0
2021-02-10,np.float64(196125.02552697196),np.float64(0.0),0
2021-02-11,np.float64(196125.02552697196),np.float64(0.0),0
2021-02-12,np.float64(196125.02552697196),np.float64(0.0),0
2021-02-16,np.float64(196125.02552697196),np.float64(0.0),0
2021-02-17,np.float64(196125.02552697196),np.float64(0.0),0
2021-02-18,np.float64(196125.02552697196),np.float64(0.0),0
2021-02-19,np.float64(196125.02552697196),np.float64(0.0),0
2021-02-22,np.float64(196125.02552697196),np.float64(0.0),0
2021-02-23,np.float64(196125.02552697196),np.float64(0.0),0
2021-02-24,np.float64(196125.02552697196),np.float64(0.0),0
2021-02-25,np.float64(196125.02552697196),np.float64(0.0),0
2021-02-26,np.float64(196125.02552697196),np.float64(0.0),0
2021-03-01,np.float64(196125.02552697196),np.float64(0.0),0
2021-03-02,np.float64(196125.02552697196),np.float64(0.0),0
2021-03-03,np.float64(196125.02552697196),np.float64(0.0),0
2021-03-04,np.float64(196125.02552697196),np.float64(0.0),0
2021-03-05,np.float64(196125.02552697196),np.float64(0.0),0
2021-03-08,np.float64(196125.02552697196),np.float64(0.0),0
2021-03-09,np.float64(196125.02552697196),np.float64(0.0),0
2021-03-10,np.float64(196125.02552697196),np.float64(0.0),0
2021-03-11,np.float64(196125.02552697196),np.float64(0.0),0
2021-03-12,np.float64(196125.02552697196),np.float64(0.0),0
2021-03-15,np.float64(196125.02552697196),np.float64(0.0),0
2021-03-16,np.float64(195997.46030163416),np.float64(0.19947931886406506),1
2021-03-17,np.float64(196038.2464621163),np.float64(0.19964586883867114),1
2021-03-18,np.float64(195011.6501248742),np.float64(0.19543257891973193),1
2021-03-19,np.float64(195212.97755533925),np.float64(0.1962623469687136),1
2021-03-22,np.float64(196159.7371529142),np.float64(0.200141564732686),1
2021-03-23,np.float64(196835.74606813956),np.float64(0.202888583218707),1
2021-03-24,np.float64(196081.63599454414),np.float64(0.1998229736009382),1
2021-03-25,np.float64(196036.5108808192),np.float64(0.1996387830174898),1
2021-03-26,np.float64(197607.21195470614),np.float64(0.2060005357621216),1
2021-03-29,np.float64(197627.17113962295),np.float64(0.20608072505005795),1
2021-03-30,np.float64(197292.2039492802),np.float64(0.2047327908511106),1
2021-03-31,np.float64(198152.18448199952),np.float64(0.2081842507477851),1
2021-04-01,np.float64(198843.8136288989),np.float64(0.21093838647452623),1
2021-04-05,np.float64(199562.34428590356),np.float64(0.21377942826330845),1
2021-04-06,np.float64(199538.04614774397),np.float64(0.2136836886465047),1
2021-04-07,np.float64(199717.67881199514),np.float64(0.214390927458776),1
2021-04-08,np.float64(200275.66819901683),np.float64(0.21657971818292113),1
2021-04-09,np.float64(200640.1402714105),np.float64(0.2180028372720667),1
2021-04-12,np.float64(200812.8306104732),np.float64(0.2186753209712757),1
2021-04-13,np.float64(201579.08975314844),np.float64(0.22164535709673255),1
2021-04-14,np.float64(201212.01430880913),np.float64(0.2202253878300922),1
2021-04-15,np.float64(202307.1661072872),np.float64(0.22444655105113476),1
2021-04-16,np.float64(202465.97179597302),np.float64(0.22505486215882595),1
2021-04-19,np.float64(201692.77032810933),np.float64(0.22208406297193453),1
2021-04-20,np.float64(201522.6833609923),np.float64(0.2214274948864248),1
2021-04-21,np.float64(201360.40650971225),np.float64(0.2208000413725338),1
2021-04-22,np.float64(200922.1722321913),np.float64(0.21910051698893893),1
2021-04-23,np.float64(201664.13323670696),np.float64(0.22197359588274782),1
2021-04-26,np.float64(201651.98416762718),np.float64(0.22192672157814558),1
2021-04-27,np.float64(201792.5662526933),np.float64(0.22246877902776344),1
2021-04-28,np.float64(201632.89277335894),np.float64(0.2218530505440022),1
2021-04-29,np.float64(201685.82800292087),np.float64(0.22205728595216273),1
2021-04-30,np.float64(201013.29025028972),np.float64(0.2194544936495739),1
2021-05-03,np.float64(200589.80841379424),np.float64(0.21780661907852042),1
2021-05-04,np.float64(199482.50754623636),np.float64(0.2134647676553242),1
2021-05-05,np.float64(199134.5234961653),np.float64(0.21209031127845102),1
2021-05-06,np.float64(198867.24397640993),np.float64(0.21103135295529424),1
2021-05-07,np.float64(199311.55278847076),np.float64(0.21279013571232647),1
2021-05-10,np.float64(198603.50247218448),np.float64(0.4074877137040209),2
2021-05-11,np.float64(198753.00207157776),np.float64(0.40793339426488584),2
2021-05-12,np.float64(196607.99220356048),np.float64(0.40147389738690326),2
2021-05-13,np.float64(197429.97098203312),np.float64(0.4039657974376543),2
2021-05-14,np.float64(198863.5109628532),np.float64(0.40826240698242355),2
2021-05-17,np.float64(198356.06795599184),np.float64(0.406748598473473),2
2021-05-18,np.float64(199015.52471456263),np.float64(0.40871439308587515),2
2021-05-19,np.float64(199005.30066402652),np.float64(0.40868401533258836),2
2021-05-20,np.float64(200116.86665002297),np.float64(0.41196852975925985),2
2021-05-21,np.float64(199617.3438006608),np.float64(0.4104970386055521),2
2021-05-24,np.float64(200467.10028284404),np.float64(0.4129958723892721),2
2021-05-25,np.float64(201258.23143619887),np.float64(0.4153033419977783),2
2021-05-26,np.float64(201375.63390315603),np.float64(0.41564422152098845),2
2021-05-27,np.float64(200486.6011976832),np.float64(0.41305296906024364),2
2021-05-28,np.float64(201128.2648188108),np.float64(0.41492551819013423),2
2021-06-01,np.float64(200272.55638639856),np.float64(0.4124256591145454),2
2021-06-02,np.float64(200173.83023235848),np.float64(0.4121358662139403),2
2021-06-03,np.float64(200015.42152159486),np.float64(0.4116702881158677),2
2021-06-04,np.float64(201071.05192816153),np.float64(0.41475904070852526),2
2021-06-07,np.float64(201237.02700722864),np.float64(0.4152417322685045),2
2021-06-08,np.float64(200914.766076145),np.float64(0.4143037984993828),2
2021-06-09,np.float64(201180.8546621338),np.float64(0.41507846005620974),2
2021-06-10,np.float64(203212.75510910657),np.float64(0.4209270217659196),2
2021-06-11,np.float64(203953.84134110517),np.float64(0.4230311400736203),2
2021-06-14,np.float64(205262.34149403695),np.float64(0.42670918367360755),2
2021-06-15,np.float64(204369.18991864566),np.float64(0.42420373950189516),2
2021-06-16,np.float64(203128.06269614008),np.float64(0.42068558251247834),2
2021-06-17,np.float64(203984.08871089004),np.float64(0.42311669473903984),2
2021-06-18,np.float64(204506.78845975752),np.float64(0.42459115317172447),2
2021-06-21,np.float64(205003.03514455233),np.float64(0.42598403368414606),2
2021-06-22,np.float64(205907.05847780392),np.float64(0.42850421842693587),2
2021-06-23,np.float64(205477.1915062993),np.float64(0.42730862509099654),2
2021-06-24,np.float64(206092.22801093291),np.float64(0.42901769536917866),2
2021-06-25,np.float64(206666.15379087807),np.float64(0.4306033515519117),2
2021-06-28,np.float64(207339.22364839108),np.float64(0.4324517414238118),2
2021-06-29,np.float64(207285.0180894782),np.float64(0.4323033261121327),2
2021-06-30,np.float64(207880.50208758935),np.float64(0.4339295213622226),2
2021-07-01,np.float64(207326.75557588527),np.float64(0.4324176106006153),2
2021-07-02,np.float64(208271.1249029704),np.float64(0.43499121459585066),2
2021-07-06,np.float64(208556.0109650989),np.float64(0.43576301267156636),2
2021-07-07,np.float64(209261.50665894622),np.float64(0.4376652581978702),2
2021-07-08,np.float64(209243.61318031303),np.float64(0.43761717011272294),2
2021-07-09,np.float64(209316.07298892335),np.float64(0.437811852497298),2
2021-07-12,np.float64(208873.10278023744),np.float64(0.4366195850501962),2
2021-07-13,np.float64(209438.52896938316),np.float64(0.4381405565860066),2
2021-07-14,np.float64(210040.92748878163),np.float64(0.43975197251750736),2
2021-07-15,np.float64(209840.81607738056),np.float64(0.4392177007508896),2
2021-07-16,np.float64(209750.89090591803),np.float64(0.6259848534041419),3
2021-07-19,np.float64(209023.00005282473),np.float64(0.624682402458281),3
2021-07-20,np.float64(210146.3828522584),np.float64(0.6266887435985877),3
2021-07-21,np.float64(210500.41512672178),np.float64(0.6273166009503512),3
2021-07-22,np.float64(211633.5353353374),np.float64(0.6293120082009535),3
2021-07-23,np.float64(212569.29654721566),np.float64(0.6309438310938591),3
2021-07-26,np.float64(212203.82372057627),np.float64(0.6303082157742387),3
2021-07-27,np.float64(212172.01166362388),np.float64(0.6302527859557513),3
2021-07-28,np.float64(212127.28037169136),np.float64(0.6301748173392505),3
2021-07-29,np.float64(212245.23860773953),np.float64(0.6303803528154713),3
2021-07-30,np.float64(212330.40137024326),np.float64(0.6305286021006739),3
2021-08-02,np.float64(212004.6257024059),np.float64(0.6299608560385365),3
2021-08-03,np.float64(213165.00868808644),np.float64(0.631975197554207),3
2021-08-04,np.float64(213101.1201560133),np.float64(0.0),0
2021-08-05,np.float64(213101.1201560133),np.float64(0.0),0
2021-08-06,np.float64(213101.1201560133),np.float64(0.0),0
2021-08-09,np.float64(213101.1201560133),np.float64(0.0),0
2021-08-10,np.float64(213101.1201560133),np.float64(0.0),0
2021-08-11,np.float64(213101.1201560133),np.float64(0.0),0
2021-08-12,np.float64(213101.1201560133),np.float64(0.0),0
2021-08-13,np.float64(213101.1201560133),np.float64(0.0),0
2021-08-16,np.float64(213101.1201560133),np.float64(0.0),0
2021-08-17,np.float64(213101.1201560133),np.float64(0.0),0
2021-08-18,np.float64(213101.1201560133),np.float64(0.0),0
2021-08-19,np.float64(213101.1201560133),np.float64(0.0),0
2021-08-20,np.float64(213235.94256715494),np.float64(0.2005058149560286),1
2021-08-23,np.float64(214919.17994262037),np.float64(0.20676741754586067),1
2021-08-24,np.float64(214461.60085026085),np.float64(0.20507496237593587),1
2021-08-25,np.float64(214727.1601449338),np.float64(0.20605806918071462),1
2021-08-26,np.float64(214306.35080106743),np.float64(0.20449909446191974),1
2021-08-27,np.float64(215993.6737041432),np.float64(0.21071347506998564),1
2021-08-30,np.float64(215960.98948326037),np.float64(0.21059402194475976),1
2021-08-31,np.float64(215715.8578266392),np.float64(0.20969696969696972),1
2021-09-01,np.float64(215417.61431108345),np.float64(0.20860280311794716),1
2021-09-02,np.float64(215094.85762986555),np.float64(0.20741528643063367),1
2021-09-03,np.float64(215389.01561781098),np.float64(0.20849772382397572),1
2021-09-07,np.float64(215074.42999181378),np.float64(0.20734000721843365),1
2021-09-08,np.float64(213856.9427639286),np.float64(0.2028273951666826),1
2021-09-09,np.float64(213848.77170870788),np.float64(0.20279693559788323),1
2021-09-10,np.float64(213460.64658572435),np.float64(0.2013474199969377),1
2021-09-13,np.float64(213549.5518883841),np.float64(0.40125993727003045),2
2021-09-14,np.float64(213960.09097518618),np.float64(0.40090783187979706),2
2021-09-15,np.float64(214052.25795668806),np.float64(0.4011657899938769),2
2021-09-16,np.float64(213900.30916625977),np.float64(0.40074039493843194),2
2021-09-17,np.float64(212248.48652229412),np.float64(0.39607666045686407),2
2021-09-20,np.float64(211006.00090820895),np.float64(0.39252052433673984),2
2021-09-21,np.float64(211517.21665996395),np.float64(0.3939887408806735),2
2021-09-22,np.float64(212215.72900525754),np.float64(0.395983439142984),2
2021-09-23,np.float64(212870.05109945172),np.float64(0.39784007129479043),2
2021-09-24,np.float64(212612.36381169214),np.float64(0.3971102503377977),2
2021-09-27,np.float64(213362.45319446066),np.float64(0.3992297479037047),2
2021-09-28,np.float64(209907.9761494843),np.float64(0.38934281038355356),2
2021-09-29,np.float64(209674.64957138704),np.float64(0.38866326923380107),2
2021-09-30,np.float64(210341.7926287962),np.float64(0.39060225173733826),2
2021-10-01,np.float64(210578.48789812007),np.float64(0.3912872294175853),2
2021-10-04,np.float64(209693.50280805613),np.float64(0.3887182336266664),2
2021-10-05,np.float64(210362.89165961638),np.float64(0.3906633732677131),2
2021-10-06,np.float64(211592.25726217922),np.float64(0.3942036610787089),2
2021-10-07,np.float64(212870.27685160527),np.float64(0.39784070989451753),2
2021-10-08,np.float64(212485.89862800174),np.float64(0.39675142858337353),2
2021-10-11,np.float64(212414.75738116627),np.float64(0.3965493905703306),2
2021-10-12,np.float64(212561.83637513898),np.float64(0.3969669392237516),2
2021-10-13,np.float64(214252.72000536424),np.float64(0.40172607941541716),2
2021-10-14,np.float64(215691.83574520727),np.float64(0.40571781796628154),2
2021-10-15,np.float64(215717.00788630528),np.float64(0.6033618693273682),3
2021-10-18,np.float64(216752.6588961212),np.float64(0.6052570187693849),3
2021-10-19,np.float64(217864.89710943232),np.float64(0.6072722503830418),3
2021-10-20,np.float64(218232.6099722185),np.float64(0.6079339802919019),3
2021-10-21,np.float64(219119.08437958904),np.float64(0.6095201337456503),3
2021-10-22,np.float64(219480.43300266156),np.float64(0.6101630127489318),3
2021-10-25,np.float64(220445.22153636336),np.float64(0.6118691520459936),3
2021-10-26,np.float64(221303.60991716123),np.float64(0.6133746268560867),3
2021-10-27,np.float64(221308.91550551896),np.float64(0.613383895687728),3
2021-10-28,np.float64(221013.38307290492),np.float64(0.6128669242889532),3
2021-10-29,np.float64(220893.69558933162),np.float64(0.6126571628309984),3
2021-11-01,np.float64(222820.58845918495),np.float64(0.6160068001167217),3
2021-11-02,np.float64(224427.79980859326),np.float64(0.6187567189301413),3
2021-11-03,np.float64(225617.60519365527),np.float64(0.6207672238658988),3
2021-11-04,np.float64(228580.5024531853),np.float64(0.6256829001421893),3
2021-11-05,np.float64(227980.42445710883),np.float64(0.6246976425012549),3
2021-11-08,np.float64(233088.4479823737),np.float64(0.6329222168539742),3
2021-11-09,np.float64(234688.43406312863),np.float64(0.3673194757888067),2
2021-11-10,np.float64(235330.12164672356),np.float64(0.3690446405655373),2
2021-11-11,np.float64(235025.16034591122),np.float64(0.36822593261578224),2
2021-11-12,np.float64(235441.8705465521),np.float64(0.36934411392214134),2
2021-11-15,np.float64(235055.1546712337),np.float64(0.368306550447516),2
2021-11-16,np.float64(234524.3327958972),np.float64(0.36687677683924375),2
2021-11-17,np.float64(234448.74916636158),np.float64(0.3666726650607849),2
2021-11-18,np.float64(233833.52456631127),np.float64(0.36500635755820776),2
2021-11-19,np.float64(233749.11899259238),np.float64(0.36477706470384696),2
2021-11-22,np.float64(233445.3390792136),np.float64(0.36274866313077714),2
2021-11-23,np.float64(234020.86136918303),np.float64(0.36431584114446064),2
2021-11-24,np.float64(233557.6772482564),np.float64(0.3630551726373255),2
2021-11-26,np.float64(231982.55446574485),np.float64(0.3587304236875938),2
2021-11-29,np.float64(232778.05603411628),np.float64(0.36092191442515126),2
2021-11-30,np.float64(230459.49725079298),np.float64(0.35309892240287316),2
2021-12-01,np.float64(227841.80475540488),np.float64(0.6218284590947557),3
2021-12-02,np.float64(228042.5973510986),np.float64(0.6221614409419978),3
2021-12-03,np.float64(227618.8214007161),np.float64(0.6214579890329217),3
2021-12-06,np.float64(230631.638760413),np.float64(0.6264030084940242),3
2021-12-07,np.float64(232220.9639124992),np.float64(0.6289599141469002),3
2021-12-08,np.float64(232561.97009702976),np.float64(0.6295039711306446),3
2021-12-09,np.float64(231213.11216656654),np.float64(0.6273425603781889),3
2021-12-10,np.float64(233344.30552838155),np.float64(0.8133956504437408),4
2021-12-13,np.float64(234828.67715398537),np.float64(0.814575192078317),4
2021-12-14,np.float64(232200.55348804788),np.float64(0.9960256842168747),5
2021-12-15,np.float64(235414.90209218807),np.float64(0.9960799494153663),5
2021-12-16,np.float64(229585.6195267904),np.float64(0.9959804175606465),5
2021-12-17,np.float64(226858.02197020134),np.float64(0.9959320886404485),5
2021-12-20,np.float64(226058.5069564108),np.float64(0.995917701408353),5
2021-12-21,np.float64(228541.27325745544),np.float64(0.9959620496052002),5
2021-12-22,np.float64(230537.41956335056),np.float64(0.9959970128653045),5
2021-12-23,np.float64(231022.87202414605),np.float64(0.996005424413209),5
2021-12-27,np.float64(231815.9763380928),np.float64(0.9960190909222233),5
2021-12-28,np.float64(231634.86270852276),np.float64(0.9960159782781091),5
2021-12-29,np.float64(231613.46401377884),np.float64(0.9960156101956013),5
2021-12-30,np.float64(231776.05185674824),np.float64(0.9960184051924901),5
2021-12-31,np.float64(230119.69796526743),np.float64(0.9959897464982886),5
2022-01-03,np.float64(230580.06994879118),np.float64(0.9959977532976595),5
2022-01-04,np.float64(229186.87495661547),np.float64(0.9959734241991272),5
2022-01-05,np.float64(224133.7133131275),np.float64(0.9958826438426569),5
2022-01-06,np.float64(222053.00469388164),np.float64(0.9958440628810666),5
2022-01-07,np.float64(220968.68239174088),np.float64(0.995823669152618),5
2022-01-10,np.float64(221439.1533047372),np.float64(0.9958325422094257),5
2022-01-11,np.float64(222320.47360451744),np.float64(0.9958490627983295),5
2022-01-12,np.float64(221778.37413786064),np.float64(0.9958389165392459),5
2022-01-13,np.float64(217986.31863432677),np.float64(0.9957665309898368),5
2022-01-14,np.float64(219228.39446933515),np.float64(0.9957905164300829),5
2022-01-18,np.float64(215911.23778534852),np.float64(0.995725843943818),5
2022-01-19,np.float64(215890.60122239948),np.float64(0.9957254353855483),5
2022-01-20,np.float64(213049.34663614284),np.float64(0.9956684292200433),5
2022-01-21,np.float64(198963.72858144486),np.float64(0.9953617760827184),5
2022-01-24,np.float64(198886.13384919974),np.float64(0.9953599664958156),5
2022-01-25,np.float64(195713.30841532594),np.float64(0.9952847441390158),5
2022-01-26,np.float64(194681.75390989543),np.float64(0.9952597595509382),5
2022-01-27,np.float64(197596.96534376347),np.float64(0.9953296938393132),5
2022-01-28,np.float64(201378.96382149382),np.float64(0.9954174045438231),5
2022-01-31,np.float64(208287.10926738256),np.float64(0.9955693929988086),5
2022-02-01,np.float64(210999.5421389793),np.float64(0.995626349160653),5
2022-02-02,np.float64(210858.71495669198),np.float64(0.0),0
2022-02-03,np.float64(210858.71495669198),np.float64(0.0),0
2022-02-04,np.float64(210858.71495669198),np.float64(0.0),0
2022-02-07,np.float64(210858.71495669198),np.float64(0.0),0
2022-02-08,np.float64(210858.71495669198),np.float64(0.0),0
2022-02-09,np.float64(210858.71495669198),np.float64(0.0),0
2022-02-10,np.float64(210858.71495669198),np.float64(0.0),0
2022-02-11,np.float64(210858.71495669198),np.float64(0.0),0
2022-02-14,np.float64(210858.71495669198),np.float64(0.0),0
2022-02-15,np.float64(210858.71495669198),np.float64(0.0),0
2022-02-16,np.float64(210858.71495669198),np.float64(0.0),0
2022-02-17,np.float64(210858.71495669198),np.float64(0.0),0
2022-02-18,np.float64(210858.71495669198),np.float64(0.0),0
2022-02-22,np.float64(210858.71495669198),np.float64(0.0),0
2022-02-23,np.float64(210858.71495669198),np.float64(0.0),0
2022-02-24,np.float64(210858.71495669198),np.float64(0.0),0
2022-02-25,np.float64(210858.71495669198),np.float64(0.0),0
2022-02-28,np.float64(210858.71495669198),np.float64(0.0),0
2022-03-01,np.float64(210858.71495669198),np.float64(0.0),0
2022-03-02,np.float64(210858.71495669198),np.float64(0.0),0
2022-03-03,np.float64(210858.71495669198),np.float64(0.0),0
2022-03-04,np.float64(210858.71495669198),np.float64(0.0),0
2022-03-07,np.float64(210858.71495669198),np.float64(0.0),0
2022-03-08,np.float64(210858.71495669198),np.float64(0.0),0
2022-03-09,np.float64(210858.71495669198),np.float64(0.0),0
2022-03-10,np.float64(210858.71495669198),np.float64(0.0),0
2022-03-11,np.float64(210858.71495669198),np.float64(0.0),0
2022-03-14,np.float64(210858.71495669198),np.float64(0.0),0
2022-03-15,np.float64(210858.71495669198),np.float64(0.0),0
2022-03-16,np.float64(210858.71495669198),np.float64(0.0),0
2022-03-17,np.float64(210858.71495669198),np.float64(0.0),0
2022-03-18,np.float64(210858.71495669198),np.float64(0.0),0
2022-03-21,np.float64(210858.71495669198),np.float64(0.0),0
2022-03-22,np.float64(210858.71495669198),np.float64(0.0),0
2022-03-23,np.float64(210858.71495669198),np.float64(0.0),0
2022-03-24,np.float64(210858.71495669198),np.float64(0.0),0
2022-03-25,np.float64(210858.71495669198),np.float64(0.0),0
2022-03-28,np.float64(210858.71495669198),np.float64(0.0),0
2022-03-29,np.float64(210858.71495669198),np.float64(0.0),0
2022-03-30,np.float64(210858.71495669198),np.float64(0.0),0
2022-03-31,np.float64(210858.71495669198),np.float64(0.0),0
2022-04-01,np.float64(210858.71495669198),np.float64(0.0),0
2022-04-04,np.float64(210858.71495669198),np.float64(0.0),0
2022-04-05,np.float64(210858.71495669198),np.float64(0.0),0
2022-04-06,np.float64(210858.71495669198),np.float64(0.0),0
2022-04-07,np.float64(210858.71495669198),np.float64(0.0),0
2022-04-08,np.float64(210858.71495669198),np.float64(0.0),0
2022-04-11,np.float64(210858.71495669198),np.float64(0.0),0
2022-04-12,np.float64(210858.71495669198),np.float64(0.0),0
2022-04-13,np.float64(210858.71495669198),np.float64(0.0),0
2022-04-14,np.float64(210858.71495669198),np.float64(0.0),0
2022-04-18,np.float64(210858.71495669198),np.float64(0.0),0
2022-04-19,np.float64(211409.43050261695),np.float64(0.2020839772175372),1
2022-04-20,np.float64(211598.44727897254),np.float64(0.20279674007741763),1
2022-04-21,np.float64(211133.5618964362),np.float64(0.40078106087144705),2
2022-04-22,np.float64(210191.29523440008),np.float64(0.3980948219909461),2
2022-04-25,np.float64(210159.00836875),np.float64(0.39800235090551744),2
2022-04-26,np.float64(207642.29857164453),np.float64(0.3907058925647435),2
2022-04-27,np.float64(205150.18429086977),np.float64(0.38330433671637815),2
2022-04-28,np.float64(207572.2991466608),np.float64(0.39050042084553155),2
2022-04-29,np.float64(205116.35898564378),np.float64(0.38320263873799526),2
2022-05-02,np.float64(206436.03126587035),np.float64(0.3871456053566764),2
2022-05-03,np.float64(206432.95014391773),np.float64(0.38713645817776055),2
2022-05-04,np.float64(207672.25189684576),np.float64(0.39079377327281356),2
2022-05-05,np.float64(203861.90194820077),np.float64(0.37940719788751204),2
2022-05-06,np.float64(202361.97427530377),np.float64(0.37480730049659783),2
2022-05-09,np.float64(201077.3958977472),np.float64(0.3708132711329159),2
2022-05-10,np.float64(201895.49614534108),np.float64(0.3733627971426413),2
2022-05-11,np.float64(199507.29908783385),np.float64(0.36586165241845914),2
2022-05-12,np.float64(201373.32136775594),np.float64(0.5811585893811356),3
2022-05-13,np.float64(205034.51433584964),np.float64(0.5886376191058209),3
2022-05-16,np.float64(204641.18006068937),np.float64(0.587846952614017),3
2022-05-17,np.float64(206683.1203259423),np.float64(0.5919188473172561),3
2022-05-18,np.float64(201637.77589650062),np.float64(0.3747375817398989),2
2022-05-19,np.float64(201197.03773337486),np.float64(0.5807916113832238),3
2022-05-20,np.float64(201862.9644334362),np.float64(0.5821745399439586),3
2022-05-23,np.float64(204876.342114039),np.float64(0.5883200319159875),3
2022-05-24,np.float64(203231.30969336865),np.float64(0.5849877358467425),3
2022-05-25,np.float64(204451.92024637968),np.float64(0.5874654252156857),3
2022-05-26,np.float64(207007.26478759828),np.float64(0.592557845401135),3
2022-05-27,np.float64(210320.98445737487),np.float64(0.5989773146018607),3
2022-05-31,np.float64(210567.77128031378),np.float64(0.5994473158458976),3
2022-06-01,np.float64(208563.05180148428),np.float64(0.5955971815038595),3
2022-06-02,np.float64(212347.5493089233),np.float64(0.6028045237292856),3
2022-06-03,np.float64(208698.09981763962),np.float64(0.5958588695518736),3
2022-06-06,np.float64(208414.50886641556),np.float64(0.5953089521385614),3
2022-06-07,np.float64(208937.5173795019),np.float64(0.5963219672535871),3
2022-06-08,np.float64(209155.47016268954),np.float64(0.596742624435923),3
2022-06-09,np.float64(205213.6888118204),np.float64(0.5889967844200725),3
2022-06-10,np.float64(201936.60674262472),np.float64(0.5823269126722748),3
2022-06-13,np.float64(197055.28707547227),np.float64(0.5719805987729059),3
2022-06-14,np.float64(196920.3542351385),np.float64(0.5716873133289007),3
2022-06-15,np.float64(200090.9434765551),np.float64(0.5784742451746228),3
2022-06-16,np.float64(197637.05481540805),np.float64(0.5732405238407688),3
2022-06-17,np.float64(197689.6942648091),np.float64(0.5733541584130476),3
2022-06-21,np.float64(199420.67523766716),np.float64(0.5770574646678073),3
2022-06-22,np.float64(200285.75783843503),np.float64(0.5788842557107113),3
2022-06-23,np.float64(202700.48669004947),np.float64(0.583900920220054),3
2022-06-24,np.float64(205488.4044129068),np.float64(0.5895462509251974),3
2022-06-27,np.float64(205298.7237915849),np.float64(0.5891670224491966),3
2022-06-28,np.float64(201619.26384679187),np.float64(0.5816695073008082),3
2022-06-29,np.float64(201754.9305958092),np.float64(0.5819508066861154),3
2022-06-30,np.float64(200227.13110561704),np.float64(0.57876095253951),3
2022-07-01,np.float64(202216.24575166238),np.float64(0.5829045007281102),3
2022-07-05,np.float64(204689.16236948897),np.float64(0.5879435676695648),3
2022-07-06,np.float64(205045.8465218533),np.float64(0.5886603537044207),3
2022-07-07,np.float64(207123.31334646256),np.float64(0.5927861300596692),3
2022-07-08,np.float64(206914.8210033733),np.float64(0.592375811584315),3
2022-07-11,np.float64(204444.17418083883),np.float64(0.5874497949348672),3
2022-07-12,np.float64(204021.87775787068),np.float64(0.3755648967511785),2
2022-07-13,np.float64(204529.9247377798),np.float64(0.37711597720437634),2
2022-07-14,np.float64(205034.6336168694),np.float64(0.3786492552238131),2
2022-07-15,np.float64(208213.1377146742),np.float64(0.38813456393258233),2
2022-07-18,np.float64(208456.51451897438),np.float64(0.3888489280522907),2
2022-07-19,np.float64(210782.27659393064),np.float64(0.3955923412470497),2
2022-07-20,np.float64(213994.0955122376),np.float64(0.40466384365512115),2
2022-07-21,np.float64(216079.73687413285),np.float64(0.41041013773094137),2
2022-07-22,np.float64(215302.93165531047),np.float64(0.40828291875415285),2
2022-07-25,np.float64(214867.3687585384),np.float64(0.40708343459112667),2
2022-07-26,np.float64(210519.06417784755),np.float64(0.39483664911635935),2
2022-07-27,np.float64(214572.06478050532),np.float64(0.40626743545076316),2
2022-07-28,np.float64(215523.19107063665),np.float64(0.40888763909866094),2
2022-07-29,np.float64(216102.62436536327),np.float64(0.4104725813631826),2
2022-08-01,np.float64(216522.92124947015),np.float64(0.4116169245843012),2
2022-08-02,np.float64(215653.06548315208),np.float64(0.4092436292647672),2
2022-08-03,np.float64(215918.24485333916),np.float64(0.40996916499905395),2
2022-08-04,np.float64(216182.04913118505),np.float64(0.0),0
2022-08-05,np.float64(216182.04913118505),np.float64(0.0),0
2022-08-08,np.float64(216182.04913118505),np.float64(0.0),0
2022-08-09,np.float64(216182.04913118505),np.float64(0.0),0
2022-08-10,np.float64(216182.04913118505),np.float64(0.0),0
2022-08-11,np.float64(216182.04913118505),np.float64(0.0),0
2022-08-12,np.float64(216182.04913118505),np.float64(0.0),0
2022-08-15,np.float64(216182.04913118505),np.float64(0.0),0
2022-08-16,np.float64(216182.04913118505),np.float64(0.0),0
2022-08-17,np.float64(216182.04913118505),np.float64(0.0),0
2022-08-18,np.float64(216182.04913118505),np.float64(0.0),0
2022-08-19,np.float64(216182.04913118505),np.float64(0.0),0
2022-08-22,np.float64(216182.04913118505),np.float64(0.0),0
2022-08-23,np.float64(216182.04913118505),np.float64(0.0),0
2022-08-24,np.float64(216182.04913118505),np.float64(0.0),0
2022-08-25,np.float64(216182.04913118505),np.float64(0.0),0
2022-08-26,np.float64(216182.04913118505),np.float64(0.0),0
2022-08-29,np.float64(216182.04913118505),np.float64(0.0),0
2022-08-30,np.float64(216182.04913118505),np.float64(0.0),0
2022-08-31,np.float64(216182.04913118505),np.float64(0.0),0
2022-09-01,np.float64(216182.04913118505),np.float64(0.0),0
2022-09-02,np.float64(216182.04913118505),np.float64(0.0),0
2022-09-06,np.float64(216182.04913118505),np.float64(0.0),0
2022-09-07,np.float64(216182.04913118505),np.float64(0.0),0
2022-09-08,np.float64(216182.04913118505),np.float64(0.0),0
2022-09-09,np.float64(216182.04913118505),np.float64(0.0),0
2022-09-12,np.float64(216182.04913118505),np.float64(0.0),0
2022-09-13,np.float64(216182.04913118505),np.float64(0.0),0
2022-09-14,np.float64(215640.67953268395),np.float64(0.19799158637535622),1
2022-09-15,np.float64(215143.20476649373),np.float64(0.19613710554951033),1
2022-09-16,np.float64(215728.46919730573),np.float64(0.1983179598480738),1
2022-09-19,np.float64(216021.10141271175),np.float64(0.19940395556759685),1
2022-09-20,np.float64(215318.78409573733),np.float64(0.19679260668659965),1
2022-09-21,np.float64(214601.83516799263),np.float64(0.19410922479034567),1
2022-09-22,np.float64(214016.57073718062),np.float64(0.19190538046079167),1
2022-09-23,np.float64(213211.8321448141),np.float64(0.1888553390063135),1
2022-09-26,np.float64(212407.0935524476),np.float64(0.1857821864021492),1
2022-09-27,np.float64(212290.0406662852),np.float64(0.18533324143634985),1
2022-09-28,np.float64(212641.1993247724),np.float64(0.1866785935457235),1
2022-09-29,np.float64(211543.8285169999),np.float64(0.18245953797205697),1
2022-09-30,np.float64(210651.30026001157),np.float64(0.17899562408835173),1
2022-10-03,np.float64(212407.0935524476),np.float64(0.1857821864021492),1
2022-10-04,np.float64(213475.20113867952),np.float64(0.1898560657984921),1
2022-10-05,np.float64(213387.4114740577),np.float64(0.18952276467361492),1
2022-10-06,np.float64(212714.3573786239),np.float64(0.18695831613702021),1
2022-10-07,np.float64(210578.1422061601),np.float64(0.17871039466370206),1
2022-10-10,np.float64(209817.29844610445),np.float64(0.17573221757322174),1
2022-10-11,np.float64(209583.19267377967),np.float64(0.17481150516615468),1
2022-10-12,np.float64(210007.50938611839),np.float64(0.17647878492301258),1
2022-10-13,np.float64(212705.48656174168),np.float64(0.3901933063627838),2
2022-10-14,np.float64(211252.95273945067),np.float64(0.3860003952764238),2
2022-10-17,np.float64(212562.63498742593),np.float64(0.3897834890577832),2
2022-10-18,np.float64(212353.11128804175),np.float64(0.38918140312637206),2
2022-10-19,np.float64(213465.24184597758),np.float64(0.5949091341302905),3
2022-10-20,np.float64(213690.98890779712),np.float64(0.5953370795163239),3
2022-10-21,np.float64(217859.1730867418),np.float64(0.6030792808616583),3
2022-10-24,np.float64(220896.9082533484),np.float64(0.6085376643058414),3
2022-10-25,np.float64(224485.6107344229),np.float64(0.8073978564381673),4
2022-10-26,np.float64(220881.11880017113),np.float64(0.8042548405173892),4
2022-10-27,np.float64(217555.79257906266),np.float64(0.8012628884127536),4
2022-10-28,np.float64(224385.04301958095),np.float64(0.5847692007702653),3
2022-10-31,np.float64(221978.5074005506),np.float64(0.5802675590565399),3
2022-11-01,np.float64(219924.11349460273),np.float64(0.5763466803720658),3
2022-11-02,np.float64(216507.2010806833),np.float64(0.5696605919657249),3
2022-11-03,np.float64(213240.21731458305),np.float64(0.7972408283450002),4
2022-11-04,np.float64(217571.15758469657),np.float64(0.7988223066639065),4
2022-11-07,np.float64(218620.48902440333),np.float64(0.7997879164268674),4
2022-11-08,np.float64(218685.4736830761),np.float64(0.7998474115258972),4
2022-11-09,np.float64(213884.59495970403),np.float64(0.7953547630319082),4
2022-11-10,np.float64(227282.953574956),np.float64(0.8074186254143436),4
2022-11-11,np.float64(231896.7678156158),np.float64(0.8112502212443279),4
2022-11-14,np.float64(229771.1180887798),np.float64(0.8095040665535659),4
2022-11-15,np.float64(231612.79097535368),np.float64(0.8110187980766111),4
2022-11-16,np.float64(228988.40909063595),np.float64(0.8088529293112466),4
2022-11-17,np.float64(228234.2135313351),np.float64(0.8082212875005983),4
2022-11-18,np.float64(227772.02993608665),np.float64(0.8078321397423773),4
2022-11-21,np.float64(225481.1404882616),np.float64(0.8058797133783718),4
2022-11-22,np.float64(227991.8699877758),np.float64(0.8080174366669312),4
2022-11-23,np.float64(229089.27543698857),np.float64(0.8089370899800497),4
2022-11-25,np.float64(227845.05988870905),np.float64(0.8078937342739287),4
2022-11-28,np.float64(226652.30776780026),np.float64(0.8068827798382943),4
2022-11-29,np.float64(225546.18804203172),np.float64(0.8059356976975549),4
2022-11-30,np.float64(233165.96843683012),np.float64(0.810780035129688),4
2022-12-01,np.float64(232396.0459340487),np.float64(0.810153153943549),4
2022-12-02,np.float64(231255.02669030434),np.float64(0.8092164439060859),4
2022-12-05,np.float64(228117.26454807378),np.float64(0.8065922084241396),4
2022-12-06,np.float64(224718.56594513875),np.float64(0.8036670616377094),4
2022-12-07,np.float64(223659.1125772978),np.float64(0.8027370499320868),4
2022-12-08,np.float64(224538.14561845578),np.float64(0.8035093046883038),4
2022-12-09,np.float64(222663.61197772238),np.float64(0.8018551124510481),4
2022-12-12,np.float64(224970.84646604973),np.float64(0.8038872278358639),4
2022-12-13,np.float64(227067.68913882715),np.float64(0.8056982192231018),4
2022-12-14,np.float64(225181.43972179384),np.float64(0.9960776228652616),5
2022-12-15,np.float64(217665.35425545234),np.float64(0.9959421813666511),5
2022-12-16,np.float64(216254.83513124878),np.float64(0.9959157143016192),5
2022-12-19,np.float64(213534.2680133119),np.float64(0.9958636778136369),5
2022-12-20,np.float64(213300.3485782625),np.float64(0.9958591416459491),5
2022-12-21,np.float64(216136.06465338578),np.float64(0.9959134699165144),5
2022-12-22,np.float64(211842.422986518),np.float64(0.9958306437498193),5
2022-12-23,np.float64(214153.49480284506),np.float64(0.9958756380270825),5
2022-12-27,np.float64(211909.92682344417),np.float64(0.9958319718968704),5
2022-12-28,np.float64(209094.9547178779),np.float64(0.9957758591950534),5
2022-12-29,np.float64(212985.41054062842),np.float64(0.9958530186265327),5
2022-12-30,np.float64(212845.17987005733),np.float64(0.9958502864341514),5
