session,equity,exposure,n_held
2017-02-01,np.float64(100273.72276804653),np.float64(1.0),25
2017-02-02,np.float64(100754.41614512849),np.float64(1.0),25
2017-02-03,np.float64(101052.06007471889),np.float64(0.9997213180375947),25
2017-02-06,np.float64(101589.94756648951),np.float64(0.9997227935727766),25
2017-02-07,np.float64(101945.8245589813),np.float64(0.9997237612572311),25
2017-02-08,np.float64(102255.51436561164),np.float64(0.9992679648663988),25
2017-02-09,np.float64(102439.5298898284),np.float64(0.9990941517233682),25
2017-02-10,np.float64(102467.77114399234),np.float64(0.9990944013851998),25
2017-02-13,np.float64(102911.73681788969),np.float64(0.9990983081767061),25
2017-02-14,np.float64(102924.79890008755),np.float64(0.9988629238977232),25
2017-02-15,np.float64(103392.92875058636),np.float64(0.998868072211754),25
2017-02-16,np.float64(103363.6847300187),np.float64(0.9988677519627265),25
2017-02-17,np.float64(103812.72946346505),np.float64(0.9987612562960816),25
2017-02-21,np.float64(105101.76070294887),np.float64(0.9987764489942951),25
2017-02-22,np.float64(105227.79662301186),np.float64(0.9987297965861028),25
2017-02-23,np.float64(104488.58900301601),np.float64(0.9987208104944018),25
2017-02-24,np.float64(104641.35555035507),np.float64(0.9984508017142122),25
2017-02-27,np.float64(105038.96577326326),np.float64(0.9980803985323208),25
2017-02-28,np.float64(104371.27134000453),np.float64(0.9980681182640286),25
2017-03-01,np.float64(105823.19607568275),np.float64(0.9978200979435904),25
2017-03-02,np.float64(104956.19467879001),np.float64(0.9978020906393642),25
2017-03-03,np.float64(104616.1287233788),np.float64(0.9977949460990744),25
2017-03-06,np.float64(104423.58280143591),np.float64(0.9977908802154407),25
2017-03-07,np.float64(104474.67750605146),np.float64(0.9977919606143043),25
2017-03-08,np.float64(104514.48874193217),np.float64(0.9974989320011276),25
2017-03-09,np.float64(104703.71250434234),np.float64(0.9975034520079685),25
2017-03-10,np.float64(105373.23400218275),np.float64(0.9975193145993266),25
2017-03-13,np.float64(105772.42828132265),np.float64(0.9971916753723137),25
2017-03-14,np.float64(105808.84605079211),np.float64(0.9971926419542462),25
2017-03-15,np.float64(106416.1555985818),np.float64(0.997208663350017),25
2017-03-16,np.float64(106649.8459246355),np.float64(0.9970256275039646),25
2017-03-17,np.float64(106644.79426636275),np.float64(0.9970254866108856),25
2017-03-20,np.float64(107218.73069735542),np.float64(0.9970414090302929),25
2017-03-21,np.float64(105538.77316329005),np.float64(0.9969943144219249),25
2017-03-22,np.float64(106233.88127618951),np.float64(0.9970139811836495),25
2017-03-23,np.float64(105929.49707695837),np.float64(0.9970054009772727),25
2017-03-24,np.float64(106350.80399494371),np.float64(0.9970172640308415),25
2017-03-27,np.float64(106683.59331391712),np.float64(0.997026568391906),25
2017-03-28,np.float64(107312.6923529436),np.float64(0.9970439995356621),25
2017-03-29,np.float64(107498.35439337092),np.float64(0.9970491048889563),25
2017-03-30,np.float64(108024.720822479),np.float64(0.9970634835618234),25
2017-03-31,np.float64(108110.53651196387),np.float64(0.9970658145019052),25
2017-04-03,np.float64(108265.77321843716),np.float64(0.9970700216791079),25
2017-04-04,np.float64(108121.02133824793),np.float64(0.9965011771465843),25
2017-04-05,np.float64(107654.23012490121),np.float64(0.9964860061703659),25
2017-04-06,np.float64(107467.6240574791),np.float64(0.996479904494859),25
2017-04-07,np.float64(107585.91397974221),np.float64(0.9964837748140137),25
2017-04-10,np.float64(107417.4776049754),np.float64(0.996302348734535),25
2017-04-11,np.float64(106961.90663073251),np.float64(0.996286599739005),25
2017-04-12,np.float64(106148.83835904294),np.float64(0.9962581562065181),25
2017-04-13,np.float64(105541.71878826982),np.float64(0.9962366315750845),25
2017-04-17,np.float64(106737.67460842092),np.float64(0.9962787987141726),25
2017-04-18,np.float64(106551.5817408709),np.float64(0.9962722996176158),25
2017-04-19,np.float64(106531.03317918925),np.float64(0.996271580588813),25
2017-04-20,np.float64(107405.7191136794),np.float64(0.9963019439255493),25
2017-04-21,np.float64(107305.10473982102),np.float64(0.9962984764521488),25
2017-04-24,np.float64(108315.4156942119),np.float64(0.9963330023759461),25
2017-04-25,np.float64(109289.80770764794),np.float64(0.996365696121805),25
2017-04-26,np.float64(109116.4044277866),np.float64(0.9963599206362967),25
2017-04-27,np.float64(109784.8941264915),np.float64(0.9963820853938116),25
2017-04-28,np.float64(109827.88375049141),np.float64(0.9963835015440939),25
2017-05-01,np.float64(110941.30468816431),np.float64(0.9964197971790982),25
2017-05-02,np.float64(109777.9340487403),np.float64(0.9963818560128601),25
2017-05-03,np.float64(109784.52501463749),np.float64(0.9961132256922648),25
2017-05-04,np.float64(109569.32809094347),np.float64(0.9961055919695004),25
2017-05-05,np.float64(110004.5183536371),np.float64(0.9961209986862354),25
2017-05-08,np.float64(110018.6713801984),np.float64(0.9945691814011246),25
2017-05-09,np.float64(110533.47925852764),np.float64(0.9945944753502451),25
2017-05-10,np.float64(111801.71600941516),np.float64(0.9939440053411647),25
2017-05-11,np.float64(111914.61549378667),np.float64(0.9937729396652832),25
2017-05-12,np.float64(112375.41887712506),np.float64(0.9937984741682837),25
2017-05-15,np.float64(113101.75990807712),np.float64(0.9938383004510024),25
2017-05-16,np.float64(113991.18826664936),np.float64(0.993673741527452),25
2017-05-17,np.float64(110531.01200098766),np.float64(0.9934756978379855),25
2017-05-18,np.float64(111473.6860152795),np.float64(0.993530870411257),25
2017-05-19,np.float64(112011.98156876527),np.float64(0.9935167555122676),25
2017-05-22,np.float64(112855.69695677473),np.float64(0.9935652246040905),25
2017-05-23,np.float64(112850.64872018239),np.float64(0.9934624647152582),25
2017-05-24,np.float64(113437.57627277053),np.float64(0.9934962900111672),25
2017-05-25,np.float64(114425.58614472568),np.float64(0.9932913861224737),25
2017-05-26,np.float64(114807.35539935864),np.float64(0.9929434602410476),25
2017-05-30,np.float64(115318.80141798532),np.float64(0.99297475643144),25
2017-05-31,np.float64(115178.99526154585),np.float64(0.9926964048666008),25
2017-06-01,np.float64(115407.39038104222),np.float64(0.9927108589277986),25
2017-06-02,np.float64(116446.84390948447),np.float64(0.9927759248682092),25
2017-06-05,np.float64(117014.50925015332),np.float64(0.9928109705825995),25
2017-06-06,np.float64(117186.32980810635),np.float64(0.9928215112578443),25
2017-06-07,np.float64(117801.09572522105),np.float64(0.9928589734748797),25
2017-06-08,np.float64(118543.44390954149),np.float64(0.9929036923382794),25
2017-06-09,np.float64(115539.83505470432),np.float64(0.9927192145560555),25
2017-06-12,np.float64(115027.1388295515),np.float64(0.9926867628124824),25
2017-06-13,np.float64(116014.62239575859),np.float64(0.9924417611916845),25
2017-06-14,np.float64(115626.28880426561),np.float64(0.9924163766701181),25
2017-06-15,np.float64(114854.16212076179),np.float64(0.9921897538764634),25
2017-06-16,np.float64(114247.74755604284),np.float64(0.9921482979431547),25
2017-06-19,np.float64(115839.46913206518),np.float64(0.9922561862446638),25
2017-06-20,np.float64(115560.4568692761),np.float64(0.9922374893732856),25
2017-06-21,np.float64(116892.67870869042),np.float64(0.9923259584399529),25
2017-06-22,np.float64(117222.08947207485),np.float64(0.9923475235894902),25
2017-06-23,np.float64(117507.89010546594),np.float64(0.9923661358086626),25
2017-06-26,np.float64(117132.5877837917),np.float64(0.9923416762879728),25
2017-06-27,np.float64(114979.48077982293),np.float64(0.9921982664350912),25
2017-06-28,np.float64(116312.49421433933),np.float64(0.9922876791480142),25
2017-06-29,np.float64(114185.49767489909),np.float64(0.9921440174738326),25
2017-06-30,np.float64(113758.4820587168),np.float64(0.9921145284444572),25
2017-07-03,np.float64(112597.4639134081),np.float64(0.9918255694495192),25
2017-07-05,np.float64(113730.3254209603),np.float64(0.9915755168826114),25
2017-07-06,np.float64(112747.16966328013),np.float64(0.9915020553570841),25
2017-07-07,np.float64(113961.18945973173),np.float64(0.9915925833085258),25
2017-07-10,np.float64(114701.53145773748),np.float64(0.9916468490501626),25
2017-07-11,np.float64(115374.5336955152),np.float64(0.9916955746146496),25
2017-07-12,np.float64(116862.2236100352),np.float64(0.9918012923522558),25
2017-07-13,np.float64(116485.32525698621),np.float64(0.9917747647239665),25
2017-07-14,np.float64(117682.66760651341),np.float64(0.9918584509857681),25
2017-07-17,np.float64(117414.02369257936),np.float64(0.9916788876888484),25
2017-07-18,np.float64(118524.13658261376),np.float64(0.991756824337892),25
2017-07-19,np.float64(118986.1317269149),np.float64(0.9917888306488313),25
2017-07-20,np.float64(119229.84006765689),np.float64(0.9918056144544373),25
2017-07-21,np.float64(119160.76929166609),np.float64(0.9918008646313893),25
2017-07-24,np.float64(119388.31967565556),np.float64(0.9918164919256386),25
2017-07-25,np.float64(119208.31850886473),np.float64(0.9918041350614512),25
2017-07-26,np.float64(119892.38639101948),np.float64(0.9918508980640046),25
2017-07-27,np.float64(118663.41571266629),np.float64(0.9917664996226307),25
2017-07-28,np.float64(118414.19517123335),np.float64(0.9917491709787214),25
2017-07-31,np.float64(117441.8965268892),np.float64(0.9916808625631615),25
2017-08-01,np.float64(117932.10795684066),np.float64(0.9917154429359668),25
2017-08-02,np.float64(117955.97522100387),np.float64(0.991717119236905),25
2017-08-03,np.float64(118000.19160665516),np.float64(0.9914700937044231),25
2017-08-04,np.float64(118216.71850397543),np.float64(0.9914857171641839),25
2017-08-07,np.float64(119099.12720974439),np.float64(0.991548799719646),25
2017-08-08,np.float64(118852.55040107077),np.float64(0.9915312664821383),25
2017-08-09,np.float64(118673.00392063544),np.float64(0.9912596447088479),25
2017-08-10,np.float64(116084.01544424209),np.float64(0.9905780365347421),25
2017-08-11,np.float64(116491.60546287532),np.float64(0.9906110028437658),25
2017-08-14,np.float64(118574.29096865903),np.float64(0.9907759148844063),25
2017-08-15,np.float64(118861.39241350116),np.float64(0.9905942712998171),25
2017-08-16,np.float64(119127.22648774413),np.float64(0.9905128585261428),25
2017-08-17,np.float64(116800.1129287338),np.float64(0.990323837685268),25
2017-08-18,np.float64(116815.36549555609),np.float64(0.9903251011005016),25
2017-08-21,np.float64(116375.07817864542),np.float64(0.9902884975996102),25
2017-08-22,np.float64(117854.26472502523),np.float64(0.9902693022513895),25
2017-08-23,np.float64(117968.26006783942),np.float64(0.9902787052401684),25
2017-08-24,np.float64(117470.62431832212),np.float64(0.9902375233376105),25
2017-08-25,np.float64(117032.11644815817),np.float64(0.989945698314483),25
2017-08-28,np.float64(117130.48455841358),np.float64(0.9895912511324283),25
2017-08-29,np.float64(117524.64362328537),np.float64(0.9896261604296926),25
2017-08-30,np.float64(118723.33733281611),np.float64(0.9894691312773077),25
2017-08-31,np.float64(119710.45251983452),np.float64(0.9895559673073273),25
2017-09-01,np.float64(119979.95009420575),np.float64(0.9895794265726056),25
2017-09-05,np.float64(118926.16483113528),np.float64(0.9894870915786526),25
2017-09-06,np.float64(119336.63495653773),np.float64(0.989523251763994),25
2017-09-07,np.float64(119819.56099480344),np.float64(0.9895654777117234),25
2017-09-08,np.float64(118485.57931209487),np.float64(0.9894479996044196),25
2017-09-11,np.float64(120575.77336446499),np.float64(0.989630919670798),25
2017-09-12,np.float64(120904.97906708794),np.float64(0.9896591530851839),25
2017-09-13,np.float64(121139.88967243188),np.float64(0.9896792057252771),25
2017-09-14,np.float64(121156.90170673015),np.float64(0.9893864457268304),25
2017-09-15,np.float64(121614.33854399569),np.float64(0.9894263672587565),25
2017-09-18,np.float64(122401.42785871097),np.float64(0.9893295492721449),25
2017-09-19,np.float64(122540.04459886391),np.float64(0.9893416196373933),25
2017-09-20,np.float64(122090.50005158942),np.float64(0.9893023748413382),25
2017-09-21,np.float64(121279.5515751512),np.float64(0.9892308440456579),25
2017-09-22,np.float64(120850.02059484275),np.float64(0.9891925677914098),25
2017-09-25,np.float64(118822.51927574286),np.float64(0.9890081576039087),25
2017-09-26,np.float64(118860.55684613541),np.float64(0.9890116751962033),25
2017-09-27,np.float64(120377.12864398955),np.float64(0.9891501116557767),25
2017-09-28,np.float64(120820.05549827137),np.float64(0.9891898873941158),25
2017-09-29,np.float64(121759.67659205345),np.float64(0.9892733091813195),25
2017-10-02,np.float64(121807.64804772091),np.float64(0.9892775336695295),25
2017-10-03,np.float64(122556.4755793827),np.float64(0.9893430485919978),25
2017-10-04,np.float64(122678.59739508324),np.float64(0.9890463577914781),25
2017-10-05,np.float64(123696.88746882358),np.float64(0.9889248301236974),25
2017-10-06,np.float64(123874.6566951385),np.float64(0.9889407238055266),25
2017-10-09,np.float64(124229.7477185632),np.float64(0.9889723349918516),25
2017-10-10,np.float64(125084.99277573329),np.float64(0.9888966687156197),25
2017-10-11,np.float64(125841.49471457409),np.float64(0.9889634169027998),25
2017-10-12,np.float64(125756.47639528607),np.float64(0.9889559555634516),25
2017-10-13,np.float64(126344.87966479239),np.float64(0.9890073890039859),25
2017-10-16,np.float64(126920.51015024797),np.float64(0.9890572444764903),25
2017-10-17,np.float64(126828.41161278496),np.float64(0.989049298214555),25
2017-10-18,np.float64(127046.10200927715),np.float64(0.989068061974921),25
2017-10-19,np.float64(127398.79362552852),np.float64(0.9890983260204516),25
2017-10-20,np.float64(127824.49354001808),np.float64(0.9891346323773349),25
2017-10-23,np.float64(127660.50084207517),np.float64(0.989120674724507),25
2017-10-24,np.float64(128173.2785906336),np.float64(0.9891641992093446),25
2017-10-25,np.float64(126667.34777589777),np.float64(0.9890353738522221),25
2017-10-26,np.float64(126939.63340260138),np.float64(0.9890588929850744),25
2017-10-27,np.float64(129589.26587487194),np.float64(0.9892825991094484),25
2017-10-30,np.float64(129312.89168498876),np.float64(0.9892596933268138),25
2017-10-31,np.float64(130084.47083373861),np.float64(0.9893233980613383),25
2017-11-01,np.float64(130280.83610777005),np.float64(0.9893394903273081),25
2017-11-02,np.float64(130322.2659969787),np.float64(0.9893428793393948),25
2017-11-03,np.float64(131719.59852047474),np.float64(0.9894559342034633),25
2017-11-06,np.float64(131974.38815124435),np.float64(0.9892526464219518),25
2017-11-07,np.float64(132299.42132118333),np.float64(0.9892790505162935),25
2017-11-08,np.float64(132843.19836019853),np.float64(0.989322935383849),25
2017-11-09,np.float64(131411.3562105148),np.float64(0.9892065993867696),25
2017-11-10,np.float64(132126.53984822595),np.float64(0.9888374391013065),25
2017-11-13,np.float64(132719.05485137555),np.float64(0.9888872735792077),25
2017-11-14,np.float64(132611.72073322066),np.float64(0.988878279090002),25
2017-11-15,np.float64(131664.60889577106),np.float64(0.9886000214511077),25
2017-11-16,np.float64(133732.56138987068),np.float64(0.9886850850500141),25
2017-11-17,np.float64(133031.7058276802),np.float64(0.9886254742900897),25
2017-11-20,np.float64(133574.43942739733),np.float64(0.9886716907466969),25
2017-11-21,np.float64(134974.38795674127),np.float64(0.9887891874815901),25
2017-11-22,np.float64(134542.9304224999),np.float64(0.9886269639143327),25
2017-11-24,np.float64(135379.0518073939),np.float64(0.9886972054956958),25
2017-11-27,np.float64(135110.74892794056),np.float64(0.9884536678807181),25
2017-11-28,np.float64(135355.52480453916),np.float64(0.9881605189358748),25
2017-11-29,np.float64(131707.8774238427),np.float64(0.9878326247131672),25
2017-11-30,np.float64(132652.53878141724),np.float64(0.9874162775811883),25
2017-12-01,np.float64(131942.30350822065),np.float64(0.9873485403711175),25
2017-12-04,np.float64(129319.70093871716),np.float64(0.9870919688643027),25
2017-12-05,np.float64(129410.38659627768),np.float64(0.9871010142996973),25
2017-12-06,np.float64(130567.42727706755),np.float64(0.9872153203828257),25
2017-12-07,np.float64(131145.30008166132),np.float64(0.9870374587149733),25
2017-12-08,np.float64(131258.61648536782),np.float64(0.9870486493598288),25
2017-12-11,np.float64(132229.64058817734),np.float64(0.9871437571857263),25
2017-12-12,np.float64(131607.29358537702),np.float64(0.9870829623470454),25
2017-12-13,np.float64(131996.18072345605),np.float64(0.9871210185224424),25
2017-12-14,np.float64(131878.6313756158),np.float64(0.987109538907756),25
2017-12-15,np.float64(133320.76635610606),np.float64(0.987248975436392),25
2017-12-18,np.float64(134386.1145958337),np.float64(0.9870925132237773),25
2017-12-19,np.float64(133751.0985507687),np.float64(0.9870312317741804),25
2017-12-20,np.float64(134047.5044096455),np.float64(0.9870599083161382),25
2017-12-21,np.float64(133355.8898487834),np.float64(0.9869927980007439),25
2017-12-22,np.float64(133046.0770263869),np.float64(0.9869625092612866),25
2017-12-26,np.float64(132185.7742076345),np.float64(0.9868776575433222),25
2017-12-27,np.float64(132383.11349238022),np.float64(0.9868972186006677),25
2017-12-28,np.float64(132645.83729668063),np.float64(0.9869231705087433),25
2017-12-29,np.float64(131627.26349528012),np.float64(0.9868219778259245),25
2018-01-02,np.float64(134203.80210324613),np.float64(0.9870749787273596),25
2018-01-03,np.float64(136022.58334370397),np.float64(0.9872478013987523),25
2018-01-04,np.float64(136959.98612379408),np.float64(0.9868686272183927),25
2018-01-05,np.float64(137685.2099226564),np.float64(0.9869377935729947),25
2018-01-08,np.float64(138923.38834090895),np.float64(0.9870542127180056),25
2018-01-09,np.float64(137875.99418416957),np.float64(0.9868188170368954),25
2018-01-10,np.float64(137617.94077004277),np.float64(0.986794100424753),25
2018-01-11,np.float64(138384.93192646303),np.float64(0.9868672934237724),25
2018-01-12,np.float64(139242.45598491438),np.float64(0.9869481711399979),25
2018-01-16,np.float64(139201.13909522336),np.float64(0.9869442971704544),25
2018-01-17,np.float64(141014.6354877832),np.float64(0.9871121979695582),25
2018-01-18,np.float64(141395.8032497956),np.float64(0.987146940264197),25
2018-01-19,np.float64(141679.2389593272),np.float64(0.9871726533900764),25
2018-01-22,np.float64(143077.14129799165),np.float64(0.987297980033188),25
2018-01-23,np.float64(144618.76076336432),np.float64(0.9874333821146817),25
2018-01-24,np.float64(144016.50320259648),np.float64(0.9873808302163477),25
2018-01-25,np.float64(143886.32798653145),np.float64(0.987369413543366),25
2018-01-26,np.float64(146576.31013286894),np.float64(0.9876012112467966),25
2018-01-29,np.float64(146192.38411198344),np.float64(0.9875686499224928),25
2018-01-30,np.float64(144334.0431257467),np.float64(0.9874085928294952),25
2018-01-31,np.float64(145373.21567888575),np.float64(0.9874986000889198),25
2018-02-01,np.float64(144084.6443318488),np.float64(0.9873867981283572),25
2018-02-02,np.float64(140929.1494325188),np.float64(0.9871043803721268),25
2018-02-05,np.float64(134709.01457426613),np.float64(0.9865089302946423),25
2018-02-06,np.float64(138615.84022286214),np.float64(0.9866547530932996),25
2018-02-07,np.float64(137692.0232445043),np.float64(0.9865652158391996),25
2018-02-08,np.float64(131773.67400754115),np.float64(0.9859618195600438),25
2018-02-09,np.float64(134196.7316901312),np.float64(0.9857943056911611),25
2018-02-12,np.float64(136565.3938337175),np.float64(0.9860406967378832),25
2018-02-13,np.float64(137428.34004333348),np.float64(0.9861283506223376),25
2018-02-14,np.float64(139871.89964527806),np.float64(0.9861840661190223),25
2018-02-15,np.float64(142612.7746513559),np.float64(0.9860660073677471),25
2018-02-16,np.float64(142425.3263863519),np.float64(0.9860476686157164),25
2018-02-20,np.float64(142150.1266633339),np.float64(0.9859393063233816),25
2018-02-21,np.float64(141112.00153109198),np.float64(0.9858358653734689),25
2018-02-22,np.float64(141355.63362812105),np.float64(0.9858218993865782),25
2018-02-23,np.float64(144276.1688306005),np.float64(0.986108902030753),25
2018-02-26,np.float64(146733.13003863415),np.float64(0.9861379200964476),25
2018-02-27,np.float64(145639.9468879903),np.float64(0.9857420164569816),25
2018-02-28,np.float64(144371.4321214408),np.float64(0.9856167391607757),25
2018-03-01,np.float64(142269.70839308234),np.float64(0.9851858131220869),25
2018-03-02,np.float64(144008.59746845998),np.float64(0.9853646929124288),25
2018-03-05,np.float64(145638.88347856305),np.float64(0.9855285209769439),25
2018-03-06,np.float64(146696.97772827785),np.float64(0.9856329006920292),25
2018-03-07,np.float64(146964.7601479205),np.float64(0.985659078781335),25
2018-03-08,np.float64(147258.91528361867),np.float64(0.9854750667435243),25
2018-03-09,np.float64(149670.4200566361),np.float64(0.985709093920454),25
2018-03-12,np.float64(150650.67801009855),np.float64(0.9858020823791301),25
2018-03-13,np.float64(149407.3296307089),np.float64(0.9856839291539286),25
2018-03-14,np.float64(149101.24894482913),np.float64(0.9854025490352789),25
2018-03-15,np.float64(149028.3336649148),np.float64(0.9853954069221186),25
2018-03-16,np.float64(149123.78860316053),np.float64(0.9854047554006102),25
2018-03-19,np.float64(146332.39678227186),np.float64(0.9851263410009662),25
2018-03-20,np.float64(146831.3585529058),np.float64(0.9851768846130604),25
2018-03-21,np.float64(146611.68062817707),np.float64(0.9849186040894903),25
2018-03-22,np.float64(142993.0319822869),np.float64(0.9845369472203886),25
2018-03-23,np.float64(138883.3408432382),np.float64(0.9840793806713326),25
2018-03-26,np.float64(143858.43113946714),np.float64(0.98462996723136),25
2018-03-27,np.float64(138392.01190720382),np.float64(0.9840228581824407),25
2018-03-28,np.float64(136314.18145296618),np.float64(0.9837793193848897),25
2018-03-29,np.float64(139293.64722337812),np.float64(0.9841262767919853),25
2018-04-02,np.float64(134689.8078044485),np.float64(0.9835836962224418),25
2018-04-03,np.float64(136873.23109548618),np.float64(0.9838455716800005),25
2018-04-04,np.float64(139302.49557315095),np.float64(0.9838193298769587),25
2018-04-05,np.float64(139611.321065114),np.float64(0.9836675543919525),25
2018-04-06,np.float64(136297.08287973778),np.float64(0.9832704100529022),25
2018-04-09,np.float64(136795.7615847149),np.float64(0.9833313965202676),25
2018-04-10,np.float64(140366.4397126542),np.float64(0.9837554168059585),25
2018-04-11,np.float64(140017.99193534732),np.float64(0.9837149906519407),25
2018-04-12,np.float64(141988.50862987948),np.float64(0.9839409940313734),25
2018-04-13,np.float64(141651.7215981507),np.float64(0.9839028126037729),25
2018-04-16,np.float64(142174.1201319233),np.float64(0.9838290514684637),25
2018-04-17,np.float64(145111.73556207665),np.float64(0.9841564131924653),25
2018-04-18,np.float64(144859.8831056088),np.float64(0.9841288676348464),25
2018-04-19,np.float64(143173.08846117472),np.float64(0.9839418817888164),25
2018-04-20,np.float64(141263.5287042563),np.float64(0.983724812764779),25
2018-04-23,np.float64(140027.15180004976),np.float64(0.9835811101660287),25
2018-04-24,np.float64(137318.48993140782),np.float64(0.9832572410290981),25
2018-04-25,np.float64(137054.77467153923),np.float64(0.9832250252887598),25
2018-04-26,np.float64(140679.28394512823),np.float64(0.983657221484959),25
2018-04-27,np.float64(140357.76931758423),np.float64(0.9836197854215843),25
2018-04-30,np.float64(139570.53805861983),np.float64(0.9835273947414018),25
2018-05-01,np.float64(140812.7896000268),np.float64(0.9836727161950255),25
2018-05-02,np.float64(139769.31021188834),np.float64(0.9835508211660743),25
2018-05-03,np.float64(139944.4501313734),np.float64(0.9835714072475792),25
2018-05-04,np.float64(142577.97342202437),np.float64(0.9836469530980021),25
2018-05-07,np.float64(144099.91518678342),np.float64(0.9838196692653153),25
2018-05-08,np.float64(144578.56182371962),np.float64(0.9838732364110455),25
2018-05-09,np.float64(146502.01328102808),np.float64(0.9840849676100383),25
2018-05-10,np.float64(148181.9718019547),np.float64(0.9839602159072461),25
2018-05-11,np.float64(147580.41165347656),np.float64(0.9834745663753388),25
2018-05-14,np.float64(147766.03802405865),np.float64(0.9834953259240624),25
2018-05-15,np.float64(146491.977385648),np.float64(0.9833517825303201),25
2018-05-16,np.float64(147711.52434150607),np.float64(0.9833125175727562),25
2018-05-17,np.float64(146667.63648009),np.float64(0.9831937465830446),25
2018-05-18,np.float64(145327.78528237503),np.float64(0.9830388011352347),25
2018-05-21,np.float64(146832.49651344042),np.float64(0.9832126162444929),25
2018-05-22,np.float64(146884.16660737214),np.float64(0.9832185216168386),25
2018-05-23,np.float64(148694.71425837008),np.float64(0.9832308326517749),25
2018-05-24,np.float64(149014.27701241928),np.float64(0.9832667943153708),25
2018-05-25,np.float64(149258.1299022746),np.float64(0.983079700658523),25
2018-05-29,np.float64(148849.4589890036),np.float64(0.9827226352841346),25
2018-05-30,np.float64(150537.20636272666),np.float64(0.9829163403994919),25
2018-05-31,np.float64(149339.13037728853),np.float64(0.9825395143347422),25
2018-06-01,np.float64(151813.37946050375),np.float64(0.9828240847118939),25
2018-06-04,np.float64(153106.8744882008),np.float64(0.9829691922460629),25
2018-06-05,np.float64(153360.8575184004),np.float64(0.9829973972015521),25
2018-06-06,np.float64(154823.26160923368),np.float64(0.9831579975895611),25
2018-06-07,np.float64(153556.53484848305),np.float64(0.9830190636446204),25
2018-06-08,np.float64(154036.24386961732),np.float64(0.9830719467074136),25
2018-06-11,np.float64(154338.288669748),np.float64(0.9831050754308006),25
2018-06-12,np.float64(155091.76376441467),np.float64(0.9831871552561903),25
2018-06-13,np.float64(155699.3051634488),np.float64(0.9832527592690449),25
2018-06-14,np.float64(156545.98713961575),np.float64(0.9831033292652148),25
2018-06-15,np.float64(156004.51958934646),np.float64(0.9830446835353697),25
2018-06-18,np.float64(156253.04214937883),np.float64(0.9830716511937012),25
2018-06-19,np.float64(155882.92048276836),np.float64(0.9828094276033652),25
2018-06-20,np.float64(156272.22482238663),np.float64(0.982852252644361),25
2018-06-21,np.float64(155070.88669563294),np.float64(0.982719408606868),25
2018-06-22,np.float64(153895.60290813135),np.float64(0.9825874386316445),25
2018-06-25,np.float64(150149.0202364842),np.float64(0.9821529529414355),25
2018-06-26,np.float64(151471.18266971936),np.float64(0.9823087363369903),25
2018-06-27,np.float64(149171.3137128152),np.float64(0.982035978880518),25
2018-06-28,np.float64(150644.08972289026),np.float64(0.9822116046179625),25
2018-06-29,np.float64(150360.88571029544),np.float64(0.9821781002599241),25
2018-07-02,np.float64(151517.39789954567),np.float64(0.9823141324553731),25
2018-07-03,np.float64(149131.20764516803),np.float64(0.9820311477907842),25
2018-07-05,np.float64(151381.56120164538),np.float64(0.9818418959677575),25
2018-07-06,np.float64(153212.97968911167),np.float64(0.9820589473395763),25
2018-07-09,np.float64(154836.18443741172),np.float64(0.9822470300023837),25
2018-07-10,np.float64(155744.06017084655),np.float64(0.9823505170351446),25
2018-07-11,np.float64(154626.8501748264),np.float64(0.9822229959819082),25
2018-07-12,np.float64(155890.26648954014),np.float64(0.9823670701271962),25
2018-07-13,np.float64(155508.9327166507),np.float64(0.9823238312498016),25
2018-07-16,np.float64(155516.38204940272),np.float64(0.9822031726047374),25
2018-07-17,np.float64(156595.15070386094),np.float64(0.9823257732054362),25
2018-07-18,np.float64(156515.49323171613),np.float64(0.9823167780305848),25
2018-07-19,np.float64(155395.65897957247),np.float64(0.9821893466867516),25
2018-07-20,np.float64(155036.31778879062),np.float64(0.9821480653827226),25
2018-07-23,np.float64(155250.2881480524),np.float64(0.9821726694263552),25
2018-07-24,np.float64(155208.50798056234),np.float64(0.9821678705344197),25
2018-07-25,np.float64(157151.1749140699),np.float64(0.982388307246304),25
2018-07-26,np.float64(156993.66438191046),np.float64(0.9823706375708506),25
2018-07-27,np.float64(155244.5599481646),np.float64(0.9821720116351061),25
2018-07-30,np.float64(152893.06193426886),np.float64(0.9818978168567334),25
2018-07-31,np.float64(153022.15273715564),np.float64(0.9819130880139755),25
2018-08-01,np.float64(153369.50059361398),np.float64(0.9819540508526362),25
2018-08-02,np.float64(156062.79449862908),np.float64(0.9822654834718262),25
2018-08-03,np.float64(156435.87494516018),np.float64(0.9823077781267298),25
2018-08-06,np.float64(157687.84469897713),np.float64(0.9822421815631583),25
2018-08-07,np.float64(158743.5573764509),np.float64(0.9823602786649109),25
2018-08-08,np.float64(158901.42988070252),np.float64(0.9823778041647354),25
2018-08-09,np.float64(157966.87638582083),np.float64(0.9820753055997649),25
2018-08-10,np.float64(157016.31744769323),np.float64(0.981571778688051),25
2018-08-13,np.float64(156845.8410566517),np.float64(0.9815517489783603),25
2018-08-14,np.float64(157420.83190712196),np.float64(0.9816191325350098),25
2018-08-15,np.float64(155234.02249058092),np.float64(0.9811920443061308),25
2018-08-16,np.float64(155681.95020801996),np.float64(0.9812461585091735),25
2018-08-17,np.float64(154530.16087875684),np.float64(0.9811063769002696),25
2018-08-20,np.float64(155218.9943558079),np.float64(0.9811902233402487),25
2018-08-21,np.float64(156493.42187148193),np.float64(0.9813434035611948),25
2018-08-22,np.float64(157478.8729529677),np.float64(0.9813132858160609),25
2018-08-23,np.float64(157863.35351563848),np.float64(0.9813587978251745),25
2018-08-24,np.float64(160349.1507774627),np.float64(0.9816477812659886),25
2018-08-27,np.float64(162116.1660746314),np.float64(0.9816503902676065),25
2018-08-28,np.float64(162283.02128127715),np.float64(0.9816692568619032),25
2018-08-29,np.float64(163256.29685039865),np.float64(0.981745308174789),25
2018-08-30,np.float64(162988.2178001533),np.float64(0.9816299600866493),25
2018-08-31,np.float64(163100.05634619514),np.float64(0.9816425565173352),25
2018-09-04,np.float64(163902.03536332032),np.float64(0.9814502961279771),25
2018-09-05,np.float64(161769.79244678104),np.float64(0.9812057976088976),25
2018-09-06,np.float64(159903.31038162817),np.float64(0.9807624897372526),25
2018-09-07,np.float64(159815.20862194753),np.float64(0.9807518846232547),25
2018-09-10,np.float64(161830.84887443754),np.float64(0.9809916243045811),25
2018-09-11,np.float64(162314.10848060582),np.float64(0.9810482181536214),25
2018-09-12,np.float64(162853.46267285664),np.float64(0.9811109845377173),25
2018-09-13,np.float64(163434.87989820712),np.float64(0.980948290653816),25
2018-09-14,np.float64(164546.59026300057),np.float64(0.981077007892583),25
2018-09-17,np.float64(162541.12000059022),np.float64(0.9808435316008783),25
2018-09-18,np.float64(163738.0190803548),np.float64(0.9807721842676502),25
2018-09-19,np.float64(163426.61911087573),np.float64(0.9807355467769845),25
2018-09-20,np.float64(164607.1443702557),np.float64(0.9808737070842112),25
2018-09-21,np.float64(163735.03864933876),np.float64(0.9807718342681702),25
2018-09-24,np.float64(164991.642920901),np.float64(0.9809182792320797),25
2018-09-25,np.float64(165070.38937166487),np.float64(0.9809273821232201),25
2018-09-26,np.float64(164858.88227907065),np.float64(0.9809029127473544),25
2018-09-27,np.float64(165802.58735188108),np.float64(0.9810116083859693),25
2018-09-28,np.float64(164800.65091772316),np.float64(0.9808961649015037),25
2018-10-01,np.float64(166665.82329939152),np.float64(0.9811099576569965),25
2018-10-02,np.float64(165280.5223967182),np.float64(0.9809516305151783),25
2018-10-03,np.float64(164775.48058869742),np.float64(0.9808932466893197),25
2018-10-04,np.float64(161954.01084188928),np.float64(0.9800645086274067),25
2018-10-05,np.float64(159526.2771143324),np.float64(0.9797611224664798),25
2018-10-08,np.float64(158001.4039331876),np.float64(0.9795657968503835),25
2018-10-09,np.float64(158601.413207784),np.float64(0.9796431020342452),25
2018-10-10,np.float64(151398.05674827754),np.float64(0.9786745427567576),25
2018-10-11,np.float64(149413.18249710242),np.float64(0.9783912454581577),25
2018-10-12,np.float64(153264.94311327106),np.float64(0.9789343034335697),25
2018-10-15,np.float64(151150.92729809842),np.float64(0.9785146613682575),25
2018-10-16,np.float64(156418.56270307204),np.float64(0.9792382131546222),25
2018-10-17,np.float64(156497.05198199657),np.float64(0.979248625987695),25
2018-10-18,np.float64(153221.07103380706),np.float64(0.9788049461109366),25
2018-10-19,np.float64(151137.15227006128),np.float64(0.9785127031393402),25
2018-10-22,np.float64(152106.28455087807),np.float64(0.9786496076273872),25
2018-10-23,np.float64(151921.24026184174),np.float64(0.9786236022566409),25
2018-10-24,np.float64(144858.3418011777),np.float64(0.9775813472864485),25
2018-10-25,np.float64(148172.7951900988),np.float64(0.9780828265179508),25
2018-10-26,np.float64(144374.1570104762),np.float64(0.9775061622886851),25
2018-10-29,np.float64(141599.7961199304),np.float64(0.9770654411482981),25
2018-10-30,np.float64(144358.36508258828),np.float64(0.9775037015995325),25
2018-10-31,np.float64(147585.38370154478),np.float64(0.9779955929506619),25
2018-11-01,np.float64(150634.60648949948),np.float64(0.9784410174183452),25
2018-11-02,np.float64(149215.06661544472),np.float64(0.9782359185894342),25
2018-11-05,np.float64(149092.44401596065),np.float64(0.978218018498953),25
2018-11-06,np.float64(149872.29693050796),np.float64(0.9781145493058349),25
2018-11-07,np.float64(154234.6920584053),np.float64(0.9787335603869728),25
2018-11-08,np.float64(152914.2388248413),np.float64(0.9783087218486632),25
2018-11-09,np.float64(150732.21627657727),np.float64(0.9777356626897903),25
2018-11-12,np.float64(145380.57769299095),np.float64(0.9769160849409735),25
2018-11-13,np.float64(146219.93311246525),np.float64(0.9770485949811236),25
2018-11-14,np.float64(145422.092430438),np.float64(0.9767260803639867),25
2018-11-15,np.float64(148171.3540463625),np.float64(0.9771579188547612),25
2018-11-16,np.float64(146511.2293938126),np.float64(0.9768990943115392),25
2018-11-19,np.float64(141162.05385154742),np.float64(0.9760237117541074),25
2018-11-20,np.float64(139429.38648762074),np.float64(0.9757257621381887),25
2018-11-21,np.float64(139333.79086736852),np.float64(0.9755431174088439),25
2018-11-23,np.float64(138708.80585430935),np.float64(0.975432921196055),25
2018-11-26,np.float64(141686.2629902216),np.float64(0.9757232932711215),25
2018-11-27,np.float64(142585.04832010806),np.float64(0.9758763215733379),25
2018-11-28,np.float64(147331.41824825623),np.float64(0.9766534803301191),25
2018-11-29,np.float64(146944.45909922675),np.float64(0.9762969301067329),25
2018-11-30,np.float64(148613.7833140756),np.float64(0.976563178012255),25
2018-12-03,np.float64(151759.08441392833),np.float64(0.9770489206764242),25
2018-12-04,np.float64(145618.3787853949),np.float64(0.9760810770349915),25
2018-12-06,np.float64(146471.85955062456),np.float64(0.9754465316933612),25
2018-12-07,np.float64(141424.3455825625),np.float64(0.9745702046809814),25
2018-12-10,np.float64(143107.91970175938),np.float64(0.9748693701313967),25
2018-12-11,np.float64(143382.63085308846),np.float64(0.9749175186708938),25
2018-12-12,np.float64(144795.68111039535),np.float64(0.9751622967362629),25
2018-12-13,np.float64(145006.24738846946),np.float64(0.9751983640287164),25
2018-12-14,np.float64(140769.96492210176),np.float64(0.9744519922038706),25
2018-12-17,np.float64(137353.27793044597),np.float64(0.9738164810081061),25
2018-12-18,np.float64(138607.3733739423),np.float64(0.9736752637636679),25
2018-12-19,np.float64(135178.72702591232),np.float64(0.9730075683892155),25
2018-12-20,np.float64(132940.2242874284),np.float64(0.972553058609328),25
2018-12-21,np.float64(129336.45913646936),np.float64(0.9717882910291382),25
2018-12-24,np.float64(125566.25023172006),np.float64(0.9709412159895966),25
2018-12-26,np.float64(133197.63630709363),np.float64(0.9726061013870596),25
2018-12-27,np.float64(133940.0702554105),np.float64(0.9727579466135718),25
2018-12-28,np.float64(134473.84681683715),np.float64(0.9728660804249188),25
2018-12-31,np.float64(135844.1394596332),np.float64(0.9731397868248552),25
2019-01-02,np.float64(136230.24264929196),np.float64(0.9732159139298222),25
2019-01-03,np.float64(131475.44911686482),np.float64(0.9716364469856007),25
2019-01-04,np.float64(137624.3882042026),np.float64(0.9729037060961533),25
2019-01-07,np.float64(140291.9489864352),np.float64(0.9734189246206941),25
2019-01-08,np.float64(141253.2413315023),np.float64(0.973599820889303),25
2019-01-09,np.float64(141976.84014183946),np.float64(0.9737343719764951),25
2019-01-10,np.float64(142589.21258715505),np.float64(0.9738471739659912),25
2019-01-11,np.float64(143269.8214831932),np.float64(0.9739714139899613),25
2019-01-14,np.float64(142016.63888935803),np.float64(0.9737417326569499),25
2019-01-15,np.float64(144442.5529296499),np.float64(0.9740519198345255),25
2019-01-16,np.float64(143739.5749977625),np.float64(0.9739250172210215),25
2019-01-17,np.float64(144937.96989073965),np.float64(0.9741406137704995),25
2019-01-18,np.float64(145902.89552739897),np.float64(0.9743116342607436),25
2019-01-22,np.float64(142740.5976931872),np.float64(0.9737425301330146),25
2019-01-23,np.float64(142676.9375015579),np.float64(0.9737308144654884),25
2019-01-24,np.float64(144201.9752512993),np.float64(0.9740086296585554),25
2019-01-25,np.float64(146235.2155140014),np.float64(0.974370011152577),25
2019-01-28,np.float64(143664.89435216048),np.float64(0.9739114627854945),25
2019-01-29,np.float64(141939.1252023497),np.float64(0.9735942648837581),25
2019-01-30,np.float64(146512.7665456383),np.float64(0.974418564121804),25
2019-01-31,np.float64(148416.92660318164),np.float64(0.9747467689265302),25
2019-02-01,np.float64(148615.71770600526),np.float64(0.9747805481104043),25
2019-02-04,np.float64(150113.17759887938),np.float64(0.9750321257422219),25
2019-02-05,np.float64(150792.37781561958),np.float64(0.9751445862382567),25
2019-02-06,np.float64(151016.92240057368),np.float64(0.9749556176528734),25
2019-02-07,np.float64(148625.4172542048),np.float64(0.9744590643075591),25
2019-02-08,np.float64(148873.9323073188),np.float64(0.9740850824083463),25
2019-02-11,np.float64(149148.7151315438),np.float64(0.9741328265289652),25
2019-02-12,np.float64(151458.5566212827),np.float64(0.9745273177471475),25
2019-02-13,np.float64(151497.3893282767),np.float64(0.9745338470557426),25
2019-02-14,np.float64(151484.02138951712),np.float64(0.9745315997561933),25
2019-02-15,np.float64(152252.32485187653),np.float64(0.9746601196990389),25
2019-02-19,np.float64(152752.43230379003),np.float64(0.9747430818016908),25
2019-02-20,np.float64(152561.7948886236),np.float64(0.9743725291927077),25
2019-02-21,np.float64(151923.57277853636),np.float64(0.9742648696755195),25
2019-02-22,np.float64(153398.68251276825),np.float64(0.9745123433867113),25
2019-02-25,np.float64(154017.60174542663),np.float64(0.9744069600484232),25
2019-02-26,np.float64(153996.65533237395),np.float64(0.9744034789183627),25
2019-02-27,np.float64(153536.59878527725),np.float64(0.9743267815888681),25
2019-02-28,np.float64(153457.37245405745),np.float64(0.9740424809736041),25
2019-03-01,np.float64(153909.54048328055),np.float64(0.9741187410948732),25
2019-03-04,np.float64(153255.30222679337),np.float64(0.9740082554577971),25
2019-03-05,np.float64(153210.65081893688),np.float64(0.9740006804753775),25
2019-03-06,np.float64(152097.11386694253),np.float64(0.9735063557987118),25
2019-03-07,np.float64(150581.283997262),np.float64(0.9732396569356729),25
2019-03-08,np.float64(150802.51514207528),np.float64(0.973278915043047),25
2019-03-11,np.float64(153941.23301794933),np.float64(0.9738237329932017),25
2019-03-12,np.float64(154574.15288146213),np.float64(0.9739309144270467),25
2019-03-13,np.float64(155667.97087677493),np.float64(0.9741140917034026),25
2019-03-14,np.float64(155057.57854851527),np.float64(0.9735578189750878),25
2019-03-15,np.float64(156069.77894733386),np.float64(0.9737293114085337),25
2019-03-18,np.float64(156566.41568971382),np.float64(0.9738126433871362),25
2019-03-19,np.float64(158411.43356083898),np.float64(0.9741176475138094),25
2019-03-20,np.float64(158611.5844900543),np.float64(0.9738198760336203),25
2019-03-21,np.float64(162144.72204542754),np.float64(0.9743903415907047),25
2019-03-22,np.float64(158116.48021310315),np.float64(0.9737378991813062),25
2019-03-25,np.float64(157607.83661581247),np.float64(0.9736531441988151),25
2019-03-26,np.float64(158312.8802985976),np.float64(0.9737704794668541),25
2019-03-27,np.float64(156821.58625718794),np.float64(0.9735210499806866),25
2019-03-28,np.float64(157246.2923689254),np.float64(0.9735925669095513),25
2019-03-29,np.float64(158917.89655941466),np.float64(0.973870337864049),25
2019-04-01,np.float64(161535.20353513863),np.float64(0.9742937090270218),25
2019-04-02,np.float64(161661.24526031356),np.float64(0.9743137513399266),25
2019-04-03,np.float64(163629.39216759003),np.float64(0.9746227075133266),25
2019-04-04,np.float64(162962.0700996464),np.float64(0.9740100306561909),25
2019-04-05,np.float64(163439.4392847876),np.float64(0.9740859414066302),25
2019-04-08,np.float64(163356.92070420925),np.float64(0.9740728511052035),25
2019-04-09,np.float64(162158.78325116058),np.float64(0.9738812840033864),25
2019-04-10,np.float64(163267.85703051346),np.float64(0.9739125140392678),25
2019-04-11,np.float64(163222.47647063277),np.float64(0.9739052609651546),25
2019-04-12,np.float64(163622.0291514619),np.float64(0.9739689823539613),25
2019-04-15,np.float64(163357.39619940854),np.float64(0.9739268130662224),25
2019-04-16,np.float64(165570.71421420368),np.float64(0.9742753545013279),25
2019-04-17,np.float64(166477.5734223378),np.float64(0.9744154852779057),25
2019-04-18,np.float64(166894.55059778644),np.float64(0.9744794068298427),25
2019-04-22,np.float64(168059.1506754389),np.float64(0.9746562569725945),25
2019-04-23,np.float64(169723.39263979738),np.float64(0.9749047679175156),25
2019-04-24,np.float64(169284.73860816954),np.float64(0.974839740645606),25
2019-04-25,np.float64(168813.94167069343),np.float64(0.9747695724300373),25
2019-04-26,np.float64(168399.9540578206),np.float64(0.9747075469708268),25
2019-04-29,np.float64(168617.65427370218),np.float64(0.9747402017513025),25
2019-04-30,np.float64(168317.51198437146),np.float64(0.9746951587038797),25
2019-05-01,np.float64(167165.6025517893),np.float64(0.974520787392234),25
2019-05-02,np.float64(167488.16549736637),np.float64(0.9745698574256023),25
2019-05-03,np.float64(169529.32045152286),np.float64(0.9748760396326823),25
2019-05-06,np.float64(167995.58679083333),np.float64(0.9744435754956475),25
2019-05-07,np.float64(164415.21903869873),np.float64(0.9738870491674266),25
2019-05-08,np.float64(163850.45893687586),np.float64(0.9737970429943175),25
2019-05-09,np.float64(162851.0299316815),np.float64(0.973342857437823),25
2019-05-10,np.float64(163779.9714433873),np.float64(0.973093129470484),25
2019-05-13,np.float64(158233.79811947787),np.float64(0.9721500302759111),25
2019-05-14,np.float64(160413.93328076103),np.float64(0.9725285304285748),25
2019-05-15,np.float64(161936.6110562202),np.float64(0.9726102970547845),25
2019-05-16,np.float64(163243.46620236235),np.float64(0.9728295669286604),25
2019-05-17,np.float64(161361.68688307202),np.float64(0.972512708819171),25
2019-05-20,np.float64(158524.74719511764),np.float64(0.9720207995832629),25
2019-05-21,np.float64(159989.83521716375),np.float64(0.9722770158068833),25
2019-05-22,np.float64(159079.28927990008),np.float64(0.9719656771899461),25
2019-05-23,np.float64(156391.34512331893),np.float64(0.9714838430186141),25
2019-05-24,np.float64(156162.2652256553),np.float64(0.9712256739785546),25
2019-05-28,np.float64(156376.31875380187),np.float64(0.9712650613106905),25
2019-05-29,np.float64(154824.3876742915),np.float64(0.9709770275901013),25
2019-05-30,np.float64(155425.6316521215),np.float64(0.971052068053238),25
2019-05-31,np.float64(152787.13878617433),np.float64(0.970552163987148),25
2019-06-03,np.float64(150524.74546448136),np.float64(0.9701095617603301),25
2019-06-04,np.float64(155529.9898438641),np.float64(0.9710714916630234),25
2019-06-05,np.float64(156658.93467288994),np.float64(0.9709848354901942),25
2019-06-06,np.float64(159049.9932882816),np.float64(0.971189223622001),25
2019-06-07,np.float64(161261.68719564256),np.float64(0.9715843616097628),25
2019-06-10,np.float64(162733.31924471995),np.float64(0.9718413302769303),25
2019-06-11,np.float64(162730.30540278813),np.float64(0.9718408087650992),25
2019-06-12,np.float64(161113.18629611412),np.float64(0.971558170408666),25
2019-06-13,np.float64(161442.06828171617),np.float64(0.9713774142997256),25
2019-06-14,np.float64(159918.91944757005),np.float64(0.9711047982878727),25
2019-06-17,np.float64(160387.05820613357),np.float64(0.9711891377851442),25
2019-06-18,np.float64(163076.6281408244),np.float64(0.9716643059909688),25
2019-06-19,np.float64(163966.97569741335),np.float64(0.9718181699981439),25
2019-06-20,np.float64(165774.641016818),np.float64(0.9721254746402727),25
2019-06-21,np.float64(165123.9512385889),np.float64(0.9716982316426064),25
2019-06-24,np.float64(165336.26831747772),np.float64(0.9717345754457308),25
2019-06-25,np.float64(162788.42881793377),np.float64(0.9712921867226888),25
2019-06-26,np.float64(164912.1326199011),np.float64(0.9716618799116291),25
2019-06-27,np.float64(166128.77478577697),np.float64(0.9718694138072208),25
2019-06-28,np.float64(166287.02947104356),np.float64(0.9718961855709506),25
2019-07-01,np.float64(168708.90883045847),np.float64(0.9722996263172536),25
2019-07-02,np.float64(168860.55097545427),np.float64(0.9723245021337672),25
2019-07-03,np.float64(169962.64415039343),np.float64(0.9720161562346402),25
2019-07-05,np.float64(169567.2514531518),np.float64(0.9719509042041288),25
2019-07-08,np.float64(169104.61633501056),np.float64(0.9718741677020242),25
2019-07-09,np.float64(170268.326337062),np.float64(0.9720663955406674),25
2019-07-10,np.float64(172024.42670803235),np.float64(0.9723515539573662),25
2019-07-11,np.float64(172373.26184174014),np.float64(0.9724075066571587),25
2019-07-12,np.float64(173391.83827573477),np.float64(0.9725695965441664),25
2019-07-15,np.float64(173986.43069248612),np.float64(0.9726633389688967),25
2019-07-16,np.float64(172691.5410482615),np.float64(0.9723201450814256),25
2019-07-17,np.float64(172442.46872182915),np.float64(0.9722801648728902),25
2019-07-18,np.float64(171767.93968655274),np.float64(0.9721713096716201),25
2019-07-19,np.float64(170554.7370565526),np.float64(0.9719733565635534),25
2019-07-22,np.float64(172086.9886216461),np.float64(0.9722229040082137),25
2019-07-23,np.float64(172917.6165096821),np.float64(0.9723563341991054),25
2019-07-24,np.float64(174607.51249837966),np.float64(0.9726238766391838),25
2019-07-25,np.float64(172946.9813336974),np.float64(0.9723610278420654),25
2019-07-26,np.float64(174130.77565469538),np.float64(0.9725489260361426),25
2019-07-29,np.float64(173385.73965733103),np.float64(0.9724309691712366),25
2019-07-30,np.float64(172914.99018162533),np.float64(0.9723559143318921),25
2019-07-31,np.float64(168857.68358284445),np.float64(0.9716916831946488),25
2019-08-01,np.float64(166802.1996962477),np.float64(0.9713428431364479),25
2019-08-02,np.float64(164989.0164428776),np.float64(0.9710279089788025),25
2019-08-05,np.float64(159245.93479698212),np.float64(0.9699830528925283),25
2019-08-06,np.float64(161254.13828451984),np.float64(0.9701452908070575),25
2019-08-07,np.float64(161623.0983059074),np.float64(0.970213444395609),25
2019-08-08,np.float64(166319.79983924053),np.float64(0.9708626783685063),25
2019-08-09,np.float64(164821.47526638725),np.float64(0.9704507662732033),25
2019-08-12,np.float64(162605.93068376774),np.float64(0.9697933719476517),25
2019-08-13,np.float64(165695.3281673881),np.float64(0.9703565760025018),25
2019-08-14,np.float64(160262.2334022024),np.float64(0.9691732359632003),25
2019-08-15,np.float64(160180.61019445502),np.float64(0.9691575275740133),25
2019-08-16,np.float64(163172.68930326574),np.float64(0.969723082495023),25
2019-08-19,np.float64(165639.1535438381),np.float64(0.970173923571804),25
2019-08-20,np.float64(163973.31310490088),np.float64(0.9698709139947691),25
2019-08-21,np.float64(165529.83047621712),np.float64(0.9700075175930578),25
2019-08-22,np.float64(165534.56368791108),np.float64(0.9700083751829489),25
2019-08-23,np.float64(160452.6029077786),np.float64(0.969058460639398),25
2019-08-26,np.float64(162754.50292101895),np.float64(0.9692885037129112),25
2019-08-27,np.float64(162636.46001510517),np.float64(0.9692662130514792),25
2019-08-28,np.float64(162932.2441751811),np.float64(0.9692864907526645),25
2019-08-29,np.float64(165793.15094040116),np.float64(0.969720827108164),25
2019-08-30,np.float64(165898.47015601693),np.float64(0.9697400495804115),25
2019-09-03,np.float64(164271.1818341271),np.float64(0.9694402911968109),25
2019-09-04,np.float64(166630.940132046),np.float64(0.9698730651244689),25
2019-09-05,np.float64(169443.91507766204),np.float64(0.9701556204755125),25
2019-09-06,np.float64(168736.91892283497),np.float64(0.9700305745655735),25
2019-09-09,np.float64(168865.72860598983),np.float64(0.9700534350490263),25
2019-09-10,np.float64(168850.59438832005),np.float64(0.970050750913776),25
2019-09-11,np.float64(170364.7939689914),np.float64(0.9700455561009963),25
2019-09-12,np.float64(170611.44458010062),np.float64(0.9700888608271905),25
2019-09-13,np.float64(170487.52614618783),np.float64(0.9698410879375852),25
2019-09-16,np.float64(169758.92697194408),np.float64(0.9697116469778858),25
2019-09-17,np.float64(170465.28932672838),np.float64(0.9698371537743002),25
2019-09-18,np.float64(170043.81808497602),np.float64(0.9697623920311407),25
2019-09-19,np.float64(169857.29936135234),np.float64(0.9697291883945293),25
2019-09-20,np.float64(168111.4925086979),np.float64(0.9691030719288752),25
2019-09-23,np.float64(168554.89123496745),np.float64(0.9691843490632972),25
2019-09-24,np.float64(165806.60374708637),np.float64(0.968673571651624),25
2019-09-25,np.float64(167681.9581415797),np.float64(0.9690239263094418),25
2019-09-26,np.float64(167435.87363234753),np.float64(0.9689784000328637),25
2019-09-27,np.float64(164814.24129999505),np.float64(0.968484952204365),25
2019-09-30,np.float64(165750.1916977713),np.float64(0.9686629098961066),25
2019-10-01,np.float64(164503.02424599853),np.float64(0.9684253300765867),25
2019-10-02,np.float64(162069.36075463274),np.float64(0.9679511989941493),25
2019-10-03,np.float64(164171.81409931878),np.float64(0.9678281368974561),25
2019-10-04,np.float64(166613.7015168035),np.float64(0.9682996471453647),25
2019-10-07,np.float64(166179.16195451096),np.float64(0.9682167543368322),25
2019-10-08,np.float64(163339.98947744435),np.float64(0.9676642985872793),25
2019-10-09,np.float64(164981.77409988348),np.float64(0.967841406243357),25
2019-10-10,np.float64(165950.8460598966),np.float64(0.9680291967380904),25
2019-10-11,np.float64(168532.69078055435),np.float64(0.9685189750074259),25
2019-10-14,np.float64(168764.45716893615),np.float64(0.9685622083018498),25
2019-10-15,np.float64(171010.28776825842),np.float64(0.9689750720862),25
2019-10-16,np.float64(170124.02458413746),np.float64(0.9688134473452664),25
2019-10-17,np.float64(170734.81348099478),np.float64(0.9689250145160407),25
2019-10-18,np.float64(168318.1002046509),np.float64(0.9684788395064015),25
2019-10-21,np.float64(170365.0094938461),np.float64(0.9688575613836945),25
2019-10-22,np.float64(168797.45522382474),np.float64(0.9685683540460179),25
2019-10-23,np.float64(168928.50553980673),np.float64(0.9685927378948003),25
2019-10-24,np.float64(171523.18778570308),np.float64(0.9690678448842901),25
2019-10-25,np.float64(173963.99721262587),np.float64(0.9695018398315848),25
2019-10-28,np.float64(175992.1944068807),np.float64(0.96985331157209),25
2019-10-29,np.float64(174252.80048197097),np.float64(0.9695523869007928),25
2019-10-30,np.float64(175459.9734492),np.float64(0.9697618679278753),25
2019-10-31,np.float64(175277.90933609812),np.float64(0.9696399827900299),25
2019-11-01,np.float64(176951.4107181604),np.float64(0.9699271098072948),25
2019-11-04,np.float64(178871.06673623805),np.float64(0.970249854036939),25
2019-11-05,np.float64(179279.5744917393),np.float64(0.9703176429380878),25
2019-11-06,np.float64(179100.62232736003),np.float64(0.9700974855523136),25
2019-11-07,np.float64(180444.92934145426),np.float64(0.9701859522425611),25
2019-11-08,np.float64(180949.04900743012),np.float64(0.9700400618729984),25
2019-11-11,np.float64(180477.4668188228),np.float64(0.9699617774564365),25
2019-11-12,np.float64(180995.28990088977),np.float64(0.9700477160738771),25
2019-11-13,np.float64(180999.27426467228),np.float64(0.9700483754179311),25
2019-11-14,np.float64(181212.40196820605),np.float64(0.9700836021512835),25
2019-11-15,np.float64(182743.01629312773),np.float64(0.9703341751582643),25
2019-11-18,np.float64(183963.22214832803),np.float64(0.9705309449949115),25
2019-11-19,np.float64(184212.11079051386),np.float64(0.9705707605806254),25
2019-11-20,np.float64(183123.94436858507),np.float64(0.9700901839319901),25
2019-11-21,np.float64(182361.03409714703),np.float64(0.9699650557432404),25
2019-11-22,np.float64(181900.65320448347),np.float64(0.9698890388944582),25
2019-11-25,np.float64(184206.39958392113),np.float64(0.9700825417035203),25
2019-11-26,np.float64(183662.7692324853),np.float64(0.9699939878913583),25
2019-11-27,np.float64(184658.29934645467),np.float64(0.9701244191405458),25
2019-11-29,np.float64(183878.16413070756),np.float64(0.9697880951486038),25
2019-12-02,np.float64(181906.55026055177),np.float64(0.9694606401418241),25
2019-12-03,np.float64(180594.60010225783),np.float64(0.9692387834640638),25
2019-12-04,np.float64(181495.38394959978),np.float64(0.9691367150464908),25
2019-12-05,np.float64(181598.6557925183),np.float64(0.968775479901644),25
2019-12-06,np.float64(183456.85968157763),np.float64(0.9690917478503132),25
2019-12-09,np.float64(182747.76263211927),np.float64(0.968971817788858),25
2019-12-10,np.float64(182795.9502891732),np.float64(0.9689799972665819),25
2019-12-11,np.float64(184389.98969717388),np.float64(0.9692481631625427),25
2019-12-12,np.float64(187471.05049689356),np.float64(0.9697535653499638),25
2019-12-13,np.float64(186848.81817926353),np.float64(0.9696528405537584),25
2019-12-16,np.float64(189155.4032888346),np.float64(0.9700228976860392),25
2019-12-17,np.float64(189866.93967393663),np.float64(0.9701352384603359),25
2019-12-18,np.float64(190026.13556922236),np.float64(0.9701602579000911),25
2019-12-19,np.float64(192020.97222296114),np.float64(0.9704702522230544),25
2019-12-20,np.float64(193406.7246958142),np.float64(0.9703494913546029),25
2019-12-23,np.float64(194102.7784949875),np.float64(0.9704558182673348),25
2019-12-24,np.float64(194574.36630548502),np.float64(0.9705274241846034),25
2019-12-26,np.float64(195675.37919826078),np.float64(0.9706932584663052),25
2019-12-27,np.float64(195153.29643785255),np.float64(0.9706148557705897),25
2019-12-30,np.float64(193313.75580185928),np.float64(0.9703352317641122),25
2019-12-31,np.float64(194027.1628949695),np.float64(0.9704443044102262),25
2020-01-02,np.float64(197926.20207158843),np.float64(0.9707966577203913),25
2020-01-03,np.float64(196154.1210473942),np.float64(0.9703182774437182),25
2020-01-06,np.float64(197187.86171596995),np.float64(0.9704738813609817),25
2020-01-07,np.float64(198066.2333625378),np.float64(0.9706048219307366),25
2020-01-08,np.float64(199006.13422488174),np.float64(0.9706237149724102),25
2020-01-09,np.float64(200424.85665907807),np.float64(0.9708316572171831),25
2020-01-10,np.float64(199331.69538316978),np.float64(0.9706716941829486),25
2020-01-13,np.float64(202495.7179647506),np.float64(0.9711299528701808),25
2020-01-14,np.float64(202024.0868478068),np.float64(0.9710625549039952),25
2020-01-15,np.float64(201340.9666362824),np.float64(0.9709643744196893),25
2020-01-16,np.float64(203528.86479523603),np.float64(0.9712765020965922),25
2020-01-17,np.float64(204719.47858686172),np.float64(0.9714435530923431),25
2020-01-21,np.float64(205840.09061866987),np.float64(0.9715990169667236),25
2020-01-22,np.float64(206256.9944771697),np.float64(0.9716564234049477),25
2020-01-23,np.float64(207516.92602295682),np.float64(0.9718285104098824),25
2020-01-24,np.float64(205948.88633130887),np.float64(0.9716140202291533),25
2020-01-27,np.float64(201732.09496964017),np.float64(0.9710206701511293),25
2020-01-28,np.float64(205048.55537989284),np.float64(0.9714893825494262),25
2020-01-29,np.float64(203708.60179850418),np.float64(0.9713018455302566),25
2020-01-30,np.float64(205929.91338162168),np.float64(0.9716114049424416),25
2020-01-31,np.float64(202201.23369052363),np.float64(0.9710879067623468),25
2020-02-03,np.float64(206603.41651019955),np.float64(0.9717039484633095),25
2020-02-04,np.float64(212328.34223020176),np.float64(0.9724668837903385),25
2020-02-05,np.float64(211559.15609723702),np.float64(0.972366778970597),25
2020-02-06,np.float64(212628.01397141724),np.float64(0.9722630024019486),25
2020-02-07,np.float64(211684.1111687267),np.float64(0.9720248370350112),25
2020-02-10,np.float64(215055.18003285353),np.float64(0.9722707163921301),25
2020-02-11,np.float64(216004.1056348177),np.float64(0.9723925336467711),25
2020-02-12,np.float64(217859.6434700441),np.float64(0.9726276698910853),25
2020-02-13,np.float64(218355.6195239197),np.float64(0.9726898437902614),25
2020-02-14,np.float64(219216.94584334784),np.float64(0.9727971482517875),25
2020-02-18,np.float64(220566.3014065815),np.float64(0.9728534662114269),25
2020-02-19,np.float64(224366.78050115428),np.float64(0.9731720210704187),25
2020-02-20,np.float64(222020.10075168562),np.float64(0.9728884581197665),25
2020-02-21,np.float64(217199.57732802382),np.float64(0.9722867450580147),25
2020-02-24,np.float64(207827.49419943494),np.float64(0.9708744453332141),25
2020-02-25,np.float64(201961.22831315466),np.float64(0.9700284500439805),25
2020-02-26,np.float64(202809.50717233543),np.float64(0.9701538102036646),25
2020-02-27,np.float64(192485.70965099832),np.float64(0.9685229738324471),25
2020-02-28,np.float64(193344.14987980822),np.float64(0.9686627305593113),25
2020-03-02,np.float64(202616.6277761611),np.float64(0.9700968386155457),25
2020-03-03,np.float64(196695.2408028911),np.float64(0.9691966226796709),25
2020-03-04,np.float64(205186.31891968483),np.float64(0.9702460090647133),25
2020-03-05,np.float64(198769.42714543417),np.float64(0.96909997181421),25
2020-03-06,np.float64(195201.27043616358),np.float64(0.968535138692779),25
2020-03-09,np.float64(180779.72059261263),np.float64(0.9660250559015511),25
2020-03-10,np.float64(190555.6758638592),np.float64(0.9677680506055599),25
2020-03-11,np.float64(182606.5003493777),np.float64(0.9663649383263143),25
2020-03-12,np.float64(164446.09244027283),np.float64(0.9626504904426475),25
2020-03-13,np.float64(180806.42807972257),np.float64(0.9658116140917815),25
2020-03-16,np.float64(157854.2863425338),np.float64(0.9608405949493022),25
2020-03-17,np.float64(169076.6220904176),np.float64(0.963439771498567),25
2020-03-18,np.float64(162168.89296241762),np.float64(0.9618824558461488),25
2020-03-19,np.float64(165282.07010998853),np.float64(0.9624036638762802),25
2020-03-20,np.float64(160433.97485460519),np.float64(0.9608669101802635),25
2020-03-23,np.float64(162892.75074736198),np.float64(0.9614576025064498),25
2020-03-24,np.float64(174742.27013774056),np.float64(0.9640712167515406),25
2020-03-25,np.float64(172281.1584918087),np.float64(0.9635579583798706),25
2020-03-26,np.float64(181583.57171823914),np.float64(0.9654248614634339),25
2020-03-27,np.float64(175574.72412970918),np.float64(0.9642415662092432),25
2020-03-30,np.float64(181763.1913768287),np.float64(0.9654590288574623),25
2020-03-31,np.float64(178905.26774421072),np.float64(0.9649072538372713),25
2020-04-01,np.float64(171962.77376144222),np.float64(0.9634904868606491),25
2020-04-02,np.float64(175422.65769253083),np.float64(0.9639437911764053),25
2020-04-03,np.float64(172960.83564408068),np.float64(0.9631872641662376),25
2020-04-06,np.float64(185807.23051703398),np.float64(0.9657324339077934),25
2020-04-07,np.float64(185041.4877185121),np.float64(0.9655906271039165),25
2020-04-08,np.float64(189203.65039146983),np.float64(0.9662214219389643),25
2020-04-09,np.float64(188886.30289983877),np.float64(0.9661646706189693),25
2020-04-13,np.float64(192853.60416690563),np.float64(0.9668607164393461),25
2020-04-14,np.float64(201737.71982861438),np.float64(0.9683201025588539),25
2020-04-15,np.float64(199971.1473808422),np.float64(0.9680402380148896),25
2020-04-16,np.float64(203791.36960338562),np.float64(0.9686393477475553),25
2020-04-17,np.float64(204717.21450453764),np.float64(0.9687811780281941),25
2020-04-20,np.float64(202589.91547711886),np.float64(0.9684533642302496),25
2020-04-21,np.float64(194181.4791458887),np.float64(0.9670873334455364),25
2020-04-22,np.float64(200615.3759019585),np.float64(0.9681428691821484),25
2020-04-23,np.float64(199569.11399962415),np.float64(0.9679758548499985),25
2020-04-24,np.float64(202341.7674604123),np.float64(0.9684146760483765),25
2020-04-27,np.float64(204324.36382888147),np.float64(0.9687211541765349),25
2020-04-28,np.float64(200643.451134577),np.float64(0.9681473268225707),25
2020-04-29,np.float64(205827.85241856135),np.float64(0.9689496333995427),25
2020-04-30,np.float64(204516.74997222904),np.float64(0.9686670717552208),25
2020-05-01,np.float64(197463.21807848732),np.float64(0.9675478364320579),25
2020-05-04,np.float64(201434.5373418815),np.float64(0.9681876368556439),25
2020-05-05,np.float64(203046.77421627572),np.float64(0.9684402341457063),25
2020-05-06,np.float64(204392.66973287333),np.float64(0.9684731749025609),25
2020-05-07,np.float64(205750.18205070827),np.float64(0.9685231273648447),25
2020-05-08,np.float64(209601.81332340674),np.float64(0.9689784136208042),25
2020-05-11,np.float64(212011.13321381138),np.float64(0.9693309466409449),25
2020-05-12,np.float64(207568.9249045589),np.float64(0.968475004957098),25
2020-05-13,np.float64(204415.512390713),np.float64(0.9679886851435743),25
2020-05-14,np.float64(207519.03272201846),np.float64(0.9684674256484118),25
2020-05-15,np.float64(208593.32712388766),np.float64(0.9686298242666682),25
2020-05-18,np.float64(212099.56894145315),np.float64(0.969148408168227),25
2020-05-19,np.float64(211946.17142287118),np.float64(0.9691260791136396),25
2020-05-20,np.float64(215667.08024903148),np.float64(0.9693938133443912),25
2020-05-21,np.float64(212700.05768513423),np.float64(0.9689668776519879),25
2020-05-22,np.float64(213250.9122919907),np.float64(0.9688786118723437),25
2020-05-26,np.float64(211791.1340012458),np.float64(0.9686641065438708),25
2020-05-27,np.float64(212975.83852276512),np.float64(0.9688384163384504),25
2020-05-28,np.float64(211475.72452764565),np.float64(0.9686173700322364),25
2020-05-29,np.float64(214792.32069365925),np.float64(0.9691019474598388),25
2020-06-01,np.float64(215782.05007982187),np.float64(0.9692436678233394),25
2020-06-02,np.float64(216508.2168359061),np.float64(0.9693468243053065),25
2020-06-03,np.float64(217282.820913202),np.float64(0.9692330223254586),25
2020-06-04,np.float64(216430.68563242583),np.float64(0.9689027583561737),25
2020-06-05,np.float64(220608.55430175652),np.float64(0.9694916756444336),25
2020-06-08,np.float64(222459.21326376317),np.float64(0.9697454772427405),25
2020-06-09,np.float64(224486.2694089202),np.float64(0.9700186681886072),25
2020-06-10,np.float64(228093.72583927127),np.float64(0.9704928432139637),25
2020-06-11,np.float64(216050.12708490505),np.float64(0.9688479825443214),25
2020-06-12,np.float64(217508.82614541383),np.float64(0.9688753027321593),25
2020-06-15,np.float64(220574.71897174494),np.float64(0.9693079225107089),25
2020-06-16,np.float64(223594.05730297565),np.float64(0.9697223779177367),25
2020-06-17,np.float64(224241.0666974417),np.float64(0.9698097388379189),25
2020-06-18,np.float64(225140.14666725878),np.float64(0.9699303013386376),25
2020-06-19,np.float64(225196.02791101803),np.float64(0.9696523366095823),25
2020-06-22,np.float64(228115.46607150795),np.float64(0.97004072819087),25
2020-06-23,np.float64(228222.9725523022),np.float64(0.9700548407749071),25
2020-06-24,np.float64(223577.63030507238),np.float64(0.9694326608499364),25
2020-06-25,np.float64(225708.62926238938),np.float64(0.9697212584461807),25
2020-06-26,np.float64(219811.49472559855),np.float64(0.9689089359933878),25
2020-06-29,np.float64(222230.53264594855),np.float64(0.9692473704196592),25
2020-06-30,np.float64(227924.10619767365),np.float64(0.9700155750705213),25
2020-07-01,np.float64(230152.45116389476),np.float64(0.9703058854366231),25
2020-07-02,np.float64(232176.71911443322),np.float64(0.9701819472583716),25
2020-07-06,np.float64(239477.62332988178),np.float64(0.9710910039958269),25
2020-07-07,np.float64(238490.3533612518),np.float64(0.9709713304611287),25
2020-07-08,np.float64(241063.8968653466),np.float64(0.9712812339551639),25
2020-07-09,np.float64(244714.72131676716),np.float64(0.9717096804855848),25
2020-07-10,np.float64(248678.8907138794),np.float64(0.9721606541027328),25
2020-07-13,np.float64(242427.06219693145),np.float64(0.9714427193350692),25
2020-07-14,np.float64(244595.42318856245),np.float64(0.9715982977628909),25
2020-07-15,np.float64(244710.69571419992),np.float64(0.9716116765649074),25
2020-07-16,np.float64(242694.05233024235),np.float64(0.9713757864634098),25
2020-07-17,np.float64(242001.14199947016),np.float64(0.9712938281176522),25
2020-07-20,np.float64(249917.0664919568),np.float64(0.9722030733015794),25
2020-07-21,np.float64(246962.79625315114),np.float64(0.9718705550659532),25
2020-07-22,np.float64(249580.73612443297),np.float64(0.9721656146791003),25
2020-07-23,np.float64(243655.12555858388),np.float64(0.9714886918055375),25
2020-07-24,np.float64(243499.55915933446),np.float64(0.9714704765711074),25
2020-07-27,np.float64(248200.5486174281),np.float64(0.972010833913711),25
2020-07-28,np.float64(244452.85952309717),np.float64(0.971581734034472),25
2020-07-29,np.float64(249522.07614401318),np.float64(0.972159071111801),25
2020-07-30,np.float64(251607.71672655805),np.float64(0.9723219746750307),25
2020-07-31,np.float64(252897.12095042213),np.float64(0.9724630919903569),25
2020-08-03,np.float64(256603.5296542667),np.float64(0.9728608380216036),25
2020-08-04,np.float64(260768.85010220218),np.float64(0.9732943380592199),25
2020-08-05,np.float64(261152.81630213495),np.float64(0.9733336027000432),25
2020-08-06,np.float64(263684.6648473456),np.float64(0.9734540950354494),25
2020-08-07,np.float64(259975.82314582358),np.float64(0.9729761158141069),25
2020-08-10,np.float64(257794.51540772145),np.float64(0.9727474553726889),25
2020-08-11,np.float64(251712.0885352654),np.float64(0.9720889188250461),25
2020-08-12,np.float64(261297.54672567424),np.float64(0.9729542615466157),25
2020-08-13,np.float64(261110.7244046817),np.float64(0.97281036445882),25
2020-08-14,np.float64(261590.9686694637),np.float64(0.9728602808095128),25
2020-08-17,np.float64(266465.93570618134),np.float64(0.9733567991959579),25
2020-08-18,np.float64(268793.8052037617),np.float64(0.9735875407281989),25
2020-08-19,np.float64(267301.03142841614),np.float64(0.9732262798272491),25
2020-08-20,np.float64(271657.2236164994),np.float64(0.9736556130476575),25
2020-08-21,np.float64(273820.7822565063),np.float64(0.9738637697315173),25
2020-08-24,np.float64(274600.1634973992),np.float64(0.9738071513789758),25
2020-08-25,np.float64(277543.00587807724),np.float64(0.9740848792386593),25
2020-08-26,np.float64(287551.1835754296),np.float64(0.9749868512994343),25
2020-08-27,np.float64(286652.2982666781),np.float64(0.9749084149777006),25
2020-08-28,np.float64(289034.6761807008),np.float64(0.9751152332002573),25
2020-08-31,np.float64(295935.62981823285),np.float64(0.9756955236575816),25
2020-09-01,np.float64(299128.86365342047),np.float64(0.9759356315472992),25
2020-09-02,np.float64(299628.40946496744),np.float64(0.9758139807476336),25
2020-09-03,np.float64(282640.40286306915),np.float64(0.9742206232363722),25
2020-09-04,np.float64(280305.7548193401),np.float64(0.9740059085168383),25
2020-09-08,np.float64(263248.3723451126),np.float64(0.9723216011969166),25
2020-09-09,np.float64(272408.4414607078),np.float64(0.9732523214223463),25
2020-09-10,np.float64(267771.8243424824),np.float64(0.9727891705861054),25
2020-09-11,np.float64(266252.7662061903),np.float64(0.972633924004425),25
2020-09-14,np.float64(273749.77263360634),np.float64(0.9732390920359065),25
2020-09-15,np.float64(279243.25843890326),np.float64(0.9737655529748721),25
2020-09-16,np.float64(274390.8468733758),np.float64(0.9733016149987679),25
2020-09-17,np.float64(270784.5502802803),np.float64(0.9729460470951656),25
2020-09-18,np.float64(268981.35933481005),np.float64(0.9727646834384502),25
2020-09-21,np.float64(271953.07516922534),np.float64(0.9728259393607364),25
2020-09-22,np.float64(273061.82894728443),np.float64(0.9729362782627906),25
2020-09-23,np.float64(262596.04466541455),np.float64(0.9718576516828396),25
2020-09-24,np.float64(264764.8388881994),np.float64(0.9720881768639856),25
2020-09-25,np.float64(270819.3017922968),np.float64(0.972712176322829),25
2020-09-28,np.float64(275938.92865487246),np.float64(0.9732184603611119),25
2020-09-29,np.float64(276737.0931646144),np.float64(0.9732957036182828),25
2020-09-30,np.float64(278854.5168032051),np.float64(0.9734984771256256),25
2020-10-01,np.float64(284410.8622722931),np.float64(0.9738516731523706),25
2020-10-02,np.float64(274821.88554489776),np.float64(0.972939316055682),25
2020-10-05,np.float64(281931.53291798744),np.float64(0.9734724467238361),25
2020-10-06,np.float64(277701.7925010807),np.float64(0.9730683994065924),25
2020-10-07,np.float64(283859.59497870546),np.float64(0.9735685436939197),25
2020-10-08,np.float64(284870.8447905874),np.float64(0.9736623714959081),25
2020-10-09,np.float64(286824.36940138636),np.float64(0.9738417537624157),25
2020-10-12,np.float64(292872.4866503525),np.float64(0.9743819483777642),25
2020-10-13,np.float64(293901.56025709136),np.float64(0.9744716480062978),25
2020-10-14,np.float64(292640.3213459041),np.float64(0.9743616243748143),25
2020-10-15,np.float64(290137.2811874388),np.float64(0.9741404398254693),25
2020-10-16,np.float64(288568.43682308565),np.float64(0.9739998505576647),25
2020-10-19,np.float64(284383.58851183055),np.float64(0.9736172452109374),25
2020-10-20,np.float64(284461.92162572657),np.float64(0.9736245103075238),25
2020-10-21,np.float64(282432.5611066265),np.float64(0.9734349947033594),25
2020-10-22,np.float64(282061.2088218007),np.float64(0.9734000201123671),25
2020-10-23,np.float64(282756.76272205886),np.float64(0.9734654534536585),25
2020-10-26,np.float64(278697.3029858462),np.float64(0.9730789555501284),25
2020-10-27,np.float64(279310.56232265907),np.float64(0.9731380638836205),25
2020-10-28,np.float64(268912.9449247643),np.float64(0.9720994372961838),25
2020-10-29,np.float64(273497.17401868594),np.float64(0.9725046487727815),25
2020-10-30,np.float64(265808.3108232986),np.float64(0.9717093087270154),25
2020-11-02,np.float64(267399.99981480354),np.float64(0.971877708060944),25
2020-11-03,np.float64(273438.73211510456),np.float64(0.9724987722071139),25
2020-11-04,np.float64(282437.4196489566),np.float64(0.9733749838507872),25
2020-11-05,np.float64(291099.34604678664),np.float64(0.9740444481925677),25
2020-11-06,np.float64(292275.340494846),np.float64(0.9740605805923653),25
2020-11-09,np.float64(285935.2772702604),np.float64(0.9734854240023024),25
2020-11-10,np.float64(279441.079330617),np.float64(0.9727209713428902),25
2020-11-11,np.float64(286396.6791949007),np.float64(0.9733834860360024),25
2020-11-12,np.float64(284425.13713059644),np.float64(0.9731989890628637),25
2020-11-13,np.float64(285871.72964619467),np.float64(0.973334609824945),25
2020-11-16,np.float64(288961.6828382857),np.float64(0.9736197507705557),25
2020-11-17,np.float64(291070.6997976675),np.float64(0.9738108946852688),25
2020-11-18,np.float64(292712.1593751111),np.float64(0.973751940020087),25
2020-11-19,np.float64(296667.09094416414),np.float64(0.9741018584445087),25
2020-11-20,np.float64(293431.5808578569),np.float64(0.9738162937552055),25
2020-11-23,np.float64(296553.5430648203),np.float64(0.973970825865721),25
2020-11-24,np.float64(301663.19649931265),np.float64(0.9744117151109309),25
2020-11-25,np.float64(303622.12261578976),np.float64(0.9745768070321428),25
2020-11-27,np.float64(306040.49218639743),np.float64(0.9747777042265693),25
2020-11-30,np.float64(306978.88640271017),np.float64(0.9747261352723704),25
2020-12-01,np.float64(311642.809717582),np.float64(0.9743215006993601),25
2020-12-02,np.float64(310524.77163342305),np.float64(0.9740729510270163),25
2020-12-03,np.float64(311435.0399412574),np.float64(0.9740033986119733),25
2020-12-04,np.float64(315013.8566208696),np.float64(0.9742987413999341),25
2020-12-07,np.float64(319245.1051773101),np.float64(0.9746393837828137),25
2020-12-08,np.float64(319928.8179919752),np.float64(0.9746935813959087),25
2020-12-09,np.float64(311088.68848941044),np.float64(0.9739744552239075),25
2020-12-10,np.float64(313362.3971686328),np.float64(0.9740595138719025),25
2020-12-11,np.float64(311250.7720907441),np.float64(0.9738835252930701),25
2020-12-14,np.float64(316259.3380651031),np.float64(0.9742971291644613),25
2020-12-15,np.float64(318222.2684896853),np.float64(0.9744556754139165),25
2020-12-16,np.float64(318600.0664957422),np.float64(0.9744859660381492),25
2020-12-17,np.float64(321860.33515492314),np.float64(0.9747444092080882),25
2020-12-18,np.float64(321179.3612208254),np.float64(0.9744691816535892),25
2020-12-21,np.float64(319195.8659311811),np.float64(0.9743105321742699),25
2020-12-22,np.float64(318484.3974976212),np.float64(0.9742531439769937),25
2020-12-23,np.float64(316597.5695578953),np.float64(0.97409970032494),25
2020-12-24,np.float64(318782.7903984007),np.float64(0.9742772440203024),25
2020-12-28,np.float64(320933.28942618094),np.float64(0.9744496062013185),25
2020-12-29,np.float64(320999.65431726654),np.float64(0.9744548886029624),25
2020-12-30,np.float64(323990.28400162846),np.float64(0.9746906856999948),25
2020-12-31,np.float64(326073.70602095395),np.float64(0.9748523975514352),25
2021-01-04,np.float64(324811.5241262642),np.float64(0.9746105967755977),25
2021-01-05,np.float64(327555.0022068814),np.float64(0.974694764921527),25
2021-01-06,np.float64(324174.05324479693),np.float64(0.97435721652983),25
2021-01-07,np.float64(335721.4765397242),np.float64(0.9752392216914961),25
2021-01-08,np.float64(341559.8037404418),np.float64(0.9756624609717813),25
2021-01-11,np.float64(335629.6188136529),np.float64(0.9752324449689911),25
2021-01-12,np.float64(337649.89998155506),np.float64(0.9753806381863054),25
2021-01-13,np.float64(338427.8354585509),np.float64(0.9754372300885344),25
2021-01-14,np.float64(336838.89991299546),np.float64(0.9753213626568936),25
2021-01-15,np.float64(331931.8865977528),np.float64(0.974956533585225),25
2021-01-19,np.float64(337350.48348533595),np.float64(0.9753587871933047),25
2021-01-20,np.float64(343569.7993668154),np.float64(0.9758048435301249),25
2021-01-21,np.float64(346286.5088953076),np.float64(0.9759946609513543),25
2021-01-22,np.float64(345167.84488936834),np.float64(0.9759168613847328),25
2021-01-25,np.float64(349101.59633696324),np.float64(0.9761882353411526),25
2021-01-26,np.float64(349695.94262112747),np.float64(0.9762287060247364),25
2021-01-27,np.float64(338716.5423200063),np.float64(0.9754581662972038),25
2021-01-28,np.float64(338104.45179820614),np.float64(0.9754137367615465),25
2021-01-29,np.float64(330399.1413964064),np.float64(0.974840355156885),25
2021-02-01,np.float64(339620.36929774244),np.float64(0.9755234791388028),25
2021-02-02,np.float64(346443.0561987298),np.float64(0.976005508249427),25
2021-02-03,np.float64(343517.8590589305),np.float64(0.9758011851937582),25
2021-02-04,np.float64(345224.6340370232),np.float64(0.9757623257941572),25
2021-02-05,np.float64(345557.7896261596),np.float64(0.9757110071259604),25
2021-02-08,np.float64(350688.51304043556),np.float64(0.976066365513287),25
2021-02-09,np.float64(349010.01022404444),np.float64(0.975832557765857),25
2021-02-10,np.float64(345990.46422897826),np.float64(0.9756216424055978),25
2021-02-11,np.float64(349071.10498479515),np.float64(0.9758367875748563),25
2021-02-12,np.float64(350911.0725603182),np.float64(0.9759634849944001),25
2021-02-16,np.float64(349619.9597816944),np.float64(0.9758747204636316),25
2021-02-17,np.float64(347266.26880717743),np.float64(0.9756109814047115),25
2021-02-18,np.float64(344903.2233990161),np.float64(0.9754438842177581),25
2021-02-19,np.float64(344602.24146894953),np.float64(0.9754224364549937),25
2021-02-22,np.float64(332792.36420565343),np.float64(0.9744423192996025),25
2021-02-23,np.float64(331233.1138256125),np.float64(0.9743220087941558),25
2021-02-24,np.float64(338989.75987017003),np.float64(0.9748345145704918),25
2021-02-25,np.float64(324179.8925952359),np.float64(0.9736848519676182),25
2021-02-26,np.float64(325078.33869338426),np.float64(0.973757581335459),25
2021-03-01,np.float64(334590.13961130404),np.float64(0.9745036064939762),25
2021-03-02,np.float64(327369.47506372863),np.float64(0.9739412421970479),25
2021-03-03,np.float64(317589.12016796),np.float64(0.9729861238687584),25
2021-03-04,np.float64(309550.70895949134),np.float64(0.972157104288428),25
2021-03-05,np.float64(312745.2280844694),np.float64(0.972441504032559),25
2021-03-08,np.float64(301373.5090489502),np.float64(0.9714016399974877),25
2021-03-09,np.float64(319390.3815226564),np.float64(0.9729967610737579),25
2021-03-10,np.float64(317756.80388552597),np.float64(0.9728579382800344),25
2021-03-11,np.float64(326454.16888669506),np.float64(0.973581054846344),25
2021-03-12,np.float64(323888.98133905197),np.float64(0.973246891033706),25
2021-03-15,np.float64(327606.1222877301),np.float64(0.9735504417614782),25
2021-03-16,np.float64(327472.93111283815),np.float64(0.9735396840853393),25
2021-03-17,np.float64(330512.98150755523),np.float64(0.9737830654299201),25
2021-03-18,np.float64(318273.7793002543),np.float64(0.9726708251514878),25
2021-03-19,np.float64(320604.40674872976),np.float64(0.9726474165958949),25
2021-03-22,np.float64(326048.02472265635),np.float64(0.9731040886299567),25
2021-03-23,np.float64(323659.2730181926),np.float64(0.9729055846491216),25
2021-03-24,np.float64(317270.48744798335),np.float64(0.9723599921131776),25
2021-03-25,np.float64(317477.74933350424),np.float64(0.972378036590822),25
2021-03-26,np.float64(322021.03947684704),np.float64(0.9727677458914955),25
2021-03-29,np.float64(321575.40172854),np.float64(0.9727300075559854),25
2021-03-30,np.float64(321313.21451903443),np.float64(0.9727077556133354),25
2021-03-31,np.float64(328335.8088044807),np.float64(0.9732914944390355),25
2021-04-01,np.float64(334491.6654740898),np.float64(0.9737830275594788),25
2021-04-05,np.float64(341314.3822129862),np.float64(0.9740428660245549),25
2021-04-06,np.float64(340310.2349999045),np.float64(0.9739662747820347),25
2021-04-07,np.float64(340688.50318948843),np.float64(0.9739017664925178),25
2021-04-08,np.float64(344226.83781598404),np.float64(0.9741700322788108),25
2021-04-09,np.float64(345227.27582460176),np.float64(0.9742448852330218),25
2021-04-12,np.float64(345437.35943778715),np.float64(0.9742605486446951),25
2021-04-13,np.float64(351952.1573282024),np.float64(0.9747369978435378),25
2021-04-14,np.float64(345613.1875454115),np.float64(0.9742736433968232),25
2021-04-15,np.float64(351898.627839547),np.float64(0.9747331549311752),25
2021-04-16,np.float64(351794.28077332827),np.float64(0.97472566043425),25
2021-04-19,np.float64(346774.01618050964),np.float64(0.9743597625696224),25
2021-04-20,np.float64(344617.26329166524),np.float64(0.9741992956921931),25
2021-04-21,np.float64(348409.8972284994),np.float64(0.9744801505919259),25
2021-04-22,np.float64(341427.08349508554),np.float64(0.9739582225916713),25
2021-04-23,np.float64(346436.01964853395),np.float64(0.9743347469510406),25
2021-04-26,np.float64(349533.5908064173),np.float64(0.974562192752232),25
2021-04-27,np.float64(346538.3045197398),np.float64(0.9743423223534373),25
2021-04-28,np.float64(344250.87615659146),np.float64(0.9741718359330787),25
2021-04-29,np.float64(345375.01442726975),np.float64(0.9742000958196579),25
2021-04-30,np.float64(344153.6923657849),np.float64(0.9741085379114948),25
2021-05-03,np.float64(340152.91884142946),np.float64(0.9738040105348568),25
2021-05-04,np.float64(335127.8127161669),np.float64(0.9734112122587253),25
2021-05-05,np.float64(334548.10436453583),np.float64(0.9733651389373934),25
2021-05-06,np.float64(336275.10335303826),np.float64(0.973291499969924),25
2021-05-07,np.float64(339056.4154956367),np.float64(0.9734289041469633),25
2021-05-10,np.float64(328023.2419650726),np.float64(0.9725351762827804),25
2021-05-11,np.float64(326840.2506720704),np.float64(0.9724357679410768),25
2021-05-12,np.float64(317253.35488595587),np.float64(0.9714722352096052),25
2021-05-13,np.float64(318047.4274700431),np.float64(0.9715434608003467),25
2021-05-14,np.float64(325389.67715356423),np.float64(0.972185567881802),25
2021-05-17,np.float64(323779.8665400862),np.float64(0.9720472764910796),25
2021-05-18,np.float64(321769.9794493527),np.float64(0.9718726740678593),25
2021-05-19,np.float64(322489.779823044),np.float64(0.9718275310356721),25
2021-05-20,np.float64(329260.82955596707),np.float64(0.9724068808135183),25
2021-05-21,np.float64(327591.9158069301),np.float64(0.972266307942922),25
2021-05-24,np.float64(334430.49841559597),np.float64(0.9727207029654106),25
2021-05-25,np.float64(334949.36116414843),np.float64(0.9727629607293566),25
2021-05-26,np.float64(336731.2743126666),np.float64(0.9728246727054987),25
2021-05-27,np.float64(337196.42232522677),np.float64(0.9728621599047831),25
2021-05-28,np.float64(338993.2716712033),np.float64(0.9730060052678073),25
2021-06-01,np.float64(338526.72814950446),np.float64(0.9729688032618212),25
2021-06-02,np.float64(338825.8540311604),np.float64(0.9728430079735227),25
2021-06-03,np.float64(333771.41666754737),np.float64(0.9723074165723514),25
2021-06-04,np.float64(340811.78379691904),np.float64(0.9728794799908146),25
2021-06-07,np.float64(341205.08563631825),np.float64(0.9729107413959169),25
2021-06-08,np.float64(339768.2748444597),np.float64(0.9727961864418866),25
2021-06-09,np.float64(338419.7662853339),np.float64(0.9726706877102732),25
2021-06-10,np.float64(342309.0101806998),np.float64(0.9729811976817497),25
2021-06-11,np.float64(343212.32424535346),np.float64(0.9730523095341514),25
2021-06-14,np.float64(346932.3481110969),np.float64(0.973224630230793),25
2021-06-15,np.float64(343491.7626662548),np.float64(0.9729564347235904),25
2021-06-16,np.float64(342009.87476935325),np.float64(0.9728392581885584),25
2021-06-17,np.float64(347552.6090028764),np.float64(0.9732724149813619),25
2021-06-18,np.float64(345020.78529404727),np.float64(0.9730762832225976),25
2021-06-21,np.float64(345664.4758152522),np.float64(0.9729204428814328),25
2021-06-22,np.float64(348911.3009613892),np.float64(0.9731724341088781),25
2021-06-23,np.float64(351997.9237095259),np.float64(0.9734076814486465),25
2021-06-24,np.float64(356274.7350523833),np.float64(0.9737269023150843),25
2021-06-25,np.float64(355201.3483196028),np.float64(0.9736475073617221),25
2021-06-28,np.float64(361426.9132640848),np.float64(0.9741014280531475),25
2021-06-29,np.float64(362289.049896093),np.float64(0.9741630586975142),25
2021-06-30,np.float64(363903.9043898997),np.float64(0.9742777123197073),25
2021-07-01,np.float64(362858.63382476824),np.float64(0.9742036152811536),25
2021-07-02,np.float64(366520.07750243635),np.float64(0.9742152589494462),25
2021-07-06,np.float64(366421.66131478373),np.float64(0.9742083334966639),25
2021-07-07,np.float64(363587.56137405086),np.float64(0.9740072920742558),25
2021-07-08,np.float64(361764.31201592606),np.float64(0.9738762918996465),25
2021-07-09,np.float64(364987.501900845),np.float64(0.9741069893105636),25
2021-07-12,np.float64(368235.78368190693),np.float64(0.9743353967565711),25
2021-07-13,np.float64(366515.78368860297),np.float64(0.9742149568754762),25
2021-07-14,np.float64(365604.87333997875),np.float64(0.9740636656062389),25
2021-07-15,np.float64(361105.44031766534),np.float64(0.9737404946250807),25
2021-07-16,np.float64(356632.76572319923),np.float64(0.9734111636329732),25
2021-07-19,np.float64(355936.73780254007),np.float64(0.9733591696393115),25
2021-07-20,np.float64(359618.4825035033),np.float64(0.9736319162882792),25
2021-07-21,np.float64(363185.2754233116),np.float64(0.973890873632247),25
2021-07-22,np.float64(364969.4743540955),np.float64(0.9740185113625847),25
2021-07-23,np.float64(366904.70710732974),np.float64(0.9741555502907177),25
2021-07-26,np.float64(368009.8191502666),np.float64(0.9742331596672357),25
2021-07-27,np.float64(364048.8642501489),np.float64(0.9739528091360322),25
2021-07-28,np.float64(367975.9611253637),np.float64(0.9742307888212736),25
2021-07-29,np.float64(373248.70775739674),np.float64(0.9745431820059662),25
2021-07-30,np.float64(373717.30843507976),np.float64(0.974575102074677),25
2021-08-02,np.float64(376491.8813104404),np.float64(0.9747624719374663),25
2021-08-03,np.float64(379933.6866653961),np.float64(0.9749910977800281),25
2021-08-04,np.float64(383315.2865399372),np.float64(0.9752117258206493),25
2021-08-05,np.float64(383344.81515333446),np.float64(0.9751154500625357),25
2021-08-06,np.float64(380640.88793469087),np.float64(0.9748659158621555),25
2021-08-09,np.float64(380304.03843337146),np.float64(0.9748436536644076),25
2021-08-10,np.float64(377196.79363367317),np.float64(0.9746364225117309),25
2021-08-11,np.float64(376806.4669224584),np.float64(0.9746101488602553),25
2021-08-12,np.float64(377880.8324896188),np.float64(0.9744850481962577),25
2021-08-13,np.float64(380528.82476977457),np.float64(0.9746625995169643),25
2021-08-16,np.float64(377552.90769372263),np.float64(0.9744628871025618),25
2021-08-17,np.float64(373188.8372428181),np.float64(0.9741642560914616),25
2021-08-18,np.float64(370419.3500989386),np.float64(0.9738771328976913),25
2021-08-19,np.float64(372558.6163870308),np.float64(0.9740271328345662),25
2021-08-20,np.float64(376727.9562086742),np.float64(0.9743145808658854),25
2021-08-23,np.float64(384793.6991981239),np.float64(0.9747550153099475),25
2021-08-24,np.float64(384373.87265502947),np.float64(0.9747274418576218),25
2021-08-25,np.float64(385866.60268885945),np.float64(0.9747532834838857),25
2021-08-26,np.float64(383725.8912334566),np.float64(0.9746124383220343),25
2021-08-27,np.float64(389421.33874615567),np.float64(0.9749837418707248),25
2021-08-30,np.float64(392963.28245115175),np.float64(0.975209223949994),25
2021-08-31,np.float64(392591.1536358132),np.float64(0.9751709855995334),25
2021-09-01,np.float64(393006.7243141275),np.float64(0.9750682132709897),25
2021-09-02,np.float64(392475.02491596196),np.float64(0.9749286935612893),25
2021-09-03,np.float64(394199.0810130798),np.float64(0.9750383446000925),25
2021-09-07,np.float64(395249.55047032575),np.float64(0.9751046861217177),25
2021-09-08,np.float64(392950.6041592329),np.float64(0.9749590367973544),25
2021-09-09,np.float64(391784.71006586845),np.float64(0.97488451854705),25
2021-09-10,np.float64(389355.5351336193),np.float64(0.9747278239775585),25
2021-09-13,np.float64(389125.5926743284),np.float64(0.9747128901196587),25
2021-09-14,np.float64(388576.346650575),np.float64(0.9745730172921739),25
2021-09-15,np.float64(391588.21511545026),np.float64(0.9747685868328764),25
2021-09-16,np.float64(392473.95674640546),np.float64(0.9748255294979011),25
2021-09-17,np.float64(388357.7996992245),np.float64(0.9745587083493455),25
2021-09-20,np.float64(379142.6110339422),np.float64(0.9739403491999746),25
2021-09-21,np.float64(380615.9808053117),np.float64(0.9738541638818641),25
2021-09-22,np.float64(384824.3397096924),np.float64(0.9741400893051968),25
2021-09-23,np.float64(389298.40850341384),np.float64(0.9744372881041665),25
2021-09-24,np.float64(391319.10349444585),np.float64(0.9745692889275964),25
2021-09-27,np.float64(391492.356970611),np.float64(0.9745805431935257),25
2021-09-28,np.float64(379795.60737988824),np.float64(0.973797687849177),25
2021-09-29,np.float64(378986.0291637547),np.float64(0.973741715281596),25
2021-09-30,np.float64(378378.3448729415),np.float64(0.9736563246208255),25
2021-10-01,np.float64(380170.5941650264),np.float64(0.973780517376062),25
2021-10-04,np.float64(373832.83557606634),np.float64(0.9732073426082601),25
2021-10-05,np.float64(379024.24174111),np.float64(0.9734509413222839),25
2021-10-06,np.float64(381449.74554503534),np.float64(0.9736197573814517),25
2021-10-07,np.float64(385402.3578077156),np.float64(0.973890308062718),25
2021-10-08,np.float64(383606.0497168617),np.float64(0.9736850818582828),25
2021-10-11,np.float64(382711.3322285166),np.float64(0.9736235618156736),25
2021-10-12,np.float64(382646.38041148765),np.float64(0.9736190845811444),25
2021-10-13,np.float64(386379.99139178346),np.float64(0.973874004809087),25
2021-10-14,np.float64(393331.7810591744),np.float64(0.974335758555325),25
2021-10-15,np.float64(396614.36253102915),np.float64(0.974548168824378),25
2021-10-18,np.float64(403036.1780271369),np.float64(0.9749537080110783),25
2021-10-19,np.float64(405077.74191637087),np.float64(0.9750799395957659),25
2021-10-20,np.float64(404456.0053569921),np.float64(0.9750416320606817),25
2021-10-21,np.float64(410098.4256262111),np.float64(0.9753850267004743),25
2021-10-22,np.float64(410418.24331063277),np.float64(0.9754042078745353),25
2021-10-25,np.float64(422027.1461771665),np.float64(0.9760807761102434),25
2021-10-26,np.float64(423816.6221972232),np.float64(0.9761817699725114),25
2021-10-27,np.float64(425202.29595449095),np.float64(0.9762593901937747),25
2021-10-28,np.float64(431277.7842009475),np.float64(0.9765491376175123),25
2021-10-29,np.float64(435965.6754845184),np.float64(0.9768013021789377),25
2021-11-01,np.float64(445061.91406553716),np.float64(0.9772754404583104),25
2021-11-02,np.float64(445321.66563124856),np.float64(0.9772886954611019),25
2021-11-03,np.float64(452472.3059286858),np.float64(0.9776476132717951),25
2021-11-04,np.float64(464803.0430623039),np.float64(0.9781596207393533),25
2021-11-05,np.float64(464197.41718209366),np.float64(0.9780714599588269),25
2021-11-08,np.float64(466383.6530076715),np.float64(0.9781742529266582),25
2021-11-09,np.float64(455899.2832542407),np.float64(0.9776723236390569),25
2021-11-10,np.float64(449271.449912499),np.float64(0.9772496640648274),25
2021-11-11,np.float64(453885.1379142564),np.float64(0.977480918501627),25
2021-11-12,np.float64(456057.6383572753),np.float64(0.9775881915969923),25
2021-11-15,np.float64(453891.4095489035),np.float64(0.9774812296585441),25
2021-11-16,np.float64(461653.5975337607),np.float64(0.977859857550782),25
2021-11-17,np.float64(462509.42004780535),np.float64(0.977817511995762),25
2021-11-18,np.float64(469242.3954536788),np.float64(0.9781357998308353),25
2021-11-19,np.float64(474844.82324348734),np.float64(0.9783937632678019),25
2021-11-22,np.float64(471539.5651301757),np.float64(0.9781623727596601),25
2021-11-23,np.float64(466408.17664767226),np.float64(0.9779221167896389),25
2021-11-24,np.float64(471918.7415962119),np.float64(0.9781211085122455),25
2021-11-26,np.float64(461125.08169115713),np.float64(0.9776089843116874),25
2021-11-29,np.float64(476804.8132990459),np.float64(0.9783453131125474),25
2021-11-30,np.float64(469650.481000992),np.float64(0.9779292861702724),25
2021-12-01,np.float64(456668.03297915275),np.float64(0.9771781344082221),25
2021-12-02,np.float64(457845.709793868),np.float64(0.977146191325098),25
2021-12-03,np.float64(444178.70709496),np.float64(0.9764429989841525),25
2021-12-06,np.float64(444085.2739953648),np.float64(0.9764380427206802),25
2021-12-07,np.float64(460673.37990822556),np.float64(0.9772864708259498),25
2021-12-08,np.float64(461466.494397491),np.float64(0.9773255081760261),25
2021-12-09,np.float64(449081.0147126599),np.float64(0.9766263982136547),25
2021-12-10,np.float64(455796.96472154843),np.float64(0.9769707970431218),25
2021-12-13,np.float64(444877.4631841112),np.float64(0.9764055460742511),25
2021-12-14,np.float64(441135.5683079057),np.float64(0.9762054081289245),25
2021-12-15,np.float64(455948.93047455896),np.float64(0.976978472574162),25
2021-12-16,np.float64(438174.9079349776),np.float64(0.9760446328221533),25
2021-12-17,np.float64(435066.3730545452),np.float64(0.9758734725140764),25
2021-12-20,np.float64(429520.9369701763),np.float64(0.9755619810253152),25
2021-12-21,np.float64(442901.8469249967),np.float64(0.9761172172936032),25
2021-12-22,np.float64(450787.97501189593),np.float64(0.9765350249857655),25
2021-12-23,np.float64(458619.60197885707),np.float64(0.9769357251091523),25
2021-12-27,np.float64(469581.67301444255),np.float64(0.9774741452270302),25
2021-12-28,np.float64(466404.1583004221),np.float64(0.9773206812543936),25
2021-12-29,np.float64(464717.8113070821),np.float64(0.977238383567395),25
2021-12-30,np.float64(460195.68403869844),np.float64(0.9770147158323154),25
2021-12-31,np.float64(457067.8355767347),np.float64(0.9768216422694311),25
2022-01-03,np.float64(473843.6666097308),np.float64(0.977642242480662),25
2022-01-04,np.float64(464884.05379669997),np.float64(0.9771078820390806),25
2022-01-05,np.float64(446769.25081727095),np.float64(0.9760750268130569),25
2022-01-06,np.float64(445600.71418634016),np.float64(0.9759408659637475),25
2022-01-07,np.float64(437493.49058100436),np.float64(0.9754950244059141),25
2022-01-10,np.float64(440445.8545538964),np.float64(0.9756592843401434),25
2022-01-11,np.float64(446029.7775742802),np.float64(0.975964009919778),25
2022-01-12,np.float64(451178.04883063416),np.float64(0.9762382781320033),25
2022-01-13,np.float64(436626.193263725),np.float64(0.9754463486738562),25
2022-01-14,np.float64(442432.9852891379),np.float64(0.9757686075276399),25
2022-01-18,np.float64(429757.9836686042),np.float64(0.9750539426452494),25
2022-01-19,np.float64(421345.11488128564),np.float64(0.9745558523627844),25
2022-01-20,np.float64(413219.0022428568),np.float64(0.9740554832883552),25
2022-01-21,np.float64(398995.12383046426),np.float64(0.9731305806288141),25
2022-01-24,np.float64(399296.1996437695),np.float64(0.9731508406069893),25
2022-01-25,np.float64(389376.5160079194),np.float64(0.9724668364205074),25
2022-01-26,np.float64(392271.4804487296),np.float64(0.972670031231954),25
2022-01-27,np.float64(377935.99382414273),np.float64(0.9716333784438445),25
2022-01-28,np.float64(387822.21217995364),np.float64(0.9723564897198709),25
2022-01-31,np.float64(407935.5011791469),np.float64(0.9737194549670957),25
2022-02-01,np.float64(410405.92620053765),np.float64(0.9738776498465559),25
2022-02-02,np.float64(414327.53458846494),np.float64(0.974124897781878),25
2022-02-03,np.float64(400532.1777980958),np.float64(0.9731855714133738),25
2022-02-04,np.float64(407416.11767556064),np.float64(0.973473625192913),25
2022-02-07,np.float64(404492.9266563346),np.float64(0.9732819242866706),25
2022-02-08,np.float64(410586.61052986747),np.float64(0.973678458179717),25
2022-02-09,np.float64(419889.7894889307),np.float64(0.9741618451474611),25
2022-02-10,np.float64(408584.17672458757),np.float64(0.9734468978001369),25
2022-02-11,np.float64(390955.2955767764),np.float64(0.9722495704123687),25
2022-02-14,np.float64(392917.3051050395),np.float64(0.9723881405556455),25
2022-02-15,np.float64(408160.9358491807),np.float64(0.9734193636653563),25
2022-02-16,np.float64(406361.5250371631),np.float64(0.9732068368153571),25
2022-02-17,np.float64(392440.76389122463),np.float64(0.9722564227418055),25
2022-02-18,np.float64(387758.5166725709),np.float64(0.971824200442169),25
2022-02-22,np.float64(382598.85376708896),np.float64(0.9713716865045484),25
2022-02-23,np.float64(369506.4492152067),np.float64(0.9703573240686109),25
2022-02-24,np.float64(383778.7085045787),np.float64(0.9714596988162151),25
2022-02-25,np.float64(390615.6488972675),np.float64(0.971959239319863),25
2022-02-28,np.float64(396086.5462951787),np.float64(0.9723465489270066),25
2022-03-01,np.float64(387079.6100779996),np.float64(0.9717030821477848),25
2022-03-02,np.float64(395623.8931801368),np.float64(0.9721714102181975),25
2022-03-03,np.float64(386250.92971685005),np.float64(0.9713886596342101),25
2022-03-04,np.float64(380351.1029693969),np.float64(0.9709448540297232),25
2022-03-07,np.float64(365527.5443190572),np.float64(0.9697665552473785),25
2022-03-08,np.float64(367030.33476379333),np.float64(0.9698903448298253),25
2022-03-09,np.float64(380791.23038000346),np.float64(0.9709784366470222),25
2022-03-10,np.float64(374679.40389898926),np.float64(0.9705050325645577),25
2022-03-11,np.float64(365545.28012539685),np.float64(0.9697680221368454),25
2022-03-14,np.float64(357206.1230325842),np.float64(0.9689435726001289),25
2022-03-15,np.float64(371247.38527710206),np.float64(0.9701181840823726),25
2022-03-16,np.float64(385513.99094432296),np.float64(0.9712240118715872),25
2022-03-17,np.float64(389685.8455569649),np.float64(0.9714455350757242),25
2022-03-18,np.float64(398823.7471730896),np.float64(0.972099778693434),25
2022-03-21,np.float64(400595.6114770032),np.float64(0.9720207654552488),25
2022-03-22,np.float64(409222.67709549353),np.float64(0.9726106122694231),25
2022-03-23,np.float64(402976.567528112),np.float64(0.9721860786103121),25
2022-03-24,np.float64(415099.7753331716),np.float64(0.9729983988497297),25
2022-03-25,np.float64(413999.45872638235),np.float64(0.9729266347217114),25
2022-03-28,np.float64(424328.7591387305),np.float64(0.97358567306665),25
2022-03-29,np.float64(430641.67161939375),np.float64(0.9739728890402897),25
2022-03-30,np.float64(424176.10705146403),np.float64(0.9735761671042136),25
2022-03-31,np.float64(415235.85344950575),np.float64(0.9730072476208366),25
2022-04-01,np.float64(413647.52692378394),np.float64(0.9729036006706784),25
2022-04-04,np.float64(424751.37317732093),np.float64(0.973611954477581),25
2022-04-05,np.float64(411777.7281433913),np.float64(0.9725470361498112),25
2022-04-06,np.float64(400644.4497118662),np.float64(0.9717841615098791),25
2022-04-07,np.float64(402388.51443144673),np.float64(0.971827366733476),25
2022-04-08,np.float64(394596.722174832),np.float64(0.9712296209280943),25
2022-04-11,np.float64(382853.7932338537),np.float64(0.9703471730510791),25
2022-04-12,np.float64(381433.4857777029),np.float64(0.970236757650277),25
2022-04-13,np.float64(389317.07645618584),np.float64(0.9708394571827135),25
2022-04-14,np.float64(378564.4587172937),np.float64(0.970011190918534),25
2022-04-18,np.float64(381768.48560473253),np.float64(0.9702628747380277),25
2022-04-19,np.float64(389877.54122256686),np.float64(0.9708813766448257),25
2022-04-20,np.float64(379629.30849409313),np.float64(0.9700953087038114),25
2022-04-21,np.float64(374372.7235919863),np.float64(0.9696754155362177),25
2022-04-22,np.float64(367042.9605926111),np.float64(0.9690698406007519),25
2022-04-25,np.float64(370192.6792665175),np.float64(0.9693330043695215),25
2022-04-26,np.float64(349950.1614832668),np.float64(0.967559102617976),25
2022-04-27,np.float64(349468.78309505666),np.float64(0.9675144166613204),25
2022-04-28,np.float64(361313.08881937835),np.float64(0.9685185631423782),25
2022-04-29,np.float64(347684.2646291689),np.float64(0.9672845269439171),25
2022-05-02,np.float64(356551.2696029007),np.float64(0.9680981217535201),25
2022-05-03,np.float64(358135.027680447),np.float64(0.9682391994294152),25
2022-05-04,np.float64(372713.6914038583),np.float64(0.9694815203899381),25
2022-05-05,np.float64(352501.0529253009),np.float64(0.967523744589745),25
2022-05-06,np.float64(350170.4601491537),np.float64(0.9672249050352485),25
2022-05-09,np.float64(332157.8557364457),np.float64(0.965447542826307),25
2022-05-10,np.float64(337565.5809938427),np.float64(0.9660010654775595),25
2022-05-11,np.float64(325211.15994918323),np.float64(0.9647094826418854),25
2022-05-12,np.float64(324031.67262398946),np.float64(0.9644517008048454),25
2022-05-13,np.float64(338670.14334236976),np.float64(0.9659882187031191),25
2022-05-16,np.float64(332646.19723698555),np.float64(0.9653722936176009),25
2022-05-17,np.float64(343760.7415818159),np.float64(0.9664918838778963),25
2022-05-18,np.float64(324448.5306077027),np.float64(0.9643786086009916),25
2022-05-19,np.float64(321622.2682161255),np.float64(0.9640655848809455),25
2022-05-20,np.float64(316435.88401655975),np.float64(0.96347661981027),25
2022-05-23,np.float64(321888.46964399534),np.float64(0.9639704614700841),25
2022-05-24,np.float64(312687.48101484036),np.float64(0.9629102739203571),25
2022-05-25,np.float64(318961.50848016195),np.float64(0.9635455714766809),25
2022-05-26,np.float64(331498.6636177726),np.float64(0.9649242642920968),25
2022-05-27,np.float64(344197.57710078405),np.float64(0.9662183574605017),25
2022-05-31,np.float64(342927.71993920626),np.float64(0.9660932644504754),25
2022-06-01,np.float64(340215.7872976584),np.float64(0.9656585956312744),25
2022-06-02,np.float64(353284.22744518076),np.float64(0.9668032584755432),25
2022-06-03,np.float64(340155.5151294804),np.float64(0.9655219902029198),25
2022-06-06,np.float64(341293.2388801719),np.float64(0.9656369249456984),25
2022-06-07,np.float64(343122.8120912507),np.float64(0.9658201531058619),25
2022-06-08,np.float64(340031.65607704327),np.float64(0.9654924132813559),25
2022-06-09,np.float64(332559.22607139143),np.float64(0.9647170460498852),25
2022-06-10,np.float64(320490.3049138494),np.float64(0.9633883718812747),25
2022-06-13,np.float64(303761.12273319444),np.float64(0.9613720421047136),25
2022-06-14,np.float64(305632.10300649266),np.float64(0.961469816313989),25
2022-06-15,np.float64(313609.6655961752),np.float64(0.9624499422018911),25
2022-06-16,np.float64(298073.31783217035),np.float64(0.9604927366366536),25
2022-06-17,np.float64(299589.595747902),np.float64(0.9606926901457176),25
2022-06-21,np.float64(310526.56337190163),np.float64(0.961815991833036),25
2022-06-22,np.float64(309270.36585916084),np.float64(0.9616608956408982),25
2022-06-23,np.float64(310771.03652603924),np.float64(0.9618460299119334),25
2022-06-24,np.float64(322670.8356915384),np.float64(0.9632531127071337),25
2022-06-27,np.float64(320653.62332829856),np.float64(0.9630219402831693),25
2022-06-28,np.float64(309623.49556494306),np.float64(0.9617046218982276),25
2022-06-29,np.float64(306709.127504523),np.float64(0.9613407369766748),25
2022-06-30,np.float64(302577.9018805182),np.float64(0.960812905509094),25
2022-07-01,np.float64(301789.4979966112),np.float64(0.9607105319748896),25
2022-07-05,np.float64(307186.03909229115),np.float64(0.9610877194123363),25
2022-07-06,np.float64(308616.27236266976),np.float64(0.9612680522181755),25
2022-07-07,np.float64(318100.1729139812),np.float64(0.9624228140579961),25
2022-07-08,np.float64(319849.3156293414),np.float64(0.9625695132833316),25
2022-07-11,np.float64(310698.3499561791),np.float64(0.961364646692209),25
2022-07-12,np.float64(308011.08489954425),np.float64(0.9610275697492521),25
2022-07-13,np.float64(309183.8003312538),np.float64(0.9611753898171771),25
2022-07-14,np.float64(311506.0705846897),np.float64(0.9614648263509807),25
2022-07-15,np.float64(317525.70853492134),np.float64(0.9621953744215187),25
2022-07-18,np.float64(316250.7265388178),np.float64(0.9620429630183592),25
2022-07-19,np.float64(326053.66428524896),np.float64(0.9631841569729975),25
2022-07-20,np.float64(332514.3215212511),np.float64(0.9638994781704838),25
2022-07-21,np.float64(341661.4502010483),np.float64(0.9648659791274636),25
2022-07-22,np.float64(336438.2062824876),np.float64(0.9643205191962483),25
2022-07-25,np.float64(333658.8091206445),np.float64(0.9640233070592652),25
2022-07-26,np.float64(325549.8786621975),np.float64(0.9631271847741636),25
2022-07-27,np.float64(340120.20409887185),np.float64(0.9647067702005283),25
2022-07-28,np.float64(344304.87525751855),np.float64(0.9650719484360823),25
2022-07-29,np.float64(352272.6093208203),np.float64(0.9658619542975858),25
2022-08-01,np.float64(353655.95471176633),np.float64(0.9659954872059087),25
2022-08-02,np.float64(353960.9637754545),np.float64(0.9660247889811606),25
2022-08-03,np.float64(360423.5033314158),np.float64(0.9666339782906865),25
2022-08-04,np.float64(363803.6823505266),np.float64(0.9668353200474981),25
2022-08-05,np.float64(356960.28794645605),np.float64(0.9661183919972509),25
2022-08-08,np.float64(354062.6678873821),np.float64(0.9658411076747657),25
2022-08-09,np.float64(346843.8294794059),np.float64(0.9651301608366414),25
2022-08-10,np.float64(357794.5929261802),np.float64(0.9661973970879835),25
2022-08-11,np.float64(354637.8886315045),np.float64(0.9656832547156493),25
2022-08-12,np.float64(364383.0764778197),np.float64(0.9666010336978752),25
2022-08-15,np.float64(367928.62164607825),np.float64(0.9669228829279447),25
2022-08-16,np.float64(366673.1526826922),np.float64(0.966809628675272),25
2022-08-17,np.float64(362499.5297302522),np.float64(0.966321193983622),25
2022-08-18,np.float64(365419.95119518315),np.float64(0.9665903536386484),25
2022-08-19,np.float64(356779.38445123186),np.float64(0.9657812309935128),25
2022-08-22,np.float64(346880.92394707096),np.float64(0.9646889309299516),25
2022-08-23,np.float64(348144.11586224934),np.float64(0.9648170521732335),25
2022-08-24,np.float64(348874.6199757007),np.float64(0.964804539927156),25
2022-08-25,np.float64(354627.2549737816),np.float64(0.965375467943965),25
2022-08-26,np.float64(339253.0721876757),np.float64(0.9638063623754284),25
2022-08-29,np.float64(335028.642768049),np.float64(0.9633499910445437),25
2022-08-30,np.float64(330134.06771783927),np.float64(0.9628066171944487),25
2022-08-31,np.float64(327206.88378416625),np.float64(0.9623029594403252),25
2022-09-01,np.float64(325469.9147051668),np.float64(0.9619653680138694),25
2022-09-02,np.float64(320610.95271714206),np.float64(0.9613889409470994),25
2022-09-06,np.float64(319092.3118072996),np.float64(0.9612051811644897),25
2022-09-07,np.float64(325301.8201694123),np.float64(0.9619279255864104),25
2022-09-08,np.float64(328978.5913020756),np.float64(0.9623534314030973),25
2022-09-09,np.float64(337072.1921301007),np.float64(0.9632573810788112),25
2022-09-12,np.float64(340358.87613695906),np.float64(0.9636121870981194),25
2022-09-13,np.float64(321685.48156492953),np.float64(0.9614999251936515),25
2022-09-14,np.float64(325174.29898547305),np.float64(0.9619129951444308),25
2022-09-15,np.float64(320028.2909245069),np.float64(0.9611681071117653),25
2022-09-16,np.float64(319258.3386746478),np.float64(0.9610744566109837),25
2022-09-19,np.float64(322047.7648358572),np.float64(0.9614116113467849),25
2022-09-20,np.float64(319086.9873588398),np.float64(0.9610535533985604),25
2022-09-21,np.float64(314194.6564054762),np.float64(0.9601890362485579),25
2022-09-22,np.float64(307759.40867923095),np.float64(0.9593565891917463),25
2022-09-23,np.float64(300677.71527086536),np.float64(0.9583993377567505),25
2022-09-26,np.float64(298753.1915928268),np.float64(0.9581313524706941),25
2022-09-27,np.float64(301104.60899512353),np.float64(0.9584583174638226),25
2022-09-28,np.float64(306046.3291957867),np.float64(0.9591290896710829),25
2022-09-29,np.float64(294929.9859361914),np.float64(0.9575886051825145),25
2022-09-30,np.float64(290863.42505358823),np.float64(0.9569956515682551),25
2022-10-03,np.float64(291971.3742969044),np.float64(0.9571588409748158),25
2022-10-04,np.float64(300746.2957268566),np.float64(0.9582445701891825),25
2022-10-05,np.float64(299040.275271403),np.float64(0.9578499833190165),25
2022-10-06,np.float64(297209.1925943184),np.float64(0.957590300350567),25
2022-10-07,np.float64(282219.96160838776),np.float64(0.9552712050088109),25
2022-10-10,np.float64(278867.86662397155),np.float64(0.9547335483359067),25
2022-10-11,np.float64(275538.8411100906),np.float64(0.9540711439558838),25
2022-10-12,np.float64(275925.69750621833),np.float64(0.9541355376382703),25
2022-10-13,np.float64(282685.6454105558),np.float64(0.9552323084904848),25
2022-10-14,np.float64(271986.62291821296),np.float64(0.9534713007863133),25
2022-10-17,np.float64(281896.1142363019),np.float64(0.9551069236899816),25
2022-10-18,np.float64(283479.3827013972),np.float64(0.9553576572401448),25
2022-10-19,np.float64(284799.2240113681),np.float64(0.9555645426639126),25
2022-10-20,np.float64(281875.2412212004),np.float64(0.9551035993332353),25
2022-10-21,np.float64(289763.63160390756),np.float64(0.9563258380706418),25
2022-10-24,np.float64(291811.1564478373),np.float64(0.9566322825968783),25
2022-10-25,np.float64(299141.198776519),np.float64(0.95769494867418),25
2022-10-26,np.float64(295533.69272516493),np.float64(0.9571785414677683),25
2022-10-27,np.float64(291804.17732935515),np.float64(0.9565559965661574),25
2022-10-28,np.float64(299894.053942542),np.float64(0.957727932530683),25
2022-10-31,np.float64(296350.9844045935),np.float64(0.9572225423601136),25
2022-11-01,np.float64(294626.30802236835),np.float64(0.9569721327093993),25
2022-11-02,np.float64(284822.00630504667),np.float64(0.9554910034994669),25
2022-11-03,np.float64(282083.5209663152),np.float64(0.9550589072396755),25
2022-11-04,np.float64(284764.1517310164),np.float64(0.9552414455384368),25
2022-11-07,np.float64(285667.14368647244),np.float64(0.955382927033631),25
2022-11-08,np.float64(286347.8950737335),np.float64(0.9554889977777851),25
2022-11-09,np.float64(276604.76931972377),np.float64(0.9539211423385797),25
2022-11-10,np.float64(298218.13284278946),np.float64(0.9572607082189982),25
2022-11-11,np.float64(305206.2190399126),np.float64(0.9582392788913427),25
2022-11-14,np.float64(302899.8315653302),np.float64(0.9577782362532331),25
2022-11-15,np.float64(308875.3745902231),np.float64(0.9585950639663209),25
2022-11-16,np.float64(301384.04723102774),np.float64(0.9574256583257181),25
2022-11-17,np.float64(300360.8890341626),np.float64(0.9572806318317554),25
2022-11-18,np.float64(299200.0959541636),np.float64(0.9571148954311921),25
2022-11-21,np.float64(294089.17420598475),np.float64(0.956232961112876),25
2022-11-22,np.float64(299891.0014454887),np.float64(0.9570796980845885),25
2022-11-23,np.float64(305719.73213618965),np.float64(0.9577996528820247),25
2022-11-25,np.float64(303529.2914200039),np.float64(0.9574951110760859),25
2022-11-28,np.float64(299173.32375272445),np.float64(0.9568762393146218),25
2022-11-29,np.float64(297312.8905570387),np.float64(0.9566063927036944),25
2022-11-30,np.float64(312386.15337451786),np.float64(0.9583669667361364),25
2022-12-01,np.float64(310898.3845408544),np.float64(0.9580249334751733),25
2022-12-02,np.float64(308505.5362104935),np.float64(0.9576993640572481),25
2022-12-05,np.float64(301058.29068798025),np.float64(0.9566529779208484),25
2022-12-06,np.float64(295023.241836556),np.float64(0.9557662633888577),25
2022-12-07,np.float64(292955.01550718193),np.float64(0.9554539786561749),25
2022-12-08,np.float64(296666.3192493439),np.float64(0.9558975714251569),25
2022-12-09,np.float64(296314.95451890456),np.float64(0.9558452755902974),25
2022-12-12,np.float64(297994.56589315546),np.float64(0.956094148508913),25
2022-12-13,np.float64(299680.82373896305),np.float64(0.9563411999739685),25
2022-12-14,np.float64(295922.3051602106),np.float64(0.955786688170828),25
2022-12-15,np.float64(287385.26119854057),np.float64(0.9544732910077218),25
2022-12-16,np.float64(283691.61365813744),np.float64(0.9538805360280325),25
2022-12-19,np.float64(281065.97825189156),np.float64(0.9531260177720133),25
2022-12-20,np.float64(278448.29314535524),np.float64(0.9526853566935193),25
2022-12-21,np.float64(282835.3908470472),np.float64(0.9534192604750955),25
2022-12-22,np.float64(272867.23269277223),np.float64(0.9517176117503835),25
2022-12-23,np.float64(273229.2903447173),np.float64(0.9517815910115304),25
2022-12-27,np.float64(266476.98980726744),np.float64(0.9505597774914839),25
2022-12-28,np.float64(264175.6746503899),np.float64(0.9501290885812773),25
2022-12-29,np.float64(271955.3455232823),np.float64(0.9515557171927589),25
2022-12-30,np.float64(272278.8238699649),np.float64(0.9515442012853738),25
