session,equity,exposure,n_held
2017-02-01,100000.0,0.0,0
2017-02-02,100000.0,0.0,0
2017-02-03,100000.0,0.0,0
2017-02-06,100000.0,0.0,0
2017-02-07,100000.0,0.0,0
2017-02-08,100000.0,0.0,0
2017-02-09,100000.0,0.0,0
2017-02-10,np.float64(100005.45912976618),np.float64(0.2000436706540918),1
2017-02-13,np.float64(100265.85842800309),np.float64(0.202121227960714),1
2017-02-14,np.float64(100339.44953402656),np.float64(0.2027064093781894),1
2017-02-15,np.float64(100407.37978574054),np.float64(0.2032458154897367),1
2017-02-16,np.float64(100611.17054088248),np.float64(0.20485966349538992),1
2017-02-17,np.float64(100650.79652104896),np.float64(0.20517270836232562),1
2017-02-21,np.float64(100673.43993828696),np.float64(0.20535148049932353),1
2017-02-22,np.float64(100418.70149435954),np.float64(0.20333564555708225),1
2017-02-23,np.float64(100480.97089176401),np.float64(0.20382934907969477),1
2017-02-24,np.float64(100679.10079259645),np.float64(0.2053961609688623),1
2017-02-27,np.float64(100667.77908397745),np.float64(0.20530679500474835),1
2017-02-28,np.float64(100492.29260038302),np.float64(0.2039190476216174),1
2017-03-01,np.float64(100339.44953402656),np.float64(0.2027064093781894),1
2017-03-02,np.float64(100328.12782540757),np.float64(0.20261643734429952),1
2017-03-03,np.float64(100322.46697109807),np.float64(0.20257144371213257),1
2017-03-06,np.float64(100135.65877888464),np.float64(0.20108379996128403),1
2017-03-07,np.float64(100265.85842800309),np.float64(0.202121227960714),1
2017-03-08,np.float64(100163.96305043212),np.float64(0.20130955721350258),1
2017-03-09,np.float64(100277.18013662209),np.float64(0.2022113117759749),1
2017-03-10,np.float64(100328.12782540757),np.float64(0.20261643734429952),1
2017-03-13,np.float64(99903.56375219522),np.float64(0.19922776530339603),1
2017-03-14,np.float64(99914.88546081421),np.float64(0.1993185036340222),1
2017-03-15,np.float64(99869.59862633822),np.float64(0.1989554268729993),1
2017-03-16,np.float64(99892.24204357622),np.float64(0.199137006404347),1
2017-03-17,np.float64(99965.8331495997),np.float64(0.19972657177498496),1
2017-03-20,np.float64(100056.40681855167),np.float64(0.200451000153575),1
2017-03-21,np.float64(99835.63350048123),np.float64(0.1986829031378423),1
2017-03-22,np.float64(100022.44169269467),np.float64(0.20017949326023152),1
2017-03-23,np.float64(99965.8331495997),np.float64(0.19972657177498496),1
2017-03-24,np.float64(99903.56375219522),np.float64(0.19922776530339603),1
2017-03-27,np.float64(100033.76340131367),np.float64(0.20027001604390884),1
2017-03-28,np.float64(100152.64134181313),np.float64(0.20121926962498915),1
2017-03-29,np.float64(100135.65877888464),np.float64(0.20108379996128403),1
2017-03-30,np.float64(100237.5541564556),np.float64(0.20189592939256928),1
2017-03-31,np.float64(100418.70149435954),np.float64(0.20333564555708225),1
2017-04-03,np.float64(100469.64918314503),np.float64(0.20373963032190068),1
2017-04-04,np.float64(100537.579434859),np.float64(0.20427763976718624),1
2017-04-05,np.float64(100503.614309002),np.float64(0.20400872595450054),1
2017-04-06,np.float64(100396.05807712155),np.float64(0.203155965162037),1
2017-04-07,np.float64(100396.05807712155),np.float64(0.203155965162037),1
2017-04-10,np.float64(100265.85842800309),np.float64(0.202121227960714),1
2017-04-11,np.float64(100231.89330214611),np.float64(0.2018508544097601),1
2017-04-12,np.float64(100169.62390474163),np.float64(0.20135469335416836),1
2017-04-13,np.float64(99954.5114409807),np.float64(0.19963592591579088),1
2017-04-17,np.float64(100084.71109009915),np.float64(0.20067711512918604),1
2017-04-18,np.float64(100246.04543791985),np.float64(0.20196353232165926),1
2017-04-19,np.float64(100328.12782540757),np.float64(0.20261643734429952),1
2017-04-20,np.float64(100480.97089176401),np.float64(0.20382934907969477),1
2017-04-21,np.float64(100560.222852097),np.float64(0.20445681472222638),1
2017-04-24,np.float64(100803.6395874054),np.float64(0.20637786167796915),1
2017-04-25,np.float64(100871.56983911939),np.float64(0.2069123130769905),1
2017-04-26,np.float64(100905.53496497637),np.float64(0.20717926892942537),1
2017-04-27,np.float64(101188.57768045127),np.float64(0.2093969316118248),1
2017-04-28,np.float64(100463.98832883552),np.float64(0.2036947633599161),1
2017-05-01,np.float64(100554.56199778749),np.float64(0.20441202854863766),1
2017-05-02,np.float64(100928.17838221436),np.float64(0.2073571396776774),1
2017-05-03,np.float64(101088.0975164577),np.float64(0.2070851044863686),1
2017-05-04,np.float64(101210.11471485905),np.float64(0.4056497371887442),2
2017-05-05,np.float64(101239.61637784372),np.float64(0.4058229334312395),2
2017-05-08,np.float64(101081.11245717776),np.float64(0.40489121243676746),2
2017-05-09,np.float64(100895.4851917756),np.float64(0.4037963327536757),2
2017-05-10,np.float64(100713.14869474745),np.float64(0.40271693359269295),2
2017-05-11,np.float64(100567.75845369979),np.float64(0.4018534448331357),2
2017-05-12,np.float64(100453.94267179124),np.float64(0.4011757360637084),2
2017-05-15,np.float64(100694.70026369602),np.float64(0.4026075044425994),2
2017-05-16,np.float64(100775.43867293428),np.float64(0.403086118283604),2
2017-05-17,np.float64(100324.95276257937),np.float64(0.40040581506886075),2
2017-05-18,np.float64(100478.69593059193),np.float64(0.40132325840010097),2
2017-05-19,np.float64(100519.80424350724),np.float64(0.4015680916547418),2
2017-05-22,np.float64(100909.82919208286),np.float64(0.4038810811439429),2
2017-05-23,np.float64(101023.35180036683),np.float64(0.40455095571561306),2
2017-05-24,np.float64(101351.10735153797),np.float64(0.40647655608450534),2
2017-05-25,np.float64(101693.17397376457),np.float64(0.40847299843888457),2
2017-05-26,np.float64(101761.11245779149),np.float64(0.4088679179398258),2
2017-05-30,np.float64(101733.70417174365),np.float64(0.408708659832308),2
2017-05-31,np.float64(101634.1850543429),np.float64(0.4067135918634126),2
2017-06-01,np.float64(101704.20868299369),np.float64(0.40712207119445404),2
2017-06-02,np.float64(101896.09138226746),np.float64(0.4082385322458624),2
2017-06-05,np.float64(101944.95804258555),np.float64(0.4085221893014863),2
2017-06-06,np.float64(101793.89871491544),np.float64(0.40764445260465215),2
2017-06-07,np.float64(101751.279256156),np.float64(0.407396339037848),2
2017-06-08,np.float64(101668.42688919857),np.float64(0.40691341019277133),2
2017-06-09,np.float64(101241.48038158129),np.float64(0.40441229852116733),2
2017-06-12,np.float64(101304.6498806419),np.float64(0.40478368302122136),2
2017-06-13,np.float64(101405.65338886969),np.float64(0.4053765388843825),2
2017-06-14,np.float64(101395.2482465327),np.float64(0.40531551884787387),2
2017-06-15,np.float64(101242.10377423873),np.float64(0.4044159658195157),2
2017-06-16,np.float64(101122.92031164526),np.float64(0.40371401054330086),2
2017-06-19,np.float64(101369.6236991712),np.float64(0.40516519254600597),2
2017-06-20,np.float64(101119.66658867954),np.float64(0.40369482387582567),2
2017-06-21,np.float64(100920.2404585164),np.float64(0.19396737575442846),1
2017-06-22,np.float64(100795.70166370746),np.float64(0.19297147682279386),1
2017-06-23,np.float64(100699.46714044598),np.float64(0.19220023137937908),1
2017-06-26,np.float64(100631.53688873201),np.float64(0.1916549347128126),1
2017-06-27,np.float64(100393.7810077331),np.float64(0.18974058512642056),1
2017-06-28,np.float64(100705.12799475549),np.float64(0.19224563956158852),1
2017-06-29,np.float64(100331.51161032861),np.float64(0.18923770856555067),1
2017-06-30,np.float64(100444.72869651858),np.float64(0.1901515658223734),1
2017-07-03,np.float64(100286.22477585264),np.float64(0.18887158791664171),1
2017-07-05,np.float64(100784.37995508846),np.float64(0.19288081851055638),1
2017-07-06,np.float64(100382.4592991141),np.float64(0.18964919942950653),1
2017-07-07,np.float64(100523.98065685155),np.float64(0.19079004109525638),1
2017-07-10,np.float64(100393.7810077331),np.float64(0.18974058512642056),1
2017-07-11,np.float64(100491.75220332306),np.float64(0.3895518297645571),2
2017-07-12,np.float64(100763.03450051107),np.float64(0.3911953271319855),2
2017-07-13,np.float64(101001.55660589374),np.float64(0.39263306113549107),2
2017-07-14,np.float64(101171.43972209797),np.float64(0.39365292789371015),2
2017-07-17,np.float64(101031.44325535487),np.float64(0.39281272958534436),2
2017-07-18,np.float64(100888.54072392132),np.float64(0.39195268544778544),2
2017-07-19,np.float64(100871.2056817039),np.float64(0.3918481905545528),2
2017-07-20,np.float64(100945.76421632865),np.float64(0.3922973714398893),2
2017-07-21,np.float64(100861.84757374713),np.float64(0.39179176535093224),2
2017-07-24,np.float64(100805.56276648142),np.float64(0.3914521721546329),2
2017-07-25,np.float64(101188.21730192236),np.float64(0.39375346367420705),2
2017-07-26,np.float64(100961.15438313357),np.float64(0.9984721026529824),5
2017-07-27,np.float64(100888.51525324401),np.float64(0.9984710025759957),5
2017-07-28,np.float64(101271.34017782271),np.float64(0.9984767824770269),5
2017-07-31,np.float64(101972.146355091),np.float64(0.9984872508283128),5
2017-08-01,np.float64(102494.24786382803),np.float64(0.9984949567107535),5
2017-08-02,np.float64(102285.39472434929),np.float64(0.0),0
2017-08-03,np.float64(102285.39472434929),np.float64(0.0),0
2017-08-04,np.float64(102285.39472434929),np.float64(0.0),0
2017-08-07,np.float64(102285.39472434929),np.float64(0.0),0
2017-08-08,np.float64(102285.39472434929),np.float64(0.0),0
2017-08-09,np.float64(102285.39472434929),np.float64(0.0),0
2017-08-10,np.float64(102285.39472434929),np.float64(0.0),0
2017-08-11,np.float64(102285.39472434929),np.float64(0.0),0
2017-08-14,np.float64(102285.39472434929),np.float64(0.0),0
2017-08-15,np.float64(102285.39472434929),np.float64(0.0),0
2017-08-16,np.float64(102285.39472434929),np.float64(0.0),0
2017-08-17,np.float64(102285.39472434929),np.float64(0.0),0
2017-08-18,np.float64(102285.39472434929),np.float64(0.0),0
2017-08-21,np.float64(102285.39472434929),np.float64(0.0),0
2017-08-22,np.float64(102285.39472434929),np.float64(0.0),0
2017-08-23,np.float64(102285.39472434929),np.float64(0.0),0
2017-08-24,np.float64(102285.39472434929),np.float64(0.0),0
2017-08-25,np.float64(102285.39472434929),np.float64(0.0),0
2017-08-28,np.float64(102285.39472434929),np.float64(0.0),0
2017-08-29,np.float64(102312.4567888512),np.float64(0.2002116032815653),1
2017-08-30,np.float64(102675.99033839078),np.float64(0.20304332580775086),1
2017-08-31,np.float64(103188.66585697225),np.float64(0.2070028709073532),1
2017-09-01,np.float64(103244.59409536296),np.float64(0.20743244238145936),1
2017-09-05,np.float64(102932.7517964572),np.float64(0.20503130100621839),1
2017-09-06,np.float64(102960.71591565256),np.float64(0.2052472144180234),1
2017-09-07,np.float64(102720.90240861362),np.float64(0.20339177459739938),1
2017-09-08,np.float64(102514.13740607828),np.float64(0.20178506252906692),1
2017-09-11,np.float64(102821.74271722717),np.float64(0.20417303172425635),1
2017-09-12,np.float64(102770.8988641447),np.float64(0.2037793121995535),1
2017-09-13,np.float64(102694.63308452102),np.float64(0.20318800192672135),1
2017-09-14,np.float64(102754.7983106686),np.float64(0.2036545531228634),1
2017-09-15,np.float64(103059.86142916336),np.float64(0.206011781456519),1
2017-09-18,np.float64(103084.43595815322),np.float64(0.20536257905148134),1
2017-09-19,np.float64(103079.35157284497),np.float64(0.20532338358927862),1
2017-09-20,np.float64(102498.88425015355),np.float64(0.20082300476751877),1
2017-09-21,np.float64(102284.49266965584),np.float64(0.19914790412778974),1
2017-09-22,np.float64(102187.88934879917),np.float64(0.19839081860161537),1
2017-09-25,np.float64(101871.81006213654),np.float64(0.1959036530345751),1
2017-09-26,np.float64(102020.95203117843),np.float64(0.1970791420895014),1
2017-09-27,np.float64(102301.44062068334),np.float64(0.19928057872180088),1
2017-09-28,np.float64(102501.42644280767),np.float64(0.20084282558325892),1
2017-09-29,np.float64(102467.5305407527),np.float64(0.20057846717462344),1
2017-10-02,np.float64(102292.11924761822),np.float64(0.19920761313558447),1
2017-10-03,np.float64(102145.50717622151),np.float64(0.3983321138263778),2
2017-10-04,np.float64(102396.59838145308),np.float64(0.3998074901286811),2
2017-10-05,np.float64(102745.53480729766),np.float64(0.40184581743512776),2
2017-10-06,np.float64(102911.60281057787),np.float64(0.40281105622297453),2
2017-10-09,np.float64(102896.34818320791),np.float64(0.40272252154737515),2
2017-10-10,np.float64(103003.79675225477),np.float64(0.40334557246789604),2
2017-10-11,np.float64(103513.91110428337),np.float64(0.40628587279505607),2
2017-10-12,np.float64(103596.4832585996),np.float64(0.6042279510817621),3
2017-10-13,np.float64(103593.28174928135),np.float64(0.6042157199034355),3
2017-10-16,np.float64(103857.15366154438),np.float64(0.6052212968054664),3
2017-10-17,np.float64(103211.61383299618),np.float64(0.6027521427353921),3
2017-10-18,np.float64(103230.34407946921),np.float64(0.6028242198978174),3
2017-10-19,np.float64(103473.95312086119),np.float64(0.6037592920404832),3
2017-10-20,np.float64(103178.2534456404),np.float64(0.6026237014994529),3
2017-10-23,np.float64(103169.06348990332),np.float64(0.6025883045454568),3
2017-10-24,np.float64(103220.1155772927),np.float64(0.602784862130114),3
2017-10-25,np.float64(102877.62116437643),np.float64(0.6014624757461127),3
2017-10-26,np.float64(102906.43293134395),np.float64(0.6015740583746183),3
2017-10-27,np.float64(103585.51130725752),np.float64(0.6041860302415936),3
2017-10-30,np.float64(103843.4467524571),np.float64(0.8021684166158136),4
2017-10-31,np.float64(104297.82907617523),np.float64(0.8030302866600817),4
2017-11-01,np.float64(104087.61289000593),np.float64(0.8026324850314389),4
2017-11-02,np.float64(103881.76814318438),np.float64(0.80224139555659),4
2017-11-03,np.float64(105305.83060760211),np.float64(0.8049157071685736),4
2017-11-06,np.float64(105372.12295832868),np.float64(0.9991797208994796),5
2017-11-07,np.float64(105285.05155526563),np.float64(0.9991790425234791),5
2017-11-08,np.float64(105749.76618735997),np.float64(0.9991826502000293),5
2017-11-09,np.float64(104804.12032942315),np.float64(0.9991752752661965),5
2017-11-10,np.float64(104989.73640574595),np.float64(0.9991767333341409),5
2017-11-13,np.float64(105326.74168733196),np.float64(0.9991793674725382),5
2017-11-14,np.float64(105789.04890339244),np.float64(0.9991829537070598),5
2017-11-15,np.float64(105616.26337175033),np.float64(0.9991816170400202),5
2017-11-16,np.float64(107318.90262030983),np.float64(0.9991946008752439),5
2017-11-17,np.float64(106765.75640536827),np.float64(0.9991904281564586),5
2017-11-20,np.float64(107281.16703052029),np.float64(0.9991943175803112),5
2017-11-21,np.float64(108228.03583748166),np.float64(0.9992013663597298),5
2017-11-22,np.float64(107737.55613319615),np.float64(0.9991977305468733),5
2017-11-24,np.float64(108745.1437766403),np.float64(0.9992051640446794),5
2017-11-27,np.float64(109189.53169461827),np.float64(0.99920839892892),5
2017-11-28,np.float64(109161.0108823791),np.float64(0.9992081921050244),5
2017-11-29,np.float64(107543.66059860957),np.float64(0.9991962840974626),5
2017-11-30,np.float64(108592.12243526643),np.float64(0.9963036278979814),5
2017-12-01,np.float64(108129.5569831817),np.float64(0.9962878152554427),5
2017-12-04,np.float64(107354.3863445004),np.float64(0.9962610107929767),5
2017-12-05,np.float64(107137.39685483121),np.float64(0.9962534380743581),5
2017-12-06,np.float64(108085.94271790452),np.float64(0.9962863173343798),5
2017-12-07,np.float64(107843.7434496128),np.float64(0.9962779770153635),5
2017-12-08,np.float64(107262.1470993079),np.float64(0.9962577954784266),5
2017-12-11,np.float64(107640.76063289726),np.float64(0.9962709582363726),5
2017-12-12,np.float64(107250.94822982376),np.float64(0.9962574047270094),5
2017-12-13,np.float64(108128.4742779307),np.float64(0.7865228173634364),4
2017-12-14,np.float64(108009.75041306886),np.float64(0.786288164139209),4
2017-12-15,np.float64(109055.83622301514),np.float64(0.7883381316297554),4
2017-12-18,np.float64(108825.376320081),np.float64(0.7865272107600648),4
2017-12-19,np.float64(108810.48104336252),np.float64(0.7864979880580134),4
2017-12-20,np.float64(108843.75088938362),np.float64(0.7865632483876553),4
2017-12-21,np.float64(108089.61691613149),np.float64(0.7850741145547884),4
2017-12-22,np.float64(108189.5635544475),np.float64(0.7852726653117338),4
2017-12-26,np.float64(107842.8857602311),np.float64(0.7845823907681427),4
2017-12-27,np.float64(108245.9489544066),np.float64(0.7853845169492825),4
2017-12-28,np.float64(108306.42189924177),np.float64(0.7855043476115803),4
2017-12-29,np.float64(108018.61770742218),np.float64(0.7849328466130054),4
2018-01-02,np.float64(108944.5397891954),np.float64(0.7867607071626984),4
2018-01-03,np.float64(109461.73904526985),np.float64(0.78776824828696),4
2018-01-04,np.float64(109823.41621059157),np.float64(0.7884671828220472),4
2018-01-05,np.float64(110306.65178097929),np.float64(0.7893938738231272),4
2018-01-08,np.float64(110367.28446452654),np.float64(0.7895095749084946),4
2018-01-09,np.float64(110119.96327099964),np.float64(0.7890368291718156),4
2018-01-10,np.float64(109452.78365711203),np.float64(0.7877508835598831),4
2018-01-11,np.float64(109376.08342835745),np.float64(0.7876020433813575),4
2018-01-12,np.float64(108623.49501179846),np.float64(0.7861304626534991),4
2018-01-16,np.float64(108457.06077297199),np.float64(0.9949317134408625),5
2018-01-17,np.float64(109609.85034488888),np.float64(0.9949850176637447),5
2018-01-18,np.float64(110249.12228293471),np.float64(0.9950140966932278),5
2018-01-19,np.float64(110641.57131629584),np.float64(0.9950317818445674),5
2018-01-22,np.float64(111578.43425951763),np.float64(0.9950734972487543),5
2018-01-23,np.float64(112254.38632218802),np.float64(0.9951031627238021),5
2018-01-24,np.float64(111269.50316708736),np.float64(0.9950598191983138),5
2018-01-25,np.float64(110420.52558569676),np.float64(0.9950218361989901),5
2018-01-26,np.float64(113961.47951017997),np.float64(0.995176515207403),5
2018-01-29,np.float64(112027.91569919437),np.float64(0.7647338379697866),4
2018-01-30,np.float64(111690.12559547265),np.float64(0.7640223106001941),4
2018-01-31,np.float64(112417.86284698169),np.float64(0.7655499126267068),4
2018-02-01,np.float64(111841.63566870017),np.float64(0.0),0
2018-02-02,np.float64(111841.63566870017),np.float64(0.0),0
2018-02-05,np.float64(111841.63566870017),np.float64(0.0),0
2018-02-06,np.float64(111841.63566870017),np.float64(0.0),0
2018-02-07,np.float64(111841.63566870017),np.float64(0.0),0
2018-02-08,np.float64(111841.63566870017),np.float64(0.0),0
2018-02-09,np.float64(111841.63566870017),np.float64(0.0),0
2018-02-12,np.float64(111841.63566870017),np.float64(0.0),0
2018-02-13,np.float64(111841.63566870017),np.float64(0.0),0
2018-02-14,np.float64(111841.63566870017),np.float64(0.0),0
2018-02-15,np.float64(111841.63566870017),np.float64(0.0),0
2018-02-16,np.float64(111841.63566870017),np.float64(0.0),0
2018-02-20,np.float64(111841.63566870017),np.float64(0.0),0
2018-02-21,np.float64(111841.63566870017),np.float64(0.0),0
2018-02-22,np.float64(111841.63566870017),np.float64(0.0),0
2018-02-23,np.float64(111841.63566870017),np.float64(0.0),0
2018-02-26,np.float64(111841.63566870017),np.float64(0.0),0
2018-02-27,np.float64(111841.63566870017),np.float64(0.0),0
2018-02-28,np.float64(111841.63566870017),np.float64(0.0),0
2018-03-01,np.float64(111841.63566870017),np.float64(0.0),0
2018-03-02,np.float64(112189.32375070354),np.float64(0.20247929532243886),1
2018-03-05,np.float64(112333.3586671709),np.float64(0.20350188406581987),1
2018-03-06,np.float64(112255.23803451064),np.float64(0.2029475853282379),1
2018-03-07,np.float64(112387.06660212483),np.float64(0.20388251744557492),1
2018-03-08,np.float64(112526.21897905094),np.float64(0.2048670136902279),1
2018-03-09,np.float64(113041.32690065459),np.float64(0.20849028414543472),1
2018-03-12,np.float64(113097.47610537914),np.float64(0.2088832428798595),1
2018-03-13,np.float64(112521.33643950967),np.float64(0.2048325111828007),1
2018-03-14,np.float64(112384.6253323542),np.float64(0.2038652238207727),1
2018-03-15,np.float64(112332.449986194),np.float64(0.4026215807679125),2
2018-03-16,np.float64(112473.57337189754),np.float64(0.403371126305952),2
2018-03-19,np.float64(111880.53148933614),np.float64(0.4002085929702953),2
2018-03-20,np.float64(111960.34649426665),np.float64(0.4006361760888579),2
2018-03-21,np.float64(111820.95898684395),np.float64(0.39988905470650465),2
2018-03-22,np.float64(110240.02559322369),np.float64(0.3912829660541648),2
2018-03-23,np.float64(109035.58036963527),np.float64(0.3845588644208492),2
2018-03-26,np.float64(111283.55433131292),np.float64(0.3969910306653628),2
2018-03-27,np.float64(109818.4534680646),np.float64(0.3889462173064171),2
2018-03-28,np.float64(109766.12176286313),np.float64(0.38865489348168314),2
2018-03-29,np.float64(110605.19252481114),np.float64(0.39329266674196145),2
2018-04-02,np.float64(109524.78875131531),np.float64(0.3873078216696016),2
2018-04-03,np.float64(110100.8662635141),np.float64(0.39051359286663706),2
2018-04-04,np.float64(111060.7764027167),np.float64(0.3957814489078376),2
2018-04-05,np.float64(111352.76065276272),np.float64(0.3963954448712992),2
2018-04-06,np.float64(110289.55638012615),np.float64(0.39057662609045424),2
2018-04-09,np.float64(110674.14981019736),np.float64(0.3926943764968444),2
2018-04-10,np.float64(111596.38281560577),np.float64(0.3977131528786039),2
2018-04-11,np.float64(110982.69727606702),np.float64(0.3943827713163918),2
2018-04-12,np.float64(111933.20893749899),np.float64(0.3995255367538529),2
2018-04-13,np.float64(111218.78809954517),np.float64(0.3956683515018592),2
2018-04-16,np.float64(111467.52097964258),np.float64(0.3970168802046049),2
2018-04-17,np.float64(111931.36223606292),np.float64(0.39951562981596306),2
2018-04-18,np.float64(111849.96347132695),np.float64(0.39907862756348783),2
2018-04-19,np.float64(112232.48223293941),np.float64(0.40112673070294963),2
2018-04-20,np.float64(111913.26371922792),np.float64(0.3994185199996485),2
2018-04-23,np.float64(111889.87680276447),np.float64(0.5992067584320055),3
2018-04-24,np.float64(110996.60562039033),np.float64(0.5959812809430143),3
2018-04-25,np.float64(110654.60012197409),np.float64(0.5947325608425551),3
2018-04-26,np.float64(111611.8779472047),np.float64(0.5982084770257496),3
2018-04-27,np.float64(111519.73196629452),np.float64(0.5978764866832957),3
2018-04-30,np.float64(110670.74137265513),np.float64(0.5947916688167783),3
2018-05-01,np.float64(110637.44726172571),np.float64(0.5946697295325499),3
2018-05-02,np.float64(109693.53769520772),np.float64(0.5911818748427264),3
2018-05-03,np.float64(109694.33446765764),np.float64(0.7950999074130812),4
2018-05-04,np.float64(111014.41767360762),np.float64(0.7975363942837942),4
2018-05-07,np.float64(111828.01990304624),np.float64(0.7990094136677884),4
2018-05-08,np.float64(112011.47501447302),np.float64(0.7993386009265631),4
2018-05-09,np.float64(112537.79014891745),np.float64(0.8002770513003565),4
2018-05-10,np.float64(113726.51595567122),np.float64(0.8023646543657029),4
2018-05-11,np.float64(113614.3023128406),np.float64(0.8021694555075112),4
2018-05-14,np.float64(113778.05591912607),np.float64(0.8024541805789001),4
2018-05-15,np.float64(113045.97187659019),np.float64(0.8011748767729605),4
2018-05-16,np.float64(113145.99273829747),np.float64(0.8004444340218546),4
2018-05-17,np.float64(112890.15639097983),np.float64(0.7999921929344215),4
2018-05-18,np.float64(112149.33323979618),np.float64(0.798671004394006),4
2018-05-21,np.float64(113387.59615830843),np.float64(0.8008696419710136),4
2018-05-22,np.float64(113565.28756788695),np.float64(0.8011812138849833),4
2018-05-23,np.float64(114066.2827012062),np.float64(0.8020544539161061),4
2018-05-24,np.float64(113972.6661685548),np.float64(0.8018918625132626),4
2018-05-25,np.float64(114546.24777713916),np.float64(0.8028838739180741),4
2018-05-29,np.float64(113686.74349652468),np.float64(0.8013936196550453),4
2018-05-30,np.float64(114513.6230359152),np.float64(0.8028277158607705),4
2018-05-31,np.float64(114350.0936678063),np.float64(0.8007774354985441),4
2018-06-01,np.float64(115516.75376983485),np.float64(0.8027894814558842),4
2018-06-04,np.float64(115913.7100760088),np.float64(0.80346484556017),4
2018-06-05,np.float64(116030.62116919801),np.float64(0.8036628720769994),4
2018-06-06,np.float64(117146.68386594462),np.float64(0.8055333863521792),4
2018-06-07,np.float64(117025.23507828687),np.float64(0.8053315689027064),4
2018-06-08,np.float64(116894.31141352144),np.float64(0.8051135368692807),4
2018-06-11,np.float64(117138.58720270259),np.float64(0.8055199447466406),4
2018-06-12,np.float64(117414.80276373675),np.float64(0.8059774545010098),4
2018-06-13,np.float64(117644.97459939189),np.float64(0.8063570586924177),4
2018-06-14,np.float64(117862.03786321817),np.float64(0.8067136855556483),4
2018-06-15,np.float64(118237.79874306064),np.float64(0.8073279513517746),4
2018-06-18,np.float64(117417.02761437654),np.float64(0.8059811308944024),4
2018-06-19,np.float64(117243.85021665301),np.float64(0.8042179749108634),4
2018-06-20,np.float64(117475.57222167157),np.float64(0.8046041573532409),4
2018-06-21,np.float64(117454.94027639329),np.float64(0.8045698344348212),4
2018-06-22,np.float64(117189.42438023372),np.float64(0.8041270486133099),4
2018-06-25,np.float64(115925.05674033155),np.float64(0.8019907078753432),4
2018-06-26,np.float64(115815.02504548074),np.float64(0.8018025863600206),4
2018-06-27,np.float64(114736.2130491624),np.float64(0.7999390269676389),4
2018-06-28,np.float64(115199.15719977206),np.float64(0.8007430003601698),4
2018-06-29,np.float64(114871.2717859308),np.float64(0.8001742466346132),4
2018-07-02,np.float64(115468.36782558581),np.float64(0.8012075613700893),4
2018-07-03,np.float64(114518.1859293879),np.float64(0.7995581379640667),4
2018-07-05,np.float64(115588.73631442251),np.float64(0.800479775841882),4
2018-07-06,np.float64(116223.84729245197),np.float64(0.8015700640026486),4
2018-07-09,np.float64(116596.44152329271),np.float64(0.8022041643955319),4
2018-07-10,np.float64(117963.04769790362),np.float64(0.8044956363058003),4
2018-07-11,np.float64(117103.83799112309),np.float64(0.8030611893236548),4
2018-07-12,np.float64(114217.45148951546),np.float64(0.798084353320349),4
2018-07-13,np.float64(113919.02500842637),np.float64(0.7975554076423906),4
2018-07-16,np.float64(114743.3435297698),np.float64(0.7990097737249242),4
2018-07-17,np.float64(115900.94564671349),np.float64(0.8010172354425381),4
2018-07-18,np.float64(115939.74750312725),np.float64(0.5850972267769468),3
2018-07-19,np.float64(115604.82906928372),np.float64(0.5838952130883843),3
2018-07-20,np.float64(116325.59038353979),np.float64(0.5864734268081153),3
2018-07-23,np.float64(117772.14685398819),np.float64(0.5915526374375581),3
2018-07-24,np.float64(117912.16148283069),np.float64(0.5920376476786706),3
2018-07-25,np.float64(119738.5092986826),np.float64(0.5982602168043083),3
2018-07-26,np.float64(119103.44009840039),np.float64(0.5961181077046479),3
2018-07-27,np.float64(118646.8039104844),np.float64(0.5945636866702205),3
2018-07-30,np.float64(118627.48709261716),np.float64(0.5944976670687495),3
2018-07-31,np.float64(118119.04076235829),np.float64(0.5927521722547076),3
2018-08-01,np.float64(117813.2014367812),np.float64(0.591694969840535),3
2018-08-02,np.float64(117103.25551714835),np.float64(0.0),0
2018-08-03,np.float64(117103.25551714835),np.float64(0.0),0
2018-08-06,np.float64(117103.25551714835),np.float64(0.0),0
2018-08-07,np.float64(117103.25551714835),np.float64(0.0),0
2018-08-08,np.float64(117103.25551714835),np.float64(0.0),0
2018-08-09,np.float64(117103.25551714835),np.float64(0.0),0
2018-08-10,np.float64(117103.25551714835),np.float64(0.0),0
2018-08-13,np.float64(117103.25551714835),np.float64(0.0),0
2018-08-14,np.float64(117103.25551714835),np.float64(0.0),0
2018-08-15,np.float64(117103.25551714835),np.float64(0.0),0
2018-08-16,np.float64(117103.25551714835),np.float64(0.0),0
2018-08-17,np.float64(117103.25551714835),np.float64(0.0),0
2018-08-20,np.float64(117103.25551714835),np.float64(0.0),0
2018-08-21,np.float64(117103.25551714835),np.float64(0.0),0
2018-08-22,np.float64(117103.25551714835),np.float64(0.0),0
2018-08-23,np.float64(117103.25551714835),np.float64(0.0),0
2018-08-24,np.float64(117103.25551714835),np.float64(0.0),0
2018-08-27,np.float64(117103.25551714835),np.float64(0.0),0
2018-08-28,np.float64(117103.25551714835),np.float64(0.0),0
2018-08-29,np.float64(117103.25551714835),np.float64(0.0),0
2018-08-30,np.float64(117103.25551714835),np.float64(0.0),0
2018-08-31,np.float64(116710.00433783299),np.float64(0.19730442179968022),1
2018-09-04,np.float64(116326.96210334272),np.float64(0.19466130018513866),1
2018-09-05,np.float64(116098.70706756302),np.float64(0.19307796977273325),1
2018-09-06,np.float64(115816.23912402238),np.float64(0.19110994172934412),1
2018-09-07,np.float64(115696.59684482582),np.float64(0.19027346552494248),1
2018-09-10,np.float64(115649.30075633092),np.float64(0.18994231870796444),1
2018-09-11,np.float64(115928.40376076917),np.float64(0.19189257011557842),1
2018-09-12,np.float64(115584.61914914029),np.float64(0.1894890072455155),1
2018-09-13,np.float64(115781.65502769213),np.float64(0.1908683254587084),1
2018-09-14,np.float64(115703.88754621436),np.float64(0.19032448778957362),1
2018-09-17,np.float64(115364.58952005534),np.float64(0.18794315653129764),1
2018-09-18,np.float64(115500.68261264144),np.float64(0.1888999935359238),1
2018-09-19,np.float64(115602.47233341222),np.float64(0.39221063449538857),2
2018-09-20,np.float64(116271.92566737584),np.float64(0.39571007440531736),2
2018-09-21,np.float64(115877.79189460704),np.float64(0.3936547101778265),2
2018-09-24,np.float64(115757.34207066525),np.float64(0.39302378533020493),2
2018-09-25,np.float64(115826.76145521698),np.float64(0.39338756926692675),2
2018-09-26,np.float64(115744.19683526257),np.float64(0.5953032334439363),3
2018-09-27,np.float64(115980.42325791894),np.float64(0.5961275110826852),3
2018-09-28,np.float64(116223.16848724845),np.float64(0.5969710444437024),3
2018-10-01,np.float64(116043.35922038827),np.float64(0.5963465507931491),3
2018-10-02,np.float64(115754.28415606823),np.float64(0.5953385004419833),3
2018-10-03,np.float64(115251.10757168662),np.float64(0.5935717825729018),3
2018-10-04,np.float64(114406.99058999309),np.float64(0.5905730763015417),3
2018-10-05,np.float64(114224.50305723096),np.float64(0.5899189670066675),3
2018-10-08,np.float64(114661.65020679601),np.float64(0.5914823995435307),3
2018-10-09,np.float64(114400.2930466967),np.float64(0.5905491064805285),3
2018-10-10,np.float64(112885.37195148005),np.float64(0.5850542776526219),3
2018-10-11,np.float64(111854.18733745973),np.float64(0.5812288898444101),3
2018-10-12,np.float64(112477.49858264353),np.float64(0.5835495739404054),3
2018-10-15,np.float64(112329.15702638817),np.float64(0.5829996107256866),3
2018-10-16,np.float64(113564.07093691453),np.float64(0.5875341397995503),3
2018-10-17,np.float64(113841.55498742362),np.float64(0.5885395081608467),3
2018-10-18,np.float64(113080.25917604541),np.float64(0.5857694123787252),3
2018-10-19,np.float64(114074.639929102),np.float64(0.589380231785334),3
2018-10-22,np.float64(113821.58582844539),np.float64(0.5884673204478132),3
2018-10-23,np.float64(114238.4393573556),np.float64(0.5899689940587121),3
2018-10-24,np.float64(113936.46774345101),np.float64(0.5888822680343998),3
2018-10-25,np.float64(114445.96527018092),np.float64(0.589660585939283),3
2018-10-26,np.float64(113510.69421985751),np.float64(0.5862795954747694),3
2018-10-29,np.float64(112755.38511000914),np.float64(0.5835082263719705),3
2018-10-30,np.float64(113997.60789462726),np.float64(0.5880467038046284),3
2018-10-31,np.float64(114786.20974150482),np.float64(0.5908768968298931),3
2018-11-01,np.float64(114929.79242178702),np.float64(0.591388017493045),3
2018-11-02,np.float64(114651.82178385874),np.float64(0.5903973473782977),3
2018-11-05,np.float64(114759.69641518974),np.float64(0.5907823757159809),3
2018-11-06,np.float64(115290.85332666051),np.float64(0.5926676837275215),3
2018-11-07,np.float64(115991.98721476561),np.float64(0.59512987527641),3
2018-11-08,np.float64(113824.23875958772),np.float64(0.5874192453000394),3
2018-11-09,np.float64(113185.23142937469),np.float64(0.5850899473587032),3
2018-11-12,np.float64(111946.75740983001),np.float64(0.5804997713452706),3
2018-11-13,np.float64(111794.62191764519),np.float64(0.5799288952810798),3
2018-11-14,np.float64(111786.5930892276),np.float64(0.579898724589499),3
2018-11-15,np.float64(112616.24535265187),np.float64(0.5829936419606147),3
2018-11-16,np.float64(112962.85690500587),np.float64(0.5842731706929932),3
2018-11-19,np.float64(112012.70850802102),np.float64(0.5807467656474322),3
2018-11-20,np.float64(112788.04668850481),np.float64(0.7912807259428423),4
2018-11-21,np.float64(113426.18336628664),np.float64(0.7924549823639171),4
2018-11-23,np.float64(112997.82364490941),np.float64(0.7916682068043523),4
2018-11-26,np.float64(114477.43606151867),np.float64(0.7943608798637062),4
2018-11-27,np.float64(114836.13038835916),np.float64(0.795003200233784),4
2018-11-28,np.float64(118826.17052066136),np.float64(0.8018867466316585),4
2018-11-29,np.float64(119052.54207769188),np.float64(0.8005963924074017),4
2018-11-30,np.float64(120734.35113104933),np.float64(0.8033740508731133),4
2018-12-03,np.float64(121390.69355041914),np.float64(0.6301722817409161),3
2018-12-04,np.float64(119812.13434253157),np.float64(0.6252996955609479),3
2018-12-06,np.float64(120287.74833239583),np.float64(0.624890371213266),3
2018-12-07,np.float64(118478.27779489395),np.float64(0.6191614744546728),3
2018-12-10,np.float64(119283.44728172902),np.float64(0.6217321543534196),3
2018-12-11,np.float64(119378.18876016929),np.float64(0.6220323570564021),3
2018-12-12,np.float64(120026.7513640543),np.float64(0.6240746990835413),3
2018-12-13,np.float64(120504.69622879918),np.float64(0.625565691324703),3
2018-12-14,np.float64(119426.64851695811),np.float64(0.6221857250046661),3
2018-12-17,np.float64(117915.15385140781),np.float64(0.404510991821247),2
2018-12-18,np.float64(118181.6597614979),np.float64(0.6198849672698499),3
2018-12-19,np.float64(117006.28576559408),np.float64(0.6160665627969635),3
2018-12-20,np.float64(116312.96534113411),np.float64(0.613778005430506),3
2018-12-21,np.float64(114733.9952461143),np.float64(0.6084628154717149),3
2018-12-24,np.float64(112965.11741408982),np.float64(0.6023318835346761),3
2018-12-26,np.float64(116500.65136476114),np.float64(0.6144002205816564),3
2018-12-27,np.float64(117575.06773902429),np.float64(0.6179238818891618),3
2018-12-28,np.float64(117962.27476929856),np.float64(0.38323876084050085),2
2018-12-31,np.float64(118339.7538168757),np.float64(0.3852061001126503),2
2019-01-02,np.float64(118270.6179771464),np.float64(0.38484671843987184),2
2019-01-03,np.float64(117258.3084299356),np.float64(0.37953600273657084),2
2019-01-04,np.float64(118527.54835557798),np.float64(0.5646546086002822),3
2019-01-07,np.float64(118263.58058230244),np.float64(0.5636829049447043),3
2019-01-08,np.float64(119061.16375064512),np.float64(0.5666057654318157),3
2019-01-09,np.float64(119480.59369838709),np.float64(0.5681271716747032),3
2019-01-10,np.float64(119771.31550424625),np.float64(0.5691754598063282),3
2019-01-11,np.float64(119814.87077576743),np.float64(0.5693320737533669),3
2019-01-14,np.float64(119125.04964458197),np.float64(0.5668381915939461),3
2019-01-15,np.float64(119204.97878385652),np.float64(0.5671286345843792),3
2019-01-16,np.float64(119057.0684185763),np.float64(0.5665908575113467),3
2019-01-17,np.float64(119209.25996876319),np.float64(0.5671441803763473),3
2019-01-18,np.float64(119839.4584940274),np.float64(0.5694204348137991),3
2019-01-22,np.float64(118603.14033360017),np.float64(0.5649320769638193),3
2019-01-23,np.float64(117769.36949840406),np.float64(0.561851930172664),3
2019-01-24,np.float64(116899.83458727869),np.float64(0.558592857614502),3
2019-01-25,np.float64(118049.57842654336),np.float64(0.5628919423662613),3
2019-01-28,np.float64(117739.37612385285),np.float64(0.5617403146740952),3
2019-01-29,np.float64(117304.03699014688),np.float64(0.5601138438667518),3
2019-01-30,np.float64(119383.6284452395),np.float64(0.5677763977983225),3
2019-01-31,np.float64(119594.95899259081),np.float64(0.5685401595086892),3
2019-02-01,np.float64(119573.48150813297),np.float64(0.8012227432179369),4
2019-02-04,np.float64(119683.96376461221),np.float64(0.0),0
2019-02-05,np.float64(119683.96376461221),np.float64(0.0),0
2019-02-06,np.float64(119683.96376461221),np.float64(0.0),0
2019-02-07,np.float64(119683.96376461221),np.float64(0.0),0
2019-02-08,np.float64(119683.96376461221),np.float64(0.0),0
2019-02-11,np.float64(119683.96376461221),np.float64(0.0),0
2019-02-12,np.float64(119683.96376461221),np.float64(0.0),0
2019-02-13,np.float64(119683.96376461221),np.float64(0.0),0
2019-02-14,np.float64(119683.96376461221),np.float64(0.0),0
2019-02-15,np.float64(119683.96376461221),np.float64(0.0),0
2019-02-19,np.float64(119413.32599936613),np.float64(0.19818688399820622),1
2019-02-20,np.float64(119555.86139634746),np.float64(0.19914281162450023),1
2019-02-21,np.float64(119957.072143406),np.float64(0.2018213740893394),1
2019-02-22,np.float64(119650.884994335),np.float64(0.19977883142090402),1
2019-02-25,np.float64(119471.39597591409),np.float64(0.19857661133387278),1
2019-02-26,np.float64(119339.41875648694),np.float64(0.19769031884542132),1
2019-02-27,np.float64(119471.39597591409),np.float64(0.19857661133387278),1
2019-02-28,np.float64(119682.55952699752),np.float64(0.19999061358567033),1
2019-03-01,np.float64(119703.67588210586),np.float64(0.20013173942971016),1
2019-03-04,np.float64(119846.21127908718),np.float64(0.20108303808851924),1
2019-03-05,np.float64(119819.81583520175),np.float64(0.20090704242628038),1
2019-03-06,np.float64(119740.62950354547),np.float64(0.20037858988494173),1
2019-03-07,np.float64(119650.884994335),np.float64(0.19977883142090402),1
2019-03-08,np.float64(119418.60508814322),np.float64(0.19822232941828027),1
2019-03-11,np.float64(120126.00298427274),np.float64(0.2029438370289796),1
2019-03-12,np.float64(120057.37483017062),np.float64(0.2024882174282862),1
2019-03-13,np.float64(120147.11933938108),np.float64(0.20308392295922192),1
2019-03-14,np.float64(120083.77027405605),np.float64(0.2009050486691382),1
2019-03-15,np.float64(119872.6067229726),np.float64(0.19949738988712942),1
2019-03-18,np.float64(119930.67669952055),np.float64(0.1998849901998692),1
2019-03-19,np.float64(120009.86303117685),np.float64(0.20041293157842696),1
2019-03-20,np.float64(119994.02576484559),np.float64(0.20030739904647876),1
2019-03-21,np.float64(119983.46758729141),np.float64(0.20023702854761413),1
2019-03-22,np.float64(120205.18931592902),np.float64(0.20171221301793446),1
2019-03-25,np.float64(120257.98020369987),np.float64(0.20206264565367338),1
2019-03-26,np.float64(120592.01017662184),np.float64(0.402766885597426),2
2019-03-27,np.float64(120494.68180314937),np.float64(0.40228447652559934),2
2019-03-28,np.float64(120749.68262819923),np.float64(0.40354674031224946),2
2019-03-29,np.float64(121022.13057193831),np.float64(0.40488949029830934),2
2019-04-01,np.float64(121765.53119774013),np.float64(0.4085227477643737),2
2019-04-02,np.float64(121806.18472952681),np.float64(0.40872015678205403),2
2019-04-03,np.float64(121650.63300986649),np.float64(0.40796410155950896),2
2019-04-04,np.float64(122051.08219733386),np.float64(0.40833555679085193),2
2019-04-05,np.float64(121985.8831768353),np.float64(0.40801932395180157),2
2019-04-08,np.float64(122109.60699419321),np.float64(0.4086191302311411),2
2019-04-09,np.float64(121986.00587254722),np.float64(0.4080199193765797),2
2019-04-10,np.float64(122082.81807785234),np.float64(0.40848936215324727),2
2019-04-11,np.float64(122333.08665622042),np.float64(0.4096994724387787),2
2019-04-12,np.float64(123542.52896244361),np.float64(0.41547832800709433),2
2019-04-15,np.float64(123616.15030315964),np.float64(0.20071582225667986),1
2019-04-16,np.float64(123589.7548592742),np.float64(0.20054511667767655),1
2019-04-17,np.float64(123763.96478891803),np.float64(0.20167042790388473),1
2019-04-18,np.float64(123869.54656445976),np.float64(0.20235089421725339),1
2019-04-22,np.float64(123827.31385424307),np.float64(0.20207884694035957),1
2019-04-23,np.float64(124254.92004518703),np.float64(0.20482478267320112),1
2019-04-24,np.float64(124133.50100331406),np.float64(0.20404699575646557),1
2019-04-25,np.float64(124059.59376043486),np.float64(0.20357281483887643),1
2019-04-26,np.float64(124094.02250388503),np.float64(0.3966861675743545),2
2019-04-29,np.float64(124223.29462554539),np.float64(0.3973140019864089),2
2019-04-30,np.float64(124682.91364756954),np.float64(0.39953568530203676),2
2019-05-01,np.float64(123475.02450885155),np.float64(0.5875210574154641),3
2019-05-02,np.float64(123430.48708992588),np.float64(0.5873722226510796),3
2019-05-03,np.float64(124010.2346507535),np.float64(0.5893012565580105),3
2019-05-06,np.float64(123719.25112120135),np.float64(0.5883353068867478),3
2019-05-07,np.float64(122269.85336644115),np.float64(0.5834553968722638),3
2019-05-08,np.float64(122297.89508371963),np.float64(0.5835509064964219),3
2019-05-09,np.float64(122251.88642430138),np.float64(0.5828762822932997),3
2019-05-10,np.float64(123537.69601320493),np.float64(0.587217804705447),3
2019-05-13,np.float64(121988.78982730913),np.float64(0.5819766600344942),3
2019-05-14,np.float64(123114.37009671195),np.float64(0.5857984626660264),3
2019-05-15,np.float64(123128.36493408399),np.float64(0.585845541039538),3
2019-05-16,np.float64(124102.05897535123),np.float64(0.589094961171513),3
2019-05-17,np.float64(123426.78287648052),np.float64(0.5868468725058293),3
2019-05-20,np.float64(123498.72538964798),np.float64(0.5870875492757406),3
2019-05-21,np.float64(123438.26240434551),np.float64(0.5868852949750638),3
2019-05-22,np.float64(124219.62473235784),np.float64(0.5894838559379543),3
2019-05-23,np.float64(123663.55730261117),np.float64(0.5876379228103837),3
2019-05-24,np.float64(123532.30520621444),np.float64(0.5871997913676386),3
2019-05-28,np.float64(123264.6068336073),np.float64(0.5863032976627428),3
2019-05-29,np.float64(122127.15161742266),np.float64(0.5824502521625416),3
2019-05-30,np.float64(122654.22805281373),np.float64(0.374656518235662),2
2019-05-31,np.float64(121851.01898989771),np.float64(0.370534422613054),2
2019-06-03,np.float64(121087.07789915308),np.float64(0.36656311016486964),2
2019-06-04,np.float64(122351.93495663535),np.float64(0.3731114914459793),2
2019-06-05,np.float64(123680.0857709668),np.float64(0.3798433955996753),2
2019-06-06,np.float64(124121.99494781805),np.float64(0.38205132735814107),2
2019-06-07,np.float64(124871.91851442758),np.float64(0.38576244414150074),2
2019-06-10,np.float64(123732.03372184985),np.float64(0.3801037636212469),2
2019-06-11,np.float64(123377.01690020246),np.float64(0.3783200149367705),2
2019-06-12,np.float64(123551.50365552319),np.float64(0.3791979882534204),2
2019-06-13,np.float64(123801.71436294231),np.float64(0.380452666440436),2
2019-06-14,np.float64(123652.96108179695),np.float64(0.37970735716611237),2
2019-06-17,np.float64(123817.97993823937),np.float64(0.3805340544085577),2
2019-06-18,np.float64(123988.80235227624),np.float64(0.3813875078352543),2
2019-06-19,np.float64(124589.8609581085),np.float64(0.3843718787883288),2
2019-06-20,np.float64(125390.13998505153),np.float64(0.3883010096901746),2
2019-06-21,np.float64(125219.43995523315),np.float64(0.38746713728247906),2
2019-06-24,np.float64(124665.16408798046),np.float64(0.38474374469572625),2
2019-06-25,np.float64(124161.32527054026),np.float64(0.3822470736637464),2
2019-06-26,np.float64(123928.16309827457),np.float64(0.38108481473383854),2
2019-06-27,np.float64(124279.84193655403),np.float64(0.3828361797980059),2
2019-06-28,np.float64(124301.09801943623),np.float64(0.38294171776607805),2
2019-07-01,np.float64(124567.62078645299),np.float64(0.3842619651927631),2
2019-07-02,np.float64(124763.28420542189),np.float64(0.38522761313836557),2
2019-07-03,np.float64(125332.54529143532),np.float64(0.3880199125828725),2
2019-07-05,np.float64(125100.34430306045),np.float64(0.3868840053880869),2
2019-07-08,np.float64(124957.35879979556),np.float64(0.38618243246840156),2
2019-07-09,np.float64(125177.11888833466),np.float64(0.3872600463660975),2
2019-07-10,np.float64(125652.59764865992),np.float64(0.3895786998520386),2
2019-07-11,np.float64(126689.20396707807),np.float64(0.605979600316766),3
2019-07-12,np.float64(127136.89451931439),np.float64(0.6073670749046385),3
2019-07-15,np.float64(126975.76389940057),np.float64(0.8109867124809091),4
2019-07-16,np.float64(126485.1525054353),np.float64(0.8102535665690701),4
2019-07-17,np.float64(126344.5491156763),np.float64(0.8100424059616533),4
2019-07-18,np.float64(126556.394194697),np.float64(0.5932698614490242),3
2019-07-19,np.float64(125775.93833272844),np.float64(0.5907460486667124),3
2019-07-22,np.float64(125765.94957772078),np.float64(0.5907135443404659),3
2019-07-23,np.float64(126088.78158040073),np.float64(0.5917614628348331),3
2019-07-24,np.float64(126883.68608210915),np.float64(0.5943190071573827),3
2019-07-25,np.float64(126817.74349227287),np.float64(0.5941080614759763),3
2019-07-26,np.float64(126952.94041581338),np.float64(0.5945403109473049),3
2019-07-29,np.float64(126896.62676978059),np.float64(0.7829926004072756),4
2019-07-30,np.float64(126766.79718915957),np.float64(0.7827703499418107),4
2019-07-31,np.float64(125837.33990111895),np.float64(0.78116585256779),4
2019-08-01,np.float64(124540.21874155676),np.float64(0.5603331747686162),3
2019-08-02,np.float64(123726.2738693194),np.float64(0.5574407854102497),3
2019-08-05,np.float64(122723.62382335038),np.float64(0.0),0
2019-08-06,np.float64(122723.62382335038),np.float64(0.0),0
2019-08-07,np.float64(122723.62382335038),np.float64(0.0),0
2019-08-08,np.float64(122723.62382335038),np.float64(0.0),0
2019-08-09,np.float64(122723.62382335038),np.float64(0.0),0
2019-08-12,np.float64(122723.62382335038),np.float64(0.0),0
2019-08-13,np.float64(122723.62382335038),np.float64(0.0),0
2019-08-14,np.float64(122723.62382335038),np.float64(0.0),0
2019-08-15,np.float64(122723.62382335038),np.float64(0.0),0
2019-08-16,np.float64(122723.62382335038),np.float64(0.0),0
2019-08-19,np.float64(122723.62382335038),np.float64(0.0),0
2019-08-20,np.float64(122723.62382335038),np.float64(0.0),0
2019-08-21,np.float64(122723.62382335038),np.float64(0.0),0
2019-08-22,np.float64(122723.62382335038),np.float64(0.0),0
2019-08-23,np.float64(122723.62382335038),np.float64(0.0),0
2019-08-26,np.float64(122706.65248120671),np.float64(0.19988935340146266),1
2019-08-27,np.float64(122828.9854159824),np.float64(0.20068623276354633),1
2019-08-28,np.float64(122621.96044943892),np.float64(0.19933673626786685),1
2019-08-29,np.float64(122864.00788510832),np.float64(0.40068555827296076),2
2019-08-30,np.float64(122757.97161014311),np.float64(0.40016788051973584),2
2019-09-03,np.float64(122365.18467349572),np.float64(0.39824244542688625),2
2019-09-04,np.float64(123157.53802309181),np.float64(0.4021139470959222),2
2019-09-05,np.float64(123999.44058214194),np.float64(0.40617333474797274),2
2019-09-06,np.float64(123509.68718265028),np.float64(0.4038186317716314),2
2019-09-09,np.float64(123876.57902922017),np.float64(0.4055843738093436),2
2019-09-10,np.float64(124056.76479779105),np.float64(0.40644773048828237),2
2019-09-11,np.float64(124449.73376831363),np.float64(0.40832196209359534),2
2019-09-12,np.float64(123570.74669228094),np.float64(0.40411322044224623),2
2019-09-13,np.float64(123469.12653855933),np.float64(0.4036227811896414),2
2019-09-16,np.float64(123005.15921450802),np.float64(0.40137328576925785),2
2019-09-17,np.float64(123067.58860618259),np.float64(0.40167695550092986),2
2019-09-18,np.float64(123123.70954706342),np.float64(0.4019496767528439),2
2019-09-19,np.float64(123960.61800160517),np.float64(0.40598735726650903),2
2019-09-20,np.float64(123716.31825668414),np.float64(0.4048143742748993),2
2019-09-23,np.float64(123921.4766046768),np.float64(0.4057997345455188),2
2019-09-24,np.float64(123291.64659555713),np.float64(0.4027642883580105),2
2019-09-25,np.float64(123876.10800371258),np.float64(0.4055821136081914),2
2019-09-26,np.float64(123964.74307433644),np.float64(0.40600712373634396),2
2019-09-27,np.float64(123702.38495193137),np.float64(0.40474733512516176),2
2019-09-30,np.float64(124377.03128974984),np.float64(0.40797610675823726),2
2019-10-01,np.float64(123447.96638611704),np.float64(0.4035205564772175),2
2019-10-02,np.float64(122709.57631033866),np.float64(0.3999313133655866),2
2019-10-03,np.float64(123334.99019821473),np.float64(0.4029741748414547),2
2019-10-04,np.float64(124266.1315221528),np.float64(0.4074477623785726),2
2019-10-07,np.float64(123927.41481708031),np.float64(0.4058282067555757),2
2019-10-08,np.float64(123315.35419381227),np.float64(0.4028791079959038),2
2019-10-09,np.float64(124113.49148981589),np.float64(0.40580918224280843),2
2019-10-10,np.float64(124718.90119177921),np.float64(0.4086934995551826),2
2019-10-11,np.float64(125481.28785744513),np.float64(0.4122861004836401),2
2019-10-14,np.float64(125255.73143103009),np.float64(0.4112277645063969),2
2019-10-15,np.float64(125565.92949565424),np.float64(0.4126822674013154),2
2019-10-16,np.float64(125181.00740939201),np.float64(0.6069501815283176),3
2019-10-17,np.float64(124805.52618670158),np.float64(0.6057676791910634),3
2019-10-18,np.float64(123743.42314129102),np.float64(0.6023839409858228),3
2019-10-21,np.float64(124588.06786717274),np.float64(0.6050795788018796),3
2019-10-22,np.float64(123464.22205228731),np.float64(0.601484774937256),3
2019-10-23,np.float64(123579.88910836019),np.float64(0.601857773191388),3
2019-10-24,np.float64(124381.11427505234),np.float64(0.6044224838703459),3
2019-10-25,np.float64(124212.68893527836),np.float64(0.6038861032627592),3
2019-10-28,np.float64(125268.37950941449),np.float64(0.6072243256354563),3
2019-10-29,np.float64(124868.73970208318),np.float64(0.8025314619774093),4
2019-10-30,np.float64(126077.9628609708),np.float64(0.8044253974750181),4
2019-10-31,np.float64(125597.52645886707),np.float64(0.8036772843470836),4
2019-11-01,np.float64(126094.5825997091),np.float64(0.8044511749408758),4
2019-11-04,np.float64(126608.66060343583),np.float64(0.8052451755182326),4
2019-11-05,np.float64(127719.90192478104),np.float64(0.8069396616964551),4
2019-11-06,np.float64(127409.6801562919),np.float64(0.8064695912944247),4
2019-11-07,np.float64(127776.75556339679),np.float64(0.8070255629439594),4
2019-11-08,np.float64(128441.0895110794),np.float64(0.8080236817707248),4
2019-11-11,np.float64(128045.05572690551),np.float64(0.8074299133714025),4
2019-11-12,np.float64(128510.71103211984),np.float64(0.8081276862009511),4
2019-11-13,np.float64(128194.82816063194),np.float64(0.8076548966328265),4
2019-11-14,np.float64(128382.43289966843),np.float64(0.8079359697680455),4
2019-11-15,np.float64(128938.25527713046),np.float64(0.8087639124579711),4
2019-11-18,np.float64(129037.74084427344),np.float64(0.8089113517304106),4
2019-11-19,np.float64(129406.67157225087),np.float64(0.8094561341072215),4
2019-11-20,np.float64(129200.49783475726),np.float64(0.8084465094889652),4
2019-11-21,np.float64(128903.69472567488),np.float64(0.8080054540819791),4
2019-11-22,np.float64(129196.10144732446),np.float64(0.8084399911548286),4
2019-11-25,np.float64(130498.23069646706),np.float64(0.8103514032034983),4
2019-11-26,np.float64(131040.56623011804),np.float64(0.604780405346262),3
2019-11-27,np.float64(131490.76626115746),np.float64(0.6061335640420377),3
2019-11-29,np.float64(131067.06428096052),np.float64(0.6048603075625093),3
2019-12-02,np.float64(129855.15830460777),np.float64(0.6011725668442248),3
2019-12-03,np.float64(129403.6466278996),np.float64(0.599780989035145),3
2019-12-04,np.float64(129064.29357639921),np.float64(0.5987286798419832),3
2019-12-05,np.float64(128958.69960594247),np.float64(0.5984001108345771),3
2019-12-06,np.float64(129472.06881295513),np.float64(0.5999924930257898),3
2019-12-09,np.float64(129743.04618107661),np.float64(0.6008279365016385),3
2019-12-10,np.float64(129580.45411247086),np.float64(0.600327072293542),3
2019-12-11,np.float64(129903.73850514255),np.float64(0.6013217166447189),3
2019-12-12,np.float64(130340.09842885728),np.float64(0.602656434259702),3
2019-12-13,np.float64(130508.1182938473),np.float64(0.6031679856723123),3
2019-12-16,np.float64(130907.01329522727),np.float64(0.6043771974854782),3
2019-12-17,np.float64(130576.88302886694),np.float64(0.6033769663714957),3
2019-12-18,np.float64(130882.10164463063),np.float64(0.6043018959973415),3
2019-12-19,np.float64(131219.12849819037),np.float64(0.6053182179961072),3
2019-12-20,np.float64(131306.74537103367),np.float64(0.6055815767703248),3
2019-12-23,np.float64(131569.42417653085),np.float64(0.6063690345016974),3
2019-12-24,np.float64(131452.26119383186),np.float64(0.6060181924729516),3
2019-12-26,np.float64(132598.28454527803),np.float64(0.3850583491339014),2
2019-12-27,np.float64(132560.7774463801),np.float64(0.3848843559078522),2
2019-12-30,np.float64(131959.33666260197),np.float64(0.5876907433656741),3
2019-12-31,np.float64(131991.76580162242),np.float64(0.5877920438833357),3
2020-01-02,np.float64(132918.22841363391),np.float64(0.5906652033007735),3
2020-01-03,np.float64(132532.21574079402),np.float64(0.5894729768064297),3
2020-01-06,np.float64(133057.44335960242),np.float64(0.5910934808940194),3
2020-01-07,np.float64(133126.56290185236),np.float64(0.5913057858676293),3
2020-01-08,np.float64(133327.2527722863),np.float64(0.591074010896647),3
2020-01-09,np.float64(134006.49352420983),np.float64(0.5931467402772533),3
2020-01-10,np.float64(133590.99017852102),np.float64(0.5918813189311483),3
2020-01-13,np.float64(134007.19295236567),np.float64(0.593148863779872),3
2020-01-14,np.float64(133834.87120508094),np.float64(0.5926250145166199),3
2020-01-15,np.float64(133774.39051026618),np.float64(0.5924408363485998),3
2020-01-16,np.float64(134513.584316192),np.float64(0.5946805001777282),3
2020-01-17,np.float64(134341.6365936548),np.float64(0.5941617200983613),3
2020-01-21,np.float64(135552.25951951175),np.float64(0.5977862788300329),3
2020-01-22,np.float64(135127.9139291747),np.float64(0.5965231969545812),3
2020-01-23,np.float64(135301.66023220756),np.float64(0.5970413177431093),3
2020-01-24,np.float64(134337.6798158532),np.float64(0.594149766550413),3
2020-01-27,np.float64(133129.99002100556),np.float64(0.5904680928336473),3
2020-01-28,np.float64(133965.93998851057),np.float64(0.5930235795828713),3
2020-01-29,np.float64(133792.25381477212),np.float64(0.5924952517070146),3
2020-01-30,np.float64(134009.2871727902),np.float64(0.5931552218165212),3
2020-01-31,np.float64(135150.20852298994),np.float64(0.5965897551311173),3
2020-02-03,np.float64(135064.34106106998),np.float64(0.5963332861507243),3
2020-02-04,np.float64(135926.31159517734),np.float64(0.0),0
2020-02-05,np.float64(135926.31159517734),np.float64(0.0),0
2020-02-06,np.float64(135926.31159517734),np.float64(0.0),0
2020-02-07,np.float64(135926.31159517734),np.float64(0.0),0
2020-02-10,np.float64(135926.31159517734),np.float64(0.0),0
2020-02-11,np.float64(135926.31159517734),np.float64(0.0),0
2020-02-12,np.float64(135926.31159517734),np.float64(0.0),0
2020-02-13,np.float64(135926.31159517734),np.float64(0.0),0
2020-02-14,np.float64(135926.31159517734),np.float64(0.0),0
2020-02-18,np.float64(135926.31159517734),np.float64(0.0),0
2020-02-19,np.float64(135926.31159517734),np.float64(0.0),0
2020-02-20,np.float64(135926.31159517734),np.float64(0.0),0
2020-02-21,np.float64(135926.31159517734),np.float64(0.0),0
2020-02-24,np.float64(135926.31159517734),np.float64(0.0),0
2020-02-25,np.float64(135926.31159517734),np.float64(0.0),0
2020-02-26,np.float64(135926.31159517734),np.float64(0.0),0
2020-02-27,np.float64(135926.31159517734),np.float64(0.0),0
2020-02-28,np.float64(135926.31159517734),np.float64(0.0),0
2020-03-02,np.float64(135926.31159517734),np.float64(0.0),0
2020-03-03,np.float64(135926.31159517734),np.float64(0.0),0
2020-03-04,np.float64(135926.31159517734),np.float64(0.0),0
2020-03-05,np.float64(135926.31159517734),np.float64(0.0),0
2020-03-06,np.float64(135926.31159517734),np.float64(0.0),0
2020-03-09,np.float64(135926.31159517734),np.float64(0.0),0
2020-03-10,np.float64(137039.46420106705),np.float64(0.4048737169794673),2
2020-03-11,np.float64(134966.18584762173),np.float64(0.3957317053533411),2
2020-03-12,np.float64(129585.1162583354),np.float64(0.3706392422836567),2
2020-03-13,np.float64(133319.50650868655),np.float64(0.38826816050513535),2
2020-03-16,np.float64(125167.7861690943),np.float64(0.5656188680638677),3
2020-03-17,np.float64(130708.16880142823),np.float64(0.5840311654838451),3
2020-03-18,np.float64(128320.56632105069),np.float64(0.5762914223582912),3
2020-03-19,np.float64(129932.27807939585),np.float64(0.5815472071932155),3
2020-03-20,np.float64(126547.40770499792),np.float64(0.5703544969896401),3
2020-03-23,np.float64(126716.04284192153),np.float64(0.5709262740638276),3
2020-03-24,np.float64(132820.78733930903),np.float64(0.6072378742727532),3
2020-03-25,np.float64(130561.75783151473),np.float64(0.6004421536398643),3
2020-03-26,np.float64(136136.25033455226),np.float64(0.6168032052597728),3
2020-03-27,np.float64(134621.57853153453),np.float64(0.6124917316733609),3
2020-03-30,np.float64(137604.42578175364),np.float64(0.6208917374584114),3
2020-03-31,np.float64(134585.40974418368),np.float64(0.7980073592619848),4
2020-04-01,np.float64(131457.7129564689),np.float64(0.7932014660255222),4
2020-04-02,np.float64(133080.50961015694),np.float64(0.79572318742488),4
2020-04-03,np.float64(132275.31843055974),np.float64(0.7944797061040012),4
2020-04-06,np.float64(139119.84150923675),np.float64(0.8045910488100252),4
2020-04-07,np.float64(137931.61112837528),np.float64(1.0),5
2020-04-08,np.float64(141861.17224393343),np.float64(0.9989916889182311),5
2020-04-09,np.float64(143424.38187048363),np.float64(0.9990026786925569),5
2020-04-13,np.float64(142406.26066719557),np.float64(0.9989955484304123),5
2020-04-14,np.float64(147265.43122234303),np.float64(0.9990286913170388),5
2020-04-15,np.float64(145331.6759727186),np.float64(0.9990157672710446),5
2020-04-16,np.float64(145893.13740602182),np.float64(0.9990195550346676),5
2020-04-17,np.float64(148781.1698405163),np.float64(0.9990385867230401),5
2020-04-20,np.float64(147187.25100472986),np.float64(0.9990281753951523),5
2020-04-21,np.float64(140429.3984984776),np.float64(0.9989814084972539),5
2020-04-22,np.float64(145027.65129494513),np.float64(0.9990137040021742),5
2020-04-23,np.float64(144750.98371798897),np.float64(0.9990118188604163),5
2020-04-24,np.float64(147595.65924060633),np.float64(0.9990308645065699),5
2020-04-27,np.float64(147855.85334974987),np.float64(0.9990325699740278),5
2020-04-28,np.float64(145932.80960881923),np.float64(0.9990198215711071),5
2020-04-29,np.float64(151188.42011417294),np.float64(0.9990538945248699),5
2020-04-30,np.float64(152586.3513323727),np.float64(0.9990625623406204),5
2020-05-01,np.float64(149348.65189338554),np.float64(0.7583669389222152),4
2020-05-04,np.float64(150464.5447365108),np.float64(0.7601589664326917),4
2020-05-05,np.float64(151679.13153415034),np.float64(0.7620795190489722),4
2020-05-06,np.float64(151372.9884010442),np.float64(0.7615983386069537),4
2020-05-07,np.float64(153548.97482709878),np.float64(0.7649767967159986),4
2020-05-08,np.float64(156020.2647116778),np.float64(0.7686994571408506),4
2020-05-11,np.float64(157591.5845122125),np.float64(0.771005716856393),4
2020-05-12,np.float64(155772.29038252792),np.float64(0.5665943277096951),3
2020-05-13,np.float64(154083.01343641756),np.float64(0.5618427188581743),3
2020-05-14,np.float64(154416.25882029647),np.float64(0.5627883051097061),3
2020-05-15,np.float64(155738.3890667106),np.float64(0.5664999834528849),3
2020-05-18,np.float64(155983.05606253352),np.float64(0.567179949273629),3
2020-05-19,np.float64(155313.6629823072),np.float64(0.5653145193985225),3
2020-05-20,np.float64(155699.85747963432),np.float64(0.5663927036910049),3
2020-05-21,np.float64(154798.66399314604),np.float64(0.5638683661996636),3
2020-05-22,np.float64(155526.65055774926),np.float64(0.5659098039125345),3
2020-05-26,np.float64(155248.92029422015),np.float64(0.5651332446660914),3
2020-05-27,np.float64(155898.5717913358),np.float64(0.7975089691847866),4
2020-05-28,np.float64(157656.0857973399),np.float64(0.7997662929090698),4
2020-05-29,np.float64(157187.4486065637),np.float64(0.7991693180054013),4
2020-06-01,np.float64(157620.16097220522),np.float64(0.7997206555942178),4
2020-06-02,np.float64(157393.41649950884),np.float64(0.7994321286955122),4
2020-06-03,np.float64(157634.9793340485),np.float64(0.7997394827086544),4
2020-06-04,np.float64(156009.47957957126),np.float64(0.7963042985347324),4
2020-06-05,np.float64(158160.0560688283),np.float64(0.7990740445592488),4
2020-06-08,np.float64(159697.41446619912),np.float64(0.8010082975706648),4
2020-06-09,np.float64(158912.3171608104),np.float64(0.8000251903316338),4
2020-06-10,np.float64(161302.6639837241),np.float64(0.8029886203156654),4
2020-06-11,np.float64(154812.1130856629),np.float64(0.7947288507029938),4
2020-06-12,np.float64(157707.74502431613),np.float64(0.7984977822535453),4
2020-06-15,np.float64(158663.03395835456),np.float64(0.55789237376827),3
2020-06-16,np.float64(159926.0663321562),np.float64(0.37285459247597286),2
2020-06-17,np.float64(158114.8630037977),np.float64(0.3656706514606051),2
2020-06-18,np.float64(159618.06819353258),np.float64(0.37164445617780945),2
2020-06-19,np.float64(159732.5766244398),np.float64(0.3720949091091741),2
2020-06-22,np.float64(160114.3705395368),np.float64(0.3735921534986235),2
2020-06-23,np.float64(160219.8787039111),np.float64(0.374004656257761),2
2020-06-24,np.float64(159402.49553909068),np.float64(0.3707946810719873),2
2020-06-25,np.float64(159836.80658035813),np.float64(0.3725043674895349),2
2020-06-26,np.float64(159117.901433404),np.float64(0.36966930093926503),2
2020-06-29,np.float64(161877.82307974406),np.float64(0.6174323330427617),3
2020-06-30,np.float64(163600.18398245424),np.float64(0.6214599543825938),3
2020-07-01,np.float64(165667.93488008276),np.float64(0.6261846255730709),3
2020-07-02,np.float64(165207.06961636196),np.float64(0.8076446700980356),4
2020-07-06,np.float64(167376.0702247908),np.float64(0.8101373730694433),4
2020-07-07,np.float64(167337.09302412442),np.float64(0.8100931490807558),4
2020-07-08,np.float64(168266.34601495365),np.float64(0.811141912029349),4
2020-07-09,np.float64(168475.94706930438),np.float64(0.8113768705207534),4
2020-07-10,np.float64(168831.21196873006),np.float64(0.8117737827761496),4
2020-07-13,np.float64(168193.46591324877),np.float64(0.811060077716795),4
2020-07-14,np.float64(169286.90898382993),np.float64(0.8114355046007279),4
2020-07-15,np.float64(168737.76818974386),np.float64(0.8108218396349595),4
2020-07-16,np.float64(168630.1192463697),np.float64(0.8107010733734886),4
2020-07-17,np.float64(168610.8781961935),np.float64(0.6208342991399562),3
2020-07-20,np.float64(169209.73030287927),np.float64(0.622176208841819),3
2020-07-21,np.float64(169114.32006324315),np.float64(0.6219630497288524),3
2020-07-22,np.float64(169155.3141328319),np.float64(0.6220546653728892),3
2020-07-23,np.float64(167897.3148037067),np.float64(0.6192228453526419),3
2020-07-24,np.float64(167276.323371672),np.float64(0.6178092600598497),3
2020-07-27,np.float64(167018.59950775),np.float64(0.8053723382480046),4
2020-07-28,np.float64(166143.80553600955),np.float64(0.8043475687437471),4
2020-07-29,np.float64(166325.00492345635),np.float64(0.8045607182982139),4
2020-07-30,np.float64(166179.40345043052),np.float64(0.8043894801861973),4
2020-07-31,np.float64(169637.24166229606),np.float64(0.8083767504543709),4
2020-08-03,np.float64(169896.84154878792),np.float64(0.5369234993243481),3
2020-08-04,np.float64(170085.2954027644),np.float64(0.0),0
2020-08-05,np.float64(170085.2954027644),np.float64(0.0),0
2020-08-06,np.float64(170085.2954027644),np.float64(0.0),0
2020-08-07,np.float64(170085.2954027644),np.float64(0.0),0
2020-08-10,np.float64(170085.2954027644),np.float64(0.0),0
2020-08-11,np.float64(170085.2954027644),np.float64(0.0),0
2020-08-12,np.float64(170085.2954027644),np.float64(0.0),0
2020-08-13,np.float64(170085.2954027644),np.float64(0.0),0
2020-08-14,np.float64(170085.2954027644),np.float64(0.0),0
2020-08-17,np.float64(170085.2954027644),np.float64(0.0),0
2020-08-18,np.float64(170085.2954027644),np.float64(0.0),0
2020-08-19,np.float64(170085.2954027644),np.float64(0.0),0
2020-08-20,np.float64(170085.2954027644),np.float64(0.0),0
2020-08-21,np.float64(170085.2954027644),np.float64(0.0),0
2020-08-24,np.float64(170085.2954027644),np.float64(0.0),0
2020-08-25,np.float64(170085.2954027644),np.float64(0.0),0
2020-08-26,np.float64(170085.2954027644),np.float64(0.0),0
2020-08-27,np.float64(170240.6431495968),np.float64(0.4005475111370295),2
2020-08-28,np.float64(170821.3410740223),np.float64(0.40258531750177146),2
2020-08-31,np.float64(170101.3291832534),np.float64(0.40005655610299806),2
2020-09-01,np.float64(170827.95084863994),np.float64(0.6017389553458581),3
2020-09-02,np.float64(175020.41016689874),np.float64(0.8056394734299025),4
2020-09-03,np.float64(168015.67932912416),np.float64(0.7975364012669485),4
2020-09-04,np.float64(166112.47885941237),np.float64(0.7952167151190197),4
2020-09-08,np.float64(159489.77932311076),np.float64(0.7867132350115198),4
2020-09-09,np.float64(161786.12258858973),np.float64(0.789740562810472),4
2020-09-10,np.float64(159738.40989819192),np.float64(0.7870452128437149),4
2020-09-11,np.float64(159217.24219634844),np.float64(0.7863481453936838),4
2020-09-14,np.float64(160449.97405781702),np.float64(0.7879896255496118),4
2020-09-15,np.float64(162008.01765316603),np.float64(0.7900285456650786),4
2020-09-16,np.float64(160545.74135438446),np.float64(0.7881160920646004),4
2020-09-17,np.float64(159164.40909150825),np.float64(0.7862772257019126),4
2020-09-18,np.float64(157652.7001472798),np.float64(0.784227868924706),4
2020-09-21,np.float64(158537.00592335433),np.float64(0.7854314273034863),4
2020-09-22,np.float64(160676.1587178733),np.float64(0.7882880736507868),4
2020-09-23,np.float64(158251.16555258544),np.float64(0.7850438638996986),4
2020-09-24,np.float64(159458.06658677268),np.float64(0.7866708169194957),4
2020-09-25,np.float64(160315.22138175892),np.float64(0.7878114206039863),4
2020-09-28,np.float64(162279.08796307287),np.float64(0.7903792811043308),4
2020-09-29,np.float64(162484.65070012206),np.float64(0.7906444766691594),4
2020-09-30,np.float64(162858.0028776493),np.float64(0.5830772297149244),3
2020-10-01,np.float64(164301.6570729688),np.float64(0.5867405665136456),3
2020-10-02,np.float64(161339.77370107098),np.float64(0.5791539298384819),3
2020-10-05,np.float64(163852.2537227538),np.float64(0.5856071053027246),3
2020-10-06,np.float64(162403.84911750216),np.float64(0.5819113272757591),3
2020-10-07,np.float64(163564.4460610423),np.float64(0.5848779404204728),3
2020-10-08,np.float64(164992.28122138866),np.float64(0.5884703864919817),3
2020-10-09,np.float64(166726.50809678648),np.float64(0.5927509638513622),3
2020-10-12,np.float64(169459.63340673057),np.float64(0.599319269386856),3
2020-10-13,np.float64(169739.03852667168),np.float64(0.5999788244813515),3
2020-10-14,np.float64(168969.51949130208),np.float64(0.5981570526609709),3
2020-10-15,np.float64(168364.0749836309),np.float64(0.596712008013314),3
2020-10-16,np.float64(168336.83822688006),np.float64(0.5966467563604139),3
2020-10-19,np.float64(166206.39203919598),np.float64(0.5914765437731668),3
2020-10-20,np.float64(166823.48691928008),np.float64(0.5929877082853546),3
2020-10-21,np.float64(167484.92327335535),np.float64(0.594595093123548),3
2020-10-22,np.float64(167700.54529254633),np.float64(0.5951163450041435),3
2020-10-23,np.float64(168036.99669294723),np.float64(0.5959270216729945),3
2020-10-26,np.float64(165303.5541138397),np.float64(0.5892453124384479),3
2020-10-27,np.float64(165715.3495639781),np.float64(0.5902660200066117),3
2020-10-28,np.float64(161423.89335051907),np.float64(0.5793732370498174),3
2020-10-29,np.float64(163914.46807554306),np.float64(0.5857643896843094),3
2020-10-30,np.float64(164649.24540067965),np.float64(0.5876129917412662),3
2020-11-02,np.float64(165397.73811299336),np.float64(0.5894792123671109),3
2020-11-03,np.float64(167286.64672953822),np.float64(0.5941145868467262),3
2020-11-04,np.float64(172536.89098591916),np.float64(0.6064655544976426),3
2020-11-05,np.float64(176725.42367201054),np.float64(0.6157926329328806),3
2020-11-06,np.float64(177051.98798295652),np.float64(0.6165012858856997),3
2020-11-09,np.float64(176696.23082916057),np.float64(0.6157291561669305),3
2020-11-10,np.float64(174033.34269592894),np.float64(0.6098494192490581),3
2020-11-11,np.float64(176045.75217919098),np.float64(0.6143092981094365),3
2020-11-12,np.float64(175039.32231563627),np.float64(0.6120916784606465),3
2020-11-13,np.float64(177461.61521195405),np.float64(0.6173864999383225),3
2020-11-16,np.float64(178524.09680303052),np.float64(0.6196636143872554),3
2020-11-17,np.float64(177785.79146314465),np.float64(0.6180841609217123),3
2020-11-18,np.float64(177777.35289329643),np.float64(0.6169066736171671),3
2020-11-19,np.float64(179196.77707624214),np.float64(0.6199411697764454),3
2020-11-20,np.float64(178140.92978465318),np.float64(0.6176885482872622),3
2020-11-23,np.float64(179986.93101146154),np.float64(0.6216096519191677),3
2020-11-24,np.float64(182653.31452205428),np.float64(0.6271334158176234),3
2020-11-25,np.float64(181666.68644011198),np.float64(0.6251083849769056),3
2020-11-27,np.float64(183180.60681828798),np.float64(0.6282067263649421),3
2020-11-30,np.float64(182231.36182633345),np.float64(0.6262700514726325),3
2020-12-01,np.float64(184385.49617168546),np.float64(0.6306362545348292),3
2020-12-02,np.float64(184798.36153727688),np.float64(0.43095649119188356),2
2020-12-03,np.float64(184225.94464665768),np.float64(0.6303163617586407),3
2020-12-04,np.float64(186548.6034594494),np.float64(0.6349191780991708),3
2020-12-07,np.float64(187004.00129485523),np.float64(0.6358082340278708),3
2020-12-08,np.float64(187627.21591351522),np.float64(0.6370179179825378),3
2020-12-09,np.float64(184731.72943532775),np.float64(0.6313285341743606),3
2020-12-10,np.float64(184959.95131910295),np.float64(0.6317834374970791),3
2020-12-11,np.float64(185520.8966651629),np.float64(0.6328967857548282),3
2020-12-14,np.float64(185560.89981033112),np.float64(0.3714803992066411),2
2020-12-15,np.float64(185366.69632622978),np.float64(0.3708219168647796),2
2020-12-16,np.float64(186720.88848389796),np.float64(0.375385027253106),2
2020-12-17,np.float64(187119.12717813725),np.float64(0.3767143721196637),2
2020-12-18,np.float64(187239.9491918275),np.float64(0.3771165652680262),2
2020-12-21,np.float64(187692.80908479338),np.float64(0.3786194407748631),2
2020-12-22,np.float64(188668.8924921382),np.float64(0.3818341692099261),2
2020-12-23,np.float64(187610.62595388052),np.float64(0.3783472440398122),2
2020-12-24,np.float64(187604.150935754),np.float64(0.37832578815601015),2
2020-12-28,np.float64(187754.46569008526),np.float64(0.3788234956597117),2
2020-12-29,np.float64(187273.6873900693),np.float64(0.3772287805241864),2
2020-12-30,np.float64(186887.07722688414),np.float64(0.37594046414425664),2
2020-12-31,np.float64(187021.2602892307),np.float64(0.37638821120508925),2
2021-01-04,np.float64(185935.96334582905),np.float64(0.3727482270080056),2
2021-01-05,np.float64(186166.27028181968),np.float64(0.37352420234292405),2
2021-01-06,np.float64(184424.46919429686),np.float64(0.3676074374448985),2
2021-01-07,np.float64(185645.68977783865),np.float64(0.3717674630032361),2
2021-01-08,np.float64(186513.8506032448),np.float64(0.37469167949494486),2
2021-01-11,np.float64(185567.89904309312),np.float64(0.3715041056505041),2
2021-01-12,np.float64(184730.0483023121),np.float64(0.3686535366418455),2
2021-01-13,np.float64(186055.3358911147),np.float64(0.6345999277657461),3
2021-01-14,np.float64(186200.72274336658),np.float64(0.6348852347480824),3
2021-01-15,np.float64(184563.20515648293),np.float64(0.6316457924723374),3
2021-01-19,np.float64(187827.30740187597),np.float64(0.6380471289580831),3
2021-01-20,np.float64(190387.0190731786),np.float64(0.6429135058412223),3
2021-01-21,np.float64(190322.00932451693),np.float64(0.642791533068246),3
2021-01-22,np.float64(190331.43455510377),np.float64(0.6428092220652121),3
2021-01-25,np.float64(191522.43111119146),np.float64(0.645030439621393),3
2021-01-26,np.float64(191336.29320476597),np.float64(0.45992834420103373),2
2021-01-27,np.float64(188311.74810337345),np.float64(0.4512540522495245),2
2021-01-28,np.float64(189253.74458451945),np.float64(0.6337285174612516),3
2021-01-29,np.float64(188686.76788704062),np.float64(0.6326279241452709),3
2021-02-01,np.float64(190922.8240786607),np.float64(0.6369305244698126),3
2021-02-02,np.float64(193208.79154891093),np.float64(0.6412262141423641),3
2021-02-03,np.float64(193999.33970333321),np.float64(0.0),0
2021-02-04,np.float64(193999.33970333321),np.float64(0.0),0
2021-02-05,np.float64(193999.33970333321),np.float64(0.0),0
2021-02-08,np.float64(193999.33970333321),np.float64(0.0),0
2021-02-09,np.float64(193999.33970333321),np.float64(0.0),0
2021-02-10,np.float64(193999.33970333321),np.float64(0.0),0
2021-02-11,np.float64(193999.33970333321),np.float64(0.0),0
2021-02-12,np.float64(193999.33970333321),np.float64(0.0),0
2021-02-16,np.float64(193999.33970333321),np.float64(0.0),0
2021-02-17,np.float64(193999.33970333321),np.float64(0.0),0
2021-02-18,np.float64(193999.33970333321),np.float64(0.0),0
2021-02-19,np.float64(193999.33970333321),np.float64(0.0),0
2021-02-22,np.float64(193999.33970333321),np.float64(0.0),0
2021-02-23,np.float64(193999.33970333321),np.float64(0.0),0
2021-02-24,np.float64(193999.33970333321),np.float64(0.0),0
2021-02-25,np.float64(193999.33970333321),np.float64(0.0),0
2021-02-26,np.float64(193999.33970333321),np.float64(0.0),0
2021-03-01,np.float64(193999.33970333321),np.float64(0.0),0
2021-03-02,np.float64(193999.33970333321),np.float64(0.0),0
2021-03-03,np.float64(193999.33970333321),np.float64(0.0),0
2021-03-04,np.float64(193999.33970333321),np.float64(0.0),0
2021-03-05,np.float64(193999.33970333321),np.float64(0.0),0
2021-03-08,np.float64(193999.33970333321),np.float64(0.0),0
2021-03-09,np.float64(193999.33970333321),np.float64(0.0),0
2021-03-10,np.float64(193999.33970333321),np.float64(0.0),0
2021-03-11,np.float64(193999.33970333321),np.float64(0.0),0
2021-03-12,np.float64(193999.33970333321),np.float64(0.0),0
2021-03-15,np.float64(193999.33970333321),np.float64(0.0),0
2021-03-16,np.float64(193853.82990469012),np.float64(0.19939950714942434),1
2021-03-17,np.float64(193894.15384557605),np.float64(0.1995660070995604),1
2021-03-18,np.float64(192879.19167391508),np.float64(0.19535399119128669),1
2021-03-19,np.float64(193078.2375097776),np.float64(0.19618350693300074),1
2021-03-22,np.float64(194014.26771204482),np.float64(0.20006155427180747),1
2021-03-23,np.float64(194682.6155833245),np.float64(0.20280775303103063),1
2021-03-24,np.float64(193937.05165502918),np.float64(0.19974305869756204),1
2021-03-25,np.float64(193892.43793319794),np.float64(0.19955892340609133),1
2021-03-26,np.float64(195445.3386354011),np.float64(0.20591878605921787),1
2021-03-29,np.float64(195465.07162774954),np.float64(0.20599895178083882),1
2021-03-30,np.float64(195133.9005387714),np.float64(0.20465141457145333),1
2021-03-31,np.float64(195984.1351221324),np.float64(0.20810186158206045),1
2021-04-01,np.float64(196667.92620481522),np.float64(0.21085519760330573),1
2021-04-05,np.float64(197378.31392935902),np.float64(0.21369542239472217),1
2021-04-06,np.float64(197354.29115606524),np.float64(0.2135997101783979),1
2021-04-07,np.float64(197531.88808720122),np.float64(0.21430674679648093),1
2021-04-08,np.float64(198083.5539167684),np.float64(0.2164949149292882),1
2021-04-09,np.float64(198443.89551617467),np.float64(0.21791763178718376),1
2021-04-12,np.float64(198614.62879779813),np.float64(0.21858992611934366),1
2021-04-13,np.float64(199372.20411274035),np.float64(0.22155913130746716),1
2021-04-14,np.float64(199009.2886447669),np.float64(0.2201395582107787),1
2021-04-15,np.float64(200092.0293553638),np.float64(0.2243595496398709),1
2021-04-16,np.float64(200249.03533796227),np.float64(0.22496769334876002),1
2021-04-19,np.float64(199484.59637350755),np.float64(0.22199771519161887),1
2021-04-20,np.float64(199316.4369604513),np.float64(0.22134132974963067),1
2021-04-21,np.float64(199155.99915309658),np.float64(0.2207140511827588),1
2021-04-22,np.float64(198722.73127762),np.float64(0.2190150026377732),1
2021-04-23,np.float64(199456.2838192685),np.float64(0.22188727880192502),1
2021-04-26,np.float64(199444.2724326216),np.float64(0.2218404175276695),1
2021-04-27,np.float64(199583.26133524973),np.float64(0.22238232442764605),1
2021-04-28,np.float64(199425.3973964622),np.float64(0.22176676697739514),1
2021-04-29,np.float64(199477.73272399505),np.float64(0.2219709456122281),1
2021-04-30,np.float64(198812.81667747156),np.float64(0.21936887995283377),1
2021-05-03,np.float64(198394.13405720907),np.float64(0.21772146893257865),1
2021-05-04,np.float64(197299.38195996525),np.float64(0.21338085187637),1
2021-05-05,np.float64(196955.34152815118),np.float64(0.2120067901764237),1
2021-05-06,np.float64(196691.0910219199),np.float64(0.2109481372220839),1
2021-05-07,np.float64(197130.36459071992),np.float64(0.21270641341890617),1
2021-05-10,np.float64(196410.9481969017),np.float64(0.4073670287192469),2
2021-05-11,np.float64(196558.7535538449),np.float64(0.407812668133787),2
2021-05-12,np.float64(194438.0525588212),np.float64(0.40135378702794383),2
2021-05-13,np.float64(195250.71605253583),np.float64(0.4038454445888924),2
2021-05-14,np.float64(196668.01007484325),np.float64(0.4081416506034544),2
2021-05-17,np.float64(196166.31779565418),np.float64(0.406627982163314),2
2021-05-18,np.float64(196818.30109182838),np.float64(0.4085935953298773),2
2021-05-19,np.float64(196808.19290796018),np.float64(0.408563220351118),2
2021-05-20,np.float64(197907.16178809688),np.float64(0.4118474401313922),2
2021-05-21,np.float64(197413.29990919624),np.float64(0.4103760796484331),2
2021-05-24,np.float64(198253.426308689),np.float64(0.412874692814838),2
2021-05-25,np.float64(199035.5917658879),np.float64(0.4151819642443001),2
2021-05-26,np.float64(199151.6637393583),np.float64(0.41552281494198795),2
2021-05-27,np.float64(198272.7062244227),np.float64(0.41293178451779194),2
2021-05-28,np.float64(198907.09802843502),np.float64(0.4148041725219888),2
2021-06-01,np.float64(198061.08713071168),np.float64(0.41230452933351186),2
2021-06-02,np.float64(197963.47981606505),np.float64(0.41201476186339553),2
2021-06-03,np.float64(197806.86631253496),np.float64(0.41154922479744216),2
2021-06-04,np.float64(198850.53351750333),np.float64(0.4146377092231732),2
2021-06-07,np.float64(199014.62764153274),np.float64(0.4151203597372746),2
2021-06-08,np.float64(198696.01881488058),np.float64(0.4141825059391547),2
2021-06-09,np.float64(198959.09188390683),np.float64(0.41495710138283404),2
2021-06-10,np.float64(200967.96529933185),np.float64(0.42080518331054173),2
2021-06-11,np.float64(201700.65298204654),np.float64(0.4229091373721993),2
2021-06-14,np.float64(202994.32422229875),np.float64(0.42658690449625125),2
2021-06-15,np.float64(202111.29451559158),np.float64(0.4240816471885966),2
2021-06-16,np.float64(200884.23268479848),np.float64(0.42056376318673494),2
2021-06-17,np.float64(201730.5575657765),np.float64(0.4229946854529139),2
2021-06-18,np.float64(202247.33368604045),np.float64(0.4244690315537442),2
2021-06-21,np.float64(202737.95652834667),np.float64(0.4258618079455437),2
2021-06-22,np.float64(203631.73478593735),np.float64(0.42838180922849756),2
2021-06-23,np.float64(203206.73939184143),np.float64(0.4271863021356404),2
2021-06-24,np.float64(203814.8058379683),np.float64(0.4288952495701564),2
2021-06-25,np.float64(204382.22745720987),np.float64(0.43048079439113796),2
2021-06-28,np.float64(205047.6695784005),np.float64(0.43232905762191925),2
2021-06-29,np.float64(204994.07831784902),np.float64(0.43218065235270314),2
2021-06-30,np.float64(205582.8138412349),np.float64(0.43380673876809733),2
2021-07-01,np.float64(205035.34280351552),np.float64(0.4322949291062217),2
2021-07-02,np.float64(205969.00982364462),np.float64(0.4348683623732331),2
2021-07-06,np.float64(206250.66734160407),np.float64(0.43564011053980123),2
2021-07-07,np.float64(206948.1678250447),np.float64(0.43754223559782907),2
2021-07-08,np.float64(206930.47712883502),np.float64(0.43749415051351054),2
2021-07-09,np.float64(207002.11576813002),np.float64(0.43768882076363413),2
2021-07-12,np.float64(206564.1656326398),np.float64(0.4364966282244297),2
2021-07-13,np.float64(207123.18398486875),np.float64(0.4380175044503786),2
2021-07-14,np.float64(207718.75566896077),np.float64(0.43962882192735275),2
2021-07-15,np.float64(207520.91207131522),np.float64(0.439094582516104),2
2021-07-16,np.float64(207412.615761009),np.float64(0.6258678113835299),3
2021-07-19,np.float64(206692.97391719295),np.float64(0.6245651973036009),3
2021-07-20,np.float64(207803.62569370598),np.float64(0.626571790447429),3
2021-07-21,np.float64(208153.64580686242),np.float64(0.6271997274871898),3
2021-07-22,np.float64(209273.92464087717),np.float64(0.6291953906130556),3
2021-07-23,np.float64(210199.0810994669),np.float64(0.630827425717371),3
2021-07-26,np.float64(209837.75008711836),np.float64(0.6301917274221811),3
2021-07-27,np.float64(209806.29854843847),np.float64(0.630136290386832),3
2021-07-28,np.float64(209762.07418531337),np.float64(0.6300583116241588),3
2021-07-29,np.float64(209878.69562947948),np.float64(0.6302638738601267),3
2021-07-30,np.float64(209962.89326319366),np.float64(0.6304121424729078),3
2021-08-02,np.float64(209640.80953144102),np.float64(0.6298443225115707),3
2021-08-03,np.float64(210788.04218012618),np.float64(0.6318589276756912),3
2021-08-04,np.float64(210658.3151102846),np.float64(0.0),0
2021-08-05,np.float64(210658.3151102846),np.float64(0.0),0
2021-08-06,np.float64(210658.3151102846),np.float64(0.0),0
2021-08-09,np.float64(210658.3151102846),np.float64(0.0),0
2021-08-10,np.float64(210658.3151102846),np.float64(0.0),0
2021-08-11,np.float64(210658.3151102846),np.float64(0.0),0
2021-08-12,np.float64(210658.3151102846),np.float64(0.0),0
2021-08-13,np.float64(210658.3151102846),np.float64(0.0),0
2021-08-16,np.float64(210658.3151102846),np.float64(0.0),0
2021-08-17,np.float64(210658.3151102846),np.float64(0.0),0
2021-08-18,np.float64(210658.3151102846),np.float64(0.0),0
2021-08-19,np.float64(210658.3151102846),np.float64(0.0),0
2021-08-20,np.float64(210770.4701260862),np.float64(0.20042569536703894),1
2021-08-23,np.float64(212433.5807836684),np.float64(0.20668544273211364),1
2021-08-24,np.float64(211981.47303209268),np.float64(0.20499348514898852),1
2021-08-25,np.float64(212243.85699506075),np.float64(0.20597630256903232),1
2021-08-26,np.float64(211828.07933066518),np.float64(0.20441778719450912),1
2021-08-27,np.float64(213495.22666460075),np.float64(0.21063035122100565),1
2021-08-30,np.float64(213462.9332537739),np.float64(0.21051093265041965),1
2021-08-31,np.float64(213220.7326725726),np.float64(0.20961414035181253),1
2021-09-01,np.float64(212926.0552987777),np.float64(0.20852029193068372),1
2021-09-02,np.float64(212607.1578668627),np.float64(0.20733312189911676),1
2021-09-03,np.float64(212897.79856430422),np.float64(0.20841524325426297),1
2021-09-07,np.float64(212586.9744850959),np.float64(0.20725786470966132),1
2021-09-08,np.float64(211384.04493179615),np.float64(0.20274658315577496),1
2021-09-09,np.float64(211375.97157908947),np.float64(0.20271613263681232),1
2021-09-10,np.float64(210992.48732552075),np.float64(0.20126704877305163),1
2021-09-13,np.float64(211059.27427048772),np.float64(0.40113984802114666),2
2021-09-14,np.float64(211464.90448079945),np.float64(0.4007880781612245),2
2021-09-15,np.float64(211555.96940809203),np.float64(0.4010460108031055),2
2021-09-16,np.float64(211405.8374917911),np.float64(0.4006206577890114),2
2021-09-17,np.float64(209773.76593512477),np.float64(0.3959573960521816),2
2021-09-20,np.float64(208546.13690502063),np.float64(0.39240163497680985),2
2021-09-21,np.float64(209051.23997453426),np.float64(0.39386969514828774),2
2021-09-22,np.float64(209741.4001045571),np.float64(0.39586418440886617),2
2021-09-23,np.float64(210387.89837283903),np.float64(0.39772062559016735),2
2021-09-24,np.float64(210133.2922900351),np.float64(0.39699087929151605),2
2021-09-27,np.float64(210874.41274327872),np.float64(0.39911016150805306),2
2021-09-28,np.float64(207461.24139049518),np.float64(0.38922426682636135),2
2021-09-29,np.float64(207230.70473275048),np.float64(0.38854480093186955),2
2021-09-30,np.float64(207889.87066209683),np.float64(0.3904835699217377),2
2021-10-01,np.float64(208123.73573112962),np.float64(0.39116847307080016),2
2021-10-04,np.float64(207249.33253848445),np.float64(0.38859975922063095),2
2021-10-05,np.float64(207910.7174086895),np.float64(0.3905446847825794),2
2021-10-06,np.float64(209125.3833051867),np.float64(0.39408459263658296),2
2021-10-07,np.float64(210388.12142564074),np.float64(0.3977212641248003),2
2021-10-08,np.float64(210008.3392692228),np.float64(0.3966320944381521),2
2021-10-11,np.float64(209938.04866878205),np.float64(0.3964300772590961),2
2021-10-12,np.float64(210083.36901750282),np.float64(0.3968475829001198),2
2021-10-13,np.float64(211754.03450244747),np.float64(0.4016062451271578),2
2021-10-14,np.float64(213175.94252285687),np.float64(0.405597600199156),2
2021-10-15,np.float64(213179.7583730872),np.float64(0.6032426838325292),3
2021-10-18,np.float64(214203.0259508312),np.float64(0.6051380300633525),3
2021-10-19,np.float64(215301.96496756753),np.float64(0.6071534748599392),3
2021-10-20,np.float64(215665.28103334858),np.float64(0.6078152756527502),3
2021-10-21,np.float64(216541.15573531343),np.float64(0.6094016007898186),3
2021-10-22,np.float64(216898.18365953496),np.float64(0.6100445500912899),3
2021-10-25,np.float64(217851.43607425684),np.float64(0.611750877949201),3
2021-10-26,np.float64(218699.56057841657),np.float64(0.6132565215511308),3
2021-10-27,np.float64(218704.80272707075),np.float64(0.6132657914289743),3
2021-10-28,np.float64(218412.8040193984),np.float64(0.6127487618087448),3
2021-10-29,np.float64(218294.54765674198),np.float64(0.6125389768033276),3
2021-11-01,np.float64(220198.40038398205),np.float64(0.615888995352172),3
2021-11-02,np.float64(221786.39406992833),np.float64(0.6186392355219588),3
2021-11-03,np.float64(222961.9727762877),np.float64(0.6206499801730707),3
2021-11-04,np.float64(225889.44223571726),np.float64(0.625566259510812),3
2021-11-05,np.float64(225296.53946086095),np.float64(0.6245808790683642),3
2021-11-08,np.float64(230343.48559446825),np.float64(0.6328065081803762),3
2021-11-09,np.float64(231893.2559791065),np.float64(0.36730201029082815),2
2021-11-10,np.float64(232527.27080949832),np.float64(0.3690271408840623),2
2021-11-11,np.float64(232225.95597599726),np.float64(0.3682084491009274),2
2021-11-12,np.float64(232637.68351122824),np.float64(0.3693266083522804),2
2021-11-15,np.float64(232255.59165474222),np.float64(0.3682890653362689),2
2021-11-16,np.float64(231731.11689496227),np.float64(0.3668593201853045),2
2021-11-17,np.float64(231656.43703004735),np.float64(0.36665521249442024),2
2021-11-18,np.float64(231048.5687613978),np.float64(0.3649889385958062),2
2021-11-19,np.float64(230965.17243758912),np.float64(0.3647596503981959),2
2021-11-22,np.float64(230665.02486549763),np.float64(0.3627313231262138),2
2021-11-23,np.float64(231233.6655504513),np.float64(0.3642984690521947),2
2021-11-24,np.float64(230776.01979046277),np.float64(0.36303782632804765),2
2021-11-26,np.float64(229219.73098367988),np.float64(0.35871316763930533),2
2021-11-29,np.float64(230005.7206223166),np.float64(0.36090461228801185),2
2021-11-30,np.float64(227714.88518877618),np.float64(0.3530818250014967),2
2021-12-01,np.float64(225100.47326668675),np.float64(0.6216128352886807),3
2021-12-02,np.float64(225298.98933072752),np.float64(0.6219462408261187),3
2021-12-03,np.float64(224881.65248463355),np.float64(0.6212446461794928),3
2021-12-06,np.float64(227857.43483398098),np.float64(0.6261911316757467),3
2021-12-07,np.float64(229426.52296387914),np.float64(0.6287476759259971),3
2021-12-08,np.float64(229763.21250427884),np.float64(0.6292917002413017),3
2021-12-09,np.float64(228432.1171643311),np.float64(0.6271315482608611),3
2021-12-10,np.float64(230516.70908425475),np.float64(0.8132739834630892),4
2021-12-13,np.float64(231984.0111383292),np.float64(0.8144550280802132),4
2021-12-14,np.float64(229366.8856037898),np.float64(0.996024692893032),5
2021-12-15,np.float64(232542.12527140978),np.float64(0.9960789736079875),5
2021-12-16,np.float64(226783.88180886908),np.float64(0.9959794152777915),5
2021-12-17,np.float64(224089.31280373005),np.float64(0.9959310696300698),5
2021-12-20,np.float64(223298.68704040162),np.float64(0.9959166629122235),5
2021-12-21,np.float64(225750.69691254455),np.float64(0.9959610144158398),5
2021-12-22,np.float64(227722.0833287046),np.float64(0.9959959798491403),5
2021-12-23,np.float64(228201.74551370283),np.float64(0.9960043959857041),5
2021-12-27,np.float64(228985.45936517484),np.float64(0.9960180711344218),5
2021-12-28,np.float64(228806.74191026113),np.float64(0.9960149609105422),5
2021-12-29,np.float64(228785.61534730232),np.float64(0.9960145929233368),5
2021-12-30,np.float64(228946.11081007245),np.float64(0.9960173867674901),5
2021-12-31,np.float64(227310.48543237866),np.float64(0.9959887296500666),5
2022-01-03,np.float64(227765.83774286896),np.float64(0.9959967490319016),5
2022-01-04,np.float64(226389.89647582578),np.float64(0.9959724182720264),5
2022-01-05,np.float64(221399.41698840394),np.float64(0.995881634094404),5
2022-01-06,np.float64(219344.94913802412),np.float64(0.9958430599198793),5
2022-01-07,np.float64(218274.76232014952),np.float64(0.995822678715799),5
2022-01-10,np.float64(218739.72350744452),np.float64(0.9958315581832906),5
2022-01-11,np.float64(219610.41101384725),np.float64(0.9958480847686844),5
2022-01-12,np.float64(219075.13984729777),np.float64(0.9958379403017639),5
2022-01-13,np.float64(215330.15054121925),np.float64(0.9957655543910032),5
2022-01-14,np.float64(216556.75377343028),np.float64(0.9957895387949995),5
2022-01-18,np.float64(213280.68539468656),np.float64(0.9957248645897938),5
2022-01-19,np.float64(213259.8114801371),np.float64(0.9957244461386537),5
2022-01-20,np.float64(210453.2582670815),np.float64(0.995667428397394),5
2022-01-21,np.float64(196546.65982666684),np.float64(0.9953608786267445),5
2022-01-24,np.float64(196470.98312297664),np.float64(0.9953590917297281),5
2022-01-25,np.float64(193338.0789353445),np.float64(0.9952838891569373),5
2022-01-26,np.float64(192319.5018029029),np.float64(0.9952589113329842),5
2022-01-27,np.float64(195197.27244865548),np.float64(0.9953288086508293),5
2022-01-28,np.float64(198934.27288717355),np.float64(0.9954165574528175),5
2022-01-31,np.float64(205755.7237213075),np.float64(0.9955685130213977),5
2022-02-01,np.float64(208432.85439534992),np.float64(0.9956254314460695),5
2022-02-02,np.float64(208190.86930342607),np.float64(0.0),0
2022-02-03,np.float64(208190.86930342607),np.float64(0.0),0
2022-02-04,np.float64(208190.86930342607),np.float64(0.0),0
2022-02-07,np.float64(208190.86930342607),np.float64(0.0),0
2022-02-08,np.float64(208190.86930342607),np.float64(0.0),0
2022-02-09,np.float64(208190.86930342607),np.float64(0.0),0
2022-02-10,np.float64(208190.86930342607),np.float64(0.0),0
2022-02-11,np.float64(208190.86930342607),np.float64(0.0),0
2022-02-14,np.float64(208190.86930342607),np.float64(0.0),0
2022-02-15,np.float64(208190.86930342607),np.float64(0.0),0
2022-02-16,np.float64(208190.86930342607),np.float64(0.0),0
2022-02-17,np.float64(208190.86930342607),np.float64(0.0),0
2022-02-18,np.float64(208190.86930342607),np.float64(0.0),0
2022-02-22,np.float64(208190.86930342607),np.float64(0.0),0
2022-02-23,np.float64(208190.86930342607),np.float64(0.0),0
2022-02-24,np.float64(208190.86930342607),np.float64(0.0),0
2022-02-25,np.float64(208190.86930342607),np.float64(0.0),0
2022-02-28,np.float64(208190.86930342607),np.float64(0.0),0
2022-03-01,np.float64(208190.86930342607),np.float64(0.0),0
2022-03-02,np.float64(208190.86930342607),np.float64(0.0),0
2022-03-03,np.float64(208190.86930342607),np.float64(0.0),0
2022-03-04,np.float64(208190.86930342607),np.float64(0.0),0
2022-03-07,np.float64(208190.86930342607),np.float64(0.0),0
2022-03-08,np.float64(208190.86930342607),np.float64(0.0),0
2022-03-09,np.float64(208190.86930342607),np.float64(0.0),0
2022-03-10,np.float64(208190.86930342607),np.float64(0.0),0
2022-03-11,np.float64(208190.86930342607),np.float64(0.0),0
2022-03-14,np.float64(208190.86930342607),np.float64(0.0),0
2022-03-15,np.float64(208190.86930342607),np.float64(0.0),0
2022-03-16,np.float64(208190.86930342607),np.float64(0.0),0
2022-03-17,np.float64(208190.86930342607),np.float64(0.0),0
2022-03-18,np.float64(208190.86930342607),np.float64(0.0),0
2022-03-21,np.float64(208190.86930342607),np.float64(0.0),0
2022-03-22,np.float64(208190.86930342607),np.float64(0.0),0
2022-03-23,np.float64(208190.86930342607),np.float64(0.0),0
2022-03-24,np.float64(208190.86930342607),np.float64(0.0),0
2022-03-25,np.float64(208190.86930342607),np.float64(0.0),0
2022-03-28,np.float64(208190.86930342607),np.float64(0.0),0
2022-03-29,np.float64(208190.86930342607),np.float64(0.0),0
2022-03-30,np.float64(208190.86930342607),np.float64(0.0),0
2022-03-31,np.float64(208190.86930342607),np.float64(0.0),0
2022-04-01,np.float64(208190.86930342607),np.float64(0.0),0
2022-04-04,np.float64(208190.86930342607),np.float64(0.0),0
2022-04-05,np.float64(208190.86930342607),np.float64(0.0),0
2022-04-06,np.float64(208190.86930342607),np.float64(0.0),0
2022-04-07,np.float64(208190.86930342607),np.float64(0.0),0
2022-04-08,np.float64(208190.86930342607),np.float64(0.0),0
2022-04-11,np.float64(208190.86930342607),np.float64(0.0),0
2022-04-12,np.float64(208190.86930342607),np.float64(0.0),0
2022-04-13,np.float64(208190.86930342607),np.float64(0.0),0
2022-04-14,np.float64(208190.86930342607),np.float64(0.0),0
2022-04-18,np.float64(208190.86930342607),np.float64(0.0),0
2022-04-19,np.float64(208713.53661585864),np.float64(0.2020033863482254),1
2022-04-20,np.float64(208900.06863109913),np.float64(0.20271593717444075),1
2022-04-21,np.float64(208420.48581780965),np.float64(0.40066101903605844),2
2022-04-22,np.float64(207490.60592697473),np.float64(0.3979750503691782),2
2022-04-25,np.float64(207458.74349533438),np.float64(0.39788258871400667),2
2022-04-26,np.float64(204975.11765385699),np.float64(0.3905869014160064),2
2022-04-27,np.float64(202515.7640030047),np.float64(0.3831861820880162),2
2022-04-28,np.float64(204906.0384215283),np.float64(0.3903814521801248),2
2022-04-29,np.float64(202482.38335568033),np.float64(0.38308449598486327),2
2022-05-02,np.float64(203784.7075971251),np.float64(0.3870270097547895),2
2022-05-03,np.float64(203781.66697873076),np.float64(0.38701786360844076),2
2022-05-04,np.float64(205004.67722111166),np.float64(0.3906747725207911),2
2022-05-05,np.float64(201244.41705587093),np.float64(0.37928950571892894),2
2022-05-06,np.float64(199764.20700819738),np.float64(0.37469017371600644),2
2022-05-09,np.float64(198496.5153348976),np.float64(0.370696652425845),2
2022-05-10,np.float64(199303.86106787808),np.float64(0.37324585227421764),2
2022-05-11,np.float64(196947.0585738491),np.float64(0.3657456857360653),2
2022-05-12,np.float64(198767.74196973385),np.float64(0.581036908222005),3
2022-05-13,np.float64(202380.80592992937),np.float64(0.588516572316629),3
2022-05-16,np.float64(201992.6423159718),np.float64(0.5877258361168254),3
2022-05-17,np.float64(204007.7398116656),np.float64(0.5917980964925699),3
2022-05-18,np.float64(199008.12784065667),np.float64(0.3746979908214665),2
2022-05-19,np.float64(198553.22487875607),np.float64(0.5805842601034455),3
2022-05-20,np.float64(199210.35322146243),np.float64(0.5819677723838379),3
2022-05-23,np.float64(202182.9599767694),np.float64(0.5881139155795385),3
2022-05-24,np.float64(200559.03162599597),np.float64(0.584778870110099),3
2022-05-25,np.float64(201763.85520553897),np.float64(0.5872583439856661),3
2022-05-26,np.float64(204284.71222912378),np.float64(0.5923515430368158),3
2022-05-27,np.float64(207554.02608063005),np.float64(0.5987726699697),3
2022-05-31,np.float64(207797.5176293068),np.float64(0.5992428173760554),3
2022-06-01,np.float64(205820.23461630568),np.float64(0.5953928053934254),3
2022-06-02,np.float64(209554.2806295314),np.float64(0.602602497686059),3
2022-06-03,np.float64(205953.55160259746),np.float64(0.5956547140198957),3
2022-06-06,np.float64(205673.84191119048),np.float64(0.5951048176688946),3
2022-06-07,np.float64(206190.4859466328),np.float64(0.5961193488678987),3
2022-06-08,np.float64(206405.9379865037),np.float64(0.5965409302962221),3
2022-06-09,np.float64(202516.41009968898),np.float64(0.5887920999568502),3
2022-06-10,np.float64(199282.17604227446),np.float64(0.5821184343967385),3
2022-06-13,np.float64(194465.80471290328),np.float64(0.5717686827032946),3
2022-06-14,np.float64(194332.628633401),np.float64(0.5714752159377868),3
2022-06-15,np.float64(197461.5654498746),np.float64(0.5782655347047269),3
2022-06-16,np.float64(195039.512617391),np.float64(0.5730283233186004),3
2022-06-17,np.float64(195092.2535951616),np.float64(0.5731437502681258),3
2022-06-21,np.float64(196799.15819714608),np.float64(0.5768460165975544),3
2022-06-22,np.float64(197653.37269974363),np.float64(0.5786747952544377),3
2022-06-23,np.float64(200035.36035894643),np.float64(0.5836918654185035),3
2022-06-24,np.float64(202786.59484714663),np.float64(0.5893399769144445),3
2022-06-27,np.float64(202599.27148847491),np.float64(0.5889602805106449),3
2022-06-28,np.float64(198968.7766692692),np.float64(0.5814602214708571),3
2022-06-29,np.float64(199102.8132348822),np.float64(0.5817419836095984),3
2022-06-30,np.float64(197595.2135563513),np.float64(0.5785507845936702),3
2022-07-01,np.float64(199557.82227239007),np.float64(0.5826956479425754),3
2022-07-05,np.float64(201997.67891535274),np.float64(0.587736115738897),3
2022-07-06,np.float64(202349.37450326604),np.float64(0.588452655582455),3
2022-07-07,np.float64(204399.46682924667),np.float64(0.5925804063327685),3
2022-07-08,np.float64(204193.68802253125),np.float64(0.5921698240144352),3
2022-07-11,np.float64(201755.50259663328),np.float64(0.5872412566220631),3
2022-07-12,np.float64(201317.6425028522),np.float64(0.3753947742438088),2
2022-07-13,np.float64(201818.9086718788),np.float64(0.37694613269049365),2
2022-07-14,np.float64(202316.14841145574),np.float64(0.3784774347894903),2
2022-07-15,np.float64(205452.44308911831),np.float64(0.3879651677363863),2
2022-07-18,np.float64(205692.72269962868),np.float64(0.3886801152035838),2
2022-07-19,np.float64(207987.64191900264),np.float64(0.39542537054597166),2
2022-07-20,np.float64(211156.8713656566),np.float64(0.40449936234161454),2
2022-07-21,np.float64(213214.44500047862),np.float64(0.4102460949870638),2
2022-07-22,np.float64(212447.96723489952),np.float64(0.4081183586700763),2
2022-07-25,np.float64(212018.19483181572),np.float64(0.40691858241720646),2
2022-07-26,np.float64(207730.4710861654),np.float64(0.39467690567148306),2
2022-07-27,np.float64(211728.622093271),np.float64(0.40610744876616056),2
2022-07-28,np.float64(212666.16896708665),np.float64(0.4087256466087984),2
2022-07-29,np.float64(213237.20190069772),np.float64(0.41030903414894815),2
2022-08-01,np.float64(213651.8068049163),np.float64(0.4114533669307369),2
2022-08-02,np.float64(212793.33823781763),np.float64(0.4090790031985552),2
2022-08-03,np.float64(213055.7740622077),np.float64(0.4098068822697872),2
2022-08-04,np.float64(213272.26654737833),np.float64(0.0),0
2022-08-05,np.float64(213272.26654737833),np.float64(0.0),0
2022-08-08,np.float64(213272.26654737833),np.float64(0.0),0
2022-08-09,np.float64(213272.26654737833),np.float64(0.0),0
2022-08-10,np.float64(213272.26654737833),np.float64(0.0),0
2022-08-11,np.float64(213272.26654737833),np.float64(0.0),0
2022-08-12,np.float64(213272.26654737833),np.float64(0.0),0
2022-08-15,np.float64(213272.26654737833),np.float64(0.0),0
2022-08-16,np.float64(213272.26654737833),np.float64(0.0),0
2022-08-17,np.float64(213272.26654737833),np.float64(0.0),0
2022-08-18,np.float64(213272.26654737833),np.float64(0.0),0
2022-08-19,np.float64(213272.26654737833),np.float64(0.0),0
2022-08-22,np.float64(213272.26654737833),np.float64(0.0),0
2022-08-23,np.float64(213272.26654737833),np.float64(0.0),0
2022-08-24,np.float64(213272.26654737833),np.float64(0.0),0
2022-08-25,np.float64(213272.26654737833),np.float64(0.0),0
2022-08-26,np.float64(213272.26654737833),np.float64(0.0),0
2022-08-29,np.float64(213272.26654737833),np.float64(0.0),0
2022-08-30,np.float64(213272.26654737833),np.float64(0.0),0
2022-08-31,np.float64(213272.26654737833),np.float64(0.0),0
2022-09-01,np.float64(213272.26654737833),np.float64(0.0),0
2022-09-02,np.float64(213272.26654737833),np.float64(0.0),0
2022-09-06,np.float64(213272.26654737833),np.float64(0.0),0
2022-09-07,np.float64(213272.26654737833),np.float64(0.0),0
2022-09-08,np.float64(213272.26654737833),np.float64(0.0),0
2022-09-09,np.float64(213272.26654737833),np.float64(0.0),0
2022-09-12,np.float64(213272.26654737833),np.float64(0.0),0
2022-09-13,np.float64(213272.26654737833),np.float64(0.0),0
2022-09-14,np.float64(212717.1340536538),np.float64(0.19791222274145734),1
2022-09-15,np.float64(212226.60050062588),np.float64(0.19605830355182324),1
2022-09-16,np.float64(212803.69879830582),np.float64(0.19823849772642677),1
2022-09-19,np.float64(213092.24794714578),np.float64(0.19932416649796783),1
2022-09-20,np.float64(212399.72998992985),np.float64(0.19671360577533759),1
2022-09-21,np.float64(211692.78457527194),np.float64(0.19403104087737197),1
2022-09-22,np.float64(211115.686277592),np.float64(0.19182787292479758),1
2022-09-23,np.float64(210322.17611828208),np.float64(0.18877877555836192),1
2022-09-26,np.float64(209528.66595897218),np.float64(0.18570658359791528),1
2022-09-27,np.float64(209413.2462994362),np.float64(0.1852577797588824),1
2022-09-28,np.float64(209759.50527804415),np.float64(0.1866027095566311),1
2022-09-29,np.float64(208677.4459698943),np.float64(0.1823849844198422),1
2022-09-30,np.float64(207797.37106593238),np.float64(0.17892217614357098),1
2022-10-03,np.float64(209528.66595897218),np.float64(0.18570658359791528),1
2022-10-04,np.float64(210581.87035223807),np.float64(0.18977919156804882),1
2022-10-05,np.float64(210495.30560758608),np.float64(0.18944599384094896),1
2022-10-06,np.float64(209831.64256525415),np.float64(0.1868823445689639),1
2022-10-07,np.float64(207725.23377872238),np.float64(0.17863703829236324),1
2022-10-10,np.float64(206975.00599173846),np.float64(0.17565982220716567),1
2022-10-11,np.float64(206744.1666726665),np.float64(0.17473940869133164),1
2022-10-12,np.float64(207162.56293848445),np.float64(0.17640614782041256),1
2022-10-13,np.float64(209801.5789535776),np.float64(0.3900743713814414),2
2022-10-14,np.float64(208369.31218314762),np.float64(0.38588192960030154),2
2022-10-17,np.float64(209660.7205722744),np.float64(0.38966459917171115),2
2022-10-18,np.float64(209454.12033506122),np.float64(0.38906257979682835),2
2022-10-19,np.float64(210529.41688376007),np.float64(0.5947886624031593),3
2022-10-20,np.float64(210752.01412053654),np.float64(0.5952166484626802),3
2022-10-21,np.float64(214862.04006342194),np.float64(0.6029596172792073),3
2022-10-24,np.float64(217857.39003030595),np.float64(0.6084185778270634),3
2022-10-25,np.float64(221374.70315421734),np.float64(0.8073201106462418),4
2022-10-26,np.float64(217820.50431733992),np.float64(0.804176133724615),4
2022-10-27,np.float64(214541.5760237315),np.float64(0.8011832759876927),4
2022-10-28,np.float64(221250.91943477438),np.float64(0.5847779297113579),3
2022-10-31,np.float64(218877.96195447494),np.float64(0.5802763147069119),3
2022-11-01,np.float64(216852.23279092123),np.float64(0.5763554580987522),3
2022-11-02,np.float64(213482.9961970307),np.float64(0.5696694047886407),3
2022-11-03,np.float64(210238.6888220486),np.float64(0.7971141584431232),4
2022-11-04,np.float64(214508.30581802386),np.float64(0.7986975127073127),4
2022-11-07,np.float64(215543.23554264172),np.float64(0.7996640655532615),4
2022-11-08,np.float64(215607.6061948691),np.float64(0.7997238767769586),4
2022-11-09,np.float64(210875.75732964417),np.float64(0.7952298734908283),4
2022-11-10,np.float64(224081.58713006426),np.float64(0.8072976184292869),4
2022-11-11,np.float64(228628.81129519315),np.float64(0.8111302977893037),4
2022-11-14,np.float64(226534.04462781752),np.float64(0.8093838143531468),4
2022-11-15,np.float64(228349.7813497614),np.float64(0.8108995101687068),4
2022-11-16,np.float64(225762.98581922532),np.float64(0.8087327940431968),4
2022-11-17,np.float64(225020.52159701224),np.float64(0.8081017002376287),4
2022-11-18,np.float64(224565.16467282805),np.float64(0.8077125828085595),4
2022-11-21,np.float64(222307.13388428697),np.float64(0.805759470010599),4
2022-11-22,np.float64(224782.43760047766),np.float64(0.8078984463063014),4
2022-11-23,np.float64(225864.0361077473),np.float64(0.8088183659061627),4
2022-11-25,np.float64(224637.5641623743),np.float64(0.8077745560181727),4
2022-11-28,np.float64(223461.16699100018),np.float64(0.8067625973337563),4
2022-11-29,np.float64(222371.29512492928),np.float64(0.8058155146245415),4
2022-11-30,np.float64(229882.56480272635),np.float64(0.8106625614209152),4
2022-12-01,np.float64(229123.93845026675),np.float64(0.8100356676472449),4
2022-12-02,np.float64(227999.56886129704),np.float64(0.8090988671113793),4
2022-12-05,np.float64(224907.24809219324),np.float64(0.8064741071577342),4
2022-12-06,np.float64(221557.44008439322),np.float64(0.8035481183698482),4
2022-12-07,np.float64(220512.65739318889),np.float64(0.802617334949032),4
2022-12-08,np.float64(221378.4194942869),np.float64(0.8033892549546279),4
2022-12-09,np.float64(219530.71161413315),np.float64(0.8017344558594481),4
2022-12-12,np.float64(221804.9764696118),np.float64(0.8037673604690208),4
2022-12-13,np.float64(223871.5296217499),np.float64(0.8055787796363454),4
2022-12-14,np.float64(221990.7665910399),np.float64(0.9960767616705993),5
2022-12-15,np.float64(214581.2181054452),np.float64(0.9959412911719281),5
2022-12-16,np.float64(213190.6938126627),np.float64(0.995914818472197),5
2022-12-19,np.float64(210509.6511909864),np.float64(0.9958627897612502),5
2022-12-20,np.float64(210278.8519114793),np.float64(0.9958582488141526),5
2022-12-21,np.float64(213074.16064000654),np.float64(0.9959125842305466),5
2022-12-22,np.float64(208842.0137019165),np.float64(0.9958297534637542),5
2022-12-23,np.float64(211120.06234356033),np.float64(0.9958747516716544),5
2022-12-27,np.float64(208908.9748253574),np.float64(0.9958310901434891),5
2022-12-28,np.float64(206133.92903093726),np.float64(0.9957749668462765),5
2022-12-29,np.float64(209968.84570729392),np.float64(0.9958521337709447),5
2022-12-30,np.float64(209726.18758666405),np.float64(0.9958494023070629),5
