session,equity,exposure,n_held
2017-02-01,100000.0,0.0,0
2017-02-02,100000.0,0.0,0
2017-02-03,100000.0,0.0,0
2017-02-06,100000.0,0.0,0
2017-02-07,100000.0,0.0,0
2017-02-08,100000.0,0.0,0
2017-02-09,100000.0,0.0,0
2017-02-10,np.float64(99995.46639293813),np.float64(0.19996372949914307),1
2017-02-13,np.float64(100255.7356215955),np.float64(0.20204066626221365),1
2017-02-14,np.float64(100329.28996882476),np.float64(0.20262567367058673),1
2017-02-15,np.float64(100397.18628934407),np.float64(0.20316491968768433),1
2017-02-16,np.float64(100600.87525090201),np.float64(0.2047782904425307),1
2017-02-17,np.float64(100640.48143787161),np.float64(0.20509124303636805),1
2017-02-21,np.float64(100663.11354471139),np.float64(0.20526996252240381),1
2017-02-22,np.float64(100408.50234276395),np.float64(0.20325472312190818),1
2017-02-23,np.float64(100470.74063657333),np.float64(0.20374828041350754),1
2017-02-24,np.float64(100668.77157142133),np.float64(0.20531462983788856),1
2017-02-27,np.float64(100657.45551800144),np.float64(0.20522529018535632),1
2017-02-28,np.float64(100482.05668999322),np.float64(0.20383795241357733),1
2017-03-01,np.float64(100329.28996882476),np.float64(0.20262567367058673),1
2017-03-02,np.float64(100317.97391540487),np.float64(0.2025357283684617),1
2017-03-03,np.float64(100312.31588869492),np.float64(0.20249074810747242),1
2017-03-06,np.float64(100125.60100726681),np.float64(0.20100354759225025),1
2017-03-07,np.float64(100255.7356215955),np.float64(0.20204066626221365),1
2017-03-08,np.float64(100153.89114081653),np.float64(0.20122923743901397),1
2017-03-09,np.float64(100267.05167501539),np.float64(0.2021307232679461),1
2017-03-10,np.float64(100317.97391540487),np.float64(0.2025357283684617),1
2017-03-13,np.float64(99893.62191215916),np.float64(0.19914806902939697),1
2017-03-14,np.float64(99904.93796557904),np.float64(0.19923878009350282),1
2017-03-15,np.float64(99859.6737518995),np.float64(0.1988758124850346),1
2017-03-16,np.float64(99882.30585873927),np.float64(0.19905733741127538),1
2017-03-17,np.float64(99955.86020596852),np.float64(0.19964672571320569),1
2017-03-20,np.float64(100046.38863332762),np.float64(0.20037093699401887),1
2017-03-21,np.float64(99825.72559163984),np.float64(0.19860337076578383),1
2017-03-22,np.float64(100012.44047306795),np.float64(0.20009951140485413),1
2017-03-23,np.float64(99955.86020596852),np.float64(0.19964672571320569),1
2017-03-24,np.float64(99893.62191215916),np.float64(0.19914806902939697),1
2017-03-27,np.float64(100023.75652648785),np.float64(0.20019000707282214),1
2017-03-28,np.float64(100142.57508739665),np.float64(0.20113897680200224),1
2017-03-29,np.float64(100125.60100726681),np.float64(0.20100354759225025),1
2017-03-30,np.float64(100227.44548804578),np.float64(0.20181543477987107),1
2017-03-31,np.float64(100408.50234276395),np.float64(0.20325472312190818),1
2017-04-03,np.float64(100459.42458315345),np.float64(0.20365858821158714),1
2017-04-04,np.float64(100527.32090367276),np.float64(0.20419643853179414),1
2017-04-05,np.float64(100493.3727434131),np.float64(0.20392760421862097),1
2017-04-06,np.float64(100385.87023592419),np.float64(0.20307509600717571),1
2017-04-07,np.float64(100385.87023592419),np.float64(0.20307509600717571),1
2017-04-10,np.float64(100255.7356215955),np.float64(0.20204066626221365),1
2017-04-11,np.float64(100221.78746133584),np.float64(0.20177037322485517),1
2017-04-12,np.float64(100159.54916752648),np.float64(0.20127436010926616),1
2017-04-13,np.float64(99944.54415254864),np.float64(0.19955610705579516),1
2017-04-17,np.float64(100074.67876687733),np.float64(0.20059698431449408),1
2017-04-18,np.float64(100235.9325281107),np.float64(0.2018830175739187),1
2017-04-19,np.float64(100317.97391540487),np.float64(0.2025357283684617),1
2017-04-20,np.float64(100470.74063657333),np.float64(0.20374828041350754),1
2017-04-21,np.float64(100549.95301051253),np.float64(0.20437556055708972),1
2017-04-24,np.float64(100793.24815904007),np.float64(0.20629604203478727),1
2017-04-25,np.float64(100861.14447955939),np.float64(0.2068303367684582),1
2017-04-26,np.float64(100895.09263981905),np.float64(0.20709721447416196),1
2017-04-27,np.float64(101177.99397531619),np.float64(0.20931423072573332),1
2017-04-28,np.float64(100453.7665564435),np.float64(0.20361373453279952),1
2017-05-01,np.float64(100544.2949838026),np.float64(0.20433078761069653),1
2017-05-02,np.float64(100917.72474665882),np.float64(0.2072750331933277),1
2017-05-03,np.float64(101077.56400121469),np.float64(0.20700323538779894),1
2017-05-04,np.float64(101189.53024197451),np.float64(0.4055295929924839),2
2017-05-05,np.float64(101219.01716886378),np.float64(0.40570277295332097),2
2017-05-08,np.float64(101060.59242098537),np.float64(0.40477113989928637),2
2017-05-09,np.float64(100875.057876495),np.float64(0.4036763646619674),2
2017-05-10,np.float64(100692.81245663819),np.float64(0.4025970696394004),2
2017-05-11,np.float64(100547.49483808855),np.float64(0.4017336650235582),2
2017-05-12,np.float64(100433.73590721992),np.float64(0.4010560228147242),2
2017-05-15,np.float64(100674.3732405873),np.float64(0.4024876511116483),2
2017-05-16,np.float64(100755.07132094982),np.float64(0.40296621858141457),2
2017-05-17,np.float64(100304.81042853213),np.float64(0.40028617799236854),2
2017-05-18,np.float64(100458.47680175549),np.float64(0.4012035306233634),2
2017-05-19,np.float64(100499.56458104795),np.float64(0.4014483398150988),2
2017-05-22,np.float64(100889.39471196695),np.float64(0.40376110492502754),2
2017-05-23,np.float64(101002.86061565136),np.float64(0.4044309155088973),2
2017-05-24,np.float64(101330.45245276099),np.float64(0.4063563344307667),2
2017-05-25,np.float64(101672.34821253893),np.float64(0.40835259256432405),2
2017-05-26,np.float64(101740.25276125915),np.float64(0.40874747609481493),2
2017-05-30,np.float64(101712.85816566387),np.float64(0.40858823247430154),2
2017-05-31,np.float64(101613.38875811198),np.float64(0.4065936350478164),2
2017-06-01,np.float64(101683.37740992528),np.float64(0.407002076550433),2
2017-06-02,np.float64(101875.16426369491),np.float64(0.4081184350550038),2
2017-06-05,np.float64(101924.00651509175),np.float64(0.40840206625417497),2
2017-06-06,np.float64(101773.02264163128),np.float64(0.40752440982568616),2
2017-06-07,np.float64(101730.42447131278),np.float64(0.40727631908753237),2
2017-06-08,np.float64(101647.61348915403),np.float64(0.4067934348516879),2
2017-06-09,np.float64(101220.88024153057),np.float64(0.40429255792339736),2
2017-06-12,np.float64(101284.01818739483),np.float64(0.40466390717377154),2
2017-06-13,np.float64(101384.97124431981),np.float64(0.40525670705062655),2
2017-06-14,np.float64(101374.57129935661),np.float64(0.40519569276040945),2
2017-06-15,np.float64(101221.50332280304),np.float64(0.4042962248729966),2
2017-06-16,np.float64(101102.37939240868),np.float64(0.40359433659429983),2
2017-06-19,np.float64(101348.95955146932),np.float64(0.4050453806306479),2
2017-06-20,np.float64(101099.1272946792),np.float64(0.4035751517649574),2
2017-06-21,np.float64(100889.2773598779),np.float64(0.19392998815118234),1
2017-06-22,np.float64(100764.80077225916),np.float64(0.19293423523262582),1
2017-06-23,np.float64(100668.61431819013),np.float64(0.19216310319073523),1
2017-06-26,np.float64(100600.71799767081),np.float64(0.19161788687454195),1
2017-06-27,np.float64(100363.08087585322),np.float64(0.18970382049659176),1
2017-06-28,np.float64(100674.27234490008),np.float64(0.19220850468838666),1
2017-06-29,np.float64(100300.84258204384),np.float64(0.189201018621809),1
2017-06-30,np.float64(100414.0031162427),np.float64(0.19011474024442404),1
2017-07-03,np.float64(100255.5783683643),np.float64(0.18883495242438095),1
2017-07-05,np.float64(100753.48471883927),np.float64(0.192843590235751),1
2017-07-06,np.float64(100351.76482243332),np.float64(0.1896124483630831),1
2017-07-07,np.float64(100493.2154901819),np.float64(0.1907531209921261),1
2017-07-10,np.float64(100363.08087585322),np.float64(0.18970382049659176),1
2017-07-11,np.float64(100451.01312479202),np.float64(0.3895151567987494),2
2017-07-12,np.float64(100722.15991633708),np.float64(0.39115859858612184),2
2017-07-13,np.float64(100960.56287980897),np.float64(0.39259628465126617),2
2017-07-14,np.float64(101130.3611393118),np.float64(0.39361611779059125),2
2017-07-17,np.float64(100990.43460087376),np.float64(0.3927759471552482),2
2017-07-18,np.float64(100847.60344932605),np.float64(0.39191593156986176),2
2017-07-19,np.float64(100830.27706597088),np.float64(0.3918114401612454),2
2017-07-20,np.float64(100904.79835857035),np.float64(0.3922606060915152),2
2017-07-21,np.float64(100820.92363239371),np.float64(0.3917550168406499),2
2017-07-24,np.float64(100764.66693941737),np.float64(0.39141543499801285),2
2017-07-25,np.float64(101147.13033872668),np.float64(0.39371665027439656),2
2017-07-26,np.float64(100889.47574414959),np.float64(0.9984717808601073),5
2017-07-27,np.float64(100816.8457000522),np.float64(0.9984706799069606),5
2017-07-28,np.float64(101199.61176450529),np.float64(0.9984764642358044),5
2017-07-31,np.float64(101900.06788873799),np.float64(0.9984869369467517),5
2017-08-01,np.float64(102422.03371596218),np.float64(0.9984946478579646),5
2017-08-02,np.float64(102162.28379567573),np.float64(0.0),0
2017-08-03,np.float64(102162.28379567573),np.float64(0.0),0
2017-08-04,np.float64(102162.28379567573),np.float64(0.0),0
2017-08-07,np.float64(102162.28379567573),np.float64(0.0),0
2017-08-08,np.float64(102162.28379567573),np.float64(0.0),0
2017-08-09,np.float64(102162.28379567573),np.float64(0.0),0
2017-08-10,np.float64(102162.28379567573),np.float64(0.0),0
2017-08-11,np.float64(102162.28379567573),np.float64(0.0),0
2017-08-14,np.float64(102162.28379567573),np.float64(0.0),0
2017-08-15,np.float64(102162.28379567573),np.float64(0.0),0
2017-08-16,np.float64(102162.28379567573),np.float64(0.0),0
2017-08-17,np.float64(102162.28379567573),np.float64(0.0),0
2017-08-18,np.float64(102162.28379567573),np.float64(0.0),0
2017-08-21,np.float64(102162.28379567573),np.float64(0.0),0
2017-08-22,np.float64(102162.28379567573),np.float64(0.0),0
2017-08-23,np.float64(102162.28379567573),np.float64(0.0),0
2017-08-24,np.float64(102162.28379567573),np.float64(0.0),0
2017-08-25,np.float64(102162.28379567573),np.float64(0.0),0
2017-08-28,np.float64(102162.28379567573),np.float64(0.0),0
2017-08-29,np.float64(102179.09376461436),np.float64(0.2001316118068329),1
2017-08-30,np.float64(102542.00839773162),np.float64(0.20296249007008374),1
2017-08-31,np.float64(103053.8110854611),np.float64(0.20692086808159704),1
2017-09-01,np.float64(103109.64410594068),np.float64(0.20735031387978867),1
2017-09-05,np.float64(102798.33271902424),np.float64(0.20494987734936915),1
2017-09-06,np.float64(102826.24922926402),np.float64(0.20516572714508266),1
2017-09-07,np.float64(102586.84400508643),np.float64(0.2033108355249893),1
2017-09-08,np.float64(102380.43102028314),np.float64(0.2017046009471416),1
2017-09-11,np.float64(102687.51263292083),np.float64(0.20409186140575947),1
2017-09-12,np.float64(102636.75534157576),np.float64(0.2036982583428012),1
2017-09-13,np.float64(102560.61940455815),np.float64(0.20310712326969216),1
2017-09-14,np.float64(102620.68219931648),np.float64(0.20357353620199434),1
2017-09-15,np.float64(102925.22594738692),np.float64(0.20593006928817387),1
2017-09-18,np.float64(102949.7586382037),np.float64(0.20528114379215265),1
2017-09-19,np.float64(102944.68290906919),np.float64(0.20524195985823585),1
2017-09-20,np.float64(102365.20383287962),np.float64(0.20074291489323515),1
2017-09-21,np.float64(102151.17725437456),np.float64(0.19906831589331028),1
2017-09-22,np.float64(102054.73840081893),np.float64(0.19831145800898284),1
2017-09-25,np.float64(101739.19723962373),np.float64(0.19582504431278544),1
2017-09-26,np.float64(101888.08529423595),np.float64(0.19700017724785202),1
2017-09-27,np.float64(102168.0963514896),np.float64(0.1992009506533755),1
2017-09-28,np.float64(102367.74169744688),np.float64(0.20076272979002568),1
2017-09-29,np.float64(102333.90350321683),np.float64(0.20049845035711608),1
2017-10-02,np.float64(102158.79084807633),np.float64(0.19912800697202246),1
2017-10-03,np.float64(102002.2223615975),np.float64(0.39821254624151986),2
2017-10-04,np.float64(102252.88608366935),np.float64(0.39968777387403687),2
2017-10-05,np.float64(102601.22844471695),np.float64(0.40172589935639536),2
2017-10-06,np.float64(102767.01371696839),np.float64(0.40269104401778794),2
2017-10-09,np.float64(102751.7850606248),np.float64(0.4026025179370367),2
2017-10-10,np.float64(102859.05069831903),np.float64(0.40322550853859657),2
2017-10-11,np.float64(103368.29657988559),np.float64(0.40616552943529227),2
2017-10-12,np.float64(103440.522132626),np.float64(0.6041087180413549),3
2017-10-13,np.float64(103437.32607388224),np.float64(0.6040964855925736),3
2017-10-16,np.float64(103700.74874381235),np.float64(0.6051021674421575),3
2017-10-17,np.float64(103056.30794780645),np.float64(0.6026327574795624),3
2017-10-18,np.float64(103075.00630600628),np.float64(0.6027048420256014),3
2017-10-19,np.float64(103318.20060263391),np.float64(0.6036400104270405),3
2017-10-20,np.float64(103023.00435656098),np.float64(0.6025043030988938),3
2017-10-23,np.float64(103013.83004673757),np.float64(0.6024689025252505),3
2017-10-24,np.float64(103064.79521787033),np.float64(0.60266548022543),3
2017-10-25,np.float64(102722.88390221419),np.float64(0.6013429592520017),3
2017-10-26,np.float64(102751.64661710453),np.float64(0.6014545531697595),3
2017-10-27,np.float64(103429.56886104782),np.float64(0.6040667928474817),3
2017-10-30,np.float64(103676.85914840148),np.float64(0.8020894505971526),4
2017-10-31,np.float64(104130.46788552077),np.float64(0.8029515801563504),4
2017-11-01,np.float64(103920.6095927289),np.float64(0.802553658655045),4
2017-11-02,np.float64(103715.11529690263),np.float64(0.8021624514837277),4
2017-11-03,np.float64(105136.75329280362),np.float64(0.8048375709560147),4
2017-11-06,np.float64(105192.72675834481),np.float64(0.9991797208994796),5
2017-11-07,np.float64(105105.8035944782),np.float64(0.9991790425234791),5
2017-11-08,np.float64(105569.72704920293),np.float64(0.9991826502000294),5
2017-11-09,np.float64(104625.69115478094),np.float64(0.9991752752661966),5
2017-11-10,np.float64(104810.99121945082),np.float64(0.9991767333341409),5
2017-11-13,np.float64(105147.42274903112),np.float64(0.9991793674725383),5
2017-11-14,np.float64(105608.94288635145),np.float64(0.9991829537070599),5
2017-11-15,np.float64(105436.4515223404),np.float64(0.9991816170400202),5
2017-11-16,np.float64(107136.19202498342),np.float64(0.9991946008752439),5
2017-11-17,np.float64(106583.98754231613),np.float64(0.9991904281564586),5
2017-11-20,np.float64(107098.52068009303),np.float64(0.9991943175803113),5
2017-11-21,np.float64(108043.77744146698),np.float64(0.9992013663597298),5
2017-11-22,np.float64(107554.13277962577),np.float64(0.9991977305468733),5
2017-11-24,np.float64(108560.00500357083),np.float64(0.9992051640446794),5
2017-11-27,np.float64(109003.63635044095),np.float64(0.99920839892892),5
2017-11-28,np.float64(108975.16409492808),np.float64(0.9992081921050244),5
2017-11-29,np.float64(107360.56735248242),np.float64(0.9991962840974626),5
2017-11-30,np.float64(108407.24418126394),np.float64(0.9963036278979814),5
2017-12-01,np.float64(107945.46624756661),np.float64(0.9962878152554427),5
2017-12-04,np.float64(107171.61533807947),np.float64(0.9962610107929767),5
2017-12-05,np.float64(106954.99527334725),np.float64(0.9962534380743581),5
2017-12-06,np.float64(107901.92623564255),np.float64(0.9962863173343798),5
2017-12-07,np.float64(107660.13931197434),np.float64(0.9962779770153635),5
2017-12-08,np.float64(107079.53313034252),np.float64(0.9962577954784266),5
2017-12-11,np.float64(107457.50207381372),np.float64(0.9962709582363726),5
2017-12-12,np.float64(107068.35332695075),np.float64(0.9962574047270094),5
2017-12-13,np.float64(107933.05824717345),np.float64(0.7866053597558288),4
2017-12-14,np.float64(107814.53650987256),np.float64(0.7863707726184058),4
2017-12-15,np.float64(108858.84135713257),np.float64(0.7884201609353282),4
2017-12-18,np.float64(108628.77381253452),np.float64(0.7866092249658584),4
2017-12-19,np.float64(108613.90389504738),np.float64(0.7865800104444804),4
2017-12-20,np.float64(108647.11709910489),np.float64(0.7866452525038403),4
2017-12-21,np.float64(107894.26704009195),np.float64(0.785156534533464),4
2017-12-22,np.float64(107994.04351910384),np.float64(0.7853550299673272),4
2017-12-26,np.float64(107647.95594436064),np.float64(0.784664947592258),4
2017-12-27,np.float64(108050.33292283356),np.float64(0.7854668504222013),4
2017-12-28,np.float64(108110.70291238796),np.float64(0.7855866476638265),4
2017-12-29,np.float64(107823.3887076437),np.float64(0.785015305930355),4
2018-01-02,np.float64(108747.73440566109),np.float64(0.7868426559729919),4
2018-01-03,np.float64(109264.05312921354),np.float64(0.7878499143039062),4
2018-01-04,np.float64(109625.11453860992),np.float64(0.7885486520818996),4
2018-01-05,np.float64(110107.52739970232),np.float64(0.7894750814745125),4
2018-01-08,np.float64(110168.0568560134),np.float64(0.7895907498381195),4
2018-01-09,np.float64(109921.15672719551),np.float64(0.7891181377176123),4
2018-01-10,np.float64(109255.11298761773),np.float64(0.7878325544591004),4
2018-01-11,np.float64(109178.54334111954),np.float64(0.7876837561164377),4
2018-01-12,np.float64(108427.23620748709),np.float64(0.7862125878547058),4
2018-01-16,np.float64(108250.00508494784),np.float64(0.9949306643230716),5
2018-01-17,np.float64(109400.18276751187),np.float64(0.9949839607309343),5
2018-01-18,np.float64(110038.31959714739),np.float64(0.9950130498646853),5
2018-01-19,np.float64(110429.92388579992),np.float64(0.9950307344830529),5
2018-01-22,np.float64(111364.70876650077),np.float64(0.9950724460299593),5
2018-01-23,np.float64(112039.34900244331),np.float64(0.995102117089302),5
2018-01-24,np.float64(111056.43348239617),np.float64(0.9950587679110748),5
2018-01-25,np.float64(110209.0051687681),np.float64(0.99502077337542),5
2018-01-26,np.float64(113741.4478307491),np.float64(0.9951754121011246),5
2018-01-29,np.float64(111798.56317589548),np.float64(0.7649980427199109),4
2018-01-30,np.float64(111461.34816034033),np.float64(0.7642870681086429),4
2018-01-31,np.float64(112187.84643806917),np.float64(0.7658134815704791),4
2018-02-01,np.float64(111569.9090822746),np.float64(0.0),0
2018-02-02,np.float64(111569.9090822746),np.float64(0.0),0
2018-02-05,np.float64(111569.9090822746),np.float64(0.0),0
2018-02-06,np.float64(111569.9090822746),np.float64(0.0),0
2018-02-07,np.float64(111569.9090822746),np.float64(0.0),0
2018-02-08,np.float64(111569.9090822746),np.float64(0.0),0
2018-02-09,np.float64(111569.9090822746),np.float64(0.0),0
2018-02-12,np.float64(111569.9090822746),np.float64(0.0),0
2018-02-13,np.float64(111569.9090822746),np.float64(0.0),0
2018-02-14,np.float64(111569.9090822746),np.float64(0.0),0
2018-02-15,np.float64(111569.9090822746),np.float64(0.0),0
2018-02-16,np.float64(111569.9090822746),np.float64(0.0),0
2018-02-20,np.float64(111569.9090822746),np.float64(0.0),0
2018-02-21,np.float64(111569.9090822746),np.float64(0.0),0
2018-02-22,np.float64(111569.9090822746),np.float64(0.0),0
2018-02-23,np.float64(111569.9090822746),np.float64(0.0),0
2018-02-26,np.float64(111569.9090822746),np.float64(0.0),0
2018-02-27,np.float64(111569.9090822746),np.float64(0.0),0
2018-02-28,np.float64(111569.9090822746),np.float64(0.0),0
2018-03-01,np.float64(111569.9090822746),np.float64(0.0),0
2018-03-02,np.float64(111905.43333979734),np.float64(0.20239862710868703),1
2018-03-05,np.float64(112049.04654327554),np.float64(0.20342091236495016),1
2018-03-06,np.float64(111971.15463630432),np.float64(0.20286677800426745),1
2018-03-07,np.float64(112102.59722931827),np.float64(0.20380143304586604),1
2018-03-08,np.float64(112241.34218861077),np.float64(0.2047856384697033),1
2018-03-09,np.float64(112754.94195020231),np.float64(0.20840784694617528),1
2018-03-12,np.float64(112810.92675833788),np.float64(0.20880069129276305),1
2018-03-13,np.float64(112236.47394442507),np.float64(0.20475114613796963),1
2018-03-14,np.float64(112100.16310722541),np.float64(0.20378414453826357),1
2018-03-15,np.float64(112036.99467771934),np.float64(0.40250141801886963),2
2018-03-16,np.float64(112177.70487496632),np.float64(0.40325089086125904),2
2018-03-19,np.float64(111586.39933155883),np.float64(0.4000886680601742),2
2018-03-20,np.float64(111665.98064992824),np.float64(0.4005162086094323),2
2018-03-21,np.float64(111527.00124856655),np.float64(0.3997691617282219),2
2018-03-22,np.float64(109950.69659472306),np.float64(0.3911639714652108),2
2018-03-23,np.float64(108749.77780908441),np.float64(0.384440623254563),2
2018-03-26,np.float64(110991.17003459562),np.float64(0.3968714319481528),2
2018-03-27,np.float64(109530.35877056132),np.float64(0.3888274794242994),2
2018-03-28,np.float64(109478.18028487335),np.float64(0.38853618798581585),2
2018-03-29,np.float64(110314.79437139971),np.float64(0.3931734557380441),2
2018-04-02,np.float64(109237.55386078487),np.float64(0.38718926702920065),2
2018-04-03,np.float64(109811.94470300377),np.float64(0.39039468219586465),2
2018-04-04,np.float64(110769.04436691289),np.float64(0.39566197549176874),2
2018-04-05,np.float64(111060.17373014468),np.float64(0.3962760997794299),2
2018-04-06,np.float64(110000.08236278762),np.float64(0.39045789963681377),2
2018-04-09,np.float64(110383.54976002606),np.float64(0.3925754209816307),2
2018-04-10,np.float64(111303.08260323107),np.float64(0.39759367238234394),2
2018-04-11,np.float64(110691.19384442878),np.float64(0.39426363638491246),2
2018-04-12,np.float64(111638.92254792381),np.float64(0.3994058728508931),2
2018-04-13,np.float64(110926.59342880099),np.float64(0.3955490818658074),2
2018-04-16,np.float64(111174.59805571547),np.float64(0.39689747103978823),2
2018-04-17,np.float64(111637.08125335714),np.float64(0.3993959669066434),2
2018-04-18,np.float64(111555.92081219738),np.float64(0.3989590085817666),2
2018-04-19,np.float64(111937.31961530028),np.float64(0.4010069074910001),2
2018-04-20,np.float64(111619.03572630977),np.float64(0.3992988668353749),2
2018-04-23,np.float64(111584.5714382248),np.float64(0.5990870525335251),3
2018-04-24,np.float64(110693.91562210831),np.float64(0.5958612614282902),3
2018-04-25,np.float64(110352.911465343),np.float64(0.594612422698683),3
2018-04-26,np.float64(111307.38652230716),np.float64(0.5980886729550816),3
2018-04-27,np.float64(111215.51033123684),np.float64(0.5977566501844543),3
2018-04-30,np.float64(110369.00545682303),np.float64(0.5946715362531468),3
2018-05-01,np.float64(110335.80882613927),np.float64(0.5945495854607452),3
2018-05-02,np.float64(109394.66288759816),np.float64(0.5910614078764739),3
2018-05-03,np.float64(109384.3114821527),np.float64(0.7950188897583766),4
2018-05-04,np.float64(110700.52967919805),np.float64(0.7974560946040304),4
2018-05-07,np.float64(111511.74980132142),np.float64(0.798929550916602),4
2018-05-08,np.float64(111694.66778324297),np.float64(0.7992588361143679),4
2018-05-09,np.float64(112219.44194460925),np.float64(0.8001975662853998),4
2018-05-10,np.float64(113404.687337547),np.float64(0.8022857949082001),4
2018-05-11,np.float64(113292.8022397102),np.float64(0.802090537374243),4
2018-05-14,np.float64(113456.0763995914),np.float64(0.8023753480451933),4
2018-05-15,np.float64(112726.13579114407),np.float64(0.8010956602631216),4
2018-05-16,np.float64(112825.86380652212),np.float64(0.8003653596913572),4
2018-05-17,np.float64(112570.7765102916),np.float64(0.7999129841973885),4
2018-05-18,np.float64(111832.12238001754),np.float64(0.7985914041585641),4
2018-05-21,np.float64(113066.75984735764),np.float64(0.8007906941975278),4
2018-05-22,np.float64(113243.93100269973),np.float64(0.8011023589600578),4
2018-05-23,np.float64(113743.45929616927),np.float64(0.8019758597294083),4
2018-05-24,np.float64(113650.1168589163),np.float64(0.8018132197216491),4
2018-05-25,np.float64(114222.0191051584),np.float64(0.8028055280848231),4
2018-05-29,np.float64(113365.03132629409),np.float64(0.8013148280822403),4
2018-05-30,np.float64(114189.48988436435),np.float64(0.8027493531905944),4
2018-05-31,np.float64(114026.43930612343),np.float64(0.8006991611853194),4
2018-06-01,np.float64(115189.68359946451),np.float64(0.8027118029095158),4
2018-06-04,np.float64(115585.47767612808),np.float64(0.803387367879908),4
2018-06-05,np.float64(115702.04647088173),np.float64(0.803585453378468),4
2018-06-06,np.float64(116814.84150068005),np.float64(0.8054565266809067),4
2018-06-07,np.float64(116693.74829715792),np.float64(0.8052546487504065),4
2018-06-08,np.float64(116563.20795757069),np.float64(0.8050365514216644),4
2018-06-11,np.float64(116806.76854327369),np.float64(0.8054430810459201),4
2018-06-12,np.float64(117082.175385889),np.float64(0.805900728049672),4
2018-06-13,np.float64(117311.67331236148),np.float64(0.806280446275358),4
2018-06-14,np.float64(117528.10104696975),np.float64(0.8066371803992692),4
2018-06-15,np.float64(117902.76175438365),np.float64(0.8072516312374106),4
2018-06-18,np.float64(117084.39372249431),np.float64(0.8059044055467862),4
2018-06-19,np.float64(116911.72336264633),np.float64(0.8041413043367964),4
2018-06-20,np.float64(117142.76691981498),np.float64(0.8045276012541248),4
2018-06-21,np.float64(117122.19538182911),np.float64(0.8044932681555786),4
2018-06-22,np.float64(116857.45687704787),np.float64(0.8040503511073528),4
2018-06-25,np.float64(115596.79111909142),np.float64(0.8019133799141989),4
2018-06-26,np.float64(115487.08158081264),np.float64(0.8017252030953602),4
2018-06-27,np.float64(114411.42818688651),np.float64(0.799861097720571),4
2018-06-28,np.float64(114873.01690531097),np.float64(0.8006653062448947),4
2018-06-29,np.float64(114546.09149159581),np.float64(0.8000963861152328),4
2018-07-02,np.float64(115141.43932212295),np.float64(0.8011300034083767),4
2018-07-03,np.float64(114194.039418358),np.float64(0.799480097541203),4
2018-07-05,np.float64(115261.45538977961),np.float64(0.8004023690147032),4
2018-07-06,np.float64(115894.70685654912),np.float64(0.8014929752728613),4
2018-07-09,np.float64(116266.21018644245),np.float64(0.8021272611980248),4
2018-07-10,np.float64(117628.81513975897),np.float64(0.8044194068232062),4
2018-07-11,np.float64(116772.12107225988),np.float64(0.8029845375037663),4
2018-07-12,np.float64(113894.18548456489),np.float64(0.7980062516638721),4
2018-07-13,np.float64(113596.63275219225),np.float64(0.7974771533069628),4
2018-07-16,np.float64(114418.53779049846),np.float64(0.7989319398414132),4
2018-07-17,np.float64(115572.7506191989),np.float64(0.8009399852780198),4
2018-07-18,np.float64(115598.94856706614),np.float64(0.5851040316682475),3
2018-07-19,np.float64(115265.01072499389),np.float64(0.5839020236739938),3
2018-07-20,np.float64(115983.66175643961),np.float64(0.5864802250804739),3
2018-07-23,np.float64(117425.98292292068),np.float64(0.5915594103619497),3
2018-07-24,np.float64(117565.58760958318),np.float64(0.5920444181069543),3
2018-07-25,np.float64(119386.58814843054),np.float64(0.5982669540381211),3
2018-07-26,np.float64(118753.37833708918),np.float64(0.5961248566106185),3
2018-07-27,np.float64(118298.07911257408),np.float64(0.5945704438850229),3
2018-07-30,np.float64(118278.81885150018),np.float64(0.5945044246334471),3
2018-07-31,np.float64(117771.86117709658),np.float64(0.5927589389816609),3
2018-08-01,np.float64(117466.91730395114),np.float64(0.5917017420337793),3
2018-08-02,np.float64(116724.63403711778),np.float64(0.0),0
2018-08-03,np.float64(116724.63403711778),np.float64(0.0),0
2018-08-06,np.float64(116724.63403711778),np.float64(0.0),0
2018-08-07,np.float64(116724.63403711778),np.float64(0.0),0
2018-08-08,np.float64(116724.63403711778),np.float64(0.0),0
2018-08-09,np.float64(116724.63403711778),np.float64(0.0),0
2018-08-10,np.float64(116724.63403711778),np.float64(0.0),0
2018-08-13,np.float64(116724.63403711778),np.float64(0.0),0
2018-08-14,np.float64(116724.63403711778),np.float64(0.0),0
2018-08-15,np.float64(116724.63403711778),np.float64(0.0),0
2018-08-16,np.float64(116724.63403711778),np.float64(0.0),0
2018-08-17,np.float64(116724.63403711778),np.float64(0.0),0
2018-08-20,np.float64(116724.63403711778),np.float64(0.0),0
2018-08-21,np.float64(116724.63403711778),np.float64(0.0),0
2018-08-22,np.float64(116724.63403711778),np.float64(0.0),0
2018-08-23,np.float64(116724.63403711778),np.float64(0.0),0
2018-08-24,np.float64(116724.63403711778),np.float64(0.0),0
2018-08-27,np.float64(116724.63403711778),np.float64(0.0),0
2018-08-28,np.float64(116724.63403711778),np.float64(0.0),0
2018-08-29,np.float64(116724.63403711778),np.float64(0.0),0
2018-08-30,np.float64(116724.63403711778),np.float64(0.0),0
2018-08-31,np.float64(116321.18931983583),np.float64(0.19722530541758732),1
2018-09-04,np.float64(115939.57625925214),np.float64(0.1945829867370902),1
2018-09-05,np.float64(115712.17286883111),np.float64(0.1930001406546267),1
2018-09-06,np.float64(115430.75884514055),np.float64(0.19103271810791386),1
2018-09-07,np.float64(115311.56296482157),np.float64(0.19019650043090788),1
2018-09-10,np.float64(115264.44334338297),np.float64(0.18986545615365696),1
2018-09-11,np.float64(115542.50498293957),np.float64(0.19181510524216),1
2018-09-12,np.float64(115200.00307058553),np.float64(0.18941228523684628),1
2018-09-13,np.float64(115396.30378598585),np.float64(0.19079117644117644),1
2018-09-14,np.float64(115318.8264637785),np.float64(0.1902475069062148),1
2018-09-17,np.float64(114980.79439693643),np.float64(0.18786691534475736),1
2018-09-18,np.float64(115116.37971079926),np.float64(0.18882345445290166),1
2018-09-19,np.float64(115206.1288400063),np.float64(0.39209153950887293),2
2018-09-20,np.float64(115873.08436785243),np.float64(0.3955906084286391),2
2018-09-21,np.float64(115480.42115277419),np.float64(0.393535460616146),2
2018-09-24,np.float64(115360.4207407508),np.float64(0.3929046030470047),2
2018-09-25,np.float64(115429.58111372605),np.float64(0.3932683481431899),2
2018-09-26,np.float64(115335.66374910728),np.float64(0.5951828593416449),3
2018-09-27,np.float64(115571.00878425883),np.float64(0.5960072157715176),3
2018-09-28,np.float64(115812.84830367842),np.float64(0.5968508304672776),3
2018-10-01,np.float64(115633.70992553286),np.float64(0.5962262765337636),3
2018-10-02,np.float64(115345.71343297794),np.float64(0.5952181296968923),3
2018-10-03,np.float64(114844.41425735192),np.float64(0.593451245175747),3
2018-10-04,np.float64(114003.44677160346),np.float64(0.5904522631812492),3
2018-10-05,np.float64(113821.64012046903),np.float64(0.5897980949366879),3
2018-10-08,np.float64(114257.15622456904),np.float64(0.5913616690837326),3
2018-10-09,np.float64(113996.77421759872),np.float64(0.5904282911924785),3
2018-10-10,np.float64(112487.50546435596),np.float64(0.584932980582081),3
2018-10-11,np.float64(111460.168316778),np.float64(0.5811072751823673),3
2018-10-12,np.float64(112081.15391719714),np.float64(0.5834281502014117),3
2018-10-15,np.float64(111933.36584006855),np.float64(0.5828781412545209),3
2018-10-16,np.float64(113163.67214710149),np.float64(0.5874130564254316),3
2018-10-17,np.float64(113440.12087322914),np.float64(0.5884185131729219),3
2018-10-18,np.float64(112681.66554264087),np.float64(0.5856481763026588),3
2018-10-19,np.float64(113672.33614862361),np.float64(0.5892593114845345),3
2018-10-22,np.float64(113420.22622144199),np.float64(0.5883463190798993),3
2018-10-23,np.float64(113835.52442268142),np.float64(0.5898481264821732),3
2018-10-24,np.float64(113534.67949902729),np.float64(0.588761303410848),3
2018-10-25,np.float64(114018.88276154181),np.float64(0.5896609565680546),3
2018-10-26,np.float64(113087.10131330488),np.float64(0.5862799670147198),3
2018-10-29,np.float64(112334.61034718578),np.float64(0.5835085986326893),3
2018-10-30,np.float64(113572.19825807447),np.float64(0.5880470748727108),3
2018-10-31,np.float64(114357.8577422548),np.float64(0.5908772671223028),3
2018-11-01,np.float64(114500.90469931482),np.float64(0.5913883876427556),3
2018-11-02,np.float64(114223.97120128066),np.float64(0.5903977178038645),3
2018-11-05,np.float64(114331.44334015937),np.float64(0.5907827460346922),3
2018-11-06,np.float64(114860.61844510905),np.float64(0.5926680535164536),3
2018-11-07,np.float64(115559.1363233655),np.float64(0.5951302443570599),3
2018-11-08,np.float64(113399.47598288924),np.float64(0.5874196165367663),3
2018-11-09,np.float64(112762.85286130963),np.float64(0.5850903192109357),3
2018-11-12,np.float64(111528.99972842787),np.float64(0.5805001443617832),3
2018-11-13,np.float64(111377.43187097392),np.float64(0.5799292684378798),3
2018-11-14,np.float64(111369.43299902338),np.float64(0.5798990977536854),3
2018-11-15,np.float64(112195.9897360027),np.float64(0.5829940143525747),3
2018-11-16,np.float64(112541.30804144623),np.float64(0.5842735427571188),3
2018-11-19,np.float64(111594.70475561116),np.float64(0.5807471386029388),3
2018-11-20,np.float64(112355.48925903632),np.float64(0.7913633536490399),4
2018-11-21,np.float64(112991.24497668742),np.float64(0.7925372670868159),4
2018-11-23,np.float64(112564.48351388663),np.float64(0.7917507214854783),4
2018-11-26,np.float64(114038.575329196),np.float64(0.7944426049653989),4
2018-11-27,np.float64(114395.9313269276),np.float64(0.7950847359148272),4
2018-11-28,np.float64(118371.08416814347),np.float64(0.8019662264406688),4
2018-11-29,np.float64(118596.61110728761),np.float64(0.8006755934236346),4
2018-11-30,np.float64(120272.145140821),np.float64(0.8034524194837461),4
2018-12-03,np.float64(120915.49579676456),np.float64(0.6302883735988328),3
2018-12-04,np.float64(119342.826371848),np.float64(0.6254164077794072),3
2018-12-06,np.float64(119816.6657921147),np.float64(0.6250065457712062),3
2018-12-07,np.float64(118013.94659387525),np.float64(0.6192783422947243),3
2018-12-10,np.float64(118816.11190227432),np.float64(0.6218487151261342),3
2018-12-11,np.float64(118910.49988954136),np.float64(0.6221488815428496),3
2018-12-12,np.float64(119556.64263298598),np.float64(0.6241909743359955),3
2018-12-13,np.float64(120032.80423137546),np.float64(0.625681782015573),3
2018-12-14,np.float64(118958.77883749585),np.float64(0.6223022309186654),3
2018-12-17,np.float64(117440.41625125453),np.float64(0.4046307975449785),2
2018-12-18,np.float64(117693.66861862136),np.float64(0.6199223012436281),3
2018-12-19,np.float64(116523.21369288457),np.float64(0.6161044884613219),3
2018-12-20,np.float64(115832.35479186621),np.float64(0.6138148205038324),3
2018-12-21,np.float64(114259.31019474476),np.float64(0.6084980851843261),3
2018-12-24,np.float64(112498.02921695285),np.float64(0.6023686900283972),3
2018-12-26,np.float64(116019.63678050347),np.float64(0.6144382109091577),3
2018-12-27,np.float64(117089.91145627695),np.float64(0.6179624856624436),3
2018-12-28,np.float64(117461.82937912183),np.float64(0.38322979191970774),2
2018-12-31,np.float64(117837.56198904655),np.float64(0.38519640321150755),2
2019-01-02,np.float64(117768.93097195208),np.float64(0.38483812029416514),2
2019-01-03,np.float64(116760.78396160674),np.float64(0.3795266313775801),2
2019-01-04,np.float64(118013.83287694943),np.float64(0.5646078919915195),3
2019-01-07,np.float64(117751.05378684588),np.float64(0.5636362493751584),3
2019-01-08,np.float64(118544.69008078738),np.float64(0.5665576295704273),3
2019-01-09,np.float64(118962.37776055097),np.float64(0.568079484979037),3
2019-01-10,np.float64(119251.79534916012),np.float64(0.5691277324587684),3
2019-01-11,np.float64(119295.40048172313),np.float64(0.5692852258932846),3
2019-01-14,np.float64(118608.76589489152),np.float64(0.5667917874131716),3
2019-01-15,np.float64(118687.74450136375),np.float64(0.5670800579594372),3
2019-01-16,np.float64(118540.36426433118),np.float64(0.5665418122397616),3
2019-01-17,np.float64(118691.6545570197),np.float64(0.5670943196282484),3
2019-01-18,np.float64(119319.05805518283),np.float64(0.569370624375092),3
2019-01-22,np.float64(118088.22441715785),np.float64(0.5648821741197269),3
2019-01-23,np.float64(117257.47415782901),np.float64(0.5617994346245702),3
2019-01-24,np.float64(116391.69742285612),np.float64(0.5585398906609169),3
2019-01-25,np.float64(117536.18645191682),np.float64(0.5628385349096243),3
2019-01-28,np.float64(117227.20990868637),np.float64(0.5616863055046731),3
2019-01-29,np.float64(116793.47660028547),np.float64(0.5600585497912138),3
2019-01-30,np.float64(118863.52032983582),np.float64(0.567720261625483),3
2019-01-31,np.float64(119073.6155729155),np.float64(0.5684829823699168),3
2019-02-01,np.float64(119038.43005954628),np.float64(0.8011728377321177),4
2019-02-04,np.float64(119100.65324604645),np.float64(0.0),0
2019-02-05,np.float64(119100.65324604645),np.float64(0.0),0
2019-02-06,np.float64(119100.65324604645),np.float64(0.0),0
2019-02-07,np.float64(119100.65324604645),np.float64(0.0),0
2019-02-08,np.float64(119100.65324604645),np.float64(0.0),0
2019-02-11,np.float64(119100.65324604645),np.float64(0.0),0
2019-02-12,np.float64(119100.65324604645),np.float64(0.0),0
2019-02-13,np.float64(119100.65324604645),np.float64(0.0),0
2019-02-14,np.float64(119100.65324604645),np.float64(0.0),0
2019-02-15,np.float64(119100.65324604645),np.float64(0.0),0
2019-02-19,np.float64(118819.57086110716),np.float64(0.1981075010932812),1
2019-02-20,np.float64(118961.34072573693),np.float64(0.19906314088620972),1
2019-02-21,np.float64(119360.39664099112),np.float64(0.20174090168769065),1
2019-02-22,np.float64(119055.85396882345),np.float64(0.1996989696803335),1
2019-02-25,np.float64(118877.32895410448),np.float64(0.19849711097039735),1
2019-02-26,np.float64(118746.06056092874),np.float64(0.19761108581830714),1
2019-02-27,np.float64(118877.32895410448),np.float64(0.19849711097039735),1
2019-02-28,np.float64(119087.35838318562),np.float64(0.1999106883347396),1
2019-03-01,np.float64(119108.36132609374),np.float64(0.20005177188208428),1
2019-03-04,np.float64(119250.1311907235),np.float64(0.20100278594704765),1
2019-03-05,np.float64(119223.87751208837),np.float64(0.2008268428681456),1
2019-03-06,np.float64(119145.11647618294),np.float64(0.20029854840182473),1
2019-03-07,np.float64(119055.85396882345),np.float64(0.1996989696803335),1
2019-03-08,np.float64(118824.82159683418),np.float64(0.19814293582431353),1
2019-03-11,np.float64(119528.42018425604),np.float64(0.20286303081760917),1
2019-03-12,np.float64(119460.16061980466),np.float64(0.20240754656208695),1
2019-03-13,np.float64(119549.42312716416),np.float64(0.20300307517596528),1
2019-03-14,np.float64(119486.41429843982),np.float64(0.20082502612043668),1
2019-03-15,np.float64(119276.38486935866),np.float64(0.19941778810191596),1
2019-03-18,np.float64(119334.14296235598),np.float64(0.1998052723599744),1
2019-03-19,np.float64(119412.90399826142),np.float64(0.20033305590400335),1
2019-03-20,np.float64(119397.15179108034),np.float64(0.20022755490008237),1
2019-03-21,np.float64(119386.65031962626),np.float64(0.20015720543069468),1
2019-03-22,np.float64(119607.18122016148),np.float64(0.2016319500904512),1
2019-03-25,np.float64(119659.68857743176),np.float64(0.20198227856721854),1
2019-03-26,np.float64(119980.02636742144),np.float64(0.4026470609597238),2
2019-03-27,np.float64(119883.22072739058),np.float64(0.4021646987639366),2
2019-03-28,np.float64(120136.8519882102),np.float64(0.40342684038580845),2
2019-03-29,np.float64(120407.83666233724),np.float64(0.404769462159708),2
2019-04-01,np.float64(121147.24461515213),np.float64(0.4084023817100908),2
2019-04-02,np.float64(121187.67980402577),np.float64(0.40859977274415826),2
2019-04-03,np.float64(121032.96352507886),np.float64(0.40784378660728715),2
2019-04-04,np.float64(121431.26197094345),np.float64(0.4082155272869456),2
2019-04-05,np.float64(121366.41312282688),np.float64(0.4078993233191323),2
2019-04-08,np.float64(121489.47244149288),np.float64(0.40849907492221144),2
2019-04-09,np.float64(121366.53515956187),np.float64(0.40789991868945635),2
2019-04-10,np.float64(121462.82740367312),np.float64(0.40836931864322457),2
2019-04-11,np.float64(121711.75183386907),np.float64(0.40957931955130616),2
2019-04-12,np.float64(122914.69843984974),np.float64(0.4153576728537317),2
2019-04-15,np.float64(122974.69359244432),np.float64(0.20067915760638658),1
2019-04-16,np.float64(122948.43991380918),np.float64(0.2005084753875859),1
2019-04-17,np.float64(123121.71419280113),np.float64(0.20163363286606656),1
2019-04-18,np.float64(123226.72890734169),np.float64(0.2023140064902533),1
2019-04-22,np.float64(123184.72302152547),np.float64(0.20204199624467506),1
2019-04-23,np.float64(123610.0326154148),np.float64(0.204787559750623),1
2019-04-24,np.float64(123489.26569369313),np.float64(0.20400987791743516),1
2019-04-25,np.float64(123415.75539351473),np.float64(0.20353576120011038),1
2019-04-26,np.float64(123438.1010591292),np.float64(0.3966522136424933),2
2019-04-29,np.float64(123566.67888313872),np.float64(0.39728002970255083),2
2019-04-30,np.float64(124023.82937286707),np.float64(0.3995016489751035),2
2019-05-01,np.float64(122810.52942544679),np.float64(0.5875274325908539),3
2019-05-02,np.float64(122766.23120910351),np.float64(0.5873785985112638),3
2019-05-03,np.float64(123342.86504854725),np.float64(0.5893076234522968),3
2019-05-06,np.float64(123053.44433995296),np.float64(0.588341678295115),3
2019-05-07,np.float64(121611.83104361518),np.float64(0.5834617903349952),3
2019-05-08,np.float64(121639.7221538008),np.float64(0.5835572995395263),3
2019-05-09,np.float64(121593.96059873686),np.float64(0.5828826703488379),3
2019-05-10,np.float64(122872.86433225937),np.float64(0.5872241733577147),3
2019-05-13,np.float64(121332.27704693089),np.float64(0.5819830519867699),3
2019-05-14,np.float64(122451.81202422567),np.float64(0.585804837770636),3
2019-05-15,np.float64(122465.73169780687),np.float64(0.5858519159318262),3
2019-05-16,np.float64(123434.19620097423),np.float64(0.5891013211276258),3
2019-05-17,np.float64(122762.54689033197),np.float64(0.5868532428545757),3
2019-05-20,np.float64(122834.10301301368),np.float64(0.5870939185245623),3
2019-05-21,np.float64(122773.96476368766),np.float64(0.5868916651484186),3
2019-05-22,np.float64(123551.13053313954),np.float64(0.5894902140693109),3
2019-05-23,np.float64(122998.0496429902),np.float64(0.5876442895324864),3
2019-05-24,np.float64(122867.50247833764),np.float64(0.5872061601024581),3
2019-05-28,np.float64(122601.2418662379),np.float64(0.5863096704844978),3
2019-05-29,np.float64(121469.89572039554),np.float64(0.5824566420687417),3
2019-05-30,np.float64(121981.35052944999),np.float64(0.37469989721206814),2
2019-05-31,np.float64(121182.45536003506),np.float64(0.37057760714897475),2
2019-06-03,np.float64(120422.61726147361),np.float64(0.36660610142146277),2
2019-06-04,np.float64(121680.68099590708),np.float64(0.37315479828025083),2
2019-06-05,np.float64(123001.69854764108),np.float64(0.3798870103022766),2
2019-06-06,np.float64(123441.23430863573),np.float64(0.3820950393806961),2
2019-06-07,np.float64(124187.13016869948),np.float64(0.38580631567327733),2
2019-06-10,np.float64(123053.36749528816),np.float64(0.3801473898940923),2
2019-06-11,np.float64(122700.25740606002),np.float64(0.37836356144018407),2
2019-06-12,np.float64(122873.80702394721),np.float64(0.37924157416714216),2
2019-06-13,np.float64(123122.67389400883),np.float64(0.3804963081784777),2
2019-06-14,np.float64(122974.71954036868),np.float64(0.3797509658134476),2
2019-06-17,np.float64(123138.85210978417),np.float64(0.3805776997476551),2
2019-06-18,np.float64(123308.75706691502),np.float64(0.3814311907881425),2
2019-06-19,np.float64(123906.58749351824),np.float64(0.384415691149061),2
2019-06-20,np.float64(124702.56836366399),np.float64(0.388344987395617),2
2019-06-21,np.float64(124532.78513344769),np.float64(0.3875110803750145),2
2019-06-24,np.float64(123981.48618362779),np.float64(0.38478757295016025),2
2019-06-25,np.float64(123480.35339516622),np.float64(0.38229079422717555),2
2019-06-26,np.float64(123248.44349559775),np.float64(0.3811284843771658),2
2019-06-27,np.float64(123598.23352917496),np.float64(0.382879925979918),2
2019-06-28,np.float64(123619.37544940383),np.float64(0.38298546852395),2
2019-07-01,np.float64(123884.46676988242),np.float64(0.38430577284593803),2
2019-07-02,np.float64(124079.0793153111),np.float64(0.3852714619968682),2
2019-07-03,np.float64(124645.28300093804),np.float64(0.3880638786491278),2
2019-07-05,np.float64(124414.32912291208),np.float64(0.38692792412261556),2
2019-07-08,np.float64(124272.11156943979),np.float64(0.3862263217306361),2
2019-07-09,np.float64(124490.69136549774),np.float64(0.38730398082265594),2
2019-07-10,np.float64(124963.61641368407),np.float64(0.3896227300931139),2
2019-07-11,np.float64(125981.19820806473),np.float64(0.6059004245730578),3
2019-07-12,np.float64(126426.2036148989),np.float64(0.6072876088503794),3
2019-07-15,np.float64(126253.56183383937),np.float64(0.8108322325962989),4
2019-07-16,np.float64(125765.7183279831),np.float64(0.810098453406929),4
2019-07-17,np.float64(125626.25552448645),np.float64(0.809887635994871),4
2019-07-18,np.float64(125823.0938736857),np.float64(0.5931107172419561),3
2019-07-19,np.float64(125047.42710007411),np.float64(0.590586790884627),3
2019-07-22,np.float64(125037.63730588536),np.float64(0.5905547359678694),3
2019-07-23,np.float64(125358.20873478003),np.float64(0.5916017870917623),3
2019-07-24,np.float64(126148.55611116388),np.float64(0.5941604882457211),3
2019-07-25,np.float64(126082.97604973686),np.float64(0.5939493972567215),3
2019-07-26,np.float64(126217.40137632049),np.float64(0.5943818533545974),3
2019-07-29,np.float64(126149.14515774832),np.float64(0.7829875284749701),4
2019-07-30,np.float64(126020.25158415051),np.float64(0.7827655680152937),4
2019-07-31,np.float64(125096.0423659545),np.float64(0.7811606406270833),4
2019-08-01,np.float64(123792.51522820919),np.float64(0.5604907545915134),3
2019-08-02,np.float64(122982.7942891099),np.float64(0.5575970177806684),3
2019-08-05,np.float64(121951.76625639349),np.float64(0.0),0
2019-08-06,np.float64(121951.76625639349),np.float64(0.0),0
2019-08-07,np.float64(121951.76625639349),np.float64(0.0),0
2019-08-08,np.float64(121951.76625639349),np.float64(0.0),0
2019-08-09,np.float64(121951.76625639349),np.float64(0.0),0
2019-08-12,np.float64(121951.76625639349),np.float64(0.0),0
2019-08-13,np.float64(121951.76625639349),np.float64(0.0),0
2019-08-14,np.float64(121951.76625639349),np.float64(0.0),0
2019-08-15,np.float64(121951.76625639349),np.float64(0.0),0
2019-08-16,np.float64(121951.76625639349),np.float64(0.0),0
2019-08-19,np.float64(121951.76625639349),np.float64(0.0),0
2019-08-20,np.float64(121951.76625639349),np.float64(0.0),0
2019-08-21,np.float64(121951.76625639349),np.float64(0.0),0
2019-08-22,np.float64(121951.76625639349),np.float64(0.0),0
2019-08-23,np.float64(121951.76625639349),np.float64(0.0),0
2019-08-26,np.float64(121922.72708400022),np.float64(0.19980945851138468),1
2019-08-27,np.float64(122044.22989736123),np.float64(0.20060609922186737),1
2019-08-28,np.float64(121838.60975167336),np.float64(0.19925700724950307),1
2019-08-29,np.float64(122066.83171893416),np.float64(0.4005655858889117),2
2019-08-30,np.float64(121961.51498023071),np.float64(0.40004795967238743),2
2019-09-03,np.float64(121571.39339979432),np.float64(0.39812271861350645),2
2019-09-04,np.float64(122358.37003309818),np.float64(0.4019938338991996),2
2019-09-05,np.float64(123194.55964702349),np.float64(0.4060528324993774),2
2019-09-06,np.float64(122708.12959447491),np.float64(0.40369835319264186),2
2019-09-09,np.float64(123072.53180259002),np.float64(0.4054639269857269),2
2019-09-10,np.float64(123251.49487454708),np.float64(0.40632720253564397),2
2019-09-11,np.float64(123641.79725362125),np.float64(0.40820126058388356),2
2019-09-12,np.float64(122768.77476918745),np.float64(0.4039929135775606),2
2019-09-13,np.float64(122667.84418500752),np.float64(0.4035025214637376),2
2019-09-16,np.float64(122207.02522988981),np.float64(0.40125324533356144),2
2019-09-17,np.float64(122269.0309909613),np.float64(0.4015568851670604),2
2019-09-18,np.float64(122324.77110884528),np.float64(0.40182957964639815),2
2019-09-19,np.float64(123156.00050703555),np.float64(0.4058668724821406),2
2019-09-20,np.float64(122913.35852051154),np.float64(0.4046940004358805),2
2019-09-23,np.float64(123117.12471406617),np.float64(0.40567926741489047),2
2019-09-24,np.float64(122491.56857754776),np.float64(0.4026441117250246),2
2019-09-25,np.float64(123072.06397334648),np.float64(0.4054616669979416),2
2019-09-26,np.float64(123160.09758803085),np.float64(0.4058866370941627),2
2019-09-27,np.float64(122899.51976376152),np.float64(0.4046269676684976),2
2019-09-30,np.float64(123569.58811631889),np.float64(0.4078554370112611),2
2019-10-01,np.float64(122646.82762019118),np.float64(0.40340030660695175),2
2019-10-02,np.float64(121913.44807910983),np.float64(0.39981141615849225),2
2019-10-03,np.float64(122534.61806110472),np.float64(0.40285397782569765),2
2019-10-04,np.float64(123459.44088745667),np.float64(0.4073271413845339),2
2019-10-07,np.float64(123123.02263121074),np.float64(0.4057077369436851),2
2019-10-08,np.float64(122515.11530183189),np.float64(0.40275892020695003),2
2019-10-09,np.float64(123307.83663309578),np.float64(0.40568889863023183),2
2019-10-10,np.float64(123909.13817269735),np.float64(0.40857294887483836),2
2019-10-11,np.float64(124666.35146866861),np.float64(0.4121652287597726),2
2019-10-14,np.float64(124442.32561306939),np.float64(0.4111069860201799),2
2019-10-15,np.float64(124750.41874939518),np.float64(0.4125613610632157),2
2019-10-16,np.float64(124355.92565675825),np.float64(0.6068312572364922),3
2019-10-17,np.float64(123982.99235793094),np.float64(0.6056486295756652),3
2019-10-18,np.float64(122928.09648436004),np.float64(0.6022645404593859),3
2019-10-21,np.float64(123767.00965744261),np.float64(0.6049604569021777),3
2019-10-22,np.float64(122650.78998574939),np.float64(0.6013652830826391),3
2019-10-23,np.float64(122765.6721534323),np.float64(0.6017383191243096),3
2019-10-24,np.float64(123561.46040184842),np.float64(0.60430329338412),3
2019-10-25,np.float64(123394.17795529102),np.float64(0.603766857109133),3
2019-10-28,np.float64(124442.70487105123),np.float64(0.6071054305969711),3
2019-10-29,np.float64(124033.59392820552),np.float64(0.8024526346582846),4
2019-10-30,np.float64(125234.61159409856),np.float64(0.8043471418764251),4
2019-10-31,np.float64(124757.43531606939),np.float64(0.8035988024897692),4
2019-11-01,np.float64(125251.11855534927),np.float64(0.8043729271483243),4
2019-11-04,np.float64(125761.70815131007),np.float64(0.8051671684921693),4
2019-11-05,np.float64(126865.40886047749),np.float64(0.8068621705911321),4
2019-11-06,np.float64(126557.29218113537),np.float64(0.806391956780239),4
2019-11-07,np.float64(126921.87670418851),np.float64(0.8069480980691126),4
2019-11-08,np.float64(127581.7026439706),np.float64(0.8079465222159805),4
2019-11-11,np.float64(127188.35624832196),np.float64(0.8073525720660891),4
2019-11-12,np.float64(127650.85173037482),np.float64(0.8080505585177326),4
2019-11-13,np.float64(127337.11236289612),np.float64(0.8075776241528719),4
2019-11-14,np.float64(127523.44406199736),np.float64(0.8078587833428579),4
2019-11-15,np.float64(128075.49476456965),np.float64(0.8086869799767545),4
2019-11-18,np.float64(128174.30524695409),np.float64(0.8088344645428577),4
2019-11-19,np.float64(128540.73250112552),np.float64(0.8093794144656314),4
2019-11-20,np.float64(128335.95780825507),np.float64(0.8083697632765621),4
2019-11-21,np.float64(128041.16873257459),np.float64(0.8079285731428316),4
2019-11-22,np.float64(128331.59125363351),np.float64(0.8083632429499019),4
2019-11-25,np.float64(129624.88457174611),np.float64(0.8102752410837207),4
2019-11-26,np.float64(130150.10448142231),np.float64(0.6047862253313043),3
2019-11-27,np.float64(130597.24956501578),np.float64(0.6061393770776093),3
2019-11-29,np.float64(130176.42272296411),np.float64(0.6048661271396719),3
2019-12-02,np.float64(128972.74044454994),np.float64(0.6011784049223742),3
2019-12-03,np.float64(128524.29261579484),np.float64(0.59978683392258),3
2019-12-04,np.float64(128187.24233121247),np.float64(0.5987345298159712),3
2019-12-05,np.float64(128082.36489564716),np.float64(0.5984059623857233),3
2019-12-06,np.float64(128592.25050461522),np.float64(0.5999983368843682),3
2019-12-09,np.float64(128861.38908650485),np.float64(0.6008337762749227),3
2019-12-10,np.float64(128699.90032796236),np.float64(0.6003329145201179),3
2019-12-11,np.float64(129020.99099170996),np.float64(0.6013275539874513),3
2019-12-12,np.float64(129454.38988356647),np.float64(0.6026622649730808),3
2019-12-13,np.float64(129621.2696067928),np.float64(0.603173813821891),3
2019-12-16,np.float64(130017.4578041264),np.float64(0.6043830195240477),3
2019-12-17,np.float64(129689.56772111688),np.float64(0.6033827934700355),3
2019-12-18,np.float64(129992.71519790587),np.float64(0.604307718418542),3
2019-12-19,np.float64(130327.45506955867),np.float64(0.6053240352297611),3
2019-12-20,np.float64(130414.4773957039),np.float64(0.6055873926515274),3
2019-12-23,np.float64(130675.37372698821),np.float64(0.6063748463188456),3
2019-12-24,np.float64(130559.00578367192),np.float64(0.6060240061045187),3
2019-12-26,np.float64(131682.47084498894),np.float64(0.3851052352181657),2
2019-12-27,np.float64(131645.21826010276),np.float64(0.3849312340677718),2
2019-12-30,np.float64(131034.33242491685),np.float64(0.5876175612537549),3
2019-12-31,np.float64(131066.65295765651),np.float64(0.5877192531777644),3
2020-01-02,np.float64(131987.05080702534),np.float64(0.5905942497050085),3
2020-01-03,np.float64(131603.6355973194),np.float64(0.5894014833282157),3
2020-01-06,np.float64(132125.2918416048),np.float64(0.5910226058031837),3
2020-01-07,np.float64(132193.98437763087),np.float64(0.5912351245083047),3
2020-01-08,np.float64(132393.0072985872),np.float64(0.5910024621930791),3
2020-01-09,np.float64(133067.20679179628),np.float64(0.5930746927550735),3
2020-01-10,np.float64(132654.72209856714),np.float64(0.5918093743565216),3
2020-01-13,np.float64(133067.86036522072),np.float64(0.5930766914012217),3
2020-01-14,np.float64(132896.71891351097),np.float64(0.5925526645754468),3
2020-01-15,np.float64(132836.5508788437),np.float64(0.5923681121669364),3
2020-01-16,np.float64(133570.52680733826),np.float64(0.5946080673464784),3
2020-01-17,np.float64(133399.59514857645),np.float64(0.5940886181276113),3
2020-01-21,np.float64(134601.21927931666),np.float64(0.5977123067837133),3
2020-01-22,np.float64(134179.87834730264),np.float64(0.59644907511526),3
2020-01-23,np.float64(134352.3552114798),np.float64(0.5969671397070593),3
2020-01-24,np.float64(133395.13263597424),np.float64(0.5940750390365216),3
2020-01-27,np.float64(132195.7347626379),np.float64(0.5903921249410864),3
2020-01-28,np.float64(133025.88428448167),np.float64(0.5929482874763146),3
2020-01-29,np.float64(132853.49272024995),np.float64(0.5924200945021718),3
2020-01-30,np.float64(133069.06339167722),np.float64(0.5930803702390636),3
2020-01-31,np.float64(134202.6035702775),np.float64(0.5965174104865998),3
2020-02-03,np.float64(134117.6403444503),np.float64(0.5962618051666572),3
2020-02-04,np.float64(134933.10811314062),np.float64(0.0),0
2020-02-05,np.float64(134933.10811314062),np.float64(0.0),0
2020-02-06,np.float64(134933.10811314062),np.float64(0.0),0
2020-02-07,np.float64(134933.10811314062),np.float64(0.0),0
2020-02-10,np.float64(134933.10811314062),np.float64(0.0),0
2020-02-11,np.float64(134933.10811314062),np.float64(0.0),0
2020-02-12,np.float64(134933.10811314062),np.float64(0.0),0
2020-02-13,np.float64(134933.10811314062),np.float64(0.0),0
2020-02-14,np.float64(134933.10811314062),np.float64(0.0),0
2020-02-18,np.float64(134933.10811314062),np.float64(0.0),0
2020-02-19,np.float64(134933.10811314062),np.float64(0.0),0
2020-02-20,np.float64(134933.10811314062),np.float64(0.0),0
2020-02-21,np.float64(134933.10811314062),np.float64(0.0),0
2020-02-24,np.float64(134933.10811314062),np.float64(0.0),0
2020-02-25,np.float64(134933.10811314062),np.float64(0.0),0
2020-02-26,np.float64(134933.10811314062),np.float64(0.0),0
2020-02-27,np.float64(134933.10811314062),np.float64(0.0),0
2020-02-28,np.float64(134933.10811314062),np.float64(0.0),0
2020-03-02,np.float64(134933.10811314062),np.float64(0.0),0
2020-03-03,np.float64(134933.10811314062),np.float64(0.0),0
2020-03-04,np.float64(134933.10811314062),np.float64(0.0),0
2020-03-05,np.float64(134933.10811314062),np.float64(0.0),0
2020-03-06,np.float64(134933.10811314062),np.float64(0.0),0
2020-03-09,np.float64(134933.10811314062),np.float64(0.0),0
2020-03-10,np.float64(136010.61537601746),np.float64(0.4047533374945681),2
2020-03-11,np.float64(133953.5143502945),np.float64(0.3956122371215237),2
2020-03-12,np.float64(128614.4320446251),np.float64(0.3705227043276614),2
2020-03-13,np.float64(132319.68368229413),np.float64(0.3881494981330755),2
2020-03-16,np.float64(124218.0895640472),np.float64(0.5654961090234165),3
2020-03-17,np.float64(129715.24182868749),np.float64(0.5839097820398184),3
2020-03-18,np.float64(127346.26927695973),np.float64(0.5761694193971851),3
2020-03-19,np.float64(128945.40520858802),np.float64(0.5814256184006972),3
2020-03-20,np.float64(125586.9462213796),np.float64(0.5702320593884463),3
2020-03-23,np.float64(125754.26553601095),np.float64(0.5708038767893683),3
2020-03-24,np.float64(131785.49665253208),np.float64(0.6072328967779979),3
2020-03-25,np.float64(129544.09384721189),np.float64(0.6004371466912544),3
2020-03-26,np.float64(135075.08983085642),np.float64(0.6167982724889985),3
2020-03-27,np.float64(133572.2366734675),np.float64(0.61248677827097),3
2020-03-30,np.float64(136531.80943310392),np.float64(0.6208868249691726),3
2020-03-31,np.float64(133524.82193020682),np.float64(0.797890600170701),4
2020-04-01,np.float64(130423.17844780149),np.float64(0.7930841592437587),4
2020-04-02,np.float64(132033.26957289997),np.float64(0.7956074123595953),4
2020-04-03,np.float64(131234.36278204015),np.float64(0.7943631450594331),4
2020-04-06,np.float64(138023.2792458171),np.float64(0.8044777535348555),4
2020-04-07,np.float64(136831.2526766677),np.float64(1.0),5
2020-04-08,np.float64(140729.14686676607),np.float64(0.998991508976288),5
2020-04-09,np.float64(142279.58909264396),np.float64(0.9990024986556759),5
2020-04-13,np.float64(141269.7527472545),np.float64(0.9989953682325493),5
2020-04-14,np.float64(146090.1424402252),np.float64(0.999028517057899),5
2020-04-15,np.float64(144171.82152201014),np.float64(0.999015590703568),5
2020-04-16,np.float64(144728.6643481948),np.float64(0.9990193782135075),5
2020-04-17,np.float64(147593.23810497936),np.float64(0.9990384106805161),5
2020-04-20,np.float64(146011.73299537407),np.float64(0.9990279953639459),5
2020-04-21,np.float64(139308.6379972666),np.float64(0.9989812255476033),5
2020-04-22,np.float64(143870.41670116273),np.float64(0.9990135283914233),5
2020-04-23,np.float64(143596.31007473957),np.float64(0.9990116453457897),5
2020-04-24,np.float64(146418.41364473893),np.float64(0.9990306951300938),5
2020-04-27,np.float64(146675.97093075007),np.float64(0.9990323971916518),5
2020-04-28,np.float64(144768.4590867709),np.float64(0.9990196477721385),5
2020-04-29,np.float64(149982.06909462868),np.float64(0.9990537263404451),5
2020-04-30,np.float64(151368.83996195486),np.float64(0.9990623956593347),5
2020-05-01,np.float64(148139.4899451756),np.float64(0.7584158840746932),4
2020-05-04,np.float64(149245.828166377),np.float64(0.760206712966643),4
2020-05-05,np.float64(150450.64199977744),np.float64(0.762126985725431),4
2020-05-06,np.float64(150146.81783412144),np.float64(0.7616456463861325),4
2020-05-07,np.float64(152304.79017232437),np.float64(0.7650228356472647),4
2020-05-08,np.float64(154755.8000054174),np.float64(0.7687443849550174),4
2020-05-11,np.float64(156313.73405508304),np.float64(0.771049243187935),4
2020-05-12,np.float64(154493.89030723443),np.float64(0.5666341901583442),3
2020-05-13,np.float64(152819.10729781853),np.float64(0.561884825317663),3
2020-05-14,np.float64(153150.19117906725),np.float64(0.5628319535670699),3
2020-05-15,np.float64(154461.28554403543),np.float64(0.5665427122869887),3
2020-05-18,np.float64(154703.84901785967),np.float64(0.5672223392395794),3
2020-05-19,np.float64(154039.09075631853),np.float64(0.5653546800370461),3
2020-05-20,np.float64(154422.12395685038),np.float64(0.5664327871355349),3
2020-05-21,np.float64(153528.23981592816),np.float64(0.5639084381553859),3
2020-05-22,np.float64(154250.11563680356),np.float64(0.5659493050479896),3
2020-05-26,np.float64(153974.77347066236),np.float64(0.5651731229769311),3
2020-05-27,np.float64(154601.37086257877),np.float64(0.7975040836748565),4
2020-05-28,np.float64(156343.9787024174),np.float64(0.7997611003777202),4
2020-05-29,np.float64(155879.40058472403),np.float64(0.7991643145886643),4
2020-06-01,np.float64(156308.18166894274),np.float64(0.799715242518482),4
2020-06-02,np.float64(156083.48786592568),np.float64(0.7994269176965539),4
2020-06-03,np.float64(156323.08917441644),np.float64(0.7997343423592941),4
2020-06-04,np.float64(154711.25608279655),np.float64(0.7962985807120194),4
2020-06-05,np.float64(156843.96885912158),np.float64(0.7990684457098967),4
2020-06-08,np.float64(158368.42203902386),np.float64(0.8010026112647239),4
2020-06-09,np.float64(157589.84057030347),np.float64(0.8000194534759202),4
2020-06-10,np.float64(159959.36087610485),np.float64(0.8029818181862988),4
2020-06-11,np.float64(153522.95249237528),np.float64(0.7947218840423417),4
2020-06-12,np.float64(156393.680649036),np.float64(0.7984899241893625),4
2020-06-15,np.float64(157322.6672525127),np.float64(0.5580666648476923),3
2020-06-16,np.float64(158560.67648592178),np.float64(0.3731309459799567),2
2020-06-17,np.float64(156763.60557242503),np.float64(0.3659447873085158),2
2020-06-18,np.float64(158255.08158795233),np.float64(0.37192044466346685),2
2020-06-19,np.float64(158368.69653515983),np.float64(0.37237103387132714),2
2020-06-22,np.float64(158747.51139764834),np.float64(0.3738687277778621),2
2020-06-23,np.float64(158852.1963053916),np.float64(0.3742813534512381),2
2020-06-24,np.float64(158041.1909987638),np.float64(0.3710704111671408),2
2020-06-25,np.float64(158472.11320802209),np.float64(0.3727806157097658),2
2020-06-26,np.float64(157758.81751729187),np.float64(0.36994468621309834),2
2020-06-29,np.float64(160474.3084841587),np.float64(0.6174742657358154),3
2020-06-30,np.float64(162180.89967703633),np.float64(0.6214994934318285),3
2020-07-01,np.float64(164228.717967161),np.float64(0.6262191324192481),3
2020-07-02,np.float64(163758.17351567544),np.float64(0.8075521864508632),4
2020-07-06,np.float64(165906.91340863056),np.float64(0.8100446702527078),4
2020-07-07,np.float64(165868.0851042564),np.float64(0.8100002033297533),4
2020-07-08,np.float64(166788.92385688206),np.float64(0.8110491889081667),4
2020-07-09,np.float64(166996.8858921726),np.float64(0.8112844902734259),4
2020-07-10,np.float64(167349.22289983454),np.float64(0.8116818118554703),4
2020-07-13,np.float64(166717.45189545918),np.float64(0.8109681854803453),4
2020-07-14,np.float64(167800.95230172758),np.float64(0.8113429864905736),4
2020-07-15,np.float64(167255.75318430655),np.float64(0.8107280262557092),4
2020-07-16,np.float64(167148.2898949106),np.float64(0.810606339166348),4
2020-07-17,np.float64(167112.61200259635),np.float64(0.620987864531976),3
2020-07-20,np.float64(167705.56271618663),np.float64(0.6223279245308532),3
2020-07-21,np.float64(167612.22710946793),np.float64(0.6221176161726114),3
2020-07-22,np.float64(167653.5827055236),np.float64(0.6222108295174736),3
2020-07-23,np.float64(166408.03422928537),np.float64(0.6193831131285793),3
2020-07-24,np.float64(165792.57327310392),np.float64(0.6179701738846314),3
2020-07-27,np.float64(165521.1893660171),np.float64(0.8056231598780583),4
2020-07-28,np.float64(164654.64770743676),np.float64(0.8046001967745318),4
2020-07-29,np.float64(164833.99845747562),np.float64(0.8048128052266345),4
2020-07-30,np.float64(164689.14335536063),np.float64(0.8046411250511573),4
2020-07-31,np.float64(168113.2114876739),np.float64(0.8086201228476865),4
2020-08-03,np.float64(168347.9833773638),np.float64(0.5374602105165937),3
2020-08-04,np.float64(168489.44222395224),np.float64(0.0),0
2020-08-05,np.float64(168489.44222395224),np.float64(0.0),0
2020-08-06,np.float64(168489.44222395224),np.float64(0.0),0
2020-08-07,np.float64(168489.44222395224),np.float64(0.0),0
2020-08-10,np.float64(168489.44222395224),np.float64(0.0),0
2020-08-11,np.float64(168489.44222395224),np.float64(0.0),0
2020-08-12,np.float64(168489.44222395224),np.float64(0.0),0
2020-08-13,np.float64(168489.44222395224),np.float64(0.0),0
2020-08-14,np.float64(168489.44222395224),np.float64(0.0),0
2020-08-17,np.float64(168489.44222395224),np.float64(0.0),0
2020-08-18,np.float64(168489.44222395224),np.float64(0.0),0
2020-08-19,np.float64(168489.44222395224),np.float64(0.0),0
2020-08-20,np.float64(168489.44222395224),np.float64(0.0),0
2020-08-21,np.float64(168489.44222395224),np.float64(0.0),0
2020-08-24,np.float64(168489.44222395224),np.float64(0.0),0
2020-08-25,np.float64(168489.44222395224),np.float64(0.0),0
2020-08-26,np.float64(168489.44222395224),np.float64(0.0),0
2020-08-27,np.float64(168609.59130263445),np.float64(0.4004275524698943),2
2020-08-28,np.float64(169184.55339616904),np.float64(0.4024651582840039),2
2020-08-31,np.float64(168471.65340690894),np.float64(0.39993664637338),2
2020-09-01,np.float64(169174.26577077399),np.float64(0.601619214467878),3
2020-09-02,np.float64(173308.48205283453),np.float64(0.8055612279004477),4
2020-09-03,np.float64(166372.94028881346),np.float64(0.7974557137338986),4
2020-09-04,np.float64(164488.53863960117),np.float64(0.795135340592797),4
2020-09-08,np.float64(157931.25467133152),np.float64(0.7866293881162495),4
2020-09-09,np.float64(160204.91585705068),np.float64(0.7896575878179747),4
2020-09-10,np.float64(158177.42940341242),np.float64(0.7869614611143537),4
2020-09-11,np.float64(157661.40952400438),np.float64(0.7862641939677709),4
2020-09-14,np.float64(158881.96510380608),np.float64(0.7879061451513781),4
2020-09-15,np.float64(160424.61915803974),np.float64(0.7899456540919476),4
2020-09-16,np.float64(158976.78646102216),np.float64(0.788032648068072),4
2020-09-17,np.float64(157609.09827698747),np.float64(0.7861932539860824),4
2020-09-18,np.float64(156112.32120438383),np.float64(0.7841433130657711),4
2020-09-21,np.float64(156987.8922697352),np.float64(0.7853472139947516),4
2020-09-22,np.float64(159105.91562989075),np.float64(0.7882046791825273),4
2020-09-23,np.float64(156704.87528089955),np.float64(0.7849595401267148),4
2020-09-24,np.float64(157899.8551768445),np.float64(0.7865869578724468),4
2020-09-25,np.float64(158748.5434443221),np.float64(0.7877278889389665),4
2020-09-28,np.float64(160693.01197696247),np.float64(0.7902964912399457),4
2020-09-29,np.float64(160896.54427262794),np.float64(0.7905617637897073),4
2020-09-30,np.float64(161249.42654099793),np.float64(0.5830770489844956),3
2020-10-01,np.float64(162678.8210739681),np.float64(0.5867403862457141),3
2020-10-02,np.float64(159746.19363949506),np.float64(0.579153748634864),3
2020-10-05,np.float64(162233.85669539432),np.float64(0.5856069248895615),3
2020-10-06,np.float64(160799.7586745609),np.float64(0.5819111464023208),3
2020-10-07,np.float64(161948.89184748882),np.float64(0.5848777599148908),3
2020-10-08,np.float64(163362.62359765355),np.float64(0.5884702064493761),3
2020-10-09,np.float64(165079.72068548837),np.float64(0.5927507843854711),3
2020-10-12,np.float64(167785.8496106995),np.float64(0.599319090858878),3
2020-10-13,np.float64(168062.4949127549),np.float64(0.5999786460510981),3
2020-10-14,np.float64(167300.57678461872),np.float64(0.5981568739623645),3
2020-10-15,np.float64(166701.1125416665),np.float64(0.5967118291053574),3
2020-10-16,np.float64(166674.14481537737),np.float64(0.5966465774430773),3
2020-10-19,np.float64(164564.74206274044),np.float64(0.5914763641327273),3
2020-10-20,np.float64(165175.74160181003),np.float64(0.5929875288521549),3
2020-10-21,np.float64(165830.64463294327),np.float64(0.5945949139145102),3
2020-10-22,np.float64(166044.13685041392),np.float64(0.5951161658686231),3
2020-10-23,np.float64(166377.26495955695),np.float64(0.5959268426526149),3
2020-10-26,np.float64(163670.82189900152),np.float64(0.5892451324982271),3
2020-10-27,np.float64(164078.549848699),np.float64(0.5902658402026113),3
2020-10-28,np.float64(159829.4823989683),np.float64(0.579373055872046),3
2020-10-29,np.float64(162295.45652729142),np.float64(0.5857642092911851),3
2020-10-30,np.float64(163022.97610566817),np.float64(0.5876128115864205),3
2020-11-02,np.float64(163764.0755977889),np.float64(0.5894790324579687),3
2020-11-03,np.float64(165634.3265612975),np.float64(0.5941144075702758),3
2020-11-04,np.float64(170832.71164628534),np.float64(0.6064653770629737),3
2020-11-05,np.float64(174979.8721935111),np.float64(0.615792457039389),3
2020-11-06,np.float64(175303.2108727064),np.float64(0.6165011101145911),3
2020-11-09,np.float64(174950.96770232),np.float64(0.6157289802625131),3
2020-11-10,np.float64(172314.38218766346),np.float64(0.609849242358577),3
2020-11-11,np.float64(174306.91414081276),np.float64(0.6143091219621933),3
2020-11-12,np.float64(173310.42526595126),np.float64(0.6120915019401407),3
2020-11-13,np.float64(175708.79201781936),np.float64(0.6173863243211375),3
2020-11-16,np.float64(176760.7789705051),np.float64(0.619663439171375),3
2020-11-17,np.float64(176029.76622526662),np.float64(0.6180839854266595),3
2020-11-18,np.float64(176021.4110072052),np.float64(0.6169064984481285),3
2020-11-19,np.float64(177426.81485921232),np.float64(0.6199409951401146),3
2020-11-20,np.float64(176381.39667586784),np.float64(0.6176883732541767),3
2020-11-23,np.float64(178209.16406643193),np.float64(0.621609477581556),3
2020-11-24,np.float64(180849.21043293708),np.float64(0.6271332424984133),3
2020-11-25,np.float64(179872.32774802856),np.float64(0.6251082112790945),3
2020-11-27,np.float64(181371.29441118985),np.float64(0.6282065532488639),3
2020-11-30,np.float64(180431.42556562548),np.float64(0.626269877991264),3
2020-12-01,np.float64(182564.28249667748),np.float64(0.6306360818848639),3
2020-12-02,np.float64(182954.71711717272),np.float64(0.43099960385753305),2
2020-12-03,np.float64(182370.47387827438),np.float64(0.6302435517283341),3
2020-12-04,np.float64(184669.39770517085),np.float64(0.6348465986849144),3
2020-12-07,np.float64(185119.99897943743),np.float64(0.6357354199297419),3
2020-12-08,np.float64(185737.03186349163),np.float64(0.6369455352317069),3
2020-12-09,np.float64(182871.3276539158),np.float64(0.6312562523827258),3
2020-12-10,np.float64(183096.91419908026),np.float64(0.6317105671287709),3
2020-12-11,np.float64(183652.39990118286),np.float64(0.632824516711273),3
2020-12-14,np.float64(183668.16035762304),np.float64(0.3714061198794799),2
2020-12-15,np.float64(183476.05673619884),np.float64(0.37074796773186824),2
2020-12-16,np.float64(184816.31018674397),np.float64(0.37531118624141285),2
2020-12-17,np.float64(185210.2423132194),np.float64(0.37663986542090006),2
2020-12-18,np.float64(185329.6260446849),np.float64(0.3770414151380237),2
2020-12-21,np.float64(185778.16850013897),np.float64(0.3785454851563477),2
2020-12-22,np.float64(186743.84850122605),np.float64(0.38175911816962377),2
2020-12-23,np.float64(185696.64145522815),np.float64(0.3782726458107103),2
2020-12-24,np.float64(185690.49796216743),np.float64(0.37825207621922313),2
2020-12-28,np.float64(185839.512851155),np.float64(0.3787506230374915),2
2020-12-29,np.float64(185363.8369425246),np.float64(0.37715638887214914),2
2020-12-30,np.float64(184981.05524241948),np.float64(0.37586753723242466),2
2020-12-31,np.float64(185113.89183340647),np.float64(0.37631541085150977),2
2021-01-04,np.float64(184039.67488740757),np.float64(0.37267504061595313),2
2021-01-05,np.float64(184267.5107550444),np.float64(0.37345069078795484),2
2021-01-06,np.float64(182543.78508212365),np.float64(0.3675343067864196),2
2021-01-07,np.float64(183752.64632891363),np.float64(0.37169513538793825),2
2021-01-08,np.float64(184611.57353501144),np.float64(0.3746183981693833),2
2021-01-11,np.float64(183675.580186538),np.float64(0.3714315127980309),2
2021-01-12,np.float64(182846.44800167583),np.float64(0.3685812175430502),2
2021-01-13,np.float64(184133.50151931052),np.float64(0.6344328115703621),3
2021-01-14,np.float64(184276.80857071502),np.float64(0.6347171032089595),3
2021-01-15,np.float64(182657.0287591916),np.float64(0.631477819915367),3
2021-01-19,np.float64(185886.23436714796),np.float64(0.6378797672926813),3
2021-01-20,np.float64(188419.32228158962),np.float64(0.6427480704684823),3
2021-01-21,np.float64(188355.11416311958),np.float64(0.6426262873445309),3
2021-01-22,np.float64(188364.58401270336),np.float64(0.6426442539666629),3
2021-01-25,np.float64(189543.1790806746),np.float64(0.6448663213701372),3
2021-01-26,np.float64(189341.8879734396),np.float64(0.4597225260982323),2
2021-01-27,np.float64(186350.20750747347),np.float64(0.45104887026230495),2
2021-01-28,np.float64(187265.20625164497),np.float64(0.6336785147310919),3
2021-01-29,np.float64(186703.7562368539),np.float64(0.6325769235929811),3
2021-02-01,np.float64(188915.61437740154),np.float64(0.6368787793461662),3
2021-02-02,np.float64(191177.08053787745),np.float64(0.6411742019478136),3
2021-02-03,np.float64(191897.15872746613),np.float64(0.0),0
2021-02-04,np.float64(191897.15872746613),np.float64(0.0),0
2021-02-05,np.float64(191897.15872746613),np.float64(0.0),0
2021-02-08,np.float64(191897.15872746613),np.float64(0.0),0
2021-02-09,np.float64(191897.15872746613),np.float64(0.0),0
2021-02-10,np.float64(191897.15872746613),np.float64(0.0),0
2021-02-11,np.float64(191897.15872746613),np.float64(0.0),0
2021-02-12,np.float64(191897.15872746613),np.float64(0.0),0
2021-02-16,np.float64(191897.15872746613),np.float64(0.0),0
2021-02-17,np.float64(191897.15872746613),np.float64(0.0),0
2021-02-18,np.float64(191897.15872746613),np.float64(0.0),0
2021-02-19,np.float64(191897.15872746613),np.float64(0.0),0
2021-02-22,np.float64(191897.15872746613),np.float64(0.0),0
2021-02-23,np.float64(191897.15872746613),np.float64(0.0),0
2021-02-24,np.float64(191897.15872746613),np.float64(0.0),0
2021-02-25,np.float64(191897.15872746613),np.float64(0.0),0
2021-02-26,np.float64(191897.15872746613),np.float64(0.0),0
2021-03-01,np.float64(191897.15872746613),np.float64(0.0),0
2021-03-02,np.float64(191897.15872746613),np.float64(0.0),0
2021-03-03,np.float64(191897.15872746613),np.float64(0.0),0
2021-03-04,np.float64(191897.15872746613),np.float64(0.0),0
2021-03-05,np.float64(191897.15872746613),np.float64(0.0),0
2021-03-08,np.float64(191897.15872746613),np.float64(0.0),0
2021-03-09,np.float64(191897.15872746613),np.float64(0.0),0
2021-03-10,np.float64(191897.15872746613),np.float64(0.0),0
2021-03-11,np.float64(191897.15872746613),np.float64(0.0),0
2021-03-12,np.float64(191897.15872746613),np.float64(0.0),0
2021-03-15,np.float64(191897.15872746613),np.float64(0.0),0
2021-03-16,np.float64(191734.1270254031),np.float64(0.1993197592746067),1
2021-03-17,np.float64(191773.99409163566),np.float64(0.1994862092270066),1
2021-03-18,np.float64(190770.5315522079),np.float64(0.19527546664113626),1
2021-03-19,np.float64(190967.32217701536),np.float64(0.19610473021310385),1
2021-03-22,np.float64(191892.74705488153),np.float64(0.19998160775682342),1
2021-03-23,np.float64(192553.52247179975),np.float64(0.20272698722270213),1
2021-03-24,np.float64(191816.4058642235),np.float64(0.19966320768912826),1
2021-03-25,np.float64(191772.29762073213),np.float64(0.19947912766011316),1
2021-03-26,np.float64(193307.60378841113),np.float64(0.20583710121403742),1
2021-03-29,np.float64(193327.1132038015),np.float64(0.2059172433814929),1
2021-03-30,np.float64(192999.69431942358),np.float64(0.2045701029562573),1
2021-03-31,np.float64(193840.2956521141),np.float64(0.20801953760175992),1
2021-04-01,np.float64(194516.3393071639),np.float64(0.2107720743214761),1
2021-04-05,np.float64(195218.67826121816),np.float64(0.213611482521391),1
2021-04-06,np.float64(195194.92766856897),np.float64(0.21351579769204782),1
2021-04-07,np.float64(195370.51240708254),np.float64(0.214222632215364),1
2021-04-08,np.float64(195915.92780256187),np.float64(0.2164101780602371),1
2021-04-09,np.float64(196272.18669229955),np.float64(0.2178324928806841),1
2021-04-12,np.float64(196440.98554719903),np.float64(0.21850459793642676),1
2021-04-13,np.float64(197189.9774510999),np.float64(0.22147297258024715),1
2021-04-14,np.float64(196831.17385500696),np.float64(0.22005379546707543),1
2021-04-15,np.float64(197901.64699512348),np.float64(0.22427261565056222),1
2021-04-16,np.float64(198056.87408279488),np.float64(0.22488059203743174),1
2021-04-19,np.float64(197301.09629527997),np.float64(0.2219114345304046),1
2021-04-20,np.float64(197134.84214673575),np.float64(0.2212552316464524),1
2021-04-21,np.float64(196976.2221172573),np.float64(0.22062812794436756),1
2021-04-22,np.float64(196547.86321412036),np.float64(0.2189295550126138),1
2021-04-23,np.float64(197273.10452537204),np.float64(0.22180102882586095),1
2021-04-26,np.float64(197261.22922904743),np.float64(0.22175418057586124),1
2021-04-27,np.float64(197398.64337223198),np.float64(0.22229593699645347),1
2021-04-28,np.float64(197242.56804910878),np.float64(0.22168055049987703),1
2021-04-29,np.float64(197294.31041166594),np.float64(0.2218846723879197),1
2021-04-30,np.float64(196636.92793655477),np.float64(0.21928333302936032),1
2021-05-03,np.float64(196222.98903609766),np.float64(0.21763638533846105),1
2021-05-04,np.float64(195140.64059965656),np.float64(0.2132970020482598),1
2021-05-05,np.float64(194800.4981835023),np.float64(0.2119233348296726),1
2021-05-06,np.float64(194539.24166436133),np.float64(0.2108649870917194),1
2021-05-07,np.float64(194973.53821566058),np.float64(0.21262275698065927),1
2021-05-10,np.float64(194243.10234281322),np.float64(0.40724641519946525),2
2021-05-11,np.float64(194389.2330489227),np.float64(0.4076920134383042),2
2021-05-12,np.float64(192292.55982774156),np.float64(0.4012337485151677),2
2021-05-13,np.float64(193096.015755334),np.float64(0.4037251634318139),2
2021-05-14,np.float64(194497.25168160794),np.float64(0.40802096563831614),2
2021-05-17,np.float64(194001.2436307241),np.float64(0.4065074373665245),2
2021-05-18,np.float64(194645.83988495969),np.float64(0.4084728689576457),2
2021-05-19,np.float64(194635.84622791846),np.float64(0.4084424967554394),2
2021-05-20,np.float64(195722.36367064185),np.float64(0.4117264216661905),2
2021-05-21,np.float64(195234.09730075614),np.float64(0.4102551919549673),2
2021-05-24,np.float64(196064.70497640545),np.float64(0.4127535843315834),2
2021-05-25,np.float64(196838.0084135661),np.float64(0.4150606574185175),2
2021-05-26,np.float64(196952.76527890266),np.float64(0.41540147926619064),2
2021-05-27,np.float64(196083.7664485886),np.float64(0.4128106710625232),2
2021-05-28,np.float64(196710.97052418938),np.float64(0.41468289780858353),2
2021-06-01,np.float64(195874.54502231698),np.float64(0.41218347068343475),2
2021-06-02,np.float64(195778.0436092035),np.float64(0.41189372866392754),2
2021-06-03,np.float64(195623.20455376973),np.float64(0.41142823266228457),2
2021-06-04,np.float64(196655.04689534305),np.float64(0.41451644870444343),2
2021-06-07,np.float64(196817.28181502904),np.float64(0.4149990581381576),2
2021-06-08,np.float64(196502.28286117318),np.float64(0.4140612843779343),2
2021-06-09,np.float64(196762.37528360123),np.float64(0.4148358136532639),2
2021-06-10,np.float64(198748.4879438715),np.float64(0.42068341536768905),2
2021-06-11,np.float64(199472.87419513555),np.float64(0.4227872050219474),2
2021-06-14,np.float64(200751.8879989739),np.float64(0.4264646953802588),2
2021-06-15,np.float64(199878.86311526573),np.float64(0.4239596251351402),2
2021-06-16,np.float64(198665.70402900394),np.float64(0.42044201439182377),2
2021-06-17,np.float64(199502.43995666644),np.float64(0.42287274651132767),2
2021-06-18,np.float64(200013.36094705868),np.float64(0.4243469801652126),2
2021-06-21,np.float64(200498.42497898825),np.float64(0.42573965232621713),2
2021-06-22,np.float64(201382.07663132471),np.float64(0.4282594699464428),2
2021-06-23,np.float64(200961.89648145108),np.float64(0.4270640491934897),2
2021-06-24,np.float64(201563.0734683458),np.float64(0.42877287364562144),2
2021-06-25,np.float64(202124.06613868204),np.float64(0.4303583069742888),2
2021-06-28,np.float64(202781.96872797693),np.float64(0.43220644340950937),2
2021-06-29,np.float64(202728.9846622594),np.float64(0.43205804819524585),2
2021-06-30,np.float64(203311.0497478786),np.float64(0.4336840256382521),2
2021-07-01,np.float64(202769.78161679744),np.float64(0.43217231720418436),2
2021-07-02,np.float64(203692.87008763716),np.float64(0.434745579524004),2
2021-07-06,np.float64(203971.33639516268),np.float64(0.4355172777148591),2
2021-07-07,np.float64(204660.93412196267),np.float64(0.4374192821387895),2
2021-07-08,np.float64(204643.44386327278),np.float64(0.4373712000595224),2
2021-07-09,np.float64(204714.27082896204),np.float64(0.43756585815808974),2
2021-07-12,np.float64(204281.28271632866),np.float64(0.43637374063112633),2
2021-07-13,np.float64(204833.9673295851),np.float64(0.437894521413931),2
2021-07-14,np.float64(205422.7911214632),np.float64(0.43950574029344075),2
2021-07-15,np.float64(205227.1891133824),np.float64(0.4389715332851491),2
2021-07-16,np.float64(205100.94926676992),np.float64(0.6257508131220395),3
2021-07-19,np.float64(204389.46104362523),np.float64(0.6244480361215743),3
2021-07-20,np.float64(205487.5290142333),np.float64(0.6264548809399053),3
2021-07-21,np.float64(205833.5833612874),np.float64(0.627082897564601),3
2021-07-22,np.float64(206941.16931378446),np.float64(0.6290788162378789),3
2021-07-23,np.float64(207855.8436486763),np.float64(0.6307110632851565),3
2021-07-26,np.float64(207498.60655615304),np.float64(0.6300752821189957),3
2021-07-27,np.float64(207467.51136684074),np.float64(0.6300198378759042),3
2021-07-28,np.float64(207423.78807057894),np.float64(0.6299418489798858),3
2021-07-29,np.float64(207539.08818104822),np.float64(0.6301474379417852),3
2021-07-30,np.float64(207622.33184637845),np.float64(0.6302957258577513),3
2021-08-02,np.float64(207303.89735847636),np.float64(0.629727832090621),3
2021-08-03,np.float64(208438.1317359804),np.float64(0.6317427005716325),3
2021-08-04,np.float64(208244.06607830228),np.float64(0.0),0
2021-08-05,np.float64(208244.06607830228),np.float64(0.0),0
2021-08-06,np.float64(208244.06607830228),np.float64(0.0),0
2021-08-09,np.float64(208244.06607830228),np.float64(0.0),0
2021-08-10,np.float64(208244.06607830228),np.float64(0.0),0
2021-08-11,np.float64(208244.06607830228),np.float64(0.0),0
2021-08-12,np.float64(208244.06607830228),np.float64(0.0),0
2021-08-13,np.float64(208244.06607830228),np.float64(0.0),0
2021-08-16,np.float64(208244.06607830228),np.float64(0.0),0
2021-08-17,np.float64(208244.06607830228),np.float64(0.0),0
2021-08-18,np.float64(208244.06607830228),np.float64(0.0),0
2021-08-19,np.float64(208244.06607830228),np.float64(0.0),0
2021-08-20,np.float64(208334.0767594014),np.float64(0.20034563978202397),1
2021-08-23,np.float64(209977.30613785),np.float64(0.20660353289192068),1
2021-08-24,np.float64(209530.60300584458),np.float64(0.20491207263888375),1
2021-08-25,np.float64(209789.85035924058),np.float64(0.20589460082379138),1
2021-08-26,np.float64(209379.0430146284),np.float64(0.2043365445556912),1
2021-08-27,np.float64(211026.26081389852),np.float64(0.21054729292881647),1
2021-08-30,np.float64(210994.35344732672),np.float64(0.21042790889552795),1
2021-08-31,np.float64(210755.04819803807),np.float64(0.2095313764152452),1
2021-09-01,np.float64(210463.89347807024),np.float64(0.20843784599090584),1
2021-09-02,np.float64(210148.80823317353),np.float64(0.2072510224383774),1
2021-09-03,np.float64(210435.9745323199),np.float64(0.20833282791647767),1
2021-09-07,np.float64(210128.86612906615),np.float64(0.2071757872603993),1
2021-09-08,np.float64(208940.31672426593),np.float64(0.20266583551467465),1
2021-09-09,np.float64(208932.33988262297),np.float64(0.20263539404079758),1
2021-09-10,np.float64(208553.43990458263),np.float64(0.20118674168662726),1
2021-09-13,np.float64(208598.62485715962),np.float64(0.40101983063148217),2
2021-09-14,np.float64(208999.40605312618),np.float64(0.4006683959636826),2
2021-09-15,np.float64(209089.38236540058),np.float64(0.4009263031177936),2
2021-09-16,np.float64(208941.04516704055),np.float64(0.4005009921707001),2
2021-09-17,np.float64(207328.48383961603),np.float64(0.3958382034503488),2
2021-09-20,np.float64(206115.53022230463),np.float64(0.39228281761515305),2
2021-09-21,np.float64(206614.59515173995),np.float64(0.39375072133473676),2
2021-09-22,np.float64(207296.50491902878),np.float64(0.39574500148285174),2
2021-09-23,np.float64(207935.2747703996),np.float64(0.3976012515876936),2
2021-09-24,np.float64(207683.71231826348),np.float64(0.3968715799893638),2
2021-09-27,np.float64(208415.97321514785),np.float64(0.398990646733435),2
2021-09-28,np.float64(205043.60384513435),np.float64(0.38910579543332513),2
2021-09-29,np.float64(204815.82308557496),np.float64(0.3884264048284865),2
2021-09-30,np.float64(205467.10916532922),np.float64(0.3903649602055419),2
2021-10-01,np.float64(205698.17854743893),np.float64(0.39104978878765434),2
2021-10-04,np.float64(204834.22820943035),np.float64(0.38848135701037634),2
2021-10-05,np.float64(205487.70670421817),np.float64(0.3904260683936746),2
2021-10-06,np.float64(206687.85215276308),np.float64(0.3939655961015161),2
2021-10-07,np.float64(207935.4951567672),np.float64(0.3976018900571955),2
2021-10-08,np.float64(207560.25301999692),np.float64(0.3965128320575431),2
2021-10-11,np.float64(207490.80269259604),np.float64(0.3963108357239613),2
2021-10-12,np.float64(207634.38584216923),np.float64(0.39672829832881057),2
2021-10-13,np.float64(209285.07973551014),np.float64(0.4014864823103563),2
2021-10-14,np.float64(210689.98987900311),np.float64(0.40547745365409565),2
2021-10-15,np.float64(210672.95651051254),np.float64(0.6031235454151653),3
2021-10-18,np.float64(211683.99166809328),np.float64(0.6050190881325872),3
2021-10-19,np.float64(212769.7936676126),np.float64(0.6070347457900251),3
2021-10-20,np.float64(213128.7665538917),np.float64(0.6076966173608696),3
2021-10-21,np.float64(213994.17081039553),np.float64(0.609283113927066),3
2021-10-22,np.float64(214346.93072527717),np.float64(0.6099261334235783),3
2021-10-25,np.float64(215288.78770022152),np.float64(0.6116326495682559),3
2021-10-26,np.float64(216126.77349236564),np.float64(0.6131384617197798),3
2021-10-27,np.float64(216131.95297494277),np.float64(0.6131477326423329),3
2021-10-28,np.float64(215843.44489959092),np.float64(0.6126306448838755),3
2021-10-29,np.float64(215726.60220579925),np.float64(0.6124208363647531),3
2021-11-01,np.float64(217607.6957574385),np.float64(0.6157712356368297),3
2021-11-02,np.float64(219176.70613305084),np.float64(0.618521796718483),3
2021-11-03,np.float64(220338.23165040673),np.float64(0.6205327807592806),3
2021-11-04,np.float64(223230.7053401847),np.float64(0.6254496623599294),3
2021-11-05,np.float64(222644.89028706972),np.float64(0.6244641592762703),3
2021-11-08,np.float64(227631.5038478582),np.float64(0.6326908418059727),3
2021-11-09,np.float64(229132.03501941246),np.float64(0.36728454645368785),2
2021-11-10,np.float64(229758.47066332),np.float64(0.369009642862139),2
2021-11-11,np.float64(229460.75782965258),np.float64(0.3681909672462422),2
2021-11-12,np.float64(229867.56346145063),np.float64(0.3693091044417417),2
2021-11-15,np.float64(229490.03923539788),np.float64(0.3682715818851313),2
2021-11-16,np.float64(228971.83419017366),np.float64(0.3668418651925239),2
2021-11-17,np.float64(228898.0470687652),np.float64(0.3666377615893605),2
2021-11-18,np.float64(228297.4454234581),np.float64(0.364971521295873),2
2021-11-19,np.float64(228215.04604208664),np.float64(0.36474223775516895),2
2021-11-22,np.float64(227918.486516067),np.float64(0.36271398477933486),2
2021-11-23,np.float64(228480.32951493),np.float64(0.3642810986165969),2
2021-11-24,np.float64(228028.15457737722),np.float64(0.36302048167625933),2
2021-11-26,np.float64(226490.4700721416),np.float64(0.3586959132510762),2
2021-11-29,np.float64(227267.06377591938),np.float64(0.3608873118096778),2
2021-11-30,np.float64(225003.61361496782),np.float64(0.3530647292557865),2
2021-12-01,np.float64(222392.828817359),np.float64(0.6213972782410434),3
2021-12-02,np.float64(222589.09453162737),np.float64(0.6217311074152279),3
2021-12-03,np.float64(222178.10084197155),np.float64(0.6210313709098915),3
2021-12-06,np.float64(225117.31264267818),np.float64(0.6259793202863452),3
2021-12-07,np.float64(226666.4261973902),np.float64(0.628535501695331),3
2021-12-08,np.float64(226998.85477156876),np.float64(0.6290794930456558),3
2021-12-09,np.float64(225685.28465859292),np.float64(0.6269206013263213),3
2021-12-10,np.float64(227724.0908671327),np.float64(0.8131523243226325),4
2021-12-13,np.float64(229174.52288004744),np.float64(0.8143348722207817),4
2021-12-14,np.float64(226568.50001398698),np.float64(0.9960237020656035),5
2021-12-15,np.float64(229705.11623251365),np.float64(0.9960779982902384),5
2021-12-16,np.float64(224017.0285865499),np.float64(0.995978413497004),5
2021-12-17,np.float64(221355.08009891855),np.float64(0.9959300511277973),5
2021-12-20,np.float64(220573.24370266325),np.float64(0.9959156249258438),5
2021-12-21,np.float64(222994.88579574903),np.float64(0.9959599797305212),5
2021-12-22,np.float64(224941.8255860259),np.float64(0.9959949473324586),5
2021-12-23,np.float64(225415.76792347798),np.float64(0.9960033680567069),5
2021-12-27,np.float64(226190.20464741378),np.float64(0.9960170518435613),5
2021-12-28,np.float64(226013.8512181068),np.float64(0.9960139440403786),5
2021-12-29,np.float64(225992.99326180152),np.float64(0.9960135761485256),5
2021-12-30,np.float64(226151.4237437291),np.float64(0.9960163688395532),5
2021-12-31,np.float64(224536.26237628763),np.float64(0.9959877133026506),5
2022-01-03,np.float64(224986.65006626834),np.float64(0.9959957452660433),5
2022-01-04,np.float64(223627.7445626585),np.float64(0.99597141284787),5
2022-01-05,np.float64(218699.15412917835),np.float64(0.9958806248602462),5
2022-01-06,np.float64(216670.58975864857),np.float64(0.9958420574771664),5
2022-01-07,np.float64(215614.35118629105),np.float64(0.9958216887992463),5
2022-01-10,np.float64(216073.8683668729),np.float64(0.9958305746760858),5
2022-01-11,np.float64(216934.0539463264),np.float64(0.9958471072557938),5
2022-01-12,np.float64(216405.523412196),np.float64(0.9958369645820503),5
2022-01-13,np.float64(212707.0044498857),np.float64(0.9957645783177903),5
2022-01-14,np.float64(213918.33164888073),np.float64(0.9957885616830462),5
2022-01-18,np.float64(210682.8324235171),np.float64(0.9957238857659084),5
2022-01-19,np.float64(210661.7302003902),np.float64(0.9957234574227224),5
2022-01-20,np.float64(207889.44594142624),np.float64(0.9956664281126674),5
2022-01-21,np.float64(194159.54945306058),np.float64(0.9953599817204833),5
2022-01-24,np.float64(194085.75481151658),np.float64(0.9953582175081328),5
2022-01-25,np.float64(190992.25985376138),np.float64(0.9952830347193403),5
2022-01-26,np.float64(189986.49367375794),np.float64(0.9952580636592412),5
2022-01-27,np.float64(192827.31291829774),np.float64(0.9953279240115396),5
2022-01-28,np.float64(196519.8612105693),np.float64(0.9954157108952992),5
2022-01-31,np.float64(203255.7266290161),np.float64(0.9955676335739889),5
2022-02-01,np.float64(205898.02204625585),np.float64(0.9956245142636555),5
2022-02-02,np.float64(205557.35880006044),np.float64(0.0),0
2022-02-03,np.float64(205557.35880006044),np.float64(0.0),0
2022-02-04,np.float64(205557.35880006044),np.float64(0.0),0
2022-02-07,np.float64(205557.35880006044),np.float64(0.0),0
2022-02-08,np.float64(205557.35880006044),np.float64(0.0),0
2022-02-09,np.float64(205557.35880006044),np.float64(0.0),0
2022-02-10,np.float64(205557.35880006044),np.float64(0.0),0
2022-02-11,np.float64(205557.35880006044),np.float64(0.0),0
2022-02-14,np.float64(205557.35880006044),np.float64(0.0),0
2022-02-15,np.float64(205557.35880006044),np.float64(0.0),0
2022-02-16,np.float64(205557.35880006044),np.float64(0.0),0
2022-02-17,np.float64(205557.35880006044),np.float64(0.0),0
2022-02-18,np.float64(205557.35880006044),np.float64(0.0),0
2022-02-22,np.float64(205557.35880006044),np.float64(0.0),0
2022-02-23,np.float64(205557.35880006044),np.float64(0.0),0
2022-02-24,np.float64(205557.35880006044),np.float64(0.0),0
2022-02-25,np.float64(205557.35880006044),np.float64(0.0),0
2022-02-28,np.float64(205557.35880006044),np.float64(0.0),0
2022-03-01,np.float64(205557.35880006044),np.float64(0.0),0
2022-03-02,np.float64(205557.35880006044),np.float64(0.0),0
2022-03-03,np.float64(205557.35880006044),np.float64(0.0),0
2022-03-04,np.float64(205557.35880006044),np.float64(0.0),0
2022-03-07,np.float64(205557.35880006044),np.float64(0.0),0
2022-03-08,np.float64(205557.35880006044),np.float64(0.0),0
2022-03-09,np.float64(205557.35880006044),np.float64(0.0),0
2022-03-10,np.float64(205557.35880006044),np.float64(0.0),0
2022-03-11,np.float64(205557.35880006044),np.float64(0.0),0
2022-03-14,np.float64(205557.35880006044),np.float64(0.0),0
2022-03-15,np.float64(205557.35880006044),np.float64(0.0),0
2022-03-16,np.float64(205557.35880006044),np.float64(0.0),0
2022-03-17,np.float64(205557.35880006044),np.float64(0.0),0
2022-03-18,np.float64(205557.35880006044),np.float64(0.0),0
2022-03-21,np.float64(205557.35880006044),np.float64(0.0),0
2022-03-22,np.float64(205557.35880006044),np.float64(0.0),0
2022-03-23,np.float64(205557.35880006044),np.float64(0.0),0
2022-03-24,np.float64(205557.35880006044),np.float64(0.0),0
2022-03-25,np.float64(205557.35880006044),np.float64(0.0),0
2022-03-28,np.float64(205557.35880006044),np.float64(0.0),0
2022-03-29,np.float64(205557.35880006044),np.float64(0.0),0
2022-03-30,np.float64(205557.35880006044),np.float64(0.0),0
2022-03-31,np.float64(205557.35880006044),np.float64(0.0),0
2022-04-01,np.float64(205557.35880006044),np.float64(0.0),0
2022-04-04,np.float64(205557.35880006044),np.float64(0.0),0
2022-04-05,np.float64(205557.35880006044),np.float64(0.0),0
2022-04-06,np.float64(205557.35880006044),np.float64(0.0),0
2022-04-07,np.float64(205557.35880006044),np.float64(0.0),0
2022-04-08,np.float64(205557.35880006044),np.float64(0.0),0
2022-04-11,np.float64(205557.35880006044),np.float64(0.0),0
2022-04-12,np.float64(205557.35880006044),np.float64(0.0),0
2022-04-13,np.float64(205557.35880006044),np.float64(0.0),0
2022-04-14,np.float64(205557.35880006044),np.float64(0.0),0
2022-04-18,np.float64(205557.35880006044),np.float64(0.0),0
2022-04-19,np.float64(206052.62166124285),np.float64(0.20192285973239066),1
2022-04-20,np.float64(206236.70214542007),np.float64(0.20263519863648957),1
2022-04-21,np.float64(205742.88713612666),np.float64(0.40054104908893445),2
2022-04-22,np.float64(204825.22836151422),np.float64(0.39785535079520384),2
2022-04-25,np.float64(204793.78468769847),np.float64(0.39776289857567787),2
2022-04-26,np.float64(202342.80035224886),np.float64(0.3904679827237278),2
2022-04-27,np.float64(199915.769205728),np.float64(0.38306810028019306),2
2022-04-28,np.float64(202274.62900634203),np.float64(0.39026255598190085),2
2022-04-29,np.float64(199882.82726965495),np.float64(0.3829664260569514),2
2022-05-02,np.float64(201168.03547700663),np.float64(0.3869084867902223),2
2022-05-03,np.float64(201165.03482049462),np.float64(0.3868993416768917),2
2022-05-04,np.float64(202371.9714274945),np.float64(0.39055584422062967),2
2022-05-05,np.float64(198661.13116794167),np.float64(0.3791718865439594),2
2022-05-06,np.float64(197200.37505104407),np.float64(0.3745731201164708),2
2022-05-09,np.float64(195949.3442469881),np.float64(0.37058010704757943),2
2022-05-10,np.float64(196746.0792912853),np.float64(0.37312898064190686),2
2022-05-11,np.float64(194420.25150428765),np.float64(0.36562979254598754),2
2022-05-12,np.float64(196196.47103558207),np.float64(0.5809152780066452),3
2022-05-13,np.float64(199762.04964308642),np.float64(0.5883955753010576),3
2022-05-16,np.float64(199378.98754028772),np.float64(0.5876047695176018),3
2022-05-17,np.float64(201367.6012492719),np.float64(0.5916773949239192),3
2022-05-18,np.float64(196413.37601489812),np.float64(0.3746584082676888),2
2022-05-19,np.float64(195944.7953678195),np.float64(0.5803769966654196),3
2022-05-20,np.float64(196593.2436336492),np.float64(0.5817610920889716),3
2022-05-23,np.float64(199525.64080759452),np.float64(0.5879078839831271),3
2022-05-24,np.float64(197922.54153214965),np.float64(0.5845700904832598),3
2022-05-25,np.float64(199111.78566883306),np.float64(0.5870513478454806),3
2022-05-26,np.float64(201598.6288428739),np.float64(0.592145323646478),3
2022-05-27,np.float64(204824.1424770328),np.float64(0.5985681056653566),3
2022-05-31,np.float64(205064.38353088527),np.float64(0.5990383990419265),3
2022-06-01,np.float64(203114.15500997298),np.float64(0.5951885110321976),3
2022-06-02,np.float64(206798.43399411952),np.float64(0.6024005504685676),3
2022-06-03,np.float64(203245.76350110275),np.float64(0.595450640133131),3
2022-06-06,np.float64(202969.8810334616),np.float64(0.5949007650722872),3
2022-06-07,np.float64(203480.23860729457),np.float64(0.5959168119577948),3
2022-06-08,np.float64(203693.21828328562),np.float64(0.596339317464792),3
2022-06-09,np.float64(199855.2389884473),np.float64(0.5885874999515168),3
2022-06-10,np.float64(196663.28313168685),np.float64(0.5819100433456752),3
2022-06-13,np.float64(191910.98071224772),np.float64(0.5715568582117264),3
2022-06-14,np.float64(191779.53813611786),np.float64(0.5712632102510047),3
2022-06-15,np.float64(194867.37918937166),np.float64(0.5780569130551085),3
2022-06-16,np.float64(192476.74229679746),np.float64(0.5728162138507252),3
2022-06-17,np.float64(192529.5724171591),np.float64(0.5729334330942705),3
2022-06-21,np.float64(194212.74099877418),np.float64(0.5766346579674546),3
2022-06-22,np.float64(195056.22574324557),np.float64(0.5784654234607458),3
2022-06-23,np.float64(197405.92394348874),np.float64(0.5834828971821429),3
2022-06-24,np.float64(200120.9662550378),np.float64(0.5891337871353383),3
2022-06-27,np.float64(199935.97052728647),np.float64(0.5887536229564918),3
2022-06-28,np.float64(196353.77771378664),np.float64(0.5812510231411196),3
2022-06-29,np.float64(196486.20376744977),np.float64(0.5815332479152648),3
2022-06-30,np.float64(194998.53214835923),np.float64(0.5783407053676327),3
2022-07-01,np.float64(196934.99438219646),np.float64(0.582486882141159),3
2022-07-05,np.float64(199342.2408467137),np.float64(0.5875287486948119),3
2022-07-06,np.float64(199689.0187500175),np.float64(0.5882450420423182),3
2022-07-07,np.float64(201712.1035705966),np.float64(0.5923747654971669),3
2022-07-08,np.float64(201509.00238931138),np.float64(0.5919639195018638),3
2022-07-11,np.float64(199102.84447291907),np.float64(0.5870328033851485),3
2022-07-12,np.float64(198649.9013560793),np.float64(0.3752247462469343),2
2022-07-13,np.float64(199144.47881758047),np.float64(0.3767763823296649),2
2022-07-14,np.float64(199634.36090242965),np.float64(0.3783057086629248),2
2022-07-15,np.float64(202729.01656561485),np.float64(0.3877958635112491),2
2022-07-18,np.float64(202966.23898286786),np.float64(0.3885113940637092),2
2022-07-19,np.float64(205230.73156392114),np.float64(0.39525848988600354),2
2022-07-20,np.float64(208357.94622260408),np.float64(0.404334968846504),2
2022-07-21,np.float64(210387.8365353282),np.float64(0.4100821389124121),2
2022-07-22,np.float64(209631.54649915066),np.float64(0.4079538857560794),2
2022-07-25,np.float64(209207.48625107907),np.float64(0.4067538176964939),2
2022-07-26,np.float64(204979.48564052678),np.float64(0.394517250641263),2
2022-07-27,np.float64(208923.54240465185),np.float64(0.4059475485659654),2
2022-07-28,np.float64(209847.70642342616),np.float64(0.4085637406141751),2
2022-07-29,np.float64(210410.46222447974),np.float64(0.4101455734869517),2
2022-08-01,np.float64(210819.4535899201),np.float64(0.4112898956223267),2
2022-08-02,np.float64(209972.2205975035),np.float64(0.4089144641391598),2
2022-08-03,np.float64(210231.939248987),np.float64(0.4096446859067637),2
2022-08-04,np.float64(210402.36270205356),np.float64(0.0),0
2022-08-05,np.float64(210402.36270205356),np.float64(0.0),0
2022-08-08,np.float64(210402.36270205356),np.float64(0.0),0
2022-08-09,np.float64(210402.36270205356),np.float64(0.0),0
2022-08-10,np.float64(210402.36270205356),np.float64(0.0),0
2022-08-11,np.float64(210402.36270205356),np.float64(0.0),0
2022-08-12,np.float64(210402.36270205356),np.float64(0.0),0
2022-08-15,np.float64(210402.36270205356),np.float64(0.0),0
2022-08-16,np.float64(210402.36270205356),np.float64(0.0),0
2022-08-17,np.float64(210402.36270205356),np.float64(0.0),0
2022-08-18,np.float64(210402.36270205356),np.float64(0.0),0
2022-08-19,np.float64(210402.36270205356),np.float64(0.0),0
2022-08-22,np.float64(210402.36270205356),np.float64(0.0),0
2022-08-23,np.float64(210402.36270205356),np.float64(0.0),0
2022-08-24,np.float64(210402.36270205356),np.float64(0.0),0
2022-08-25,np.float64(210402.36270205356),np.float64(0.0),0
2022-08-26,np.float64(210402.36270205356),np.float64(0.0),0
2022-08-29,np.float64(210402.36270205356),np.float64(0.0),0
2022-08-30,np.float64(210402.36270205356),np.float64(0.0),0
2022-08-31,np.float64(210402.36270205356),np.float64(0.0),0
2022-09-01,np.float64(210402.36270205356),np.float64(0.0),0
2022-09-02,np.float64(210402.36270205356),np.float64(0.0),0
2022-09-06,np.float64(210402.36270205356),np.float64(0.0),0
2022-09-07,np.float64(210402.36270205356),np.float64(0.0),0
2022-09-08,np.float64(210402.36270205356),np.float64(0.0),0
2022-09-09,np.float64(210402.36270205356),np.float64(0.0),0
2022-09-12,np.float64(210402.36270205356),np.float64(0.0),0
2022-09-13,np.float64(210402.36270205356),np.float64(0.0),0
2022-09-14,np.float64(209833.95470384124),np.float64(0.19783292270685335),1
2022-09-15,np.float64(209350.26375304113),np.float64(0.19597956484925744),1
2022-09-16,np.float64(209919.31193045306),np.float64(0.19815909925710665),1
2022-09-19,np.float64(210203.836019159),np.float64(0.1992444412560521),1
2022-09-20,np.float64(209520.97820626473),np.float64(0.1966346682672656),1
2022-09-21,np.float64(208823.8941889351),np.float64(0.19395291992135608),1
2022-09-22,np.float64(208254.84601152322),np.float64(0.19175042797165343),1
2022-09-23,np.float64(207472.40476758184),np.float64(0.1887022741641079),1
2022-09-26,np.float64(206689.96352364047),np.float64(0.18563104230075117),1
2022-09-27,np.float64(206576.1538881581),np.float64(0.18518237950749336),1
2022-09-28,np.float64(206917.58279460526),np.float64(0.18652688723545563),1
2022-09-29,np.float64(205850.61746195794),np.float64(0.1823104917683841),1
2022-09-30,np.float64(204982.81899140478),np.float64(0.17884878845040744),1
2022-10-03,np.float64(206689.96352364047),np.float64(0.18563104230075117),1
2022-10-04,np.float64(207728.47644741723),np.float64(0.18970237956638278),1
2022-10-05,np.float64(207643.1192208054),np.float64(0.1893692851789074),1
2022-10-06,np.float64(206988.71381678173),np.float64(0.18680643471878003),1
2022-10-07,np.float64(204911.68796922828),np.float64(0.17856374211841025),1
2022-10-10,np.float64(204171.92533859282),np.float64(0.17558748646513125),1
2022-10-11,np.float64(203944.30606762806),np.float64(0.17466737166063745),1
2022-10-12,np.float64(204356.8659962517),np.float64(0.17633357048678644),1
2022-10-13,np.float64(206938.05035454588),np.float64(0.3899555088832461),2
2022-10-14,np.float64(205525.76271038296),np.float64(0.385763536617424),2
2022-10-17,np.float64(206799.15684978937),np.float64(0.38954578178996707),2
2022-10-18,np.float64(206595.4385423335),np.float64(0.3889438290024781),2
2022-10-19,np.float64(207634.71623427197),np.float64(0.5946682394582631),3
2022-10-20,np.float64(207854.20839426244),np.float64(0.5950962661233056),3
2022-10-21,np.float64(211906.9023310096),np.float64(0.6028400011748666),3
2022-10-24,np.float64(214860.46924711147),np.float64(0.6082995379479147),3
2022-10-25,np.float64(218307.6990798221),np.float64(0.807242379825439),4
2022-10-26,np.float64(214803.07884715887),np.float64(0.8040974423352997),4
2022-10-27,np.float64(211569.88932495198),np.float64(0.8011036793814313),4
2022-10-28,np.float64(218161.3662628416),np.float64(0.584786658913051),3
2022-10-31,np.float64(215821.5098905928),np.float64(0.5802850706215156),3
2022-11-01,np.float64(213824.0382413354),np.float64(0.5763642360928113),3
2022-11-02,np.float64(210501.80015688651),np.float64(0.5696782178842348),3
2022-11-03,np.float64(207280.207485808),np.float64(0.7969875028068377),4
2022-11-04,np.float64(211489.38552502063),np.float64(0.7985727326383515),4
2022-11-07,np.float64(212510.11461862983),np.float64(0.7995402285733625),4
2022-11-08,np.float64(212573.87569110264),np.float64(0.7996003560465633),4
2022-11-09,np.float64(207910.04600988718),np.float64(0.7951049993982818),4
2022-11-10,np.float64(220926.1641135268),np.float64(0.807176623134558),4
2022-11-11,np.float64(225407.77671591617),np.float64(0.8110103847216062),4
2022-11-14,np.float64(223343.43639908236),np.float64(0.8092635732254986),4
2022-11-15,np.float64(225133.60893583097),np.float64(0.8107802331084155),4
2022-11-16,np.float64(222583.8515690812),np.float64(0.8086126702274364),4
2022-11-17,np.float64(221852.9342899488),np.float64(0.8079821250115912),4
2022-11-18,np.float64(221404.30150708603),np.float64(0.807593038110257),4
2022-11-21,np.float64(219178.64944542223),np.float64(0.8056392394510723),4
2022-11-22,np.float64(221619.03643809038),np.float64(0.8077794683752296),4
2022-11-23,np.float64(222685.05983063835),np.float64(0.8086996539655691),4
2022-11-25,np.float64(221476.07378799608),np.float64(0.8076553901570565),4
2022-11-28,np.float64(220315.80343630703),np.float64(0.8066424271983077),4
2022-11-29,np.float64(219241.9366519654),np.float64(0.8056953443632282),4
2022-11-30,np.float64(226646.26936225258),np.float64(0.8105450992897658),4
2022-12-01,np.float64(225898.77055658898),np.float64(0.8099181932129461),4
2022-12-02,np.float64(224790.80338610607),np.float64(0.8089813025641575),4
2022-12-05,np.float64(221743.25405198146),np.float64(0.8063560190728298),4
2022-12-06,np.float64(218441.62051159042),np.float64(0.8034291891911128),4
2022-12-07,np.float64(217411.30171719284),np.float64(0.8024976341191975),4
2022-12-08,np.float64(218263.99617642455),np.float64(0.8032692188790385),4
2022-12-09,np.float64(216442.72311209972),np.float64(0.8016138133868722),4
2022-12-12,np.float64(218684.4981251942),np.float64(0.8036475066751719),4
2022-12-13,np.float64(220721.20722136498),np.float64(0.8054593530049604),4
2022-12-14,np.float64(218846.1373928295),np.float64(0.9960759009585884),5
2022-12-15,np.float64(211541.58791178095),np.float64(0.9959404014764324),5
2022-12-16,np.float64(210170.76978345038),np.float64(0.9959139231452372),5
2022-12-19,np.float64(207528.66718454435),np.float64(0.9958619022151953),5
2022-12-20,np.float64(207300.94584288998),np.float64(0.9958573564897737),5
2022-12-21,np.float64(210056.43361716025),np.float64(0.9959116990459573),5
2022-12-22,np.float64(205884.88449992906),np.float64(0.9958288636873673),5
2022-12-23,np.float64(208130.39051800082),np.float64(0.9958738658212167),5
2022-12-27,np.float64(205951.3047614755),np.float64(0.9958302088983878),5
2022-12-28,np.float64(203215.60853182033),np.float64(0.9957740750124252),5
2022-12-29,np.float64(206995.79351817642),np.float64(0.9958512494222043),5
2022-12-30,np.float64(206653.63626509657),np.float64(0.9958485186869628),5
