session,equity,exposure,n_held
2017-02-01,np.float64(99635.31025501192),np.float64(1.0),1
2017-02-02,np.float64(99687.83051519467),np.float64(1.0),1
2017-02-03,np.float64(100379.34727426743),np.float64(1.0),1
2017-02-06,np.float64(100213.03311702209),np.float64(1.0),1
2017-02-07,np.float64(100208.65642867352),np.float64(1.0),1
2017-02-08,np.float64(100331.20370243327),np.float64(1.0),1
2017-02-09,np.float64(100913.30325279199),np.float64(1.0),1
2017-02-10,np.float64(101315.95858085969),np.float64(1.0),1
2017-02-13,np.float64(101836.915794989),np.float64(1.0),1
2017-02-14,np.float64(102287.45209358998),np.float64(1.0),1
2017-02-15,np.float64(102804.03261937073),np.float64(1.0),1
2017-02-16,np.float64(102738.38229414231),np.float64(1.0),1
2017-02-17,np.float64(102869.68294459916),np.float64(1.0),1
2017-02-21,np.float64(103482.41931339784),np.float64(1.0),1
2017-02-22,np.float64(103416.76898816941),np.float64(1.0),1
2017-02-23,np.float64(103482.41931339784),np.float64(1.0),1
2017-02-24,np.float64(103626.85002890039),np.float64(1.0),1
2017-02-27,np.float64(103766.90405605437),np.float64(1.0),1
2017-02-28,np.float64(103508.6794434892),np.float64(1.0),1
2017-03-01,np.float64(104927.07660349115),np.float64(1.0),1
2017-03-02,np.float64(104296.48334623035),np.float64(1.0),1
2017-03-03,np.float64(104353.38029476166),np.float64(1.0),1
2017-03-06,np.float64(104072.9221053858),np.float64(1.0),1
2017-03-07,np.float64(103727.5138609173),np.float64(1.0),1
2017-03-08,np.float64(103548.06963862627),np.float64(1.0),1
2017-03-09,np.float64(103653.11015899175),np.float64(1.0),1
2017-03-10,np.float64(104016.37529192239),np.float64(1.0),1
2017-03-13,np.float64(104077.64892880226),np.float64(1.0),1
2017-03-14,np.float64(103701.25373082593),np.float64(1.0),1
2017-03-15,np.float64(104550.33127044694),np.float64(1.0),1
2017-03-16,np.float64(104379.64042485303),np.float64(1.0),1
2017-03-17,np.float64(104223.79443079977),np.float64(0.9956616091958811),1
2017-03-20,np.float64(104065.88351518367),np.float64(0.9956550260656463),1
2017-03-21,np.float64(102761.63038731221),np.float64(0.9955998795501322),1
2017-03-22,np.float64(102976.08811639174),np.float64(0.9956090432293573),1
2017-03-23,np.float64(102840.41077758632),np.float64(0.9956032502407359),1
2017-03-24,np.float64(102814.15064749496),np.float64(0.9956021272511482),1
2017-03-27,np.float64(102680.66165286381),np.float64(0.9955964098394924),1
2017-03-28,np.float64(103418.13363959649),np.float64(0.9956278117249271),1
2017-03-29,np.float64(103549.43429005335),np.float64(0.9956333556582994),1
2017-03-30,np.float64(103859.82902773337),np.float64(0.9956464057801575),1
2017-03-31,np.float64(103601.9545502361),np.float64(0.9956355692970087),1
2017-04-03,np.float64(103466.27721143069),np.float64(0.9956298461342629),1
2017-04-04,np.float64(103531.92753665912),np.float64(0.9956326172796419),1
2017-04-05,np.float64(103199.2992221684),np.float64(0.9956185404868346),1
2017-04-06,np.float64(103466.27721143069),np.float64(0.9956298461342629),1
2017-04-07,np.float64(103378.74344445944),np.float64(0.9956261457988035),1
2017-04-10,np.float64(103431.26370464217),np.float64(0.9956283667516607),1
2017-04-11,np.float64(103317.46980757957),np.float64(0.9956235518332854),1
2017-04-12,np.float64(102928.29467962545),np.float64(0.9956070043447589),1
2017-04-13,np.float64(102236.42778548478),np.float64(0.9955772755257284),1
2017-04-17,np.float64(103116.14214354572),np.float64(0.9956150070985053),1
2017-04-18,np.float64(102805.39727079784),np.float64(0.9956017527937961),1
2017-04-19,np.float64(102643.45980190104),np.float64(0.9955948138127687),1
2017-04-20,np.float64(103435.64039299075),np.float64(0.9956285517292587),1
2017-04-21,np.float64(103124.89552024285),np.float64(0.9956153793024672),1
2017-04-24,np.float64(104249.70442582326),np.float64(0.995662687450105),1
2017-04-25,np.float64(104844.93404122768),np.float64(0.9956873114045628),1
2017-04-26,np.float64(104809.92053443918),np.float64(0.9956858706788124),1
2017-04-27,np.float64(104879.99131489966),np.float64(0.9956887529674621),1
2017-04-28,np.float64(104669.8665072852),np.float64(0.99568009813696),1
2017-05-01,np.float64(104893.07761306186),np.float64(0.9956892908319752),1
2017-05-02,np.float64(104949.97456159316),np.float64(0.9956916278139392),1
2017-05-03,np.float64(104844.93404122768),np.float64(0.9956873114045628),1
2017-05-04,np.float64(104941.22118489604),np.float64(0.9956912684431954),1
2017-05-05,np.float64(105352.62988966086),np.float64(0.9957080943133311),1
2017-05-08,np.float64(105348.2532013123),np.float64(0.995707916006306),1
2017-05-09,np.float64(105247.58936929537),np.float64(0.9957038108517393),1
2017-05-10,np.float64(105431.41027993498),np.float64(0.9957113013083254),1
2017-05-11,np.float64(105255.99261092462),np.float64(0.995704153843284),1
2017-05-12,np.float64(105076.89852370147),np.float64(0.9956968319613376),1
2017-05-15,np.float64(105593.21644818131),np.float64(0.9957178731121344),1
2017-05-16,np.float64(105532.07411195191),np.float64(0.9957153921674154),1
2017-05-17,np.float64(103711.02162388226),np.float64(0.9956401591243718),1
2017-05-18,np.float64(104074.63689188079),np.float64(0.9956553915071671),1
2017-05-19,np.float64(104735.51683251363),np.float64(0.9956828059381992),1
2017-05-22,np.float64(105282.60287608388),np.float64(0.9957052396219616),1
2017-05-23,np.float64(105505.81398186053),np.float64(0.9957143257393691),1
2017-05-24,np.float64(105737.7784643343),np.float64(0.9957237275277021),1
2017-05-25,np.float64(106254.22768946462),np.float64(0.995744512372247),1
2017-05-26,np.float64(106249.85100111605),np.float64(0.9957443370784189),1
2017-05-30,np.float64(106162.31723414482),np.float64(0.9957408281666299),1
2017-05-31,np.float64(106114.17366231063),np.float64(0.9957388957975785),1
2017-06-01,np.float64(106936.99107184028),np.float64(0.9957716824945523),1
2017-06-02,np.float64(107304.63289311947),np.float64(0.9957861693466735),1
2017-06-05,np.float64(107230.22919119392),np.float64(0.9957832455013899),1
2017-06-06,np.float64(106915.10763009747),np.float64(0.9957708170402507),1
2017-06-07,np.float64(107098.57840566918),np.float64(0.9957780620615125),1
2017-06-08,np.float64(107125.18867082843),np.float64(0.9957791108054114),1
2017-06-09,np.float64(107033.62835057653),np.float64(0.9957755001087326),1
2017-06-12,np.float64(106958.87451358308),np.float64(0.9957725475947156),1
2017-06-13,np.float64(107453.44029697057),np.float64(0.9957920048899382),1
2017-06-14,np.float64(107357.1531533022),np.float64(0.9957882307974086),1
2017-06-15,np.float64(107142.56412357223),np.float64(0.9957797953126503),1
2017-06-16,np.float64(107165.93914070421),np.float64(0.9909488680920859),1
2017-06-19,np.float64(108045.65349876517),np.float64(0.9910225629649314),1
2017-06-20,np.float64(107349.40991627594),np.float64(0.9909643373731211),1
2017-06-21,np.float64(107297.23979116108),np.float64(0.9909599440480863),1
2017-06-22,np.float64(107249.09621932691),np.float64(0.9909558860131149),1
2017-06-23,np.float64(107393.52693482944),np.float64(0.9909680492029411),1
2017-06-26,np.float64(107437.29381831505),np.float64(0.9909717285616082),1
2017-06-27,np.float64(106610.09972043686),np.float64(0.9909016776671108),1
2017-06-28,np.float64(107529.20427363487),np.float64(0.9909794454655345),1
2017-06-29,np.float64(106618.85309713398),np.float64(0.9909024246367167),1
2017-06-30,np.float64(106793.92063107646),np.float64(0.9909173383141461),1
2017-07-03,np.float64(107025.88511355023),np.float64(0.9909370237847704),1
2017-07-05,np.float64(107209.70602418984),np.float64(0.9909525630918236),1
2017-07-06,np.float64(106264.34134090047),np.float64(0.990872073934131),1
2017-07-07,np.float64(106929.59796988187),np.float64(0.9909288628255087),1
2017-07-10,np.float64(107039.01517859593),np.float64(0.990938135505268),1
2017-07-11,np.float64(106964.61147667038),np.float64(0.9909318321470315),1
2017-07-12,np.float64(107734.90862601728),np.float64(0.9909966689203302),1
2017-07-13,np.float64(107944.98966674824),np.float64(0.9910141910783211),1
2017-07-14,np.float64(108422.04869674149),np.float64(0.991053728804636),1
2017-07-17,np.float64(108426.42538509006),np.float64(0.9910540899254677),1
2017-07-18,np.float64(108491.94440966802),np.float64(0.9910594924215261),1
2017-07-19,np.float64(109056.66850728297),np.float64(0.991105788719988),1
2017-07-20,np.float64(109091.68201407146),np.float64(0.991108643360427),1
2017-07-21,np.float64(108999.77155875167),np.float64(0.9911011460177678),1
2017-07-24,np.float64(108982.26480535741),np.float64(0.9910997165187347),1
2017-07-25,np.float64(109236.11272957402),np.float64(0.9911203994085795),1
2017-07-26,np.float64(109257.99617131682),np.float64(0.9911221779165977),1
2017-07-27,np.float64(109174.48895762625),np.float64(0.9911153872991841),1
2017-07-28,np.float64(109026.03168884302),np.float64(0.9911032894055406),1
2017-07-31,np.float64(108982.26480535741),np.float64(0.9910997165187347),1
2017-08-01,np.float64(109205.47591113408),np.float64(0.9911179082998794),1
2017-08-02,np.float64(109257.99617131682),np.float64(0.9911221779165977),1
2017-08-03,np.float64(109065.42188398009),np.float64(0.9911065025519287),1
2017-08-04,np.float64(109244.86610627112),np.float64(0.9911211108972898),1
2017-08-07,np.float64(109441.81708195643),np.float64(0.9911370893040671),1
2017-08-08,np.float64(109192.3458460884),np.float64(0.9911168402539384),1
2017-08-09,np.float64(109192.3458460884),np.float64(0.9911168402539384),1
2017-08-10,np.float64(107656.08446885967),np.float64(0.990990076817455),1
2017-08-11,np.float64(107809.31232794283),np.float64(0.9910028824945338),1
2017-08-14,np.float64(108855.34084324913),np.float64(0.9910893388998271),1
2017-08-15,np.float64(108868.47090829481),np.float64(0.9910904135687268),1
2017-08-16,np.float64(109056.66850728297),np.float64(0.991105788719988),1
2017-08-17,np.float64(107384.7735581323),np.float64(0.990967312971304),1
2017-08-18,np.float64(107196.57595914416),np.float64(0.990951454908712),1
2017-08-21,np.float64(107288.48641446396),np.float64(0.990959206494433),1
2017-08-22,np.float64(108365.15174821019),np.float64(0.9910490315793423),1
2017-08-23,np.float64(108010.50869132622),np.float64(0.9910196418575344),1
2017-08-24,np.float64(107780.86385367716),np.float64(0.991000507729138),1
2017-08-25,np.float64(107988.75655023387),np.float64(0.9910178329468329),1
2017-08-28,np.float64(108023.77005702235),np.float64(0.9910207443168667),1
2017-08-29,np.float64(108137.43265343452),np.float64(0.9910301823577906),1
2017-08-30,np.float64(108640.88311416958),np.float64(0.9910717492034866),1
2017-08-31,np.float64(109201.0992227855),np.float64(0.9911175523131034),1
2017-09-01,np.float64(109428.68701691073),np.float64(0.9911360258663425),1
2017-09-05,np.float64(108693.40337435233),np.float64(0.9910760633020451),1
2017-09-06,np.float64(109026.03168884302),np.float64(0.9911032894055406),1
2017-09-07,np.float64(109019.59795697065),np.float64(0.9911027643710368),1
2017-09-08,np.float64(108872.84759664336),np.float64(0.9910907717340911),1
2017-09-11,np.float64(110010.78656726946),np.float64(0.9911829277704066),1
2017-09-12,np.float64(110426.57196038285),np.float64(0.991216126390793),1
2017-09-13,np.float64(110461.58546717133),np.float64(0.9912189106548152),1
2017-09-14,np.float64(110422.1952720343),np.float64(0.9912157782336387),1
2017-09-15,np.float64(110590.51132653026),np.float64(0.9863432441246031),1
2017-09-18,np.float64(110800.59236726124),np.float64(0.9863691377180037),1
2017-09-19,np.float64(110910.00957597529),np.float64(0.9863825851147623),1
2017-09-20,np.float64(110958.15314780945),np.float64(0.9863884935673918),1
2017-09-21,np.float64(110664.91502845581),np.float64(0.9863524260156583),1
2017-09-22,np.float64(110686.79847019861),np.float64(0.9863551242226202),1
2017-09-25,np.float64(110476.71742946765),np.float64(0.9863291773102693),1
2017-09-26,np.float64(110520.48431295327),np.float64(0.9863345910515094),1
2017-09-27,np.float64(110945.02308276377),np.float64(0.9863868826797659),1
2017-09-28,np.float64(111071.94704487208),np.float64(0.9864024386399602),1
2017-09-29,np.float64(111435.2121778027),np.float64(0.9864467650233218),1
2017-10-02,np.float64(111925.40127284164),np.float64(0.986506122844804),1
2017-10-03,np.float64(112174.87250870967),np.float64(0.9865361325442605),1
2017-10-04,np.float64(112310.5498475151),np.float64(0.9865523976387588),1
2017-10-05,np.float64(112967.05309979938),np.float64(0.98663054781125),1
2017-10-06,np.float64(112866.38926778246),np.float64(0.986618623798282),1
2017-10-09,np.float64(112664.71146868072),np.float64(0.9865946701887965),1
2017-10-10,np.float64(112927.66290466231),np.float64(0.9866258844248216),1
2017-10-11,np.float64(113107.10712695336),np.float64(0.9866471024351587),1
2017-10-12,np.float64(112945.16965805658),np.float64(0.9866279574425872),1
2017-10-13,np.float64(113063.34024346774),np.float64(0.9866419335208965),1
2017-10-16,np.float64(113247.16115410735),np.float64(0.9866636161124913),1
2017-10-17,np.float64(113304.05810263865),np.float64(0.9866703131325305),1
2017-10-18,np.float64(113417.85199970126),np.float64(0.9866836870149356),1
2017-10-19,np.float64(113474.39881316468),np.float64(0.9866903228294828),1
2017-10-20,np.float64(114021.8349918028),np.float64(0.9867542246146949),1
2017-10-23,np.float64(113623.55635208367),np.float64(0.9867077948991336),1
2017-10-24,np.float64(113794.24719767759),np.float64(0.9867277331454365),1
2017-10-25,np.float64(113255.91453080447),np.float64(0.9866646468612379),1
2017-10-26,np.float64(113325.94154438145),np.float64(0.986672887118875),1
2017-10-27,np.float64(114292.97083499622),np.float64(0.9867856474086918),1
2017-10-30,np.float64(113903.66440639163),np.float64(0.9867404826421283),1
2017-10-31,np.float64(114043.71843354561),np.float64(0.9867567662992169),1
2017-11-01,np.float64(114210.03259079096),np.float64(0.9867760512709676),1
2017-11-02,np.float64(114262.5528509737),np.float64(0.986782129598561),1
2017-11-03,np.float64(114625.81798390434),np.float64(0.9868240188651581),1
2017-11-06,np.float64(114783.37876445257),np.float64(0.986842105263158),1
2017-11-07,np.float64(114735.23519261839),np.float64(0.9868365841340175),1
2017-11-08,np.float64(114914.67941490943),np.float64(0.9868571393749562),1
2017-11-09,np.float64(114512.37422190963),np.float64(0.9868109658402946),1
2017-11-10,np.float64(114472.63389170468),np.float64(0.9868063871339717),1
2017-11-13,np.float64(114577.67441207015),np.float64(0.9868184825440772),1
2017-11-14,np.float64(114319.449799505),np.float64(0.9867887081509704),1
2017-11-15,np.float64(113737.35024914629),np.float64(0.9867210937127219),1
2017-11-16,np.float64(114665.20817904141),np.float64(0.9868285451244854),1
2017-11-17,np.float64(114371.97005968775),np.float64(0.986794774851447),1
2017-11-20,np.float64(114551.41428197878),np.float64(0.9868154607711435),1
2017-11-21,np.float64(115273.56785949151),np.float64(0.9868980578690626),1
2017-11-22,np.float64(115212.29422261164),np.float64(0.9868910898310597),1
2017-11-24,np.float64(115466.14214682824),np.float64(0.9869199092717481),1
2017-11-27,np.float64(115404.86850994837),np.float64(0.9869129644630933),1
2017-11-28,np.float64(116542.80748057445),np.float64(0.9870407479623015),1
2017-11-29,np.float64(116499.04059708885),np.float64(0.9870358793722163),1
2017-11-30,np.float64(117435.6519036811),np.float64(0.9871392750766993),1
2017-12-01,np.float64(117256.20768139005),np.float64(0.9871195935363561),1
2017-12-04,np.float64(117103.02358919039),np.float64(0.9871027444976992),1
2017-12-05,np.float64(116704.74494947125),np.float64(0.9870587299944347),1
2017-12-06,np.float64(116717.87501451695),np.float64(0.9870601858101521),1
2017-12-07,np.float64(117072.38677075047),np.float64(0.9870993693988728),1
2017-12-08,np.float64(117702.62989294338),np.float64(0.9871684463066336),1
2017-12-11,np.float64(118079.02509091968),np.float64(0.9872093488732752),1
2017-12-12,np.float64(118280.35275495355),np.float64(0.9872311201298942),1
2017-12-13,np.float64(118254.09262486217),np.float64(0.9872282846048053),1
2017-12-14,np.float64(117794.54034826317),np.float64(0.9871784582642246),1
2017-12-15,np.float64(118753.61850915509),np.float64(0.9823016428356459),1
2017-12-18,np.float64(119497.65552841063),np.float64(0.982411839415253),1
2017-12-19,np.float64(119068.74007025156),np.float64(0.9823484824506044),1
2017-12-20,np.float64(119003.08974502314),np.float64(0.9823387446541288),1
2017-12-21,np.float64(119195.66403235985),np.float64(0.9823672784409013),1
2017-12-22,np.float64(119173.78059061704),np.float64(0.982364040609282),1
2017-12-26,np.float64(119024.97318676593),np.float64(0.9823419917798548),1
2017-12-27,np.float64(119112.50695373719),np.float64(0.9823549683514697),1
2017-12-28,np.float64(119335.71805951383),np.float64(0.9823879724435369),1
2017-12-29,np.float64(118933.06273144613),np.float64(0.9823283458218826),1
2018-01-02,np.float64(119733.99669923296),np.float64(0.9824465564261254),1
2018-01-03,np.float64(120478.0337184885),np.float64(0.9825549613480126),1
2018-01-04,np.float64(120959.4694368303),np.float64(0.9826243950579489),1
2018-01-05,np.float64(121760.40340461713),np.float64(0.9827386909359174),1
2018-01-08,np.float64(121983.6145103938),np.float64(0.9827702764558154),1
2018-01-09,np.float64(122254.96918800462),np.float64(0.9828085192046272),1
2018-01-10,np.float64(122058.01821231934),np.float64(0.9827807792907264),1
2018-01-11,np.float64(122937.73257038028),np.float64(0.9829039961044406),1
2018-01-12,np.float64(123747.41991486424),np.float64(0.9830158563598301),1
2018-01-16,np.float64(123362.2713401908),np.float64(0.9829628302713511),1
2018-01-17,np.float64(124478.32686907408),np.float64(0.9831155831878663),1
2018-01-18,np.float64(124290.12927008592),np.float64(0.9830900171455504),1
2018-01-19,np.float64(124819.7085602619),np.float64(0.9831617620392074),1
2018-01-22,np.float64(125817.59350373402),np.float64(0.9832953095317938),1
2018-01-23,np.float64(126067.06473960205),np.float64(0.9833283660623358),1
2018-01-24,np.float64(126014.54447941932),np.float64(0.9833214176695474),1
2018-01-25,np.float64(126093.32486969343),np.float64(0.9833318380881269),1
2018-01-26,np.float64(127520.1252713246),np.float64(0.983518335239535),1
2018-01-29,np.float64(126679.80110840072),np.float64(0.9834090049357119),1
2018-01-30,np.float64(125362.41791548359),np.float64(0.9832346568462693),1
2018-01-31,np.float64(125484.96518924333),np.float64(0.98325102970093),1
2018-02-01,np.float64(125384.3013572264),np.float64(0.9832375829176055),1
2018-02-02,np.float64(122683.88464616369),np.float64(0.9828686223867448),1
2018-02-05,np.float64(117694.45992880312),np.float64(0.9821423713893935),1
2018-02-06,np.float64(119860.92066134127),np.float64(0.9824651442410258),1
2018-02-07,np.float64(119252.56098089117),np.float64(0.9823756912417901),1
2018-02-08,np.float64(114919.63951581485),np.float64(0.9817111856268463),1
2018-02-09,np.float64(116657.18479019395),np.float64(0.9819835875628713),1
2018-02-12,np.float64(118224.0392189791),np.float64(0.9822223638371758),1
2018-02-13,np.float64(118543.53746842413),np.float64(0.9822702780782605),1
2018-02-14,np.float64(120127.89865060354),np.float64(0.9825041145433878),1
2018-02-15,np.float64(121554.69905223472),np.float64(0.9827094800010051),1
2018-02-16,np.float64(121655.36288425166),np.float64(0.9827237870562749),1
2018-02-20,np.float64(120902.572488299),np.float64(0.9826162180698191),1
2018-02-21,np.float64(120259.1993010604),np.float64(0.9825232167921483),1
2018-02-22,np.float64(120386.12326316869),np.float64(0.982541642691326),1
2018-02-23,np.float64(122307.48944818736),np.float64(0.9828159014266675),1
2018-02-26,np.float64(123734.28984981857),np.float64(0.9830140540873072),1
2018-02-27,np.float64(122189.3188627762),np.float64(0.9827992825027954),1
2018-02-28,np.float64(120889.44242325332),np.float64(0.9826143299794872),1
2018-03-01,np.float64(119274.44442263398),np.float64(0.9823789247972751),1
2018-03-02,np.float64(119869.67403803839),np.float64(0.9824664247083251),1
2018-03-05,np.float64(121200.18729600121),np.float64(0.9826589050576178),1
2018-03-06,np.float64(121510.9321687491),np.float64(0.9827032521484104),1
2018-03-07,np.float64(121510.9321687491),np.float64(0.9827032521484104),1
2018-03-08,np.float64(122036.13477057652),np.float64(0.9827776915510666),1
2018-03-09,np.float64(124106.30835944631),np.float64(0.9830649708083554),1
2018-03-12,np.float64(124010.02121577796),np.float64(0.9830518216646587),1
2018-03-13,np.float64(123213.4639363397),np.float64(0.982942254135308),1
2018-03-14,np.float64(122570.09074910109),np.float64(0.9828527176402545),1
2018-03-15,np.float64(122473.80360543271),np.float64(0.9828392366933786),1
2018-03-16,np.float64(122599.3160855486),np.float64(0.9789414144081985),1
2018-03-19,np.float64(121019.33159171775),np.float64(0.9786664811536561),1
2018-03-20,np.float64(121159.38561887173),np.float64(0.9786911416057749),1
2018-03-21,np.float64(120927.42113639794),np.float64(0.9786502666887124),1
2018-03-22,np.float64(117999.41663121001),np.float64(0.9781205003804994),1
2018-03-23,np.float64(115506.89261670402),np.float64(0.9776483625107019),1
2018-03-26,np.float64(118625.28306505438),np.float64(0.9782359365172767),1
2018-03-27,np.float64(116708.29356838427),np.float64(0.9778784513735428),1
2018-03-28,np.float64(116310.01492866514),np.float64(0.977802700886357),1
2018-03-29,np.float64(117876.8693574503),np.float64(0.9780977539923045),1
2018-04-02,np.float64(115290.2465434502),np.float64(0.9776063607400575),1
2018-04-03,np.float64(116695.16350333858),np.float64(0.9778759623468886),1
2018-04-04,np.float64(118030.05344964995),np.float64(0.9781261795972565),1
2018-04-05,np.float64(118822.23404073966),np.float64(0.9782720110244799),1
2018-04-06,np.float64(116244.3646034367),np.float64(0.9777901647095628),1
2018-04-09,np.float64(116738.9303868242),np.float64(0.9778842569250125),1
2018-04-10,np.float64(118603.39962331156),np.float64(0.978231920843048),1
2018-04-11,np.float64(117999.41663121001),np.float64(0.9781205003804994),1
2018-04-12,np.float64(118958.04268019555),np.float64(0.9782968168178032),1
2018-04-13,np.float64(118612.15300000871),np.float64(0.9782335272905495),1
2018-04-16,np.float64(119601.2845667837),np.float64(0.9784135412873243),1
2018-04-17,np.float64(120809.25055098678),np.float64(0.9786293832673497),1
2018-04-18,np.float64(120914.29107135226),np.float64(0.9786479483243189),1
2018-04-19,np.float64(120257.78781906798),np.float64(0.9785313846354116),1
2018-04-20,np.float64(119290.5396940358),np.float64(0.9783573098260285),1
2018-04-23,np.float64(119251.14949889874),np.float64(0.978350160965889),1
2018-04-24,np.float64(117706.17851185639),np.float64(0.9780659925933811),1
2018-04-25,np.float64(117964.40312442153),np.float64(0.9781140062349083),1
2018-04-26,np.float64(119106.7187833962),np.float64(0.9783239080242065),1
2018-04-27,np.float64(119255.52618724729),np.float64(0.9783509555168945),1
2018-04-30,np.float64(118358.3050757921),np.float64(0.9781868438414136),1
2018-05-01,np.float64(118546.50267478026),np.float64(0.9782214731516233),1
2018-05-02,np.float64(117763.0754603877),np.float64(0.9780765899566516),1
2018-05-03,np.float64(117509.22753617108),np.float64(0.978029230168421),1
2018-05-04,np.float64(118966.66475624221),np.float64(0.9782983897499875),1
2018-05-07,np.float64(119404.3335910984),np.float64(0.9783779355938189),1
2018-05-08,np.float64(119391.2035260527),np.float64(0.9783755577041278),1
2018-05-09,np.float64(120520.3891199817),np.float64(0.9785781624990139),1
2018-05-10,np.float64(121627.69127216785),np.float64(0.9787731875506327),1
2018-05-11,np.float64(121907.79932647581),np.float64(0.9788219604853193),1
2018-05-14,np.float64(122043.47666528122),np.float64(0.9788455043904996),1
2018-05-15,np.float64(121203.15250235733),np.float64(0.9786988363092812),1
2018-05-16,np.float64(121693.34159739627),np.float64(0.9787846388520972),1
2018-05-17,np.float64(121632.06796051642),np.float64(0.9787739513553125),1
2018-05-18,np.float64(121338.82984116276),np.float64(0.9787226546138322),1
2018-05-21,np.float64(122222.92088757228),np.float64(0.9788765628203345),1
2018-05-22,np.float64(121881.53919638443),np.float64(0.9788173975459571),1
2018-05-23,np.float64(122227.29757592083),np.float64(0.9788773192037548),1
2018-05-24,np.float64(121995.33309344704),np.float64(0.9788371560959118),1
2018-05-25,np.float64(121719.60172748765),np.float64(0.9787892159139325),1
2018-05-29,np.float64(120367.20502778202),np.float64(0.9785509002166499),1
2018-05-30,np.float64(121885.915884733),np.float64(0.9788181581723895),1
2018-05-31,np.float64(121106.86535868898),np.float64(0.978681900620272),1
2018-06-01,np.float64(122332.33809628633),np.float64(0.9788954561691465),1
2018-06-04,np.float64(122892.55420490223),np.float64(0.9789916630182557),1
2018-06-05,np.float64(123023.8548553591),np.float64(0.9790140847535684),1
2018-06-06,np.float64(124004.23304543698),np.float64(0.979179999521969),1
2018-06-07,np.float64(123977.9729153456),np.float64(0.9791755895779427),1
2018-06-08,np.float64(124349.99142497337),np.float64(0.9792378900738279),1
2018-06-11,np.float64(124507.55220552158),np.float64(0.9792641639358374),1
2018-06-12,np.float64(124678.24305111551),np.float64(0.9792925523483245),1
2018-06-13,np.float64(124258.08096965356),np.float64(0.9792225328836812),1
2018-06-14,np.float64(124551.31908900721),np.float64(0.9792714504337054),1
2018-06-15,np.float64(123829.16551149449),np.float64(0.9791505645651452),1
2018-06-18,np.float64(123636.59122415776),np.float64(0.979118089833106),1
2018-06-19,np.float64(123150.7788174674),np.float64(0.9790357136505768),1
2018-06-20,np.float64(123382.74329994118),np.float64(0.9790751273457453),1
2018-06-21,np.float64(122608.06946224572),np.float64(0.9789429178470276),1
2018-06-22,np.float64(122835.65725637093),np.float64(0.9789819320468531),1
2018-06-25,np.float64(121220.6592557516),np.float64(0.9787019126349012),1
2018-06-26,np.float64(121443.87036152824),np.float64(0.9787410580410675),1
2018-06-27,np.float64(120664.81983548423),np.float64(0.9786038035377348),1
2018-06-28,np.float64(121150.63224217462),np.float64(0.9786896019979242),1
2018-06-29,np.float64(121338.82984116276),np.float64(0.9787226546138322),1
2018-07-02,np.float64(121557.66425859086),np.float64(0.9787609591955334),1
2018-07-03,np.float64(121137.50217712892),np.float64(0.9786872921689539),1
2018-07-05,np.float64(122074.11348372116),np.float64(0.9788508135131521),1
2018-07-06,np.float64(123098.25855728466),np.float64(0.9790267691716986),1
2018-07-09,np.float64(124209.93739781938),np.float64(0.9792144795708657),1
2018-07-10,np.float64(124608.21603753851),np.float64(0.9792809152286869),1
2018-07-11,np.float64(123776.64525131177),np.float64(0.9791417178415045),1
2018-07-12,np.float64(124818.29707826949),np.float64(0.9793157874148458),1
2018-07-13,np.float64(124936.46766368065),np.float64(0.9793353514825328),1
2018-07-16,np.float64(124862.0639617551),np.float64(0.9793230376836102),1
2018-07-17,np.float64(125317.23955000554),np.float64(0.9793981402674159),1
2018-07-18,np.float64(125592.97091596495),np.float64(0.9794433703378883),1
2018-07-19,np.float64(125111.53519762313),np.float64(0.9793642673538794),1
2018-07-20,np.float64(125006.49467725767),np.float64(0.9793469275500487),1
2018-07-23,np.float64(125234.08247138288),np.float64(0.979384460361469),1
2018-07-24,np.float64(125807.42864504448),np.float64(0.9794784122123018),1
2018-07-25,np.float64(126940.99092732201),np.float64(0.9796616666340504),1
2018-07-26,np.float64(126573.34910604282),np.float64(0.9796025924136615),1
2018-07-27,np.float64(125768.03844990741),np.float64(0.9794719849088513),1
2018-07-30,np.float64(125085.27506753175),np.float64(0.9793599351331321),1
2018-07-31,np.float64(125649.86786449625),np.float64(0.9794526788196221),1
2018-08-01,np.float64(125518.56721403939),np.float64(0.9794311849745598),1
2018-08-02,np.float64(126175.07046632367),np.float64(0.9795382068601821),1
2018-08-03,np.float64(126713.4031331968),np.float64(0.9796251372984593),1
2018-08-06,np.float64(127168.57872144725),np.float64(0.9796980652198762),1
2018-08-07,np.float64(127571.23404951493),np.float64(0.9797621445734249),1
2018-08-08,np.float64(127509.96041263506),np.float64(0.9797524194742984),1
2018-08-09,np.float64(127356.77632043538),np.float64(0.9797280657859303),1
2018-08-10,np.float64(126512.07546916296),np.float64(0.9795927133302531),1
2018-08-13,np.float64(126039.39312751825),np.float64(0.9795161804002674),1
2018-08-14,np.float64(126800.93690016803),np.float64(0.9796392025611252),1
2018-08-15,np.float64(125894.96241201572),np.float64(0.9794926807092207),1
2018-08-16,np.float64(126914.73079723063),np.float64(0.9796574583969397),1
2018-08-17,np.float64(127326.13950199545),np.float64(0.9797231880163665),1
2018-08-20,np.float64(127615.00093300056),np.float64(0.979769085355104),1
2018-08-21,np.float64(127873.2255455657),np.float64(0.9798099392560964),1
2018-08-22,np.float64(127846.96541547432),np.float64(0.9798057921602309),1
2018-08-23,np.float64(127663.14450483474),np.float64(0.9797767147182711),1
2018-08-24,np.float64(128420.31158913593),np.float64(0.9798959513543006),1
2018-08-27,np.float64(129387.55971416814),np.float64(0.9800462409447456),1
2018-08-28,np.float64(129435.48445158487),np.float64(0.9800536290166275),1
2018-08-29,np.float64(130140.35011012077),np.float64(0.9801616624736352),1
2018-08-30,np.float64(129645.78432673328),np.float64(0.9800859842478388),1
2018-08-31,np.float64(129623.90088499046),np.float64(0.9800826223122652),1
2018-09-04,np.float64(129435.70328600229),np.float64(0.9800536627395676),1
2018-09-05,np.float64(129098.69828316303),np.float64(0.9800015939307068),1
2018-09-06,np.float64(128700.4196434439),np.float64(0.9799397065026169),1
2018-09-07,np.float64(128424.68827748449),np.float64(0.9798966364963605),1
2018-09-10,np.float64(128669.78282500396),np.float64(0.9799349300620553),1
2018-09-11,np.float64(129124.95841325441),np.float64(0.980005661004582),1
2018-09-12,np.float64(129146.84185499723),np.float64(0.9800090489693692),1
2018-09-13,np.float64(129855.86536746426),np.float64(0.9801182011765275),1
2018-09-14,np.float64(129908.385627647),np.float64(0.9801262391275963),1
2018-09-17,np.float64(129243.12899866558),np.float64(0.9800239423845076),1
2018-09-18,np.float64(129908.385627647),np.float64(0.9801262391275963),1
2018-09-19,np.float64(130052.81634314953),np.float64(0.9801483100183562),1
2018-09-20,np.float64(131050.70128662164),np.float64(0.9802994706175798),1
2018-09-21,np.float64(130977.44033802392),np.float64(0.9758688687268209),1
2018-09-24,np.float64(130557.27825656196),np.float64(0.9757912094306164),1
2018-09-25,np.float64(130390.96409931661),np.float64(0.9757603310286559),1
2018-09-26,np.float64(129999.25049212032),np.float64(0.9756872920831692),1
2018-09-27,np.float64(130382.2107226195),np.float64(0.9757587036674358),1
2018-09-28,np.float64(130334.06715078531),np.float64(0.9757497492734171),1
2018-10-01,np.float64(130828.6329341728),np.float64(0.9758414214401205),1
2018-10-02,np.float64(130789.24273903575),np.float64(0.975834145527333),1
2018-10-03,np.float64(130854.89306426418),np.float64(0.9758462696150795),1
2018-10-04,np.float64(129878.89156253486),np.float64(0.9756647614666465),1
2018-10-05,np.float64(129126.10116658222),np.float64(0.9755228898102918),1
2018-10-08,np.float64(129121.72447823366),np.float64(0.975522060138264),1
2018-10-09,np.float64(128981.67045107968),np.float64(0.9754954809038497),1
2018-10-10,np.float64(124950.74048205416),np.float64(0.9747049613757528),1
2018-10-11,np.float64(122442.8980583282),np.float64(0.9741868752149576),1
2018-10-12,np.float64(123961.60891527917),np.float64(0.9745031237148434),1
2018-10-15,np.float64(123296.35228629776),np.float64(0.9743655530109864),1
2018-10-16,np.float64(125812.94808672086),np.float64(0.974878310581807),1
2018-10-17,np.float64(125891.72847699498),np.float64(0.9748940312055576),1
2018-10-18,np.float64(124127.92307252451),np.float64(0.9745372859837896),1
2018-10-19,np.float64(124035.88131655427),np.float64(0.9745183911858897),1
2018-10-22,np.float64(123532.69345712008),np.float64(0.9744145965074505),1
2018-10-23,np.float64(122871.81351648724),np.float64(0.9742769825221328),1
2018-10-24,np.float64(119234.7854988323),np.float64(0.9734923513016862),1
2018-10-25,np.float64(121335.59590614201),np.float64(0.9739513060201499),1
2018-10-26,np.float64(119239.16218718087),np.float64(0.9734933242682442),1
2018-10-29,np.float64(118569.5288698509),np.float64(0.9733436251560791),1
2018-10-30,np.float64(120403.36128789833),np.float64(0.9737496214988184),1
2018-10-31,np.float64(121633.21071384422),np.float64(0.9740150425358943),1
2018-11-01,np.float64(122806.16319125882),np.float64(0.9742632313844097),1
2018-11-02,np.float64(122119.0231205346),np.float64(0.9741184155763987),1
2018-11-05,np.float64(122849.93007474445),np.float64(0.9742724004425656),1
2018-11-06,np.float64(123567.7069639086),np.float64(0.9744218462551466),1
2018-11-07,np.float64(126145.57640121155),np.float64(0.9749445529776699),1
2018-11-08,np.float64(125917.98860708634),np.float64(0.9748992670421042),1
2018-11-09,np.float64(124753.78950636886),np.float64(0.9746650276586549),1
2018-11-12,np.float64(122416.41909381936),np.float64(0.9741812917742713),1
2018-11-13,np.float64(122224.0636409001),np.float64(0.9741406584557036),1
2018-11-14,np.float64(121396.86954302188),np.float64(0.973964453790946),1
2018-11-15,np.float64(122648.60241071059),np.float64(0.974230168591421),1
2018-11-16,np.float64(122963.72397180706),np.float64(0.9742962094467267),1
2018-11-19,np.float64(120946.07064312001),np.float64(0.973867412229141),1
2018-11-20,np.float64(118770.85653388473),np.float64(0.9733888101941899),1
2018-11-21,np.float64(119156.00510855818),np.float64(0.9734748256813216),1
2018-11-23,np.float64(118407.5914009541),np.float64(0.9733071691668886),1
2018-11-26,np.float64(120206.41031221305),np.float64(0.9737066118319921),1
2018-11-27,np.float64(120582.80551018938),np.float64(0.9737886857645325),1
2018-11-28,np.float64(123239.45533776646),np.float64(0.9743537181500893),1
2018-11-29,np.float64(123060.01111547541),np.float64(0.9743163211349297),1
2018-11-30,np.float64(123819.3665439509),np.float64(0.9744738331745547),1
2018-12-03,np.float64(125384.03262856178),np.float64(0.9747923739541468),1
2018-12-04,np.float64(121501.91006338736),np.float64(0.9739869619747299),1
2018-12-06,np.float64(121230.55538577652),np.float64(0.973928736063576),1
2018-12-07,np.float64(118556.39880480521),np.float64(0.9733406729751837),1
2018-12-10,np.float64(118735.84302709624),np.float64(0.9733809629338247),1
2018-12-11,np.float64(118753.34978049049),np.float64(0.9733848871424333),1
2018-12-12,np.float64(119374.83952598627),np.float64(0.9735234508446495),1
2018-12-13,np.float64(119309.18920075786),np.float64(0.9735088820249751),1
2018-12-14,np.float64(117204.00210509957),np.float64(0.9730330556136844),1
2018-12-17,np.float64(114840.59039687614),np.float64(0.9724780776927474),1
2018-12-18,np.float64(114814.33026678477),np.float64(0.9724717829274644),1
2018-12-19,np.float64(113033.01810892006),np.float64(0.9720379597085852),1
2018-12-20,np.float64(111312.97958793525),np.float64(0.9716058826354118),1
2018-12-21,np.float64(109096.37469931878),np.float64(0.9652703735113731),1
2018-12-24,np.float64(106365.32116981615),np.float64(0.9643786498935912),1
2018-12-26,np.float64(111415.80068963917),np.float64(0.9659933661014118),1
2018-12-27,np.float64(112422.65784422583),np.float64(0.9662979294634668),1
2018-12-28,np.float64(112212.57680349486),np.float64(0.9662348334518184),1
2018-12-31,np.float64(113241.09856540692),np.float64(0.9665415084048994),1
2019-01-02,np.float64(113306.74889063534),np.float64(0.9665608943715464),1
2019-01-03,np.float64(110645.7223747097),np.float64(0.9657566848202289),1
2019-01-04,np.float64(114252.11357392471),np.float64(0.9668375820275823),1
2019-01-07,np.float64(115083.68436015147),np.float64(0.9670772067679599),1
2019-01-08,np.float64(116103.4527453664),np.float64(0.9673663766668487),1
2019-01-09,np.float64(116672.42223067945),np.float64(0.9675255191232814),1
2019-01-10,np.float64(117136.35119562702),np.float64(0.9676541372008174),1
2019-01-11,np.float64(117061.94749370146),np.float64(0.9676335784113408),1
2019-01-14,np.float64(116422.95099481143),np.float64(0.9674559327675908),1
2019-01-15,np.float64(117683.43723919726),np.float64(0.9678045064500491),1
2019-01-16,np.float64(118002.93548864227),np.float64(0.9678916771953076),1
2019-01-17,np.float64(118895.7799117489),np.float64(0.9681327937174646),1
2019-01-18,np.float64(120392.60732695708),np.float64(0.9685289950214222),1
2019-01-22,np.float64(118869.51978165752),np.float64(0.9681257537547882),1
2019-01-23,np.float64(119048.96400394858),np.float64(0.9681737982663591),1
2019-01-24,np.float64(119158.38121266263),np.float64(0.9682030226828224),1
2019-01-25,np.float64(120112.4992726491),np.float64(0.9684556031427664),1
2019-01-28,np.float64(119237.16160293671),np.float64(0.9682240310517647),1
2019-01-29,np.float64(119123.36770587412),np.float64(0.9681936767106376),1
2019-01-30,np.float64(120839.0295385104),np.float64(0.9686452600700245),1
2019-01-31,np.float64(121876.30467711957),np.float64(0.9689121166365496),1
2019-02-01,np.float64(121994.47526253073),np.float64(0.9689422300770834),1
2019-02-04,np.float64(122839.17611380319),np.float64(0.9691557981383686),1
2019-02-05,np.float64(123342.49527388782),np.float64(0.9692816629324934),1
2019-02-06,np.float64(123198.06455838526),np.float64(0.96924565042355),1
2019-02-07,np.float64(122033.8654576678),np.float64(0.9689522549305385),1
2019-02-08,np.float64(122195.80292656459),np.float64(0.9689934003146768),1
2019-02-11,np.float64(122261.453251793),np.float64(0.9690100498252088),1
2019-02-12,np.float64(123736.39722525838),np.float64(0.9693794515636891),1
2019-02-13,np.float64(124125.92248828038),np.float64(0.9694755433142633),1
2019-02-14,np.float64(123911.46475920084),np.float64(0.9694227136130332),1
2019-02-15,np.float64(125189.45775698093),np.float64(0.9697348609662834),1
2019-02-19,np.float64(125408.29217440903),np.float64(0.9697876728972489),1
2019-02-20,np.float64(125649.01003357994),np.float64(0.9698455535498605),1
2019-02-21,np.float64(125224.47126376942),np.float64(0.9697433232791229),1
2019-02-22,np.float64(125968.50828302496),np.float64(0.9699220353069689),1
2019-02-25,np.float64(126156.7058820131),np.float64(0.9699669049054425),1
2019-02-26,np.float64(126047.28867329906),np.float64(0.9699408342341184),1
2019-02-27,np.float64(125977.26165972208),np.float64(0.9699241252377371),1
2019-02-28,np.float64(125745.29717724829),np.float64(0.969868643761445),1
2019-03-01,np.float64(126515.5943265952),np.float64(0.970052100179921),1
2019-03-04,np.float64(126064.79542669331),np.float64(0.9699450085827184),1
2019-03-05,np.float64(125924.74139953933),np.float64(0.9699115812948218),1
2019-03-06,np.float64(125171.95100358667),np.float64(0.9697306280345341),1
2019-03-07,np.float64(124204.7028785545),np.float64(0.9694949043251982),1
2019-03-08,np.float64(123924.59482424654),np.float64(0.9694259533392534),1
2019-03-11,np.float64(125670.89347532275),np.float64(0.9698508044321764),1
2019-03-12,np.float64(126091.05555678469),np.float64(0.9699512679322101),1
2019-03-13,np.float64(126918.24965466288),np.float64(0.9701471115865532),1
2019-03-14,np.float64(126861.35270613157),np.float64(0.9701337226527342),1
2019-03-15,np.float64(127462.32409898048),np.float64(0.9660403642320351),1
2019-03-18,np.float64(127935.00644062518),np.float64(0.9661658351301325),1
2019-03-19,np.float64(127974.39663576223),np.float64(0.9661762492003806),1
2019-03-20,np.float64(127532.35111255747),np.float64(0.9660590112016413),1
2019-03-21,np.float64(128880.37112391455),np.float64(0.966414015859887),1
2019-03-22,np.float64(126586.9864292681),np.float64(0.9658055363932824),1
2019-03-25,np.float64(126438.179025417),np.float64(0.965765292304079),1
2019-03-26,np.float64(127331.02344852364),np.float64(0.9660053458826584),1
2019-03-27,np.float64(126678.89688458791),np.float64(0.9658303458035061),1
2019-03-28,np.float64(127186.59273302108),np.float64(0.9659667421893608),1
2019-03-29,np.float64(127948.13650567086),np.float64(0.9661693071993446),1
2019-04-01,np.float64(129388.06697234773),np.float64(0.9665458013105277),1
2019-04-02,np.float64(129497.48418106178),np.float64(0.9665740679989774),1
2019-04-03,np.float64(129698.81184509562),np.float64(0.9666259540934773),1
2019-04-04,np.float64(130018.31009454065),np.float64(0.9667079652289572),1
2019-04-05,np.float64(130604.78633324793),np.float64(0.9668574619501693),1
2019-04-08,np.float64(130727.33360700768),np.float64(0.9668885306453796),1
2019-04-09,np.float64(130083.96041976906),np.float64(0.9667247669384315),1
2019-04-10,np.float64(130504.12250123103),np.float64(0.9668318975862327),1
2019-04-11,np.float64(130477.86237113965),np.float64(0.9668252221344094),1
2019-04-12,np.float64(131309.4331573664),np.float64(0.9670353150077791),1
2019-04-15,np.float64(131243.78283213798),np.float64(0.9670188255235226),1
2019-04-16,np.float64(131327.15874517808),np.float64(0.967039764341977),1
2019-04-17,np.float64(131020.57172636133),np.float64(0.9669626376720446),1
2019-04-18,np.float64(131248.15952048654),np.float64(0.9670199253356843),1
2019-04-22,np.float64(131383.83685929197),np.float64(0.9670539831686036),1
2019-04-23,np.float64(132517.39914156948),np.float64(0.9673358054973943),1
2019-04-24,np.float64(132219.78433386728),np.float64(0.9672622813420296),1
2019-04-25,np.float64(132184.77082707878),np.float64(0.9672536096748829),1
2019-04-26,np.float64(132744.98693569473),np.float64(0.9673918074010844),1
2019-04-29,np.float64(132906.9244045915),np.float64(0.9674315381239074),1
2019-04-30,np.float64(132946.31459972856),np.float64(0.9674411877187267),1
2019-05-01,np.float64(132049.09348827336),np.float64(0.9672199635287609),1
2019-05-02,np.float64(131747.1019922226),np.float64(0.9671448249328839),1
2019-05-03,np.float64(132994.45817156276),np.float64(0.9674529739054554),1
2019-05-06,np.float64(132491.1390114781),np.float64(0.9673293313587963),1
2019-05-07,np.float64(130399.08198086554),np.float64(0.9668051796470865),1
2019-05-08,np.float64(130259.02795371156),np.float64(0.9667694886984889),1
2019-05-09,np.float64(129795.098988764),np.float64(0.9666507122821765),1
2019-05-10,np.float64(130390.32860416839),np.float64(0.966802951209057),1
2019-05-13,np.float64(127309.35884119825),np.float64(0.965999560912572),1
2019-05-14,np.float64(128355.16852208711),np.float64(0.9662765890117248),1
2019-05-15,np.float64(129129.84235978257),np.float64(0.9664789019994359),1
2019-05-16,np.float64(130237.14451196874),np.float64(0.9667639050536625),1
2019-05-17,np.float64(129475.60073931896),np.float64(0.9665684184833044),1
2019-05-20,np.float64(128609.0164463037),np.float64(0.9663431521354732),1
2019-05-21,np.float64(129711.94191014132),np.float64(0.966629332374514),1
2019-05-22,np.float64(129335.54671216499),np.float64(0.9665322163119404),1
2019-05-23,np.float64(127834.34260860825),np.float64(0.966139192237312),1
2019-05-24,np.float64(128166.97092309895),np.float64(0.9662270702867992),1
2019-05-28,np.float64(127011.52519907862),np.float64(0.9659198321273992),1
2019-05-29,np.float64(126114.30408762342),np.float64(0.9656773739358526),1
2019-05-30,np.float64(126429.42564871989),np.float64(0.9657629220545028),1
2019-05-31,np.float64(124849.44115488903),np.float64(0.9653296477701521),1
2019-06-03,np.float64(124516.81284039833),np.float64(0.9652370310338099),1
2019-06-04,np.float64(127090.30558935273),np.float64(0.9659409576484462),1
2019-06-05,np.float64(128131.95741631047),np.float64(0.9662178414517169),1
2019-06-06,np.float64(128967.90489088578),np.float64(0.9664368115136717),1
2019-06-07,np.float64(130193.37762848311),np.float64(0.966752732132877),1
2019-06-10,np.float64(130784.44938995641),np.float64(0.9669029909845529),1
2019-06-11,np.float64(130775.47717884187),np.float64(0.9669007202732655),1
2019-06-12,np.float64(130508.49918957958),np.float64(0.9668330099003599),1
2019-06-13,np.float64(131068.7152981955),np.float64(0.9669747728075941),1
2019-06-14,np.float64(130915.53120599585),np.float64(0.9669361300323592),1
2019-06-17,np.float64(131020.57172636133),np.float64(0.9669626376720446),1
2019-06-18,np.float64(132267.92790570145),np.float64(0.9672741973880044),1
2019-06-19,np.float64(132569.91940175224),np.float64(0.9673487460800066),1
2019-06-20,np.float64(133826.0289577895),np.float64(0.9676552152503535),1
2019-06-21,np.float64(133629.7957589934),np.float64(0.9629187616195267),1
2019-06-24,np.float64(133480.9883551423),np.float64(0.9628774226776821),1
2019-06-25,np.float64(132220.50211075644),np.float64(0.9625235252311897),1
2019-06-26,np.float64(132102.33152534527),np.float64(0.9624900010918999),1
2019-06-27,np.float64(132544.37704855003),np.float64(0.9626150997755405),1
2019-06-28,np.float64(133235.8938076228),np.float64(0.9628091337126626),1
2019-07-01,np.float64(134321.31251806614),np.float64(0.9631096642939168),1
2019-07-02,np.float64(134697.7077160425),np.float64(0.9632127495315718),1
2019-07-03,np.float64(135730.6061663031),np.float64(0.963492697400895),1
2019-07-05,np.float64(135498.6416838293),np.float64(0.9634301993754633),1
2019-07-08,np.float64(134881.5286266821),np.float64(0.9632628843865805),1
2019-07-09,np.float64(135043.4660955789),np.float64(0.9633069377250277),1
2019-07-10,np.float64(135647.44908768043),np.float64(0.9634703170269701),1
2019-07-11,np.float64(135958.19396042833),np.float64(0.9635538089545715),1
2019-07-12,np.float64(136540.29351078704),np.float64(0.9637091866154389),1
2019-07-15,np.float64(136623.4505894097),np.float64(0.9637312753418535),1
2019-07-16,np.float64(136159.52162446216),np.float64(0.9636076988802894),1
2019-07-17,np.float64(135284.18395474978),np.float64(0.9633722275108626),1
2019-07-18,np.float64(135761.24298474303),np.float64(0.963500935890591),1
2019-07-19,np.float64(135056.59616062455),np.float64(0.9633105049872578),1
2019-07-22,np.float64(135297.31401979548),np.float64(0.9633757820901885),1
2019-07-23,np.float64(136247.05539143342),np.float64(0.9636310796072828),1
2019-07-24,np.float64(136868.54513692917),np.float64(0.9637962228186482),1
2019-07-25,np.float64(136242.67870308485),np.float64(0.9636299112844661),1
2019-07-26,np.float64(137113.63968444866),np.float64(0.9638609381045029),1
2019-07-29,np.float64(136907.93533206626),np.float64(0.9638066391166109),1
2019-07-30,np.float64(136601.5671476669),np.float64(0.9637254651264973),1
2019-07-31,np.float64(135117.86979750442),np.float64(0.9633271430440751),1
2019-08-01,np.float64(134067.46459384958),np.float64(0.9630398148701881),1
2019-08-02,np.float64(133025.81276689185),np.float64(0.962750400029832),1
2019-08-05,np.float64(129274.99085217429),np.float64(0.9616696293799053),1
2019-08-06,np.float64(130885.61216444508),np.float64(0.9621413062189944),1
2019-08-07,np.float64(131073.80976343324),np.float64(0.9621956642580509),1
2019-08-08,np.float64(133450.35153670234),np.float64(0.9628689002747932),1
2019-08-09,np.float64(132579.39055533853),np.float64(0.9626249729274107),1
2019-08-12,np.float64(130973.14593141631),np.float64(0.962166608459814),1
2019-08-13,np.float64(132938.2789999206),np.float64(0.9627258728746131),1
2019-08-14,np.float64(129261.8607871286),np.float64(0.9616657358860595),1
2019-08-15,np.float64(129537.59215308799),np.float64(0.961747333504415),1
2019-08-16,np.float64(131358.29450608976),np.float64(0.9622775377078037),1
2019-08-19,np.float64(132894.51211643498),np.float64(0.9627135971805085),1
2019-08-20,np.float64(131887.87379626575),np.float64(0.962429007545245),1
2019-08-21,np.float64(132933.90231157205),np.float64(0.962724645668949),1
2019-08-22,np.float64(132898.88880478355),np.float64(0.9627148251137609),1
2019-08-23,np.float64(129638.25598510493),np.float64(0.9617770366191711),1
2019-08-26,np.float64(130981.89930811342),np.float64(0.9621691368238828),1
2019-08-27,np.float64(130434.81326454319),np.float64(0.962010461875517),1
2019-08-28,np.float64(131371.42457113543),np.float64(0.9622813079217996),1
2019-08-29,np.float64(133008.30601349758),np.float64(0.9627454971814292),1
2019-08-30,np.float64(132952.5907708204),np.float64(0.962729885273054),1
2019-09-03,np.float64(132207.37204571077),np.float64(0.9625198032863104),1
2019-09-04,np.float64(133616.6656939477),np.float64(0.9629151177696419),1
2019-09-05,np.float64(135271.0538897041),np.float64(0.9633686722414873),1
2019-09-06,np.float64(135402.35454016097),np.float64(0.9634041939071047),1
2019-09-09,np.float64(135468.00486538938),np.float64(0.9634219289182196),1
2019-09-10,np.float64(135419.86129355518),np.float64(0.9634089249247444),1
2019-09-11,np.float64(136391.48610693595),np.float64(0.963669592195893),1
2019-09-12,np.float64(136851.03838353493),np.float64(0.9637915914281484),1
2019-09-13,np.float64(136689.10091463814),np.float64(0.9637486948255833),1
2019-09-16,np.float64(136347.71922345032),np.float64(0.9636579303306678),1
2019-09-17,np.float64(136671.5941612439),np.float64(0.9637440512662264),1
2019-09-18,np.float64(136737.24448647234),np.float64(0.9637614584827808),1
2019-09-19,np.float64(136724.11442142664),np.float64(0.9637579783768077),1
2019-09-20,np.float64(136021.05152082152),np.float64(0.9591186425577892),1
2019-09-23,np.float64(136117.33866448991),np.float64(0.959147561350766),1
2019-09-24,np.float64(135075.68683753218),np.float64(0.9588325230315026),1
2019-09-25,np.float64(135815.34716843913),np.float64(0.9590567241271223),1
2019-09-26,np.float64(135548.36917917684),np.float64(0.9589760816706135),1
2019-09-27,np.float64(134852.47573175552),np.float64(0.9587643816198873),1
2019-09-30,np.float64(135456.67755827447),np.float64(0.9589483122786929),1
2019-10-01,np.float64(133937.74786690605),np.float64(0.9584827629592984),1
2019-10-02,np.float64(131679.37667904812),np.float64(0.9577707203122503),1
2019-10-03,np.float64(132681.6383108688),np.float64(0.9580897153692098),1
2019-10-04,np.float64(134366.66332506514),np.float64(0.9586152912539374),1
2019-10-07,np.float64(133841.46072323772),np.float64(0.958452894963641),1
2019-10-08,np.float64(131898.21109647624),np.float64(0.9578407835810546),1
2019-10-09,np.float64(132974.87643022244),np.float64(0.9581821365345956),1
2019-10-10,np.float64(133924.61780186038),np.float64(0.9584786925797684),1
2019-10-11,np.float64(135220.1175530347),np.float64(0.9588764946554117),1
2019-10-14,np.float64(135123.83040936635),np.float64(0.9588471906839711),1
2019-10-15,np.float64(136371.18658870648),np.float64(0.9592236060564675),1
2019-10-16,np.float64(136187.36567806688),np.float64(0.9591685675157777),1
2019-10-17,np.float64(136515.617304209),np.float64(0.959266746642645),1
2019-10-18,np.float64(136025.4282091701),np.float64(0.9591199579365617),1
2019-10-21,np.float64(136874.5057487911),np.float64(0.9593735502717079),1
2019-10-22,np.float64(136419.33016054067),np.float64(0.9592379964016527),1
2019-10-23,np.float64(136786.97198181986),np.float64(0.9593475522827777),1
2019-10-24,np.float64(137045.19659438502),np.float64(0.9594241508270717),1
2019-10-25,np.float64(137557.26913116677),np.float64(0.9595751990279359),1
2019-10-28,np.float64(138323.1895921651),np.float64(0.9597990384455171),1
2019-10-29,np.float64(138235.65582519385),np.float64(0.9597735823388438),1
2019-10-30,np.float64(138703.96147848997),np.float64(0.9599093986385498),1
2019-10-31,np.float64(138318.81290381655),np.float64(0.9597977664053922),1
2019-11-01,np.float64(139561.79239480814),np.float64(0.9601558196446971),1
2019-11-04,np.float64(140086.99499663556),np.float64(0.9603052001577903),1
2019-11-05,np.float64(139942.56428113303),np.float64(0.9602642322909201),1
2019-11-06,np.float64(139955.6943461787),np.float64(0.9602679601364865),1
2019-11-07,np.float64(140454.63681791475),np.float64(0.960409101807746),1
2019-11-08,np.float64(140769.7583790112),np.float64(0.9604977284118349),1
2019-11-11,np.float64(140520.28714314318),np.float64(0.9604275984632484),1
2019-11-12,np.float64(140782.88844405688),np.float64(0.9605014125768718),1
2019-11-13,np.float64(140866.04552267957),np.float64(0.9605247296731078),1
2019-11-14,np.float64(141036.7363682735),np.float64(0.9605725049368132),1
2019-11-15,np.float64(142030.24462339704),np.float64(0.9608483021230251),1
2019-11-18,np.float64(142104.6483253226),np.float64(0.9608688013205745),1
2019-11-19,np.float64(142074.01150688267),np.float64(0.9608603630747858),1
2019-11-20,np.float64(141592.57578854085),np.float64(0.9607272825152029),1
2019-11-21,np.float64(141369.3646827642),np.float64(0.9606652739837485),1
2019-11-22,np.float64(141684.48624386065),np.float64(0.9607527586519442),1
2019-11-25,np.float64(142695.50125237845),np.float64(0.9610308301377133),1
2019-11-26,np.float64(142984.36268338354),np.float64(0.9611095568597146),1
2019-11-27,np.float64(143610.2291172279),np.float64(0.9612790449463812),1
2019-11-29,np.float64(143133.17008723464),np.float64(0.9611499890381872),1
2019-12-02,np.float64(141964.59429816864),np.float64(0.9608301967516713),1
2019-12-03,np.float64(141023.6063032278),np.float64(0.9605688340225007),1
2019-12-04,np.float64(141894.56728459164),np.float64(0.960810865889353),1
2019-12-05,np.float64(142152.79189715677),np.float64(0.960882054072416),1
2019-12-06,np.float64(143352.00450466273),np.float64(0.9612092956348774),1
2019-12-09,np.float64(142940.5957998979),np.float64(0.9610976490214681),1
2019-12-10,np.float64(142804.9184610925),np.float64(0.9610606883375441),1
2019-12-11,np.float64(143133.17008723464),np.float64(0.9611499890381872),1
2019-12-12,np.float64(144336.75938308917),np.float64(0.9614739498748952),1
2019-12-13,np.float64(144428.669838409),np.float64(0.9614984667994964),1
2019-12-16,np.float64(145391.5412750926),np.float64(0.9617534474280953),1
2019-12-17,np.float64(145417.58257076654),np.float64(0.9617602965983705),1
2019-12-18,np.float64(145422.17809353254),np.float64(0.9617615050208398),1
2019-12-19,np.float64(145995.52426719415),np.float64(0.9619116732872502),1
2019-12-20,np.float64(146678.28414821913),np.float64(0.9574043163066448),1
2019-12-23,np.float64(146857.72837051016),np.float64(0.9574563636140498),1
2019-12-24,np.float64(146844.5983054645),np.float64(0.9574525595877562),1
2019-12-26,np.float64(147588.63532472),np.float64(0.9576670535470752),1
2019-12-27,np.float64(147549.24512958294),np.float64(0.957655752214967),1
2019-12-30,np.float64(146796.4547336303),np.float64(0.9574386056693351),1
2019-12-31,np.float64(147111.57629472675),np.float64(0.9575297746538688),1
2020-01-02,np.float64(148433.33617599244),np.float64(0.9579079608582418),1
2020-01-03,np.float64(147365.42421894334),np.float64(0.957602932781715),1
2020-01-06,np.float64(147934.3937042564),np.float64(0.9577659958592721),1
2020-01-07,np.float64(147501.10155774877),np.float64(0.9576419312786251),1
2020-01-08,np.float64(148236.38520030718),np.float64(0.9578520362067715),1
2020-01-09,np.float64(149186.1265719451),np.float64(0.9581203564981051),1
2020-01-10,np.float64(148770.3411788317),np.float64(0.9580033106951654),1
2020-01-13,np.float64(149768.22612230384),np.float64(0.9582831288182615),1
2020-01-14,np.float64(149549.39170487574),np.float64(0.9582220848574811),1
2020-01-15,np.float64(149873.26664266933),np.float64(0.9583123665999894),1
2020-01-16,np.float64(151054.97249678103),np.float64(0.9586384897299904),1
2020-01-17,np.float64(151558.29165686565),np.float64(0.9587758496882042),1
2020-01-21,np.float64(151243.1700957692),np.float64(0.9586899574221739),1
2020-01-22,np.float64(151269.4302258606),np.float64(0.9586971287792059),1
2020-01-23,np.float64(151466.38120154585),np.float64(0.9587508346954693),1
2020-01-24,np.float64(150135.86794358303),np.float64(0.9583852820659124),1
2020-01-27,np.float64(147838.10656058803),np.float64(0.9577384887995635),1
2020-01-28,np.float64(149313.0505340534),np.float64(0.9581559564022389),1
2020-01-29,np.float64(149199.2566369908),np.float64(0.9581240420556318),1
2020-01-30,np.float64(149636.92547184697),np.float64(0.9582465238672849),1
2020-01-31,np.float64(147067.80941124112),np.float64(0.9575171356582124),1
2020-02-03,np.float64(148105.08454985032),np.float64(0.9578146704736618),1
2020-02-04,np.float64(150267.1685940399),np.float64(0.9584216442306118),1
2020-02-05,np.float64(151921.55678979628),np.float64(0.9588744222460386),1
2020-02-06,np.float64(152398.61581978953),np.float64(0.9590031591648465),1
2020-02-07,np.float64(151658.95548888258),np.float64(0.9588032122724225),1
2020-02-10,np.float64(152757.50426437162),np.float64(0.95909947713306),1
2020-02-11,np.float64(152985.09205849684),np.float64(0.9591603226680896),1
2020-02-12,np.float64(153934.83343013478),np.float64(0.9594122937801645),1
2020-02-13,np.float64(153816.6628447236),np.float64(0.9593811120283582),1
2020-02-14,np.float64(154004.86044371178),np.float64(0.959430749274662),1
2020-02-18,np.float64(153624.0885573869),np.float64(0.959330194535685),1
2020-02-19,np.float64(154319.9820048082),np.float64(0.9595135917261385),1
2020-02-20,np.float64(153737.8824544495),np.float64(0.9593602975628809),1
2020-02-21,np.float64(152188.53477905857),np.float64(0.9589465671291728),1
2020-02-24,np.float64(147361.04753059478),np.float64(0.9576016735700493),1
2020-02-25,np.float64(143058.7628839584),np.float64(0.9563266054430405),1
2020-02-26,np.float64(142629.84742579935),np.float64(0.9561952711229537),1
2020-02-27,np.float64(136541.87393294973),np.float64(0.9542421557849008),1
2020-02-28,np.float64(135902.8774340597),np.float64(0.9540270087416428),1
2020-03-02,np.float64(141443.76488333906),np.float64(0.9558279447565979),1
2020-03-03,np.float64(137688.56628027296),np.float64(0.9546232344118992),1
2020-03-04,np.float64(143260.09054799227),np.float64(0.956387980962719),1
2020-03-05,np.float64(138647.061028608),np.float64(0.9549369330304631),1
2020-03-06,np.float64(136423.70334753857),np.float64(0.9542025202149421),1
2020-03-09,np.float64(127184.51424372435),np.float64(0.950875609083282),1
2020-03-10,np.float64(132475.93045713572),np.float64(0.9528377587181153),1
2020-03-11,np.float64(126278.53975557204),np.float64(0.9505231703791069),1
2020-03-12,np.float64(117958.45520495584),np.float64(0.9470333704743268),1
2020-03-13,np.float64(124505.98097440446),np.float64(0.9498187818178306),1
2020-03-16,np.float64(111754.49947086933),np.float64(0.9440929732060567),1
2020-03-17,np.float64(117498.90292835684),np.float64(0.946826211644962),1
2020-03-18,np.float64(109402.0294835173),np.float64(0.9428908053556454),1
2020-03-19,np.float64(111529.1000209184),np.float64(0.943979985536602),1
2020-03-20,np.float64(107264.2618821235),np.float64(0.9360175416705401),1
2020-03-23,np.float64(104323.1273118899),np.float64(0.9342137132680545),1
2020-03-24,np.float64(112778.8892013115),np.float64(0.939146136172146),1
2020-03-25,np.float64(114875.32292027265),np.float64(0.9402566975078154),1
2020-03-26,np.float64(121063.9602451392),np.float64(0.9433106999620987),1
2020-03-27,np.float64(118030.91521958579),np.float64(0.9418539528110479),1
2020-03-30,np.float64(121339.6916110986),np.float64(0.9434395202840165),1
2020-03-31,np.float64(119501.48250470261),np.float64(0.9425694893296143),1
2020-04-01,np.float64(114547.07129413051),np.float64(0.9400854942114534),1
2020-04-02,np.float64(117124.94073143348),np.float64(0.9414041866467184),1
2020-04-03,np.float64(115383.01876870584),np.float64(0.9405195735095931),1
2020-04-06,np.float64(122731.4785059413),np.float64(0.9440809216212529),1
2020-04-07,np.float64(122924.05279327801),np.float64(0.9441685251164404),1
2020-04-08,np.float64(126784.29191670963),np.float64(0.9458684426725207),1
2020-04-09,np.float64(128631.25439980275),np.float64(0.946645695106245),1
2020-04-13,np.float64(127497.6921175252),np.float64(0.946171330224652),1
2020-04-14,np.float64(131073.4464983003),np.float64(0.9476398053956547),1
2020-04-15,np.float64(128425.55004742034),np.float64(0.9465602353770016),1
2020-04-16,np.float64(128955.12933759631),np.float64(0.9467796961519361),1
2020-04-17,np.float64(132272.65910580626),np.float64(0.9481145142729501),1
2020-04-20,np.float64(130180.60207519366),np.float64(0.9472806926937618),1
2020-04-21,np.float64(126421.02678377899),np.float64(0.945712898077855),1
2020-04-22,np.float64(128990.14284438483),np.float64(0.9467941424454976),1
2020-04-23,np.float64(128977.01277933913),np.float64(0.9467887260045719),1
2020-04-24,np.float64(130675.16785858115),np.float64(0.9474802192445582),1
2020-04-27,np.float64(132517.75365332575),np.float64(0.948210477638586),1
2020-04-28,np.float64(131900.6405961785),np.float64(0.9479681741112628),1
2020-04-29,np.float64(135165.65010420568),np.float64(0.9492250349047838),1
2020-04-30,np.float64(134062.72464036808),np.float64(0.9488073125134241),1
2020-05-01,np.float64(130648.90772848978),np.float64(0.9474696628893694),1
2020-05-04,np.float64(130981.53604298049),np.float64(0.9476030639626856),1
2020-05-05,np.float64(132101.96826021234),np.float64(0.9480474722935652),1
2020-05-06,np.float64(131309.78766912263),np.float64(0.9477340471876562),1
2020-05-07,np.float64(132780.35495423945),np.float64(0.9483129023982615),1
2020-05-08,np.float64(134885.54204989772),np.float64(0.9491195938288596),1
2020-05-11,np.float64(134933.68562173191),np.float64(0.9491377476684894),1
2020-05-12,np.float64(132277.03579415483),np.float64(0.9481162310229474),1
2020-05-13,np.float64(130062.4314897825),np.float64(0.94723279360918),1
2020-05-14,np.float64(131616.15585352198),np.float64(0.9478557087341828),1
2020-05-15,np.float64(132163.24189709223),np.float64(0.9480715585695371),1
2020-05-18,np.float64(135949.07731859825),np.float64(0.9495176333559834),1
2020-05-19,np.float64(134754.24139944086),np.float64(0.949070017426986),1
2020-05-20,np.float64(136863.8051834477),np.float64(0.9498550317455059),1
2020-05-21,np.float64(135900.9337467641),np.float64(0.949499749730184),1
2020-05-22,np.float64(136185.4184894206),np.float64(0.9496052423068598),1
2020-05-26,np.float64(137813.54655508563),np.float64(0.9502006055451885),1
2020-05-27,np.float64(139717.40598671007),np.float64(0.9508791970646373),1
2020-05-28,np.float64(139507.32494597908),np.float64(0.9508052271178535),1
2020-05-29,np.float64(140128.8146914749),np.float64(0.9510234124136157),1
2020-06-01,np.float64(140548.97677293682),np.float64(0.9511698247565276),1
2020-06-02,np.float64(141700.04580860861),np.float64(0.9515664859037307),1
2020-06-03,np.float64(143455.09783638193),np.float64(0.9521590290646841),1
2020-06-04,np.float64(143126.84621023978),np.float64(0.9520493090720933),1
2020-06-05,np.float64(146654.4570191807),np.float64(0.9532027099236702),1
2020-06-08,np.float64(148295.71514989142),np.float64(0.9537206374494612),1
2020-06-09,np.float64(147328.46702485924),np.float64(0.9534168018937221),1
2020-06-10,np.float64(146492.5195502839),np.float64(0.9531509787176711),1
2020-06-11,np.float64(138465.67311902135),np.float64(0.950435143877039),1
2020-06-12,np.float64(140080.6711196407),np.float64(0.9510065799138581),1
2020-06-15,np.float64(141275.50703879812),np.float64(0.9514209411810607),1
2020-06-16,np.float64(143743.95926738702),np.float64(0.9522551681399919),1
2020-06-17,np.float64(143266.9002373938),np.float64(0.9520961844310083),1
2020-06-18,np.float64(143310.6671208794),np.float64(0.952110814191351),1
2020-06-19,np.float64(142499.3349731472),np.float64(0.9476419123778793),1
2020-06-22,np.float64(143431.56959139087),np.float64(0.947982214181488),1
2020-06-23,np.float64(144013.66914174962),np.float64(0.9481924687352125),1
2020-06-24,np.float64(140604.22891821986),np.float64(0.94693621433707),1
2020-06-25,np.float64(141939.11886453125),np.float64(0.9474352614958893),1
2020-06-26,np.float64(138801.03331861235),np.float64(0.9462468507025337),1
2020-06-29,np.float64(140757.41301041955),np.float64(0.9469939628254913),1
2020-06-30,np.float64(142674.40250708966),np.float64(0.9477061579686852),1
2020-07-01,np.float64(143387.80270790524),np.float64(0.9479663365661811),1
2020-07-02,np.float64(144096.82622037228),np.float64(0.9482223664301418),1
2020-07-06,np.float64(146206.39000437912),np.float64(0.9489694488291893),1
2020-07-07,np.float64(144788.34297944506),np.float64(0.948469659137703),1
2020-07-08,np.float64(145834.37149475137),np.float64(0.9488392716329807),1
2020-07-09,np.float64(145151.60811237572),np.float64(0.9485986220638927),1
2020-07-10,np.float64(146482.12137033851),np.float64(0.9490655064466539),1
2020-07-13,np.float64(145243.51856769552),np.float64(0.9486311489821109),1
2020-07-14,np.float64(147046.71416730303),np.float64(0.9492610718378298),1
2020-07-15,np.float64(148381.6041136144),np.float64(0.9497175360032828),1
2020-07-16,np.float64(147891.41501857547),np.float64(0.9495508737563918),1
2020-07-17,np.float64(148259.05683985466),np.float64(0.949675973760732),1
2020-07-20,np.float64(149383.86574543506),np.float64(0.9500548962942742),1
2020-07-21,np.float64(149659.59711139445),np.float64(0.9501469146608446),1
2020-07-22,np.float64(150499.92127431836),np.float64(0.950425271963972),1
2020-07-23,np.float64(148806.1428834249),np.float64(0.9498609901308783),1
2020-07-24,np.float64(147913.29846031827),np.float64(0.949558337591805),1
2020-07-27,np.float64(148946.19691057887),np.float64(0.949908135814322),1
2020-07-28,np.float64(148083.9893059122),np.float64(0.9496164797991427),1
2020-07-29,np.float64(149707.74068322865),np.float64(0.9501629466013723),1
2020-07-30,np.float64(149256.9417833268),np.float64(0.9500124243638267),1
2020-07-31,np.float64(150316.10036367874),np.float64(0.9503646472429325),1
2020-08-03,np.float64(151309.60861880233),np.float64(0.9506905560411922),1
2020-08-04,np.float64(151891.70816916105),np.float64(0.95087952623254),1
2020-08-05,np.float64(152780.1759039191),np.float64(0.9511651781883661),1
2020-08-06,np.float64(153782.4375357398),np.float64(0.9514834542476023),1
2020-08-07,np.float64(153891.85474445383),np.float64(0.9515179495431557),1
2020-08-10,np.float64(154325.14689096148),np.float64(0.9516540705327206),1
2020-08-11,np.float64(153125.9342834555),np.float64(0.9512754472223711),1
2020-08-12,np.float64(155091.06735195982),np.float64(0.9518928279106741),1
2020-08-13,np.float64(154872.2329345317),np.float64(0.9518248524913313),1
2020-08-14,np.float64(154889.73968792596),np.float64(0.9518302975933043),1
2020-08-17,np.float64(155358.04534122208),np.float64(0.951975498595963),1
2020-08-18,np.float64(155653.47180475004),np.float64(0.952066647919187),1
2020-08-19,np.float64(155012.2869616857),np.float64(0.9518683788694629),1
2020-08-20,np.float64(155528.736186816),np.float64(0.9520282048864843),1
2020-08-21,np.float64(156027.67865855206),np.float64(0.952181608220004),1
2020-08-24,np.float64(157537.63613880592),np.float64(0.952639935132427),1
2020-08-25,np.float64(158084.72218237614),np.float64(0.95280383478164),1
2020-08-26,np.float64(159599.0563509786),np.float64(0.9532516492440263),1
2020-08-27,np.float64(159918.55460042358),np.float64(0.9533450468880226),1
2020-08-28,np.float64(160894.55610215288),np.float64(0.9536280602192597),1
2020-08-31,np.float64(160566.5670773117),np.float64(0.9535333363450091),1
2020-09-01,np.float64(161818.03734369946),np.float64(0.9538927007823552),1
2020-09-02,np.float64(164050.14840146602),np.float64(0.9545200492695727),1
2020-09-03,np.float64(158688.70517447768),np.float64(0.9529834674848809),1
2020-09-04,np.float64(157296.91827963502),np.float64(0.9525674581026808),1
2020-09-08,np.float64(153322.88525914078),np.float64(0.9513380363667976),1
2020-09-09,np.float64(156167.73268570603),np.float64(0.9522244926124814),1
2020-09-10,np.float64(153699.28045711713),np.float64(0.9514572049756627),1
2020-09-11,np.float64(153681.77370372287),np.float64(0.951451675193431),1
2020-09-14,np.float64(155585.6331353473),np.float64(0.9520457479507283),1
2020-09-15,np.float64(156320.91677790572),np.float64(0.9522713094293181),1
2020-09-16,np.float64(155778.20742268403),np.float64(0.9521050293872395),1
2020-09-17,np.float64(154460.8242297669),np.float64(0.9516965372687677),1
2020-09-18,np.float64(152814.84977969175),np.float64(0.9473406590661136),1
2020-09-21,np.float64(151217.35853246666),np.float64(0.9467843549682051),1
2020-09-22,np.float64(152609.14542730936),np.float64(0.9472696786829043),1
2020-09-23,np.float64(149212.83526882532),np.float64(0.946069456693779),1
2020-09-24,np.float64(149597.98384349875),np.float64(0.946208303965327),1
2020-09-25,np.float64(151917.62866823658),np.float64(0.9470296545249332),1
2020-09-28,np.float64(154337.9373249913),np.float64(0.9478603290041095),1
2020-09-29,np.float64(153541.38004555303),np.float64(0.9475898336206047),1
2020-09-30,np.float64(154368.57414343124),np.float64(0.9478706769239674),1
2020-10-01,np.float64(155528.39655580017),np.float64(0.948259421092776),1
2020-10-02,np.float64(154175.9998560945),np.float64(0.9478055645377979),1
2020-10-05,np.float64(156731.98585165467),np.float64(0.9486567516478357),1
2020-10-06,np.float64(154644.30550939063),np.float64(0.9479636236988969),1
2020-10-07,np.float64(157182.78475155655),np.float64(0.948804003650726),1
2020-10-08,np.float64(158452.02437263948),np.float64(0.9492140961520026),1
2020-10-09,np.float64(159800.04438399657),np.float64(0.9496425091411596),1
2020-10-12,np.float64(162264.11992423693),np.float64(0.9504072170849186),1
2020-10-13,np.float64(161305.62517590186),np.float64(0.9501125316272504),1
2020-10-14,np.float64(160325.246985824),np.float64(0.9498074730861263),1
2020-10-15,np.float64(160154.5561402301),np.float64(0.9497539784802412),1
2020-10-16,np.float64(160058.26899656173),np.float64(0.9497237517014365),1
2020-10-19,np.float64(157786.7677436581),np.float64(0.9489999738927231),1
2020-10-20,np.float64(158298.84028043985),np.float64(0.949164951176817),1
2020-10-21,np.float64(158014.3555377833),np.float64(0.949073429139258),1
2020-10-22,np.float64(158885.31651914713),np.float64(0.9493525931117766),1
2020-10-23,np.float64(159314.2319773062),np.float64(0.9494889491388585),1
2020-10-26,np.float64(156596.30851284927),np.float64(0.9486122671043097),1
2020-10-27,np.float64(156123.62617120455),np.float64(0.9484566847974376),1
2020-10-28,np.float64(151033.53762182707),np.float64(0.946719586914142),1
2020-10-29,np.float64(152512.858283641),np.float64(0.9472363880339618),1
2020-10-30,np.float64(151029.1609334785),np.float64(0.9467180428960087),1
2020-11-02,np.float64(152561.00185547516),np.float64(0.9472530386111868),1
2020-11-03,np.float64(155068.84427920115),np.float64(0.9481060859664333),1
2020-11-04,np.float64(158456.40106098808),np.float64(0.9492154988979451),1
2020-11-05,np.float64(161314.378552599),np.float64(0.9501152386630835),1
2020-11-06,np.float64(161310.00186425043),np.float64(0.9501138851818908),1
2020-11-09,np.float64(163253.2514910119),np.float64(0.9507076937162722),1
2020-11-10,np.float64(163016.91032018958),np.float64(0.9506362299561214),1
2020-11-11,np.float64(164172.35604420994),np.float64(0.9509836523748103),1
2020-11-12,np.float64(162693.035382396),np.float64(0.9505379609188843),1
2020-11-13,np.float64(164776.33903631146),np.float64(0.9511633204052672),1
2020-11-16,np.float64(166737.0954164672),np.float64(0.9517376187092038),1
2020-11-17,np.float64(165966.7982671203),np.float64(0.9515136198424596),1
2020-11-18,np.float64(163966.65169182752),np.float64(0.9509221589190353),1
2020-11-19,np.float64(164715.0653994316),np.float64(0.9511451532694035),1
2020-11-20,np.float64(163572.74974045696),np.float64(0.9508039738460233),1
2020-11-23,np.float64(164526.86780044343),np.float64(0.9510892696014255),1
2020-11-24,np.float64(166982.18996398666),np.float64(0.9518084576801576),1
2020-11-25,np.float64(166697.70522133014),np.float64(0.951726214445334),1
2020-11-27,np.float64(167231.6611998547),np.float64(0.9518803483947189),1
2020-11-30,np.float64(166575.1579475704),np.float64(0.9516907000211745),1
2020-12-01,np.float64(168163.89581809836),np.float64(0.9521471048517219),1
2020-12-02,np.float64(168592.81127625745),np.float64(0.9522688469728207),1
2020-12-03,np.float64(168527.160951029),np.float64(0.9522502531408111),1
2020-12-04,np.float64(169888.31102743177),np.float64(0.9526328254978647),1
2020-12-07,np.float64(169616.95634982095),np.float64(0.9525570470813491),1
2020-12-08,np.float64(170067.7552497228),np.float64(0.9526828042006362),1
2020-12-09,np.float64(168570.92783451464),np.float64(0.9522626506380196),1
2020-12-10,np.float64(168614.69471800025),np.float64(0.952275041699255),1
2020-12-11,np.float64(168295.19646855522),np.float64(0.9521844387530517),1
2020-12-14,np.float64(167752.48711333354),np.float64(0.9520297468443925),1
2020-12-15,np.float64(169792.0238837634),np.float64(0.9526059641068986),1
2020-12-16,np.float64(170010.8583011915),np.float64(0.9526669687176503),1
2020-12-17,np.float64(170943.0929194352),np.float64(0.9529250984238247),1
2020-12-18,np.float64(170304.09642054513),np.float64(0.948687986859675),1
2020-12-21,np.float64(169647.59316826085),np.float64(0.9484894193298989),1
2020-12-22,np.float64(169494.40907606122),np.float64(0.9484428655728656),1
2020-12-23,np.float64(169577.56615468388),np.float64(0.9484681480484805),1
2020-12-24,np.float64(170251.5761603624),np.float64(0.9486721578122065),1
2020-12-28,np.float64(171647.73974355368),np.float64(0.949089652759553),1
2020-12-29,np.float64(171385.13844263996),np.float64(0.949011646442688),1
2020-12-30,np.float64(171564.58266493096),np.float64(0.9490649765957293),1
2020-12-31,np.float64(172536.20747831173),np.float64(0.949351813389774),1
2021-01-04,np.float64(170225.31603027106),np.float64(0.9486642396256254),1
2021-01-05,np.float64(171288.85129897157),np.float64(0.9489829841982561),1
2021-01-06,np.float64(172168.56565703254),np.float64(0.9492436612918647),1
2021-01-07,np.float64(174672.03139240993),np.float64(0.9499711203692917),1
2021-01-08,np.float64(175617.39607569933),np.float64(0.950240430454763),1
2021-01-11,np.float64(174483.83379342177),np.float64(0.9499171594101479),1
2021-01-12,np.float64(174466.32704002754),np.float64(0.9499121338676586),1
2021-01-13,np.float64(174921.50262827796),np.float64(0.9500424710394095),1
2021-01-14,np.float64(174431.31353323904),np.float64(0.9499020797563564),1
2021-01-15,np.float64(173157.69722380754),np.float64(0.9495335975617218),1
2021-01-19,np.float64(174457.5736633304),np.float64(0.9499096207181805),1
2021-01-20,np.float64(176715.94485118837),np.float64(0.9505497591587394),1
2021-01-21,np.float64(176869.128943388),np.float64(0.9505925873803606),1
2021-01-22,np.float64(176287.02939302928),np.float64(0.9504294441657446),1
2021-01-25,np.float64(177039.81978898196),np.float64(0.9506402229521133),1
2021-01-26,np.float64(176694.06140944554),np.float64(0.9505436347793688),1
2021-01-27,np.float64(172711.2750122542),np.float64(0.9494031525575723),1
2021-01-28,np.float64(173967.38456829145),np.float64(0.9497684807122464),1
2021-01-29,np.float64(170737.38856705278),np.float64(0.9488182049243988),1
2021-02-01,np.float64(173310.88131600717),np.float64(0.9495782032436352),1
2021-02-02,np.float64(175599.88932230507),np.float64(0.950235469583111),1
2021-02-03,np.float64(175858.1139348702),np.float64(0.9503085422796097),1
2021-02-04,np.float64(177726.95985970617),np.float64(0.9508310610822337),1
2021-02-05,np.float64(178392.21648868755),np.float64(0.9510144208901831),1
2021-02-08,np.float64(179657.07942142195),np.float64(0.9513593003875793),1
2021-02-09,np.float64(179565.16896610215),np.float64(0.9513344036390942),1
2021-02-10,np.float64(179503.8953292223),np.float64(0.9513177916425997),1
2021-02-11,np.float64(179740.23650004462),np.float64(0.9513818040771298),1
2021-02-12,np.float64(180624.32754645415),np.float64(0.9516197726403454),1
2021-02-16,np.float64(180471.14345425446),np.float64(0.9515787074535977),1
2021-02-17,np.float64(180501.7802726944),np.float64(0.9515869260669882),1
2021-02-18,np.float64(179788.3800718788),np.float64(0.9513948230142097),1
2021-02-19,np.float64(179451.37506903955),np.float64(0.9513035437593041),1
2021-02-22,np.float64(178151.49862951666),np.float64(0.9509482316982635),1
2021-02-23,np.float64(178344.0729168534),np.float64(0.9510011973458952),1
2021-02-24,np.float64(180234.80228343213),np.float64(0.9515152128075685),1
2021-02-25,np.float64(176090.078417344),np.float64(0.9503740011253157),1
2021-02-26,np.float64(175057.1799670834),np.float64(0.9500811904143244),1
2021-03-01,np.float64(179180.02039142873),np.float64(0.9512297966352937),1
2021-03-02,np.float64(177923.91083539143),np.float64(0.950885488114822),1
2021-03-03,np.float64(175665.53964753347),np.float64(0.9502540677533228),1
2021-03-04,np.float64(173599.69898012877),np.float64(0.9496620899418583),1
2021-03-05,np.float64(176610.90433082287),np.float64(0.9505203482962004),1
2021-03-08,np.float64(175805.5936746875),np.float64(0.9502936974260769),1
2021-03-09,np.float64(178173.38207125946),np.float64(0.9509542562879162),1
2021-03-10,np.float64(179162.51363803446),np.float64(0.9512250310852579),1
2021-03-11,np.float64(180943.82579589915),np.float64(0.9517051991415325),1
2021-03-12,np.float64(181180.1669667215),np.float64(0.9517681974816412),1
2021-03-15,np.float64(182265.58567716487),np.float64(0.9520554250495736),1
2021-03-16,np.float64(181994.230999554),np.float64(0.9519839393513325),1
2021-03-17,np.float64(182585.08392660986),np.float64(0.9521393213210413),1
2021-03-18,np.float64(180099.1249446267),np.float64(0.9514786868838537),1
2021-03-19,np.float64(179800.5420134618),np.float64(0.9482877308688019),1
2021-03-22,np.float64(181104.79514133325),np.float64(0.9486601444689557),1
2021-03-23,np.float64(179826.80214355318),np.float64(0.9482952824178398),1
2021-03-24,np.float64(178951.46447384078),np.float64(0.9480423697795746),1
2021-03-25,np.float64(179866.19233869025),np.float64(0.9483066056069761),1
2021-03-26,np.float64(182575.36242645007),np.float64(0.9490736652801056),1
2021-03-29,np.float64(182509.7121012216),np.float64(0.9490553466361357),1
2021-03-30,np.float64(182041.4064479255),np.float64(0.9489242903581107),1
2021-03-31,np.float64(182759.18333708963),np.float64(0.9491248874679751),1
2021-04-01,np.float64(184632.40595027417),np.float64(0.9496410504392194),1
2021-04-05,np.float64(187149.00175069727),np.float64(0.9503182280880065),1
2021-04-06,np.float64(187043.96123033177),np.float64(0.9502903276995631),1
2021-04-07,np.float64(187249.66558271417),np.float64(0.9503449365871992),1
2021-04-08,np.float64(188094.3664339866),np.float64(0.9505679293069174),1
2021-04-09,np.float64(189394.24287350953),np.float64(0.9509071982470704),1
2021-04-12,np.float64(189459.89319873793),np.float64(0.9509242095434827),1
2021-04-13,np.float64(189993.8491772625),np.float64(0.9510621314384732),1
2021-04-14,np.float64(189376.73612011527),np.float64(0.9509026599094089),1
2021-04-15,np.float64(191311.23237017964),np.float64(0.9513991211945969),1
2021-04-16,np.float64(191919.59205062973),np.float64(0.9515531795415522),1
2021-04-19,np.float64(191022.37093917452),np.float64(0.9513256276067474),1
2021-04-20,np.float64(189691.85768121172),np.float64(0.9509842218206273),1
2021-04-21,np.float64(191398.76613715087),np.float64(0.9514213481821884),1
2021-04-22,np.float64(189735.62456469733),np.float64(0.9509955284366487),1
2021-04-23,np.float64(191692.00425650453),np.float64(0.9514956606844497),1
2021-04-26,np.float64(192072.77614282942),np.float64(0.9515918174076825),1
2021-04-27,np.float64(192033.38594769232),np.float64(0.951581887843877),1
2021-04-28,np.float64(191980.8656875096),np.float64(0.9515686420871247),1
2021-04-29,np.float64(193145.0647882271),np.float64(0.9518605664155589),1
2021-04-30,np.float64(191937.098804024),np.float64(0.9515575984191104),1
2021-05-03,np.float64(192331.00075539455),np.float64(0.9516568104880793),1
2021-05-04,np.float64(191201.81516146558),np.float64(0.9513713088409566),1
2021-05-05,np.float64(191258.71210999688),np.float64(0.9513857752362779),1
2021-05-06,np.float64(192711.77264171944),np.float64(0.9517523299636623),1
2021-05-07,np.float64(194046.66258803083),np.float64(0.952084236365996),1
2021-05-10,np.float64(192217.20685833195),np.float64(0.9516281909902679),1
2021-05-11,np.float64(190584.70210431833),np.float64(0.9512138491921239),1
2021-05-12,np.float64(186733.21635758388),np.float64(0.9502076052675574),1
2021-05-13,np.float64(188864.66358333352),np.float64(0.9507695413100246),1
2021-05-14,np.float64(191621.97724292753),np.float64(0.9514779350870174),1
2021-05-17,np.float64(191140.54152458571),np.float64(0.9513557200143253),1
2021-05-18,np.float64(189626.2073559833),np.float64(0.9509672521104607),1
2021-05-19,np.float64(189083.4980007616),np.float64(0.950826517824956),1
2021-05-20,np.float64(190996.11080908315),np.float64(0.9513189353482205),1
2021-05-21,np.float64(190921.70710715762),np.float64(0.9512999639516274),1
2021-05-24,np.float64(192755.53952520507),np.float64(0.9517632850322333),1
2021-05-25,np.float64(192387.89770392585),np.float64(0.9516711075410557),1
2021-05-26,np.float64(192698.64257667377),np.float64(0.9517490424727002),1
2021-05-27,np.float64(192759.91621355363),np.float64(0.9517643802654774),1
2021-05-28,np.float64(193201.96173675839),np.float64(0.9518747432223075),1
2021-06-01,np.float64(192974.37394263316),np.float64(0.9518179858362983),1
2021-06-02,np.float64(193289.49550372962),np.float64(0.9518965373969016),1
2021-06-03,np.float64(192606.73212135394),np.float64(0.9517260174858417),1
2021-06-04,np.float64(194186.7166151848),np.float64(0.9521187948351749),1
2021-06-07,np.float64(194107.9362249107),np.float64(0.9520993618325732),1
2021-06-08,np.float64(194125.44297830496),np.float64(0.9521036816406672),1
2021-06-09,np.float64(193849.71161234553),np.float64(0.9520355540320378),1
2021-06-10,np.float64(194698.78915196654),np.float64(0.9522447260250899),1
2021-06-11,np.float64(195005.1573363659),np.float64(0.952319753254026),1
2021-06-14,np.float64(195420.94272947925),np.float64(0.9524211996489728),1
2021-06-15,np.float64(195079.56103829143),np.float64(0.9523379385874753),1
2021-06-16,np.float64(194042.28589968226),np.float64(0.9520831556099977),1
2021-06-17,np.float64(193981.0122628024),np.float64(0.9520680199052741),1
2021-06-18,np.float64(191497.624585224),np.float64(0.9483018567559973),1
2021-06-21,np.float64(194097.37746426978),np.float64(0.9489943050440462),1
2021-06-22,np.float64(195082.1323426962),np.float64(0.9492517766347667),1
2021-06-23,np.float64(194858.92123691956),np.float64(0.9491936444898197),1
2021-06-24,np.float64(195953.09332406003),np.float64(0.9494773394042788),1
2021-06-25,np.float64(196613.97326469288),np.float64(0.9496471615811094),1
2021-06-28,np.float64(196990.3684626692),np.float64(0.9497433722067011),1
2021-06-29,np.float64(197091.0322946861),np.float64(0.9497690406741044),1
2021-06-30,np.float64(197248.59307523436),np.float64(0.949809164809013),1
2021-07-01,np.float64(198285.86821384353),np.float64(0.9500717236388408),1
2021-07-02,np.float64(199725.79868052038),np.float64(0.9504316833774228),1
2021-07-06,np.float64(199380.040300984),np.float64(0.9503457236153227),1
2021-07-07,np.float64(200049.67361831394),np.float64(0.9505119331232599),1
2021-07-08,np.float64(198500.32594292305),np.float64(0.9501256656397641),1
2021-07-09,np.float64(200513.60258326153),np.float64(0.950626433822203),1
2021-07-12,np.float64(201196.36596563717),np.float64(0.9507939838814782),1
2021-07-13,np.float64(200544.23940170146),np.float64(0.9506339765418903),1
2021-07-14,np.float64(200828.72414435798),np.float64(0.9507039061823802),1
2021-07-15,np.float64(200176.59758042227),np.float64(0.9505433115241368),1
2021-07-16,np.float64(198684.14685356265),np.float64(0.9501718089567063),1
2021-07-19,np.float64(195896.19637552873),np.float64(0.9494626653816446),1
2021-07-20,np.float64(198561.59957980292),np.float64(0.9501410562382467),1
2021-07-21,np.float64(200089.06381345104),np.float64(0.9505216755078464),1
2021-07-22,np.float64(200487.34245317016),np.float64(0.950619966799123),1
2021-07-23,np.float64(202448.0988333259),np.float64(0.9510982237731764),1
2021-07-26,np.float64(202920.78117497056),np.float64(0.9512121352511613),1
2021-07-27,np.float64(202041.06681690962),np.float64(0.9509997062346506),1
2021-07-28,np.float64(201962.28642663552),np.float64(0.9509805924568524),1
2021-07-29,np.float64(202758.84370607376),np.float64(0.9511731698320166),1
2021-07-30,np.float64(201822.23239948152),np.float64(0.9509465755631064),1
2021-08-02,np.float64(201419.57707141383),np.float64(0.9508485134829617),1
2021-08-03,np.float64(202977.6781235019),np.float64(0.9512258110437668),1
2021-08-04,np.float64(202027.93675186395),np.float64(0.9509965216402092),1
2021-08-05,np.float64(203244.65611276415),np.float64(0.9512898798126314),1
2021-08-06,np.float64(203564.15436220917),np.float64(0.9513663313773918),1
2021-08-09,np.float64(203406.59358166094),np.float64(0.9513286592515566),1
2021-08-10,np.float64(203647.31144083187),np.float64(0.9513861903864635),1
2021-08-11,np.float64(204128.74715917365),np.float64(0.9515008455963658),1
2021-08-12,np.float64(204710.8467095324),np.float64(0.9516387539506369),1
2021-08-13,np.float64(205065.35846576592),np.float64(0.9517223596381058),1
2021-08-16,np.float64(205524.91074236494),np.float64(0.9518303081075006),1
2021-08-17,np.float64(204242.54105623628),np.float64(0.9515278669394969),1
2021-08-18,np.float64(202115.47051883518),np.float64(0.9510177444542991),1
2021-08-19,np.float64(202413.0853265374),np.float64(0.95108976472187),1
2021-08-20,np.float64(203944.92624853406),np.float64(0.9514571320365744),1
2021-08-23,np.float64(205651.8347044732),np.float64(0.9518600374223756),1
2021-08-24,np.float64(205962.57957722113),np.float64(0.951932668317638),1
2021-08-25,np.float64(206373.98828198595),np.float64(0.9520284910462365),1
2021-08-26,np.float64(205214.16586961702),np.float64(0.9517573673106798),1
2021-08-27,np.float64(206960.46452069323),np.float64(0.9521644307785012),1
2021-08-30,np.float64(207827.04881370848),np.float64(0.9523638925577615),1
2021-08-31,np.float64(207533.81069435485),np.float64(0.952296584380299),1
2021-09-01,np.float64(207638.85121472031),np.float64(0.9523207166251587),1
2021-09-02,np.float64(208247.21089517043),np.float64(0.9524600037420105),1
2021-09-03,np.float64(208199.06732333623),np.float64(0.9524490106801574),1
2021-09-07,np.float64(207490.04381086922),np.float64(0.9522865220669708),1
2021-09-08,np.float64(207249.32595169832),np.float64(0.9522311033764208),1
2021-09-09,np.float64(206404.62510042588),np.float64(0.9520356114991304),1
2021-09-10,np.float64(204855.27742503493),np.float64(0.9516728504574845),1
2021-09-13,np.float64(205354.21989677098),np.float64(0.9517902693615461),1
2021-09-14,np.float64(204299.43800476758),np.float64(0.9515413663229846),1
2021-09-15,np.float64(205923.18938208403),np.float64(0.9519234737165814),1
2021-09-16,np.float64(205612.44450933617),np.float64(0.9518508150111331),1
2021-09-17,np.float64(203712.13763564426),np.float64(0.948333398037644),1
2021-09-20,np.float64(200490.89501110272),np.float64(0.9475032822336463),1
2021-09-21,np.float64(200311.45078881166),np.float64(0.9474562543046122),1
2021-09-22,np.float64(202162.78996025337),np.float64(0.9479374323425651),1
2021-09-23,np.float64(204491.1881616883),np.float64(0.9485302324039535),1
2021-09-24,np.float64(204810.68641113333),np.float64(0.9486105236276902),1
2021-09-27,np.float64(204254.84699086595),np.float64(0.9484706772682258),1
2021-09-28,np.float64(200350.84098394873),np.float64(0.947466584724919),1
2021-09-29,np.float64(200670.33923339375),np.float64(0.9475502260556801),1
2021-09-30,np.float64(198346.31772030736),np.float64(0.9469356726603657),1
2021-10-01,np.float64(200578.42877807395),np.float64(0.947526192152164),1
2021-10-04,np.float64(198127.48330287926),np.float64(0.946877062411217),1
2021-10-05,np.float64(200079.4863063379),np.float64(0.9473953371011424),1
2021-10-06,np.float64(200867.29020907902),np.float64(0.9476016532150849),1
2021-10-07,np.float64(202512.92502813833),np.float64(0.9480274460079074),1
2021-10-08,np.float64(202162.78996025337),np.float64(0.9479374323425651),1
2021-10-11,np.float64(200775.37975375922),np.float64(0.947577666429868),1
2021-10-12,np.float64(200307.0741004631),np.float64(0.9474551062293353),1
2021-10-13,np.float64(200989.83748283878),np.float64(0.9476336014699243),1
2021-10-14,np.float64(204193.57335398608),np.float64(0.9484552145435284),1
2021-10-15,np.float64(205668.51732745144),np.float64(0.9488248660179519),1
2021-10-18,np.float64(206246.24018946162),np.float64(0.9489682143031896),1
2021-10-19,np.float64(207756.19766971548),np.float64(0.9493391097441338),1
2021-10-20,np.float64(208530.87150741095),np.float64(0.9495273104934612),1
2021-10-21,np.float64(209047.32073254124),np.float64(0.9496520027463662),1
2021-10-22,np.float64(208841.61638015884),np.float64(0.949602411087633),1
2021-10-25,np.float64(209905.15164885938),np.float64(0.949857762673074),1
2021-10-26,np.float64(210084.5958711504),np.float64(0.9499005917760063),1
2021-10-27,np.float64(209200.5048247409),np.float64(0.9496888693507743),1
2021-10-28,np.float64(211117.49432141104),np.float64(0.950145704580513),1
2021-10-29,np.float64(211524.5263378273),np.float64(0.9502416381100328),1
2021-11-01,np.float64(211870.28471736368),np.float64(0.9503228404862811),1
2021-11-02,np.float64(212684.3487501962),np.float64(0.9505129832450269),1
2021-11-03,np.float64(213918.57486449066),np.float64(0.9507985038850003),1
2021-11-04,np.float64(214877.06961282573),np.float64(0.9510179753052008),1
2021-11-05,np.float64(215586.09312529274),np.float64(0.95117906828988),1
2021-11-08,np.float64(215761.16065923523),np.float64(0.9512186813513464),1
2021-11-09,np.float64(215082.77396520812),np.float64(0.9510648215285523),1
2021-11-10,np.float64(213437.13914614884),np.float64(0.9506875233980974),1
2021-11-11,np.float64(213502.78947137727),np.float64(0.9507026865729428),1
2021-11-12,np.float64(215034.63039337393),np.float64(0.9510538655524119),1
2021-11-15,np.float64(215104.65740695092),np.float64(0.9510697998964787),1
2021-11-16,np.float64(215914.34475143487),np.float64(0.9512532900848333),1
2021-11-17,np.float64(215415.4022796988),np.float64(0.9511403835624738),1
2021-11-18,np.float64(216111.2957271202),np.float64(0.9512977149356813),1
2021-11-19,np.float64(215743.65390584097),np.float64(0.9512147229382002),1
2021-11-22,np.float64(215165.9310438308),np.float64(0.9510837339393778),1
2021-11-23,np.float64(215437.28572144164),np.float64(0.9511453465686048),1
2021-11-24,np.float64(215984.37176501186),np.float64(0.9512690948696386),1
2021-11-26,np.float64(211401.97906406756),np.float64(0.9502127937651342),1
2021-11-29,np.float64(213866.05460430792),np.float64(0.9507864212037066),1
2021-11-30,np.float64(209909.52833720794),np.float64(0.9498588081565621),1
2021-12-01,np.float64(207694.9240328356),np.float64(0.9493241638950333),1
2021-12-02,np.float64(210714.83899334332),np.float64(0.9500504379264243),1
2021-12-03,np.float64(208972.9170306157),np.float64(0.9496340766082166),1
2021-12-06,np.float64(211323.19867379343),np.float64(0.9501942333062615),1
2021-12-07,np.float64(215476.67591657868),np.float64(0.9511542774393072),1
2021-12-08,np.float64(216019.38527180036),np.float64(0.9512769934194629),1
2021-12-09,np.float64(214631.97506530627),np.float64(0.9509620412945508),1
2021-12-10,np.float64(216553.34125032494),np.float64(0.9513971298279116),1
2021-12-13,np.float64(214737.01558567173),np.float64(0.95098602864804),1
2021-12-14,np.float64(213323.34524908624),np.float64(0.9506612184529927),1
2021-12-15,np.float64(216492.06761344508),np.float64(0.9513833737829392),1
2021-12-16,np.float64(214675.74194879187),np.float64(0.9509720388779086),1
2021-12-17,np.float64(212512.09586453065),np.float64(0.9471026402827442),1
2021-12-20,np.float64(210371.89526208388),np.float64(0.946564493488023),1
2021-12-21,np.float64(213908.2594477219),np.float64(0.9474478974854108),1
2021-12-22,np.float64(215934.66615310608),np.float64(0.9479410648624456),1
2021-12-23,np.float64(217208.2824625376),np.float64(0.9482463161543905),1
2021-12-27,np.float64(220123.15690267982),np.float64(0.9489316392814409),1
2021-12-28,np.float64(219952.4660570859),np.float64(0.9488920084383301),1
2021-12-29,np.float64(220219.4440463482),np.float64(0.9489539680390432),1
2021-12-30,np.float64(219641.72118433804),np.float64(0.9488197018371589),1
2021-12-31,np.float64(219116.5185825106),np.float64(0.9486970272623194),1
2022-01-03,np.float64(220320.1078783651),np.float64(0.9489772908725146),1
2022-01-04,np.float64(220250.08086478812),np.float64(0.9489610685495498),1
2022-01-05,np.float64(216236.65764915684),np.float64(0.9480137692589892),1
2022-01-06,np.float64(216044.0833618201),np.float64(0.9479674305156156),1
2022-01-07,np.float64(215234.39601733617),np.float64(0.9477716899007694),1
2022-01-10,np.float64(214980.54809311958),np.float64(0.9477100189811368),1
2022-01-11,np.float64(216827.51057621272),np.float64(0.9481554312488275),1
2022-01-12,np.float64(217392.10337317717),np.float64(0.9482900776762941),1
2022-01-13,np.float64(214551.6326349605),np.float64(0.947605484790973),1
2022-01-14,np.float64(214634.7897135832),np.float64(0.9476257842719026),1
2022-01-18,np.float64(211032.77520271673),np.float64(0.946731834576806),1
2022-01-19,np.float64(208958.2249254984),np.float64(0.9462029849113525),1
2022-01-20,np.float64(206769.88075121742),np.float64(0.9456336254662765),1
2022-01-21,np.float64(202931.52506952864),np.float64(0.9446053107058525),1
2022-01-24,np.float64(203745.58910236115),np.float64(0.9448266397876892),1
2022-01-25,np.float64(201395.30745918342),np.float64(0.9441827671109353),1
2022-01-26,np.float64(200918.24842919016),np.float64(0.9440502350229485),1
2022-01-27,np.float64(199981.63712259792),np.float64(0.9437881950515158),1
2022-01-28,np.float64(204669.07034390772),np.float64(0.9450755858697892),1
2022-01-31,np.float64(208152.914269363),np.float64(0.9459948527808405),1
2022-02-01,np.float64(209483.4275273258),np.float64(0.9463378611286677),1
2022-02-02,np.float64(211409.17040069308),np.float64(0.9468266738008202),1
2022-02-03,np.float64(206704.23042598902),np.float64(0.9456163584264957),1
2022-02-04,np.float64(207623.334979187),np.float64(0.945857103295538),1
2022-02-07,np.float64(206993.09185699408),np.float64(0.9456922514738784),1
2022-02-08,np.float64(208603.71316926487),np.float64(0.9461115595287002),1
2022-02-09,np.float64(211492.32747931575),np.float64(0.9468475811241264),1
2022-02-10,np.float64(207894.68965679783),np.float64(0.9459277733463431),1
2022-02-11,np.float64(204016.94377997197),np.float64(0.9449000236404993),1
2022-02-14,np.float64(203386.70065777906),np.float64(0.9447292829724947),1
2022-02-15,np.float64(206485.39600856093),np.float64(0.9455587223284887),1
2022-02-16,np.float64(206704.23042598902),np.float64(0.9456163584264957),1
2022-02-17,np.float64(202528.86974146095),np.float64(0.9444951784228875),1
2022-02-18,np.float64(201290.26693881792),np.float64(0.9441536396658919),1
2022-02-22,np.float64(199250.73016838805),np.float64(0.9435819945567381),1
2022-02-23,np.float64(195968.21390696664),np.float64(0.9426369789513379),1
2022-02-24,np.float64(198559.2134093153),np.float64(0.943385509107347),1
2022-02-25,np.float64(202830.8612375117),np.float64(0.9445778186286424),1
2022-02-28,np.float64(202340.6721424728),np.float64(0.9444435532402563),1
2022-03-01,np.float64(199430.1743906791),np.float64(0.9436327586155918),1
2022-03-02,np.float64(202892.13487439157),np.float64(0.944594556185367),1
2022-03-03,np.float64(201938.01681440507),np.float64(0.944332776182775),1
2022-03-04,np.float64(200388.66913901418),np.float64(0.9439023731855035),1
2022-03-07,np.float64(194812.76818294628),np.float64(0.9422967555768345),1
2022-03-08,np.float64(193420.9812881036),np.float64(0.9418815440581914),1
2022-03-09,np.float64(198305.3654850987),np.float64(0.9433130376895489),1
2022-03-10,np.float64(197460.66463382627),np.float64(0.9430705411629192),1
2022-03-11,np.float64(195092.87623725424),np.float64(0.942379604032577),1
2022-03-14,np.float64(193749.23291424575),np.float64(0.9419800088489151),1
2022-03-15,np.float64(197762.65612987702),np.float64(0.9431574747265151),1
2022-03-16,np.float64(201898.62661926803),np.float64(0.9443219155699734),1
2022-03-17,np.float64(204283.92176923426),np.float64(0.9449720336194025),1
2022-03-18,np.float64(206391.7388169212),np.float64(0.9426372953950981),1
2022-03-21,np.float64(206334.8418683899),np.float64(0.9426214775970861),1
2022-03-22,np.float64(208610.71980964206),np.float64(0.9432474593949419),1
2022-03-23,np.float64(206076.61725582473),np.float64(0.9425495793540232),1
2022-03-24,np.float64(209004.62176101265),np.float64(0.943354418448293),1
2022-03-25,np.float64(209967.49319769628),np.float64(0.94361418443235),1
2022-03-28,np.float64(211346.15002749328),np.float64(0.9439820013513045),1
2022-03-29,np.float64(213836.485697825),np.float64(0.9446343859046711),1
2022-03-30,np.float64(212637.27309031904),np.float64(0.9443221398836397),1
2022-03-31,np.float64(209507.94092109727),np.float64(0.9434905030587558),1
2022-04-01,np.float64(210068.1570297132),np.float64(0.9436412042926977),1
2022-04-04,np.float64(211766.31210895523),np.float64(0.9440931457475835),1
2022-04-05,np.float64(209240.96293183498),np.float64(0.9434184005810373),1
2022-04-06,np.float64(207267.07648663357),np.float64(0.9428795516039876),1
2022-04-07,np.float64(208251.83136506),np.float64(0.9431496555442371),1
2022-04-08,np.float64(207726.62876323258),np.float64(0.9430059188023436),1
2022-04-11,np.float64(204378.46217658272),np.float64(0.9420722309945846),1
2022-04-12,np.float64(203665.06197576714),np.float64(0.9418693209733942),1
2022-04-13,np.float64(205862.1595267452),np.float64(0.9424897301482501),1
2022-04-14,np.float64(203446.22755833904),np.float64(0.9418067934277514),1
2022-04-18,np.float64(203525.00794861314),np.float64(0.9418293188341931),1
2022-04-19,np.float64(206619.32661104642),np.float64(0.942700479471923),1
2022-04-20,np.float64(206474.89589554386),np.float64(0.9426603980338774),1
2022-04-21,np.float64(203564.3981437502),np.float64(0.9418405749993343),1
2022-04-22,np.float64(198303.6187487788),np.float64(0.9402976686893163),1
2022-04-25,np.float64(199384.66077087357),np.float64(0.9406213682593552),1
2022-04-26,np.float64(193953.19053030826),np.float64(0.9389585274968857),1
2022-04-27,np.float64(194465.26306708998),np.float64(0.9391192639758875),1
2022-04-28,np.float64(199078.29258647424),np.float64(0.9405299885144208),1
2022-04-29,np.float64(192158.74830739785),np.float64(0.9383885019499197),1
2022-05-02,np.float64(193244.16701784122),np.float64(0.9387345629658562),1
2022-05-03,np.float64(194075.73780406796),np.float64(0.9389970715525526),1
2022-05-04,np.float64(199625.3786300445),np.float64(0.9406929698623737),1
2022-05-05,np.float64(192950.92889848756),np.float64(0.938641454517818),1
2022-05-06,np.float64(191869.88687639276),np.float64(0.9382957454169231),1
2022-05-09,np.float64(186105.78832133673),np.float64(0.9363846312710857),1
2022-05-10,np.float64(186508.44364940442),np.float64(0.9365219712577613),1
2022-05-11,np.float64(183733.62323641617),np.float64(0.9355633000748413),1
2022-05-12,np.float64(183554.17901412514),np.float64(0.9355003061753443),1
2022-05-13,np.float64(187659.51268507622),np.float64(0.9369113338447423),1
2022-05-16,np.float64(186946.1124842606),np.float64(0.936670582825605),1
2022-05-17,np.float64(190548.12699512707),np.float64(0.9378677264723265),1
2022-05-18,np.float64(183344.09797339418),np.float64(0.9354264005358649),1
2022-05-19,np.float64(182293.6927697393),np.float64(0.9350543172022877),1
2022-05-20,np.float64(182368.09647166487),np.float64(0.9350808141571704),1
2022-05-23,np.float64(185558.7022777665),np.float64(0.9361970729406979),1
2022-05-24,np.float64(184232.56570815222),np.float64(0.9357378088876975),1
2022-05-25,np.float64(185755.65325345178),np.float64(0.9362647212115085),1
2022-05-26,np.float64(189230.74380220994),np.float64(0.9374351751266073),1
2022-05-27,np.float64(193585.54870902904),np.float64(0.9388426025310281),1
2022-05-31,np.float64(192565.78032381414),np.float64(0.9385187320055588),1
2022-06-01,np.float64(191103.96641539442),np.float64(0.938048442590078),1
2022-06-02,np.float64(194495.8998855299),np.float64(0.9391288538544256),1
2022-06-03,np.float64(191519.75180850783),np.float64(0.9381829381311825),1
2022-06-06,np.float64(192066.83785207808),np.float64(0.938359018771553),1
2022-06-07,np.float64(193795.62974976003),np.float64(0.9389088992257744),1
2022-06-08,np.float64(191817.36661621006),np.float64(0.9382788505780342),1
2022-06-09,np.float64(187536.9654113165),np.float64(0.9368701081374504),1
2022-06-10,np.float64(182442.5001735904),np.float64(0.9351072895000762),1
2022-06-13,np.float64(175965.0014177188),np.float64(0.9327185050932807),1
2022-06-14,np.float64(175470.43563433128),np.float64(0.9325288712947679),1
2022-06-15,np.float64(177803.21052411478),np.float64(0.9334140912768197),1
2022-06-16,np.float64(172310.46664666958),np.float64(0.9312915310540949),1
2022-06-17,np.float64(172654.85556042174),np.float64(0.927431316082791),1
2022-06-21,np.float64(176685.78552944725),np.float64(0.9290869064402046),1
2022-06-22,np.float64(176388.17072174503),np.float64(0.9289672567685912),1
2022-06-23,np.float64(177994.41534566725),np.float64(0.9296082654301063),1
2022-06-24,np.float64(183255.19474063866),np.float64(0.9316290288105152),1
2022-06-27,np.float64(182603.06817670295),np.float64(0.9313848569739741),1
2022-06-28,np.float64(179127.97762794478),np.float64(0.9300537202180694),1
2022-06-29,np.float64(178992.30028913936),np.float64(0.9300007004787576),1
2022-06-30,np.float64(177639.90358943373),np.float64(0.9294677863094669),1
2022-07-01,np.float64(179386.20224050994),np.float64(0.930154407175993),1
2022-07-05,np.float64(179701.3238016064),np.float64(0.9302768873657923),1
2022-07-06,np.float64(180265.91659857088),np.float64(0.9304952601337454),1
2022-07-07,np.float64(182778.13571064544),np.float64(0.9314505775473566),1
2022-07-08,np.float64(182638.08168349144),np.float64(0.9313980111680721),1
2022-07-11,np.float64(180694.83205672997),np.float64(0.9306602435868117),1
2022-07-12,np.float64(179206.75801821888),np.float64(0.9300844690317882),1
2022-07-13,np.float64(178331.4203485065),np.float64(0.929741289474115),1
2022-07-14,np.float64(177928.76502043885),np.float64(0.9295822930120581),1
2022-07-15,np.float64(181088.73400810052),np.float64(0.9308110705585078),1
2022-07-18,np.float64(179696.94711325783),np.float64(0.9302751891937332),1
2022-07-19,np.float64(184213.68948897373),np.float64(0.9319847744502963),1
2022-07-20,np.float64(185307.8615761142),np.float64(0.9323863783577835),1
2022-07-21,np.float64(187067.2902922361),np.float64(0.9330223064632929),1
2022-07-22,np.float64(185447.9156032682),np.float64(0.9324374415362001),1
2022-07-25,np.float64(185657.99664399915),np.float64(0.9325138918526589),1
2022-07-26,np.float64(183609.70649687218),np.float64(0.9317610387871893),1
2022-07-27,np.float64(188052.04517066255),np.float64(0.9333730424012943),1
2022-07-28,np.float64(190240.38934494348),np.float64(0.9341394554380487),1
2022-07-29,np.float64(192844.51891233784),np.float64(0.9350288216092305),1
2022-08-01,np.float64(192310.56293381326),np.float64(0.9348484272065295),1
2022-08-02,np.float64(191124.480391353),np.float64(0.9344441088118062),1
2022-08-03,np.float64(193921.18424608404),np.float64(0.9353895465900414),1
2022-08-04,np.float64(193798.6369723243),np.float64(0.9353486906013436),1
2022-08-05,np.float64(193492.268787925),np.float64(0.9352463242153191),1
2022-08-08,np.float64(193282.18774719402),np.float64(0.9351759425637114),1
2022-08-09,np.float64(192564.41085802988),np.float64(0.9349343132300132),1
2022-08-10,np.float64(196345.86959118737),np.float64(0.9361874244361594),1
2022-08-11,np.float64(196345.86959118737),np.float64(0.9361874244361594),1
2022-08-12,np.float64(199457.69500701487),np.float64(0.9371829919146766),1
2022-08-15,np.float64(200227.99215636178),np.float64(0.9374246552392573),1
2022-08-16,np.float64(200595.63397764097),np.float64(0.9375393402563678),1
2022-08-17,np.float64(199260.74403132958),np.float64(0.9371209030617408),1
2022-08-18,np.float64(199803.45338655126),np.float64(0.9372916962766622),1
2022-08-19,np.float64(197286.85758612814),np.float64(0.9364917876779209),1
2022-08-22,np.float64(193439.74852774225),np.float64(0.9352287431342544),1
2022-08-23,np.float64(193002.07969288607),np.float64(0.9350818620199695),1
2022-08-24,np.float64(193579.80255489622),np.float64(0.9352756048173854),1
2022-08-25,np.float64(196135.78855045637),np.float64(0.9361190747872491),1
2022-08-26,np.float64(189920.89109549846),np.float64(0.9340286602086578),1
2022-08-29,np.float64(188747.93861808386),np.float64(0.9336186888626756),1
2022-08-30,np.float64(186813.4423680195),np.float64(0.9329312950871435),1
2022-08-31,np.float64(185487.30579840526),np.float64(0.9324517891615021),1
2022-09-01,np.float64(186030.01515362694),np.float64(0.9326488490064967),1
2022-09-02,np.float64(184200.55942392806),np.float64(0.9319799262330143),1
2022-09-06,np.float64(183552.80954834088),np.float64(0.9317398863533284),1
2022-09-07,np.float64(186625.24476903133),np.float64(0.932863661315263),1
2022-09-08,np.float64(187763.18373965743),np.float64(0.9332705411657902),1
2022-09-09,np.float64(190485.48389246297),np.float64(0.9342241971204013),1
2022-09-12,np.float64(192398.09670078452),np.float64(0.9348780686774614),1
2022-09-13,np.float64(184576.95462190438),np.float64(0.9321186349314232),1
2022-09-14,np.float64(185233.45787418867),np.float64(0.9323592196370615),1
2022-09-15,np.float64(183272.70149403292),np.float64(0.9316355598089792),1
2022-09-16,np.float64(181975.62525971545),np.float64(0.9273087850436927),1
2022-09-19,np.float64(183284.25507593548),np.float64(0.9278277924795997),1
2022-09-20,np.float64(181332.25207247684),np.float64(0.9270508740647236),1
2022-09-21,np.float64(178399.87087894036),np.float64(0.9258518000747952),1
2022-09-22,np.float64(177012.46067244626),np.float64(0.9252706321221065),1
2022-09-23,np.float64(174268.27707789792),np.float64(0.9240938768984933),1
2022-09-26,np.float64(172675.1625190214),np.float64(0.9233935610681401),1
2022-09-27,np.float64(172268.13050260514),np.float64(0.9232125567627127),1
2022-09-28,np.float64(175397.46267182688),np.float64(0.9245825504482219),1
2022-09-29,np.float64(172009.90589003998),np.float64(0.923097281961083),1
2022-09-30,np.float64(169554.58372649676),np.float64(0.9219836526867353),1
2022-10-03,np.float64(173681.80083919063),np.float64(0.9238375625503213),1
2022-10-04,np.float64(178653.71880315698),np.float64(0.9259571567769199),1
2022-10-05,np.float64(178268.5702284835),np.float64(0.9257971874929593),1
2022-10-06,np.float64(176566.03846089292),np.float64(0.9250816895034306),1
2022-10-07,np.float64(172009.90589003998),np.float64(0.923097281961083),1
2022-10-10,np.float64(170797.56321748832),np.float64(0.9225514167569344),1
2022-10-11,np.float64(169799.67827401622),np.float64(0.9220962640976533),1
2022-10-12,np.float64(169283.2290488859),np.float64(0.9218585954031963),1
2022-10-13,np.float64(173401.69278488267),np.float64(0.9237145319626566),1
2022-10-14,np.float64(169751.53470218205),np.float64(0.922074169663502),1
2022-10-17,np.float64(173773.71129451043),np.float64(0.9238778455381917),1
2022-10-18,np.float64(175660.0639727406),np.float64(0.9246952950295227),1
2022-10-19,np.float64(174508.99493706884),np.float64(0.9241985818706212),1
2022-10-20,np.float64(173156.5982373632),np.float64(0.9236065536790611),1
2022-10-21,np.float64(177043.0974908862),np.float64(0.9252835638325672),1
2022-10-24,np.float64(179047.62075452754),np.float64(0.9261200498681974),1
2022-10-25,np.float64(181695.5172054075),np.float64(0.9271967217682754),1
2022-10-26,np.float64(180426.27758432453),np.float64(0.926684574610369),1
2022-10-27,np.float64(179533.43316121792),np.float64(0.9263199669295922),1
2022-10-28,np.float64(183489.95942831787),np.float64(0.9279087022866227),1
2022-10-31,np.float64(182260.11000237198),np.float64(0.9274222467418118),1
2022-11-01,np.float64(181520.449671465),np.float64(0.9271265065919356),1
2022-11-02,np.float64(177296.94541510276),np.float64(0.925390540363841),1
2022-11-03,np.float64(175607.54371255788),np.float64(0.9246727730887541),1
2022-11-04,np.float64(177944.69529068994),np.float64(0.9256621318721914),1
2022-11-07,np.float64(179520.30309617223),np.float64(0.9263145779924631),1
2022-11-08,np.float64(180417.5242076274),np.float64(0.9266810175416255),1
2022-11-09,np.float64(176973.0704773092),np.float64(0.925253999058244),1
2022-11-10,np.float64(185971.54172195247),np.float64(0.928870680050931),1
2022-11-11,np.float64(187643.43667110312),np.float64(0.9295044392320091),1
2022-11-14,np.float64(186159.73932094066),np.float64(0.9289425880117012),1
2022-11-15,np.float64(187634.68329440602),np.float64(0.9295011505319243),1
2022-11-16,np.float64(186304.1700364432),np.float64(0.9289976746630264),1
2022-11-17,np.float64(185774.5907462672),np.float64(0.9287952715200467),1
2022-11-18,np.float64(186558.01796065975),np.float64(0.9290942869292713),1
2022-11-21,np.float64(185927.77483846684),np.float64(0.9288539364059252),1
2022-11-22,np.float64(188251.79635155323),np.float64(0.9297322546242293),1
2022-11-23,np.float64(189354.72181539083),np.float64(0.9301415398267232),1
2022-11-25,np.float64(189315.33162025377),np.float64(0.9301270046152607),1
2022-11-28,np.float64(186505.49770047705),np.float64(0.9290743197618428),1
2022-11-29,np.float64(186207.88289277483),np.float64(0.9289609597238181),1
2022-11-30,np.float64(191656.8598867344),np.float64(0.9309806635651867),1
2022-12-01,np.float64(191525.55923627754),np.float64(0.9309333472497867),1
2022-12-02,np.float64(191319.85488389514),np.float64(0.9308590877795199),1
2022-12-05,np.float64(188116.1190127478),np.float64(0.929681574540319),1
2022-12-06,np.float64(185595.14652397615),np.float64(0.9287264266317787),1
2022-12-07,np.float64(185301.90840462252),np.float64(0.9286136370291564),1
2022-12-08,np.float64(186649.92841597958),np.float64(0.929129202433544),1
2022-12-09,np.float64(185354.42866480525),np.float64(0.9286338643870012),1
2022-12-12,np.float64(187836.01095843985),np.float64(0.9295767130857076),1
2022-12-13,np.float64(189157.77083970557),np.float64(0.9300688032331911),1
2022-12-14,np.float64(188032.96193412514),np.float64(0.9296504764031922),1
2022-12-15,np.float64(183756.93741758016),np.float64(0.9280134427659608),1
2022-12-16,np.float64(181753.02689030758),np.float64(0.9229300727771144),1
2022-12-19,np.float64(180330.60317702495),np.float64(0.9223221554844783),1
2022-12-20,np.float64(180558.19097115018),np.float64(0.9224200659098686),1
2022-12-21,np.float64(183048.5266414819),np.float64(0.9234755241575334),1
2022-12-22,np.float64(180636.9713614243),np.float64(0.9224539004977661),1
2022-12-23,np.float64(181595.46610975935),np.float64(0.9228632032778357),1
2022-12-27,np.float64(180934.58616912647),np.float64(0.9225814541511612),1
2022-12-28,np.float64(178860.03589190816),np.float64(0.9216834969023456),1
2022-12-29,np.float64(181827.4305922331),np.float64(0.9229616097562919),1
2022-12-30,np.float64(181218.00737651435),np.float64(0.9227738632324517),1
