session,ticker,side,shares,price,notional,cost,lambda,slot
2023-01-03,AAPL,buy,np.float64(153.3621429230886),np.float64(130.28),np.float64(19980.019980019984),np.float64(19.980019980019986),np.float64(0.9990009990009991),
2023-01-03,JNJ,buy,np.float64(113.41973194834233),np.float64(176.16),np.float64(19980.019980019984),np.float64(19.980019980019986),np.float64(0.9990009990009991),
2023-01-03,NVDA,buy,np.float64(134.5365293920947),np.float64(148.51),np.float64(19980.019980019984),np.float64(19.980019980019986),np.float64(0.9990009990009991),
2023-01-03,PEP,buy,np.float64(110.63746597275588),np.float64(180.59),np.float64(19980.019980019984),np.float64(19.980019980019986),np.float64(0.9990009990009991),
2023-01-03,WMT,buy,np.float64(140.1614870573131),np.float64(142.55),np.float64(19980.019980019984),np.float64(19.980019980019986),np.float64(0.9990009990009991),
2023-01-09,AAPL,sell,np.float64(153.3621429230886),np.float64(130.465),np.float64(20008.391976460756),np.float64(20.008391976460757),,
2023-01-09,JNJ,sell,np.float64(113.41973194834233),np.float64(179.3),np.float64(20336.157938337783),np.float64(20.336157938337784),,
2023-01-09,NVDA,sell,np.float64(134.5365293920947),np.float64(152.84),np.float64(20562.563152287756),np.float64(20.562563152287755),,
2023-01-09,WMT,sell,np.float64(140.1614870573131),np.float64(146.32),np.float64(20508.428786226053),np.float64(20.508428786226055),,
2023-01-09,ADBE,buy,np.float64(59.70871102766988),np.float64(338.9),np.float64(20235.28216727732),np.float64(20.235282167277322),np.float64(0.9980019980019978),
2023-01-09,KO,buy,np.float64(319.67270406441264),np.float64(63.3),np.float64(20235.28216727732),np.float64(20.235282167277322),np.float64(0.9980019980019978),
2023-01-09,MSFT,buy,np.float64(89.35872010279232),np.float64(226.45),np.float64(20235.28216727732),np.float64(20.235282167277322),np.float64(0.9980019980019978),
2023-01-09,PEP,buy,np.float64(1.7276921354009154),np.float64(180.44),np.float64(311.7447689117412),np.float64(0.3117447689117412),np.float64(0.9980019980019978),
2023-01-09,TSLA,buy,np.float64(170.1015649569378),np.float64(118.96),np.float64(20235.28216727732),np.float64(20.235282167277322),np.float64(0.9980019980019978),
2023-01-17,ADBE,sell,np.float64(59.70871102766988),np.float64(344.38),np.float64(20562.48590370895),np.float64(20.562485903708954),,
2023-01-17,MSFT,sell,np.float64(89.35872010279232),np.float64(237.97),np.float64(21264.694622861487),np.float64(21.264694622861487),,
2023-01-17,TSLA,sell,np.float64(170.1015649569378),np.float64(125.695),np.float64(21380.916207262297),np.float64(21.380916207262295),,
2023-01-17,AVGO,buy,np.float64(35.668586324485844),np.float64(574.9),np.float64(20505.87027794691),np.float64(20.50587027794691),np.float64(0.9980019980019981),
2023-01-17,JNJ,buy,np.float64(117.84982918360292),np.float64(174.0),np.float64(20505.87027794691),np.float64(20.50587027794691),np.float64(0.9980019980019981),
2023-01-17,KO,buy,np.float64(13.15246429175166),np.float64(61.73),np.float64(811.9016207298299),np.float64(0.81190162072983),np.float64(0.9980019980019981),
2023-01-17,PEP,buy,np.float64(4.270760009640014),np.float64(176.15),np.float64(752.2943756980885),np.float64(0.7522943756980885),np.float64(0.9980019980019981),
2023-01-17,WMT,buy,np.float64(141.13751998036278),np.float64(145.29),np.float64(20505.87027794691),np.float64(20.50587027794691),np.float64(0.9980019980019981),
2023-01-23,AVGO,sell,np.float64(35.668586324485844),np.float64(572.0),np.float64(20402.431377605903),np.float64(20.402431377605904),,
2023-01-23,KO,sell,np.float64(332.8251683561643),np.float64(60.28),np.float64(20062.701148509583),np.float64(20.062701148509582),,
2023-01-23,CSCO,buy,np.float64(425.8325751424156),np.float64(46.895),np.float64(19969.41861130358),np.float64(19.96941861130358),np.float64(0.9980019980019978),
2023-01-23,JNJ,buy,np.float64(0.47799817617378876),np.float64(169.1),np.float64(80.82949159098767),np.float64(0.08082949159098768),np.float64(0.9980019980019978),
2023-01-23,JPM,buy,np.float64(147.79571928582007),np.float64(135.115),np.float64(19969.41861130358),np.float64(19.96941861130358),np.float64(0.9980019980019978),
2023-01-23,PEP,buy,np.float64(1.0573795544344997),np.float64(170.01),np.float64(179.7650980494093),np.float64(0.1797650980494093),np.float64(0.9980019980019978),
2023-01-23,WMT,buy,np.float64(1.316042277027908),np.float64(140.46),np.float64(184.85129823133997),np.float64(0.18485129823133997),np.float64(0.9980019980019978),
2023-01-30,CSCO,sell,np.float64(425.8325751424156),np.float64(48.14),np.float64(20499.580167355885),np.float64(20.499580167355887),,
2023-01-30,JPM,sell,np.float64(147.79571928582007),np.float64(139.23),np.float64(20577.597996164728),np.float64(20.57759799616473),,
2023-01-30,WMT,sell,np.float64(0.0732659460204217),np.float64(142.12),np.float64(10.412556248422334),np.float64(0.010412556248422335),,
2023-01-30,INTC,buy,np.float64(728.6544458269556),np.float64(27.715),np.float64(20194.657966094073),np.float64(20.194657966094073),np.float64(0.9980019980019976),
2023-01-30,JNJ,buy,np.float64(2.1649961280391685),np.float64(167.93),np.float64(363.56779978161757),np.float64(0.3635677997816176),np.float64(0.9980019980019976),
2023-01-30,KO,buy,np.float64(333.57545368506896),np.float64(60.54),np.float64(20194.657966094073),np.float64(20.194657966094073),np.float64(0.9980019980019976),
2023-01-30,PEP,buy,np.float64(1.4878896186128208),np.float64(169.78),np.float64(252.6138994480847),np.float64(0.2526138994480847),np.float64(0.9980019980019976),
2023-02-06,INTC,sell,np.float64(728.6544458269556),np.float64(29.55),np.float64(21531.738874186536),np.float64(21.531738874186537),,
2023-02-06,JNJ,buy,np.float64(3.4643750867124323),np.float64(164.55),np.float64(570.0629205185307),np.float64(0.5700629205185308),np.float64(0.9980141870497878),
2023-02-06,KO,buy,np.float64(7.57507524405519),np.float64(59.79),np.float64(452.9137488420598),np.float64(0.4529137488420598),np.float64(0.9980141870497878),
2023-02-06,PEP,buy,np.float64(0.9905857342101854),np.float64(169.74),np.float64(168.14202252483688),np.float64(0.16814202252483687),np.float64(0.9980141870497878),
2023-02-06,WMT,buy,np.float64(1.4490817892914374),np.float64(141.82),np.float64(205.50877935731162),np.float64(0.20550877935731163),np.float64(0.9980141870497878),
2023-02-06,XOM,buy,np.float64(181.18355398006415),np.float64(112.36),np.float64(20357.784125200007),np.float64(20.35778412520001),np.float64(0.9980141870497878),
2023-02-13,JNJ,sell,np.float64(123.9571985745283),np.float64(161.33),np.float64(19998.014846028655),np.float64(19.998014846028656),,
2023-02-13,KO,sell,np.float64(341.15052892912416),np.float64(59.9),np.float64(20434.91668285454),np.float64(20.43491668285454),,
2023-02-13,PEP,sell,np.float64(120.17177302505432),np.float64(176.26),np.float64(21181.476713396074),np.float64(21.181476713396073),,
2023-02-13,WMT,sell,np.float64(143.8293781006617),np.float64(144.71),np.float64(20813.549304946755),np.float64(20.813549304946754),,
2023-02-13,XOM,sell,np.float64(181.18355398006415),np.float64(117.72),np.float64(21328.92797453315),np.float64(21.32892797453315),,
2023-02-13,AMZN,buy,np.float64(211.9862879488612),np.float64(97.85),np.float64(20742.858275796065),np.float64(20.742858275796067),np.float64(0.9980035829666655),
2023-02-13,GOOGL,buy,np.float64(218.94509474135597),np.float64(94.74),np.float64(20742.858275796065),np.float64(20.742858275796067),np.float64(0.9980035829666655),
2023-02-13,INTC,buy,np.float64(744.2719151702929),np.float64(27.87),np.float64(20742.858275796065),np.float64(20.742858275796067),np.float64(0.9980035829666655),
2023-02-13,META,buy,np.float64(116.39232542600827),np.float64(178.215),np.float64(20742.858275796065),np.float64(20.742858275796067),np.float64(0.9980035829666655),
2023-02-13,NFLX,buy,np.float64(59.350095209716926),np.float64(349.5),np.float64(20742.858275796065),np.float64(20.742858275796067),np.float64(0.9980035829666655),
2023-02-21,AMZN,sell,np.float64(211.9862879488612),np.float64(95.335),np.float64(20209.712761604682),np.float64(20.20971276160468),,
2023-02-21,GOOGL,sell,np.float64(218.94509474135597),np.float64(93.0),np.float64(20361.893810946105),np.float64(20.361893810946107),,
2023-02-21,INTC,sell,np.float64(744.2719151702929),np.float64(27.11),np.float64(20177.21162026664),np.float64(20.17721162026664),,
2023-02-21,META,sell,np.float64(116.39232542600827),np.float64(174.31),np.float64(20288.346245007502),np.float64(20.288346245007503),,
2023-02-21,NFLX,sell,np.float64(59.350095209716926),np.float64(342.85),np.float64(20348.18014265145),np.float64(20.34818014265145),,
2023-02-21,ADBE,buy,np.float64(57.690162756962465),np.float64(350.78),np.float64(20236.555291887293),np.float64(20.236555291887292),np.float64(0.9980019980019981),
2023-02-21,AMD,buy,np.float64(262.3014295772818),np.float64(77.15),np.float64(20236.555291887293),np.float64(20.236555291887292),np.float64(0.9980019980019981),
2023-02-21,MSFT,buy,np.float64(79.521201241305),np.float64(254.48),np.float64(20236.555291887293),np.float64(20.236555291887292),np.float64(0.9980019980019981),
2023-02-21,MU,buy,np.float64(346.8727338342011),np.float64(58.34),np.float64(20236.555291887293),np.float64(20.236555291887292),np.float64(0.9980019980019981),
2023-02-21,XOM,buy,np.float64(182.62390841880057),np.float64(110.81),np.float64(20236.555291887293),np.float64(20.236555291887292),np.float64(0.9980019980019981),
2023-02-27,AMD,sell,np.float64(262.3014295772818),np.float64(79.64),np.float64(20889.685851534723),np.float64(20.889685851534722),,
2023-02-27,MSFT,sell,np.float64(79.521201241305),np.float64(252.46),np.float64(20075.92246537986),np.float64(20.07592246537986),,
2023-02-27,MU,sell,np.float64(346.8727338342011),np.float64(59.17),np.float64(20524.45966096968),np.float64(20.52445966096968),,
2023-02-27,XOM,sell,np.float64(182.62390841880057),np.float64(110.8),np.float64(20234.7290528031),np.float64(20.2347290528031),,
2023-02-27,ADBE,buy,np.float64(4.596258926783709),np.float64(322.02),np.float64(1480.08729960289),np.float64(1.48008729960289),np.float64(0.9980019980019981),
2023-02-27,CSCO,buy,np.float64(408.9960338270217),np.float64(48.95),np.float64(20020.355855832713),np.float64(20.020355855832715),np.float64(0.9980019980019981),
2023-02-27,GOOGL,buy,np.float64(222.77017754348182),np.float64(89.87),np.float64(20020.355855832713),np.float64(20.020355855832715),np.float64(0.9980019980019981),
2023-02-27,INTC,buy,np.float64(783.5755716568576),np.float64(25.55),np.float64(20020.355855832713),np.float64(20.020355855832715),np.float64(0.9980019980019981),
2023-02-27,NFLX,buy,np.float64(61.81602450314235),np.float64(323.87),np.float64(20020.355855832713),np.float64(20.020355855832715),np.float64(0.9980019980019981),
2023-03-06,ADBE,sell,np.float64(62.28642168374618),np.float64(344.33),np.float64(21447.08357836432),np.float64(21.44708357836432),,
2023-03-06,CSCO,sell,np.float64(408.9960338270217),np.float64(49.455),np.float64(20226.898852915358),np.float64(20.226898852915358),,
2023-03-06,GOOGL,sell,np.float64(222.77017754348182),np.float64(94.015),np.float64(20943.738241750445),np.float64(20.943738241750445),,
2023-03-06,INTC,sell,np.float64(783.5755716568576),np.float64(26.47),np.float64(20741.24538175702),np.float64(20.74124538175702),,
2023-03-06,NFLX,sell,np.float64(61.81602450314235),np.float64(317.0),np.float64(19595.679767496127),np.float64(19.595679767496126),,
2023-03-06,COST,buy,np.float64(43.12471343667707),np.float64(476.52),np.float64(20549.788446845356),np.float64(20.549788446845355),np.float64(0.9980019980019982),
2023-03-06,JNJ,buy,np.float64(132.8707386967888),np.float64(154.66),np.float64(20549.788446845356),np.float64(20.549788446845355),np.float64(0.9980019980019982),
2023-03-06,KO,buy,np.float64(346.7733453736982),np.float64(59.26),np.float64(20549.788446845356),np.float64(20.549788446845355),np.float64(0.9980019980019982),
2023-03-06,PEP,buy,np.float64(119.32289192222365),np.float64(172.22),np.float64(20549.788446845356),np.float64(20.549788446845355),np.float64(0.9980019980019982),
2023-03-06,WMT,buy,np.float64(146.26183947932637),np.float64(140.5),np.float64(20549.788446845356),np.float64(20.549788446845355),np.float64(0.9980019980019982),
2023-03-13,COST,sell,np.float64(43.12471343667707),np.float64(466.8),np.float64(20130.616232240856),np.float64(20.130616232240857),,
2023-03-13,JNJ,sell,np.float64(132.8707386967888),np.float64(152.09),np.float64(20208.31064839461),np.float64(20.20831064839461),,
2023-03-13,KO,sell,np.float64(346.7733453736982),np.float64(59.29),np.float64(20560.191647206564),np.float64(20.560191647206565),,
2023-03-13,PEP,sell,np.float64(119.32289192222365),np.float64(172.76),np.float64(20614.222808483355),np.float64(20.614222808483355),,
2023-03-13,WMT,sell,np.float64(146.26183947932637),np.float64(136.68),np.float64(19991.06822003433),np.float64(19.99106822003433),,
2023-03-13,CRM,buy,np.float64(118.48140765293581),np.float64(171.0),np.float64(20260.320708652023),np.float64(20.260320708652024),np.float64(0.998001998001998),
2023-03-13,JPM,buy,np.float64(154.41140697090177),np.float64(131.21),np.float64(20260.320708652023),np.float64(20.260320708652024),np.float64(0.998001998001998),
2023-03-13,ORCL,buy,np.float64(243.16275454455143),np.float64(83.32),np.float64(20260.320708652023),np.float64(20.260320708652024),np.float64(0.998001998001998),
2023-03-13,QCOM,buy,np.float64(178.09705264286237),np.float64(113.76),np.float64(20260.320708652023),np.float64(20.260320708652024),np.float64(0.998001998001998),
2023-03-13,TSLA,buy,np.float64(120.98964323938982),np.float64(167.455),np.float64(20260.320708652023),np.float64(20.260320708652024),np.float64(0.998001998001998),
2023-03-20,CRM,sell,np.float64(118.48140765293581),np.float64(184.21),np.float64(21825.460103747308),np.float64(21.825460103747307),,
2023-03-20,ORCL,sell,np.float64(243.16275454455143),np.float64(85.28),np.float64(20736.919707559347),np.float64(20.73691970755935),,
2023-03-20,QCOM,sell,np.float64(178.09705264286237),np.float64(120.77),np.float64(21508.781047678487),np.float64(21.508781047678486),,
2023-03-20,TSLA,sell,np.float64(120.98964323938982),np.float64(178.08),np.float64(21545.83566807054),np.float64(21.54583566807054),,
2023-03-20,JNJ,buy,np.float64(137.75229217190918),np.float64(152.47),np.float64(21003.091987450993),np.float64(21.003091987450993),np.float64(0.9980019980019978),
2023-03-20,JPM,buy,np.float64(11.288807363790356),np.float64(126.99),np.float64(1433.5656471277373),np.float64(1.4335656471277374),np.float64(0.9980019980019978),
2023-03-20,KO,buy,np.float64(349.12054500417213),np.float64(60.16),np.float64(21003.091987450993),np.float64(21.003091987450993),np.float64(0.9980019980019978),
2023-03-20,PEP,buy,np.float64(118.99768831416993),np.float64(176.5),np.float64(21003.091987450993),np.float64(21.003091987450993),np.float64(0.9980019980019978),
2023-03-20,XOM,buy,np.float64(210.81092027954426),np.float64(99.63),np.float64(21003.091987450993),np.float64(21.003091987450993),np.float64(0.9980019980019978),
2023-03-27,KO,sell,np.float64(349.12054500417213),np.float64(61.14),np.float64(21345.230121555083),np.float64(21.345230121555083),,
2023-03-27,PEP,sell,np.float64(118.99768831416993),np.float64(179.575),np.float64(21369.009879017063),np.float64(21.369009879017064),,
2023-03-27,XOM,sell,np.float64(210.81092027954426),np.float64(104.74),np.float64(22080.335790079465),np.float64(22.080335790079467),,
2023-03-27,AMAT,buy,np.float64(176.9461417417143),np.float64(120.75),np.float64(21366.246615312004),np.float64(21.366246615312004),np.float64(0.9980019980019982),
2023-03-27,CSCO,buy,np.float64(421.4249825505326),np.float64(50.7),np.float64(21366.246615312004),np.float64(21.366246615312004),np.float64(0.9980019980019982),
2023-03-27,INTC,buy,np.float64(727.4854142087846),np.float64(29.37),np.float64(21366.246615312004),np.float64(21.366246615312004),np.float64(0.9980019980019982),
2023-03-27,JNJ,buy,np.float64(1.0848477882158545),np.float64(154.2),np.float64(167.28352894288474),np.float64(0.16728352894288476),np.float64(0.9980019980019982),
2023-03-27,JPM,buy,np.float64(3.1476671968081695),np.float64(126.79),np.float64(399.0927238833078),np.float64(0.39909272388330785),np.float64(0.9980019980019982),
2023-04-03,AMAT,sell,np.float64(176.9461417417143),np.float64(121.63),np.float64(21521.95922004471),np.float64(21.52195922004471),,
2023-04-03,CSCO,sell,np.float64(421.4249825505326),np.float64(52.06),np.float64(21939.38459158073),np.float64(21.93938459158073),,
2023-04-03,INTC,sell,np.float64(727.4854142087846),np.float64(32.94),np.float64(23963.369544037363),np.float64(23.963369544037363),,
2023-04-03,JPM,sell,np.float64(168.8478815315003),np.float64(129.91),np.float64(21935.028289757203),np.float64(21.935028289757202),,
2023-04-03,COST,buy,np.float64(44.57242009783134),np.float64(496.5),np.float64(22130.20657857326),np.float64(22.130206578573258),np.float64(0.9980019980019983),
2023-04-03,GOOGL,buy,np.float64(216.13640568974762),np.float64(102.39),np.float64(22130.20657857326),np.float64(22.130206578573258),np.float64(0.9980019980019983),
2023-04-03,JNJ,buy,np.float64(4.261854719448193),np.float64(154.95),np.float64(660.3743887784974),np.float64(0.6603743887784974),np.float64(0.9980019980019983),
2023-04-03,MU,buy,np.float64(370.03940437376906),np.float64(59.805),np.float64(22130.20657857326),np.float64(22.130206578573258),np.float64(0.9980019980019983),
2023-04-03,PEP,buy,np.float64(121.66138855730213),np.float64(181.9),np.float64(22130.20657857326),np.float64(22.130206578573258),np.float64(0.9980019980019983),
2023-04-10,COST,sell,np.float64(44.57242009783134),np.float64(483.9),np.float64(21568.594085340585),np.float64(21.568594085340585),,
2023-04-10,GOOGL,sell,np.float64(216.13640568974762),np.float64(106.98),np.float64(23122.272680689202),np.float64(23.122272680689203),,
2023-04-10,JNJ,sell,np.float64(143.09899467957322),np.float64(164.63),np.float64(23558.38749409814),np.float64(23.55838749409814),,
2023-04-10,PEP,sell,np.float64(121.66138855730213),np.float64(183.83),np.float64(22365.013058488854),np.float64(22.365013058488856),,
2023-04-10,AMAT,buy,np.float64(201.066098404903),np.float64(112.47),np.float64(22613.90408759944),np.float64(22.61390408759944),np.float64(0.9980024669354839),
2023-04-10,AMD,buy,np.float64(247.6336409066956),np.float64(91.32),np.float64(22613.90408759944),np.float64(22.61390408759944),np.float64(0.9980024669354839),
2023-04-10,AVGO,buy,np.float64(36.58911752706001),np.float64(618.05),np.float64(22613.90408759944),np.float64(22.61390408759944),np.float64(0.9980024669354839),
2023-04-10,MU,buy,np.float64(0.328792097948022),np.float64(61.18),np.float64(20.115500552459984),np.float64(0.020115500552459985),np.float64(0.9980024669354839),
2023-04-10,QCOM,buy,np.float64(185.22322948316355),np.float64(122.09),np.float64(22613.90408759944),np.float64(22.61390408759944),np.float64(0.9980024669354839),
2023-04-17,AMAT,sell,np.float64(201.066098404903),np.float64(109.22),np.float64(21960.439267783506),np.float64(21.960439267783507),,
2023-04-17,AMD,sell,np.float64(247.6336409066956),np.float64(90.23),np.float64(22343.983419011147),np.float64(22.34398341901115),,
2023-04-17,AVGO,sell,np.float64(36.58911752706001),np.float64(618.61),np.float64(22634.393993414593),np.float64(22.634393993414594),,
2023-04-17,MU,sell,np.float64(370.36819647171706),np.float64(62.22),np.float64(23044.309184470236),np.float64(23.044309184470237),,
2023-04-17,CSCO,buy,np.float64(442.3453145897447),np.float64(50.56),np.float64(22364.979105657494),np.float64(22.364979105657493),np.float64(0.9980019980019978),
2023-04-17,INTC,buy,np.float64(699.9993460299685),np.float64(31.95),np.float64(22364.979105657494),np.float64(22.364979105657493),np.float64(0.9980019980019978),
2023-04-17,MSFT,buy,np.float64(77.13923742164486),np.float64(289.93),np.float64(22364.979105657494),np.float64(22.364979105657493),np.float64(0.9980019980019978),
2023-04-17,QCOM,buy,np.float64(2.882758136367206),np.float64(119.13),np.float64(343.42297678542525),np.float64(0.34342297678542527),np.float64(0.9980019980019978),
2023-04-17,WMT,buy,np.float64(150.46406825657627),np.float64(148.64),np.float64(22364.979105657494),np.float64(22.364979105657493),np.float64(0.9980019980019978),
2023-04-24,MSFT,sell,np.float64(77.13923742164486),np.float64(282.09),np.float64(21760.2074842718),np.float64(21.7602074842718),,
2023-04-24,QCOM,sell,np.float64(188.10598761953077),np.float64(117.82),np.float64(22162.647461333112),np.float64(22.162647461333112),,
2023-04-24,WMT,sell,np.float64(150.46406825657627),np.float64(151.71),np.float64(22826.903795205188),np.float64(22.826903795205187),,
2023-04-24,CSCO,buy,np.float64(19.47790564407842),np.float64(47.05),np.float64(916.4354605538895),np.float64(0.9164354605538895),np.float64(0.9980019980019978),
2023-04-24,GOOGL,buy,np.float64(205.58535786339436),np.float64(105.49),np.float64(21687.19940100947),np.float64(21.687199401009472),np.float64(0.9980019980019978),
2023-04-24,INTC,buy,np.float64(21.18682130426546),np.float64(30.13),np.float64(638.3589258975184),np.float64(0.6383589258975184),np.float64(0.9980019980019978),
2023-04-24,NFLX,buy,np.float64(65.67898062086454),np.float64(330.2),np.float64(21687.19940100947),np.float64(21.687199401009472),np.float64(0.9980019980019978),
2023-04-24,TSLA,buy,np.float64(131.71697176440614),np.float64(164.65),np.float64(21687.19940100947),np.float64(21.687199401009472),np.float64(0.9980019980019978),
2023-05-01,CSCO,sell,np.float64(461.8232202338231),np.float64(47.2),np.float64(21798.05599503645),np.float64(21.798055995036453),,
2023-05-01,GOOGL,sell,np.float64(205.58535786339436),np.float64(106.84),np.float64(21964.739634125053),np.float64(21.964739634125053),,
2023-05-01,INTC,sell,np.float64(721.1861673342339),np.float64(31.11),np.float64(22436.101665768016),np.float64(22.436101665768017),,
2023-05-01,NFLX,sell,np.float64(65.67898062086454),np.float64(329.435),np.float64(21636.954980834507),np.float64(21.636954980834506),,
2023-05-01,TSLA,sell,np.float64(131.71697176440614),np.float64(163.17),np.float64(21492.25828279815),np.float64(21.49225828279815),,
2023-05-01,AVGO,buy,np.float64(34.831499688819925),np.float64(626.5),np.float64(21821.934555045682),np.float64(21.821934555045683),np.float64(0.9980019980019981),
2023-05-01,COST,buy,np.float64(43.718190033147714),np.float64(499.15),np.float64(21821.934555045682),np.float64(21.821934555045683),np.float64(0.9980019980019981),
2023-05-01,JPM,buy,np.float64(153.39473186451346),np.float64(142.26),np.float64(21821.934555045682),np.float64(21.821934555045683),np.float64(0.9980019980019981),
2023-05-01,KO,buy,np.float64(340.1704529235492),np.float64(64.15),np.float64(21821.934555045682),np.float64(21.821934555045683),np.float64(0.9980019980019981),
2023-05-01,WMT,buy,np.float64(144.47785060279188),np.float64(151.04),np.float64(21821.934555045682),np.float64(21.821934555045683),np.float64(0.9980019980019981),
2023-05-08,AVGO,sell,np.float64(34.831499688819925),np.float64(629.78),np.float64(21936.181874025013),np.float64(21.936181874025014),,
2023-05-08,COST,sell,np.float64(43.718190033147714),np.float64(497.37),np.float64(21744.11617678668),np.float64(21.74411617678668),,
2023-05-08,JPM,sell,np.float64(153.39473186451346),np.float64(137.49),np.float64(21090.241684051958),np.float64(21.090241684051957),,
2023-05-08,KO,sell,np.float64(340.1704529235492),np.float64(63.81),np.float64(21706.276601051675),np.float64(21.706276601051677),,
2023-05-08,WMT,sell,np.float64(144.47785060279188),np.float64(151.27),np.float64(21855.16446068433),np.float64(21.85516446068433),,
2023-05-08,ADBE,buy,np.float64(62.2082479270617),np.float64(348.0),np.float64(21648.47027861747),np.float64(21.64847027861747),np.float64(0.9980031672751555),
2023-05-08,CSCO,buy,np.float64(466.1599973862505),np.float64(46.44),np.float64(21648.47027861747),np.float64(21.64847027861747),np.float64(0.9980031672751555),
2023-05-08,MU,buy,np.float64(353.44441271212196),np.float64(61.25),np.float64(21648.47027861747),np.float64(21.64847027861747),np.float64(0.9980031672751555),
2023-05-08,QCOM,buy,np.float64(199.75520441630886),np.float64(108.375),np.float64(21648.47027861747),np.float64(21.64847027861747),np.float64(0.9980031672751555),
2023-05-08,XOM,buy,np.float64(195.91375817753368),np.float64(110.5),np.float64(21648.47027861747),np.float64(21.64847027861747),np.float64(0.9980031672751555),
2023-05-15,CSCO,sell,np.float64(466.1599973862505),np.float64(46.8),np.float64(21816.28787767652),np.float64(21.816287877676523),,
2023-05-15,MU,sell,np.float64(353.44441271212196),np.float64(62.23),np.float64(21994.84580307535),np.float64(21.99484580307535),,
2023-05-15,ADBE,buy,np.float64(0.8538246196541741),np.float64(337.35),np.float64(288.03773544033567),np.float64(0.2880377354403357),np.float64(0.9980060467809081),
2023-05-15,INTC,buy,np.float64(734.6763033292302),np.float64(28.9),np.float64(21232.145166214752),np.float64(21.232145166214753),np.float64(0.9980060467809081),
2023-05-15,JNJ,buy,np.float64(132.04070376999223),np.float64(160.8),np.float64(21232.145166214752),np.float64(21.232145166214753),np.float64(0.9980060467809081),
2023-05-15,QCOM,buy,np.float64(5.270557312931625),np.float64(103.76),np.float64(546.8730267897854),np.float64(0.5468730267897854),np.float64(0.9980060467809081),
2023-05-15,XOM,buy,np.float64(5.710371244321997),np.float64(105.51),np.float64(602.5012699884139),np.float64(0.6025012699884139),np.float64(0.9980060467809081),
2023-05-22,ADBE,sell,np.float64(63.062072546715875),np.float64(371.25),np.float64(23411.79443296827),np.float64(23.411794432968268),,
2023-05-22,INTC,sell,np.float64(734.6763033292302),np.float64(29.85),np.float64(21930.087654377523),np.float64(21.930087654377523),,
2023-05-22,QCOM,sell,np.float64(205.0257617292405),np.float64(103.672),np.float64(21255.430769993818),np.float64(21.25543076999382),,
2023-05-22,XOM,sell,np.float64(201.62412942185568),np.float64(105.84),np.float64(21339.897858009208),np.float64(21.33989785800921),,
2023-05-22,COST,buy,np.float64(43.75825700159568),np.float64(497.0),np.float64(21747.853729793052),np.float64(21.747853729793054),np.float64(0.9980037798584435),
2023-05-22,JNJ,buy,np.float64(5.867522401828429),np.float64(158.0),np.float64(927.0685394888918),np.float64(0.9270685394888918),np.float64(0.9980037798584435),
2023-05-22,KO,buy,np.float64(346.3861388833806),np.float64(62.785),np.float64(21747.853729793052),np.float64(21.747853729793054),np.float64(0.9980037798584435),
2023-05-22,PEP,buy,np.float64(113.74995412831765),np.float64(191.19),np.float64(21747.853729793052),np.float64(21.747853729793054),np.float64(0.9980037798584435),
2023-05-22,WMT,buy,np.float64(145.27624401999367),np.float64(149.7),np.float64(21747.853729793052),np.float64(21.747853729793054),np.float64(0.9980037798584435),
2023-05-30,COST,sell,np.float64(43.75825700159568),np.float64(509.785),np.float64(22307.303045558456),np.float64(22.307303045558456),,
2023-05-30,AAPL,buy,np.float64(119.92045034032226),np.float64(176.96),np.float64(21221.12289222343),np.float64(21.22112289222343),np.float64(0.9980019980019977),
2023-05-30,JNJ,buy,np.float64(0.19366332844985729),np.float64(153.97),np.float64(29.818342681424525),np.float64(0.029818342681424526),np.float64(0.9980019980019977),
2023-05-30,KO,buy,np.float64(7.46158937914834),np.float64(60.09),np.float64(448.3669057930238),np.float64(0.44836690579302385),np.float64(0.9980019980019977),
2023-05-30,PEP,buy,np.float64(3.041669347562803),np.float64(182.055),np.float64(553.7511130705461),np.float64(0.5537511130705461),np.float64(0.9980019980019977),
2023-05-30,WMT,buy,np.float64(0.06612273229645838),np.float64(146.3),np.float64(9.673755734971861),np.float64(0.009673755734971862),np.float64(0.9980019980019977),
2023-06-05,AAPL,sell,np.float64(119.92045034032226),np.float64(182.63),np.float64(21901.071845653056),np.float64(21.901071845653057),,
2023-06-05,WMT,sell,np.float64(0.11517903004079114),np.float64(149.37),np.float64(17.204291717192973),np.float64(0.01720429171719297),,
2023-06-05,JNJ,buy,np.float64(0.2872345460635685),np.float64(156.75),np.float64(45.024015095464364),np.float64(0.045024015095464366),np.float64(0.9980086867399911),
2023-06-05,KO,buy,np.float64(1.7648982937044135),np.float64(61.0),np.float64(107.65879591596922),np.float64(0.10765879591596922),np.float64(0.9980086867399911),
2023-06-05,PEP,buy,np.float64(1.1966607499187718),np.float64(183.85),np.float64(220.00607887256618),np.float64(0.22000607887256618),np.float64(0.9980086867399911),
2023-06-05,XOM,buy,np.float64(201.9720897271959),np.float64(107.19),np.float64(21649.388297858128),np.float64(21.649388297858128),np.float64(0.9980086867399911),
2023-06-12,JNJ,sell,np.float64(138.38912404633408),np.float64(160.0),np.float64(22142.25984741345),np.float64(22.14225984741345),,
2023-06-12,WMT,sell,np.float64(145.22718772224934),np.float64(153.43),np.float64(22282.207412224718),np.float64(22.282207412224718),,
2023-06-12,XOM,sell,np.float64(201.9720897271959),np.float64(105.81),np.float64(21370.6668140346),np.float64(21.3706668140346),,
2023-06-12,GOOGL,buy,np.float64(176.98555338862548),np.float64(122.785),np.float64(21731.171172822378),np.float64(21.73117117282238),np.float64(0.9980019980019983),
2023-06-12,KO,buy,np.float64(3.757257266517245),np.float64(60.59),np.float64(227.65221777827986),np.float64(0.22765221777827988),np.float64(0.9980019980019983),
2023-06-12,MSFT,buy,np.float64(66.13662174454434),np.float64(328.58),np.float64(21731.171172822378),np.float64(21.73117117282238),np.float64(0.9980019980019983),
2023-06-12,MU,buy,np.float64(330.0603155045926),np.float64(65.84),np.float64(21731.171172822378),np.float64(21.73117117282238),np.float64(0.9980019980019983),
2023-06-12,PEP,buy,np.float64(1.3288921480046376),np.float64(182.49),np.float64(242.5095280893663),np.float64(0.24250952808936632),np.float64(0.9980019980019983),
2023-06-20,GOOGL,sell,np.float64(176.98555338862548),np.float64(122.93),np.float64(21756.83407806373),np.float64(21.75683407806373),,
2023-06-20,KO,sell,np.float64(359.3698838227506),np.float64(61.59),np.float64(22133.59114464321),np.float64(22.133591144643212),,
2023-06-20,MSFT,sell,np.float64(66.13662174454434),np.float64(339.31),np.float64(22440.81712414134),np.float64(22.44081712414134),,
2023-06-20,MU,sell,np.float64(330.0603155045926),np.float64(67.315),np.float64(22218.01013819165),np.float64(22.21801013819165),,
2023-06-20,PEP,sell,np.float64(0.33788108875212997),np.float64(186.54),np.float64(63.02833829582232),np.float64(0.06302833829582233),,
2023-06-20,COST,buy,np.float64(42.43719624042539),np.float64(521.95),np.float64(22150.094577690037),np.float64(22.150094577690037),np.float64(0.9980038582124383),
2023-06-20,CRM,buy,np.float64(106.15909215283986),np.float64(208.65),np.float64(22150.094577690037),np.float64(22.150094577690037),np.float64(0.9980038582124383),
2023-06-20,WMT,buy,np.float64(143.18096042462855),np.float64(154.7),np.float64(22150.094577690037),np.float64(22.150094577690037),np.float64(0.9980038582124383),
2023-06-20,XOM,buy,np.float64(211.5981522515288),np.float64(104.68),np.float64(22150.094577690037),np.float64(22.150094577690037),np.float64(0.9980038582124383),
2023-06-26,COST,sell,np.float64(42.43719624042539),np.float64(524.4),np.float64(22254.065708479076),np.float64(22.254065708479075),,
2023-06-26,CRM,sell,np.float64(106.15909215283986),np.float64(209.02),np.float64(22189.37344178659),np.float64(22.18937344178659),,
2023-06-26,PEP,sell,np.float64(118.97929528505175),np.float64(186.16),np.float64(22149.185610265235),np.float64(22.149185610265235),,
2023-06-26,WMT,sell,np.float64(143.18096042462855),np.float64(155.65),np.float64(22286.116490093435),np.float64(22.286116490093434),,
2023-06-26,XOM,sell,np.float64(211.5981522515288),np.float64(102.2),np.float64(21625.331160106245),np.float64(21.625331160106246),,
2023-06-26,AMD,buy,np.float64(198.79817044302223),np.float64(110.95),np.float64(22056.657010653318),np.float64(22.056657010653318),np.float64(0.998001998001998),
2023-06-26,AVGO,buy,np.float64(26.73534183109493),np.float64(825.0),np.float64(22056.657010653318),np.float64(22.056657010653318),np.float64(0.998001998001998),
2023-06-26,INTC,buy,np.float64(664.5573067385754),np.float64(33.19),np.float64(22056.657010653318),np.float64(22.056657010653318),np.float64(0.998001998001998),
2023-06-26,ORCL,buy,np.float64(186.93666421436834),np.float64(117.99),np.float64(22056.657010653318),np.float64(22.056657010653318),np.float64(0.998001998001998),
2023-06-26,QCOM,buy,np.float64(192.5336680399207),np.float64(114.56),np.float64(22056.657010653318),np.float64(22.056657010653318),np.float64(0.998001998001998),
2023-07-03,AMD,sell,np.float64(198.79817044302223),np.float64(115.16),np.float64(22893.59730821844),np.float64(22.89359730821844),,
2023-07-03,AVGO,sell,np.float64(26.73534183109493),np.float64(868.62),np.float64(23222.85262132568),np.float64(23.222852621325682),,
2023-07-03,INTC,sell,np.float64(664.5573067385754),np.float64(33.54),np.float64(22289.25206801182),np.float64(22.289252068011823),,
2023-07-03,ORCL,sell,np.float64(186.93666421436834),np.float64(118.01),np.float64(22060.39574393761),np.float64(22.06039574393761),,
2023-07-03,QCOM,sell,np.float64(192.5336680399207),np.float64(119.27),np.float64(22963.49058712134),np.float64(22.963490587121342),,
2023-07-03,GOOGL,buy,np.float64(189.87412912529658),np.float64(119.24),np.float64(22640.591156900362),np.float64(22.640591156900364),np.float64(0.9980019980019982),
2023-07-03,JNJ,buy,np.float64(137.7667710654762),np.float64(164.34),np.float64(22640.591156900362),np.float64(22.640591156900364),np.float64(0.9980019980019982),
2023-07-03,KO,buy,np.float64(376.65265607886147),np.float64(60.11),np.float64(22640.591156900362),np.float64(22.640591156900364),np.float64(0.9980019980019982),
2023-07-03,MU,buy,np.float64(356.8819539233979),np.float64(63.44),np.float64(22640.591156900362),np.float64(22.640591156900364),np.float64(0.9980019980019982),
2023-07-03,PEP,buy,np.float64(122.84639802984461),np.float64(184.3),np.float64(22640.591156900362),np.float64(22.640591156900364),np.float64(0.9980019980019982),
2023-07-10,GOOGL,sell,np.float64(189.87412912529658),np.float64(118.3),np.float64(22462.109475522586),np.float64(22.462109475522585),,
2023-07-10,KO,sell,np.float64(376.65265607886147),np.float64(59.97),np.float64(22587.85978504932),np.float64(22.58785978504932),,
2023-07-10,PEP,sell,np.float64(122.84639802984461),np.float64(184.07),np.float64(22612.336485353495),np.float64(22.612336485353495),,
2023-07-10,AMAT,buy,np.float64(159.0390450807223),np.float64(139.78),np.float64(22230.477721383362),np.float64(22.230477721383362),np.float64(0.9980026035913223),
2023-07-10,JNJ,buy,np.float64(1.945634681989935),np.float64(159.43),np.float64(310.19253734965537),np.float64(0.31019253734965535),np.float64(0.9980026035913223),
2023-07-10,MU,buy,np.float64(9.313457404567096),np.float64(60.825),np.float64(566.4910466327937),np.float64(0.5664910466327937),np.float64(0.9980026035913223),
2023-07-10,ORCL,buy,np.float64(194.52640638242354),np.float64(114.28),np.float64(22230.477721383362),np.float64(22.230477721383362),np.float64(0.9980026035913223),
2023-07-10,XOM,buy,np.float64(215.89276217717162),np.float64(102.97),np.float64(22230.477721383362),np.float64(22.230477721383362),np.float64(0.9980026035913223),
2023-07-17,AMAT,sell,np.float64(159.0390450807223),np.float64(142.98),np.float64(22739.40266564167),np.float64(22.739402665641673),,
2023-07-17,MU,sell,np.float64(366.19541132796496),np.float64(63.8),np.float64(23363.267242724163),np.float64(23.363267242724163),,
2023-07-17,ORCL,sell,np.float64(194.52640638242354),np.float64(118.85),np.float64(23119.463398551037),np.float64(23.119463398551037),,
2023-07-17,AAPL,buy,np.float64(117.91281491844326),np.float64(191.9),np.float64(22627.46918284926),np.float64(22.62746918284926),np.float64(0.998003119688761),
2023-07-17,CSCO,buy,np.float64(450.7463980647263),np.float64(50.2),np.float64(22627.46918284926),np.float64(22.62746918284926),np.float64(0.998003119688761),
2023-07-17,JNJ,buy,np.float64(2.209582784457906),np.float64(159.75),np.float64(352.9808498171505),np.float64(0.3529808498171505),np.float64(0.998003119688761),
2023-07-17,WMT,buy,np.float64(146.5509662101636),np.float64(154.4),np.float64(22627.46918284926),np.float64(22.62746918284926),np.float64(0.998003119688761),
2023-07-17,XOM,buy,np.float64(9.195510103475094),np.float64(100.72),np.float64(926.1717776220115),np.float64(0.9261717776220115),np.float64(0.998003119688761),
2023-07-24,AAPL,sell,np.float64(117.91281491844326),np.float64(193.41),np.float64(22805.51753337611),np.float64(22.80551753337611),,
2023-07-24,CSCO,sell,np.float64(450.7463980647263),np.float64(52.69),np.float64(23749.827714030427),np.float64(23.749827714030427),,
2023-07-24,JNJ,sell,np.float64(141.92198853192403),np.float64(171.5),np.float64(24339.621033224972),np.float64(24.339621033224972),,
2023-07-24,WMT,sell,np.float64(146.5509662101636),np.float64(158.45),np.float64(23221.000596000424),np.float64(23.221000596000422),,
2023-07-24,XOM,sell,np.float64(225.08827228064672),np.float64(104.36),np.float64(23490.21209520829),np.float64(23.490212095208292),,
2023-07-24,AMAT,buy,np.float64(170.59767673150748),np.float64(137.6),np.float64(23474.240318255426),np.float64(23.474240318255426),np.float64(0.9980019980019981),
2023-07-24,AMZN,buy,np.float64(180.14842345462895),np.float64(130.305),np.float64(23474.240318255426),np.float64(23.474240318255426),np.float64(0.9980019980019981),
2023-07-24,GOOGL,buy,np.float64(192.94953409711843),np.float64(121.66),np.float64(23474.240318255426),np.float64(23.474240318255426),np.float64(0.9980019980019981),
2023-07-24,META,buy,np.float64(79.36385258724535),np.float64(295.78),np.float64(23474.240318255426),np.float64(23.474240318255426),np.float64(0.9980019980019981),
2023-07-24,TSLA,buy,np.float64(91.75001101526452),np.float64(255.85),np.float64(23474.240318255426),np.float64(23.474240318255426),np.float64(0.9980019980019981),
2023-07-31,AMAT,sell,np.float64(170.59767673150748),np.float64(151.93),np.float64(25918.90502581793),np.float64(25.91890502581793),,
2023-07-31,AMZN,sell,np.float64(180.14842345462895),np.float64(133.2),np.float64(23995.770004156573),np.float64(23.995770004156572),,
2023-07-31,GOOGL,sell,np.float64(192.94953409711843),np.float64(132.73),np.float64(25610.191660710527),np.float64(25.610191660710527),,
2023-07-31,META,sell,np.float64(79.36385258724535),np.float64(323.69),np.float64(25689.285443965447),np.float64(25.68928544396545),,
2023-07-31,TSLA,sell,np.float64(91.75001101526452),np.float64(267.48),np.float64(24541.292946362955),np.float64(24.541292946362955),,
2023-07-31,CSCO,buy,np.float64(484.19824633673585),np.float64(51.84),np.float64(25100.83709009639),np.float64(25.10083709009639),np.float64(0.9980019980019981),
2023-07-31,KO,buy,np.float64(401.9349413946579),np.float64(62.45),np.float64(25100.83709009639),np.float64(25.10083709009639),np.float64(0.9980019980019981),
2023-07-31,MSFT,buy,np.float64(74.5008817823115),np.float64(336.92),np.float64(25100.83709009639),np.float64(25.10083709009639),np.float64(0.9980019980019981),
2023-07-31,PEP,buy,np.float64(132.49320184796196),np.float64(189.45),np.float64(25100.83709009639),np.float64(25.10083709009639),np.float64(0.9980019980019981),
2023-07-31,WMT,buy,np.float64(156.91946167852205),np.float64(159.96),np.float64(25100.83709009639),np.float64(25.10083709009639),np.float64(0.9980019980019981),
2023-08-07,CSCO,sell,np.float64(484.19824633673585),np.float64(52.97),np.float64(25647.981108456897),np.float64(25.647981108456896),,
2023-08-07,KO,sell,np.float64(401.9349413946579),np.float64(60.79),np.float64(24433.625087381253),np.float64(24.433625087381255),,
2023-08-07,MSFT,sell,np.float64(74.5008817823115),np.float64(328.37),np.float64(24463.854550857624),np.float64(24.463854550857626),,
2023-08-07,WMT,sell,np.float64(156.91946167852205),np.float64(159.5),np.float64(25028.65413772427),np.float64(25.02865413772427),,
2023-08-07,AAPL,buy,np.float64(136.02861517496137),np.float64(182.13),np.float64(24774.891681815712),np.float64(24.774891681815713),np.float64(0.9980019980019981),
2023-08-07,CRM,buy,np.float64(115.06614500866523),np.float64(215.31),np.float64(24774.891681815712),np.float64(24.774891681815713),np.float64(0.9980019980019981),
2023-08-07,META,buy,np.float64(79.0948877240868),np.float64(313.23),np.float64(24774.891681815712),np.float64(24.774891681815713),np.float64(0.9980019980019981),
2023-08-07,PEP,buy,np.float64(1.4874723481695609),np.float64(185.28),np.float64(275.59887666885624),np.float64(0.27559887666885624),np.float64(0.9980019980019981),
2023-08-07,QCOM,buy,np.float64(202.72393160801664),np.float64(122.21),np.float64(24774.891681815712),np.float64(24.774891681815713),np.float64(0.9980019980019981),
2023-08-14,AAPL,sell,np.float64(136.02861517496137),np.float64(177.97),np.float64(24209.012642687874),np.float64(24.209012642687874),,
2023-08-14,CRM,sell,np.float64(115.06614500866523),np.float64(207.9),np.float64(23922.2515473015),np.float64(23.922251547301503),,
2023-08-14,META,sell,np.float64(79.0948877240868),np.float64(300.98),np.float64(23805.97930719565),np.float64(23.80597930719565),,
2023-08-14,PEP,sell,np.float64(133.9806741961315),np.float64(184.39),np.float64(24704.696515024687),np.float64(24.704696515024686),,
2023-08-14,AMD,buy,np.float64(223.9279556344463),np.float64(106.75),np.float64(23904.309263977142),np.float64(23.904309263977144),np.float64(0.9980023353631852),
2023-08-14,AVGO,buy,np.float64(28.761215771271814),np.float64(831.13),np.float64(23904.309263977142),np.float64(23.904309263977144),np.float64(0.9980023353631852),
2023-08-14,MU,buy,np.float64(371.3579192788122),np.float64(64.37),np.float64(23904.309263977142),np.float64(23.904309263977144),np.float64(0.9980023353631852),
2023-08-14,NVDA,buy,np.float64(59.04339589976076),np.float64(404.86),np.float64(23904.309263977142),np.float64(23.904309263977144),np.float64(0.9980023353631852),
2023-08-14,QCOM,buy,np.float64(7.588921851550537),np.float64(113.88),np.float64(864.2264204545751),np.float64(0.8642264204545751),np.float64(0.9980023353631852),
2023-08-21,AMD,sell,np.float64(223.9279556344463),np.float64(106.2),np.float64(23781.148888378197),np.float64(23.781148888378198),,
2023-08-21,AVGO,sell,np.float64(28.761215771271814),np.float64(834.06),np.float64(23988.57962618697),np.float64(23.98857962618697),,
2023-08-21,MU,sell,np.float64(371.3579192788122),np.float64(63.68),np.float64(23648.07229967476),np.float64(23.648072299674762),,
2023-08-21,NVDA,sell,np.float64(59.04339589976076),np.float64(444.94),np.float64(26270.768571639554),np.float64(26.270768571639554),,
2023-08-21,QCOM,sell,np.float64(210.31285345956718),np.float64(109.84),np.float64(23100.76382399886),np.float64(23.10076382399886),,
2023-08-21,INTC,buy,np.float64(739.5582569373478),np.float64(32.6),np.float64(24109.59917615754),np.float64(24.109599176157538),np.float64(0.9980019980019981),
2023-08-21,JPM,buy,np.float64(161.106576519596),np.float64(149.65),np.float64(24109.59917615754),np.float64(24.109599176157538),np.float64(0.9980019980019981),
2023-08-21,META,buy,np.float64(85.0576792244048),np.float64(283.45),np.float64(24109.59917615754),np.float64(24.109599176157538),np.float64(0.9980019980019981),
2023-08-21,PEP,buy,np.float64(135.65295209676216),np.float64(177.73),np.float64(24109.59917615754),np.float64(24.109599176157538),np.float64(0.9980019980019981),
2023-08-21,TSLA,buy,np.float64(108.82179458363366),np.float64(221.5512),np.float64(24109.59917615754),np.float64(24.109599176157538),np.float64(0.9980019980019981),
2023-08-28,INTC,sell,np.float64(739.5582569373478),np.float64(33.5),np.float64(24775.20160740115),np.float64(24.77520160740115),,
2023-08-28,META,sell,np.float64(85.0576792244048),np.float64(288.0),np.float64(24496.61161662858),np.float64(24.49661161662858),,
2023-08-28,PEP,sell,np.float64(135.65295209676216),np.float64(180.82),np.float64(24528.766798136534),np.float64(24.528766798136534),,
2023-08-28,TSLA,sell,np.float64(108.82179458363366),np.float64(242.58),np.float64(26397.990930097854),np.float64(26.397990930097855),,
2023-08-28,COST,buy,np.float64(46.166182839851054),np.float64(536.0),np.float64(24745.074002160163),np.float64(24.745074002160163),np.float64(0.9980019980019978),
2023-08-28,JNJ,buy,np.float64(149.97014546763737),np.float64(165.0),np.float64(24745.074002160163),np.float64(24.745074002160163),np.float64(0.9980019980019978),
2023-08-28,JPM,buy,np.float64(6.898949641958934),np.float64(147.57),np.float64(1018.0779986638798),np.float64(1.01807799866388),np.float64(0.9980019980019978),
2023-08-28,KO,buy,np.float64(408.6717423973603),np.float64(60.55),np.float64(24745.074002160163),np.float64(24.745074002160163),np.float64(0.9980019980019978),
2023-08-28,XOM,buy,np.float64(228.17034580138463),np.float64(108.45),np.float64(24745.074002160163),np.float64(24.745074002160163),np.float64(0.9980019980019978),
2023-09-05,COST,sell,np.float64(0.6326010538426721),np.float64(545.73),np.float64(345.22937311356145),np.float64(0.34522937311356144),,
2023-09-05,XOM,sell,np.float64(228.17034580138463),np.float64(114.1),np.float64(26034.236455937986),np.float64(26.034236455937986),,
2023-09-05,JNJ,buy,np.float64(4.785107747028171),np.float64(160.56),np.float64(768.2968998628431),np.float64(0.7682968998628431),np.float64(0.998001998001998),
2023-09-05,JPM,buy,np.float64(0.8500809450524467),np.float64(147.16),np.float64(125.09791187391805),np.float64(0.12509791187391806),np.float64(0.998001998001998),
2023-09-05,KO,buy,np.float64(10.699943266585308),np.float64(59.25),np.float64(633.9716385451795),np.float64(0.6339716385451796),np.float64(0.998001998001998),
2023-09-05,PEP,buy,np.float64(141.49655181203858),np.float64(175.265),np.float64(24799.39315333694),np.float64(24.79939315333694),np.float64(0.998001998001998),
2023-09-11,COST,sell,np.float64(45.533581786008384),np.float64(552.81),np.float64(25171.419347123294),np.float64(25.171419347123294),,
2023-09-11,JNJ,sell,np.float64(154.75525321466554),np.float64(161.06),np.float64(24924.881082754033),np.float64(24.924881082754034),,
2023-09-11,JPM,sell,np.float64(168.85560710660735),np.float64(144.75),np.float64(24441.849128681413),np.float64(24.441849128681415),,
2023-09-11,PEP,sell,np.float64(141.49655181203858),np.float64(176.83),np.float64(25020.835256922783),np.float64(25.020835256922783),,
2023-09-11,AAPL,buy,np.float64(137.50479094626448),np.float64(180.07),np.float64(24760.487705693842),np.float64(24.760487705693844),np.float64(0.9980019980019977),
2023-09-11,AVGO,buy,np.float64(28.50062468282036),np.float64(868.77),np.float64(24760.487705693842),np.float64(24.760487705693844),np.float64(0.9980019980019977),
2023-09-11,KO,buy,np.float64(5.447173666537147),np.float64(58.4),np.float64(318.11494212576935),np.float64(0.31811494212576935),np.float64(0.9980019980019977),
2023-09-11,NVDA,buy,np.float64(53.65451960148618),np.float64(461.48),np.float64(24760.487705693842),np.float64(24.760487705693844),np.float64(0.9980019980019977),
2023-09-11,QCOM,buy,np.float64(222.52617691825148),np.float64(111.27),np.float64(24760.487705693842),np.float64(24.760487705693844),np.float64(0.9980019980019977),
2023-09-18,AAPL,sell,np.float64(137.50479094626448),np.float64(176.48),np.float64(24266.845506196754),np.float64(24.266845506196756),,
2023-09-18,AVGO,sell,np.float64(28.50062468282036),np.float64(842.58),np.float64(24014.056345250778),np.float64(24.01405634525078),,
2023-09-18,KO,sell,np.float64(424.8188593304827),np.float64(57.98),np.float64(24630.997463981388),np.float64(24.630997463981387),,
2023-09-18,NVDA,sell,np.float64(53.65451960148618),np.float64(427.48),np.float64(22936.234039243314),np.float64(22.936234039243313),,
2023-09-18,QCOM,sell,np.float64(222.52617691825148),np.float64(112.89),np.float64(25120.98011230141),np.float64(25.12098011230141),,
2023-09-18,ADBE,buy,np.float64(46.13342936894427),np.float64(524.23),np.float64(24184.527678081657),np.float64(24.184527678081658),np.float64(0.9980036092115954),
2023-09-18,AMAT,buy,np.float64(175.40272467422147),np.float64(137.88),np.float64(24184.527678081657),np.float64(24.184527678081658),np.float64(0.9980036092115954),
2023-09-18,CRM,buy,np.float64(112.71685159434031),np.float64(214.56),np.float64(24184.527678081657),np.float64(24.184527678081658),np.float64(0.9980036092115954),
2023-09-18,NFLX,buy,np.float64(61.14924823788029),np.float64(395.5),np.float64(24184.527678081657),np.float64(24.184527678081658),np.float64(0.9980036092115954),
2023-09-18,ORCL,buy,np.float64(213.22983316947324),np.float64(113.42),np.float64(24184.527678081657),np.float64(24.184527678081658),np.float64(0.9980036092115954),
2023-09-25,ADBE,sell,np.float64(46.13342936894427),np.float64(511.45),np.float64(23594.94245074655),np.float64(23.594942450746547),,
2023-09-25,AMAT,sell,np.float64(175.40272467422147),np.float64(135.89),np.float64(23835.476255979953),np.float64(23.835476255979952),,
2023-09-25,CRM,sell,np.float64(112.71685159434031),np.float64(205.0),np.float64(23106.954576839766),np.float64(23.106954576839765),,
2023-09-25,NFLX,sell,np.float64(61.14924823788029),np.float64(382.9),np.float64(23414.04715028436),np.float64(23.41404715028436),,
2023-09-25,ORCL,sell,np.float64(213.22983316947324),np.float64(108.45),np.float64(23124.775407229372),np.float64(23.12477540722937),,
2023-09-25,AMZN,buy,np.float64(180.64668733437082),np.float64(129.36),np.float64(23368.455473574213),np.float64(23.368455473574212),np.float64(0.9980019980019981),
2023-09-25,CSCO,buy,np.float64(437.120379228848),np.float64(53.46),np.float64(23368.455473574213),np.float64(23.368455473574212),np.float64(0.9980019980019981),
2023-09-25,GOOGL,buy,np.float64(179.99272489851506),np.float64(129.83),np.float64(23368.455473574213),np.float64(23.368455473574212),np.float64(0.9980019980019981),
2023-09-25,INTC,buy,np.float64(687.3075139286533),np.float64(34.0),np.float64(23368.455473574213),np.float64(23.368455473574212),np.float64(0.9980019980019981),
2023-09-25,TSLA,buy,np.float64(96.01633443000334),np.float64(243.38),np.float64(23368.455473574213),np.float64(23.368455473574212),np.float64(0.9980019980019981),
2023-10-02,AMZN,sell,np.float64(180.64668733437082),np.float64(127.28),np.float64(22992.71036391872),np.float64(22.992710363918718),,
2023-10-02,CSCO,sell,np.float64(437.120379228848),np.float64(53.84),np.float64(23534.561217681177),np.float64(23.534561217681176),,
2023-10-02,GOOGL,sell,np.float64(179.99272489851506),np.float64(131.21),np.float64(23616.845433934162),np.float64(23.616845433934163),,
2023-10-02,INTC,sell,np.float64(687.3075139286533),np.float64(35.61),np.float64(24475.020570999342),np.float64(24.475020570999344),,
2023-10-02,TSLA,sell,np.float64(96.01633443000334),np.float64(244.81),np.float64(23505.75883180912),np.float64(23.505758831809118),,
2023-10-02,AAPL,buy,np.float64(137.7045703063718),np.float64(171.22),np.float64(23577.776527856982),np.float64(23.577776527856983),np.float64(0.9980019980019981),
2023-10-02,JNJ,buy,np.float64(151.70361940456172),np.float64(155.42),np.float64(23577.776527856982),np.float64(23.577776527856983),np.float64(0.9980019980019981),
2023-10-02,KO,buy,np.float64(421.70947107596106),np.float64(55.91),np.float64(23577.776527856982),np.float64(23.577776527856983),np.float64(0.9980019980019981),
2023-10-02,PEP,buy,np.float64(139.44745994710777),np.float64(169.08),np.float64(23577.776527856982),np.float64(23.577776527856983),np.float64(0.9980019980019981),
2023-10-02,WMT,buy,np.float64(147.83231881532998),np.float64(159.49),np.float64(23577.776527856982),np.float64(23.577776527856983),np.float64(0.9980019980019981),
2023-10-09,AAPL,sell,np.float64(137.7045703063718),np.float64(176.81),np.float64(24347.5450758696),np.float64(24.3475450758696),,
2023-10-09,JNJ,sell,np.float64(151.70361940456172),np.float64(157.18),np.float64(23844.77489800901),np.float64(23.84477489800901),,
2023-10-09,COST,buy,np.float64(41.63322071525758),np.float64(555.0),np.float64(23106.437496967956),np.float64(23.106437496967956),np.float64(0.9980019980019977),
2023-10-09,KO,buy,np.float64(15.432906969733722),np.float64(52.96),np.float64(817.326753117098),np.float64(0.817326753117098),np.float64(0.9980019980019977),
2023-10-09,PEP,buy,np.float64(5.246390712532624),np.float64(160.0),np.float64(839.4225140052198),np.float64(0.8394225140052198),np.float64(0.9980019980019977),
2023-10-09,WMT,buy,np.float64(1.459939136085966),np.float64(155.08),np.float64(226.40736122421163),np.float64(0.22640736122421162),np.float64(0.9980019980019977),
2023-10-09,XOM,buy,np.float64(209.22163615508833),np.float64(110.44),np.float64(23106.437496967956),np.float64(23.106437496967956),np.float64(0.9980019980019977),
2023-10-16,COST,sell,np.float64(41.63322071525758),np.float64(569.69),np.float64(23718.029509275093),np.float64(23.718029509275095),,
2023-10-16,KO,sell,np.float64(437.1423780456948),np.float64(53.02),np.float64(23177.28888398274),np.float64(23.17728888398274),,
2023-10-16,PEP,sell,np.float64(144.6938506596404),np.float64(161.0),np.float64(23295.709956202103),np.float64(23.295709956202103),,
2023-10-16,WMT,sell,np.float64(149.29225795141596),np.float64(160.54),np.float64(23967.379091520317),np.float64(23.967379091520318),,
2023-10-16,XOM,sell,np.float64(209.22163615508833),np.float64(110.5),np.float64(23118.990795137262),np.float64(23.118990795137265),,
2023-10-16,AMD,buy,np.float64(222.05099176649836),np.float64(105.42),np.float64(23408.615552024257),np.float64(23.40861555202426),np.float64(0.9980019980019981),
2023-10-16,CRM,buy,np.float64(113.72238414314155),np.float64(205.84),np.float64(23408.615552024257),np.float64(23.40861555202426),np.float64(0.9980019980019981),
2023-10-16,NFLX,buy,np.float64(65.71577314512298),np.float64(356.21),np.float64(23408.615552024257),np.float64(23.40861555202426),np.float64(0.9980019980019981),
2023-10-16,QCOM,buy,np.float64(214.58076406658958),np.float64(109.09),np.float64(23408.615552024257),np.float64(23.40861555202426),np.float64(0.9980019980019981),
2023-10-16,TSLA,buy,np.float64(93.61573906028497),np.float64(250.05),np.float64(23408.615552024257),np.float64(23.40861555202426),np.float64(0.9980019980019981),
2023-10-23,AMD,sell,np.float64(222.05099176649836),np.float64(100.812),np.float64(22385.40458196423),np.float64(22.38540458196423),,
2023-10-23,CRM,sell,np.float64(113.72238414314155),np.float64(199.9),np.float64(22733.104590213996),np.float64(22.733104590213998),,
2023-10-23,NFLX,sell,np.float64(65.71577314512298),np.float64(403.32),np.float64(26504.485624891),np.float64(26.504485624891),,
2023-10-23,QCOM,sell,np.float64(214.58076406658958),np.float64(107.94),np.float64(23161.84767334768),np.float64(23.16184767334768),,
2023-10-23,AMAT,buy,np.float64(171.49472678283232),np.float64(133.2),np.float64(22843.09760747326),np.float64(22.84309760747326),np.float64(0.9980019980019977),
2023-10-23,JPM,buy,np.float64(159.8089940357721),np.float64(142.94),np.float64(22843.09760747326),np.float64(22.84309760747326),np.float64(0.9980019980019977),
2023-10-23,NVDA,buy,np.float64(55.40541271307395),np.float64(412.29),np.float64(22843.09760747326),np.float64(22.84309760747326),np.float64(0.9980019980019977),
2023-10-23,ORCL,buy,np.float64(223.86414746641768),np.float64(102.04),np.float64(22843.09760747326),np.float64(22.84309760747326),np.float64(0.9980019980019977),
2023-10-23,TSLA,buy,np.float64(15.347960647084134),np.float64(210.0),np.float64(3223.071735887668),np.float64(3.223071735887668),np.float64(0.9980019980019977),
2023-10-30,AMAT,sell,np.float64(171.49472678283232),np.float64(131.96),np.float64(22630.444146262555),np.float64(22.630444146262555),,
2023-10-30,NVDA,sell,np.float64(55.40541271307395),np.float64(410.87),np.float64(22764.421921420693),np.float64(22.764421921420695),,
2023-10-30,ORCL,sell,np.float64(223.86414746641768),np.float64(101.14),np.float64(22641.619874753484),np.float64(22.641619874753484),,
2023-10-30,TSLA,sell,np.float64(108.9636997073691),np.float64(209.28),np.float64(22803.923074758204),np.float64(22.803923074758206),,
2023-10-30,ADBE,buy,np.float64(43.56423387709624),np.float64(516.11),np.float64(22483.936746308143),np.float64(22.483936746308142),np.float64(0.9980019980019981),
2023-10-30,GOOGL,buy,np.float64(182.48467450944034),np.float64(123.21),np.float64(22483.936746308143),np.float64(22.483936746308142),np.float64(0.9980019980019981),
2023-10-30,JNJ,buy,np.float64(153.9046939989605),np.float64(146.09),np.float64(22483.936746308143),np.float64(22.483936746308142),np.float64(0.9980019980019981),
2023-10-30,JPM,buy,np.float64(5.300225104417348),np.float64(136.44),np.float64(723.1627132467029),np.float64(0.7231627132467029),np.float64(0.9980019980019981),
2023-10-30,XOM,buy,np.float64(212.63416631651356),np.float64(105.74),np.float64(22483.936746308143),np.float64(22.483936746308142),np.float64(0.9980019980019981),
2023-11-06,ADBE,sell,np.float64(43.56423387709624),np.float64(566.0),np.float64(24657.356374436473),np.float64(24.657356374436475),,
2023-11-06,GOOGL,sell,np.float64(182.48467450944034),np.float64(129.05),np.float64(23549.647245443277),np.float64(23.54964724544328),,
2023-11-06,JPM,sell,np.float64(165.10921914018942),np.float64(143.17),np.float64(23638.686904300917),np.float64(23.63868690430092),,
2023-11-06,XOM,sell,np.float64(212.63416631651356),np.float64(108.17),np.float64(23000.637770457273),np.float64(23.000637770457274),,
2023-11-06,COST,buy,np.float64(42.0952405788115),np.float64(560.49),np.float64(23593.961392018056),np.float64(23.593961392018056),np.float64(0.9980019980019981),
2023-11-06,CSCO,buy,np.float64(445.4212080803862),np.float64(52.97),np.float64(23593.961392018056),np.float64(23.593961392018056),np.float64(0.9980019980019981),
2023-11-06,JNJ,buy,np.float64(1.851229233956238),np.float64(151.78),np.float64(280.9795731298778),np.float64(0.2809795731298778),np.float64(0.9980019980019981),
2023-11-06,KO,buy,np.float64(415.53295864772906),np.float64(56.78),np.float64(23593.961392018056),np.float64(23.593961392018056),np.float64(0.9980019980019981),
2023-11-06,WMT,buy,np.float64(143.42833672959304),np.float64(164.5),np.float64(23593.961392018056),np.float64(23.593961392018056),np.float64(0.9980019980019981),
2023-11-13,COST,sell,np.float64(42.0952405788115),np.float64(575.0),np.float64(24204.763332816612),np.float64(24.20476333281661),,
2023-11-13,WMT,sell,np.float64(1.696625210628749),np.float64(166.38),np.float64(282.2845025444112),np.float64(0.28228450254441123),,
2023-11-13,CSCO,buy,np.float64(3.9101817638182395),np.float64(52.48),np.float64(205.2063389651812),np.float64(0.2052063389651812),np.float64(0.9980019980019976),
2023-11-13,JNJ,buy,np.float64(4.380110239585926),np.float64(147.25),np.float64(644.9712327790277),np.float64(0.6449712327790277),np.float64(0.9980019980019976),
2023-11-13,KO,buy,np.float64(0.9491073717340207),np.float64(56.62),np.float64(53.73845938758025),np.float64(0.05373845938758025),np.float64(0.9980019980019976),
2023-11-13,XOM,buy,np.float64(226.18170719585788),np.float64(104.05),np.float64(23534.206633729013),np.float64(23.534206633729013),np.float64(0.9980019980019976),
2023-11-20,JNJ,sell,np.float64(160.13603347250267),np.float64(147.91),np.float64(23685.72071091787),np.float64(23.68572071091787),,
2023-11-20,KO,sell,np.float64(416.4820660194631),np.float64(57.05),np.float64(23760.30186641037),np.float64(23.76030186641037),,
2023-11-20,XOM,sell,np.float64(226.18170719585788),np.float64(105.38),np.float64(23835.028304299503),np.float64(23.835028304299502),,
2023-11-20,AMAT,buy,np.float64(154.31530591004574),np.float64(148.88),np.float64(22974.46274388761),np.float64(22.97446274388761),np.float64(0.9980076480135737),
2023-11-20,COST,buy,np.float64(39.793644548944485),np.float64(577.34),np.float64(22974.46274388761),np.float64(22.97446274388761),np.float64(0.9980076480135737),
2023-11-20,CSCO,buy,np.float64(34.62655183163716),np.float64(47.56),np.float64(1646.8388051126633),np.float64(1.6468388051126632),np.float64(0.9980076480135737),
2023-11-20,PEP,buy,np.float64(138.40037797522655),np.float64(166.0),np.float64(22974.46274388761),np.float64(22.97446274388761),np.float64(0.9980076480135737),
2023-11-20,WMT,buy,np.float64(6.258413494710424),np.float64(155.54),np.float64(973.4336349672592),np.float64(0.9734336349672592),np.float64(0.9980076480135737),
2023-11-27,COST,sell,np.float64(39.793644548944485),np.float64(592.52),np.float64(23578.530268140585),np.float64(23.578530268140586),,
2023-11-27,CSCO,sell,np.float64(483.95794167584154),np.float64(48.33),np.float64(23389.68732119342),np.float64(23.38968732119342),,
2023-11-27,PEP,sell,np.float64(138.40037797522655),np.float64(169.7),np.float64(23486.544142395942),np.float64(23.486544142395942),,
2023-11-27,AAPL,buy,np.float64(122.59935643743326),np.float64(189.92),np.float64(23284.069774597323),np.float64(23.284069774597324),np.float64(0.9980026976994129),
2023-11-27,AMAT,buy,np.float64(1.739194523172049),np.float64(149.5),np.float64(260.0095812142213),np.float64(0.26000958121422135),np.float64(0.9980026976994129),
2023-11-27,NVDA,buy,np.float64(48.71144304309063),np.float64(478.0),np.float64(23284.069774597323),np.float64(23.284069774597324),np.float64(0.9980026976994129),
2023-11-27,QCOM,buy,np.float64(182.95018287575488),np.float64(127.27),np.float64(23284.069774597323),np.float64(23.284069774597324),np.float64(0.9980026976994129),
2023-11-27,WMT,buy,np.float64(1.6101676071812723),np.float64(155.95),np.float64(251.10563833991938),np.float64(0.2511056383399194),np.float64(0.9980026976994129),
2023-12-04,AAPL,sell,np.float64(122.59935643743326),np.float64(189.98),np.float64(23291.42573598357),np.float64(23.29142573598357),,
2023-12-04,AMAT,sell,np.float64(156.05450043321778),np.float64(150.04),np.float64(23414.417244999993),np.float64(23.414417244999992),,
2023-12-04,NVDA,sell,np.float64(48.71144304309063),np.float64(460.77),np.float64(22444.771610964868),np.float64(22.444771610964867),,
2023-12-04,QCOM,sell,np.float64(182.95018287575488),np.float64(129.33),np.float64(23660.94715132138),np.float64(23.66094715132138),,
2023-12-04,WMT,sell,np.float64(149.60029262085598),np.float64(153.32),np.float64(22936.716864629638),np.float64(22.936716864629638),,
2023-12-04,AVGO,buy,np.float64(25.126700392844942),np.float64(920.64),np.float64(23132.645449668766),np.float64(23.132645449668765),np.float64(0.9980032596128365),
2023-12-04,GOOGL,buy,np.float64(178.1078337670832),np.float64(129.88),np.float64(23132.645449668766),np.float64(23.132645449668765),np.float64(0.9980032596128365),
2023-12-04,META,buy,np.float64(72.90694774392122),np.float64(317.29),np.float64(23132.645449668766),np.float64(23.132645449668765),np.float64(0.9980032596128365),
2023-12-04,NFLX,buy,np.float64(50.180362805416095),np.float64(460.99),np.float64(23132.645449668766),np.float64(23.132645449668765),np.float64(0.9980032596128365),
2023-12-04,XOM,buy,np.float64(226.50196269136165),np.float64(102.13),np.float64(23132.645449668766),np.float64(23.132645449668765),np.float64(0.9980032596128365),
2023-12-11,AVGO,sell,np.float64(25.126700392844942),np.float64(957.01),np.float64(24046.503542956536),np.float64(24.046503542956536),,
2023-12-11,GOOGL,sell,np.float64(178.1078337670832),np.float64(132.38),np.float64(23577.915034086473),np.float64(23.577915034086473),,
2023-12-11,META,sell,np.float64(72.90694774392122),np.float64(329.4),np.float64(24015.54858684765),np.float64(24.01554858684765),,
2023-12-11,NFLX,sell,np.float64(50.180362805416095),np.float64(459.36),np.float64(23050.85145829594),np.float64(23.05085145829594),,
2023-12-11,CRM,buy,np.float64(93.64908594148709),np.float64(250.0),np.float64(23412.271485371773),np.float64(23.412271485371775),np.float64(0.9980019980019981),
2023-12-11,JNJ,buy,np.float64(151.5357377693966),np.float64(154.5),np.float64(23412.271485371773),np.float64(23.412271485371775),np.float64(0.9980019980019981),
2023-12-11,ORCL,buy,np.float64(205.78598475320186),np.float64(113.77),np.float64(23412.271485371773),np.float64(23.412271485371775),np.float64(0.9980019980019981),
2023-12-11,PEP,buy,np.float64(139.8248416469886),np.float64(167.44),np.float64(23412.271485371773),np.float64(23.412271485371775),np.float64(0.9980019980019981),
2023-12-11,XOM,buy,np.float64(8.54248733366683),np.float64(99.8),np.float64(852.5402358999497),np.float64(0.8525402358999498),np.float64(0.9980019980019981),
2023-12-18,CRM,sell,np.float64(93.64908594148709),np.float64(259.82),np.float64(24331.905509317174),np.float64(24.331905509317174),,
2023-12-18,JNJ,sell,np.float64(1.2411064697601228),np.float64(155.21),np.float64(192.6321351714687),np.float64(0.19263213517146868),,
2023-12-18,PEP,sell,np.float64(139.8248416469886),np.float64(168.06),np.float64(23498.962887192905),np.float64(23.498962887192906),,
2023-12-18,XOM,sell,np.float64(235.04445002502848),np.float64(102.13),np.float64(24005.089681056157),np.float64(24.00508968105616),,
2023-12-18,ADBE,buy,np.float64(39.35728609754555),np.float64(591.52),np.float64(23280.621872420143),np.float64(23.28062187242014),np.float64(0.9980019980019981),
2023-12-18,KO,buy,np.float64(395.92894340850586),np.float64(58.8),np.float64(23280.621872420143),np.float64(23.28062187242014),np.float64(0.9980019980019981),
2023-12-18,MSFT,buy,np.float64(63.01426951527986),np.float64(369.45),np.float64(23280.621872420143),np.float64(23.28062187242014),np.float64(0.9980019980019981),
2023-12-18,ORCL,buy,np.float64(19.75448533332336),np.float64(103.41),np.float64(2042.8113283189684),np.float64(2.0428113283189684),np.float64(0.9980019980019981),
2023-12-26,ADBE,sell,np.float64(39.35728609754555),np.float64(598.92),np.float64(23571.86578954198),np.float64(23.571865789541977),,
2023-12-26,MSFT,sell,np.float64(63.01426951527986),np.float64(375.0),np.float64(23630.351068229946),np.float64(23.630351068229945),,
2023-12-26,ORCL,sell,np.float64(225.5404700865252),np.float64(106.52),np.float64(24024.570873616663),np.float64(24.024570873616664),,
2023-12-26,AAPL,buy,np.float64(121.14591668038892),np.float64(193.61),np.float64(23455.0609284901),np.float64(23.455060928490102),np.float64(0.9980019980019976),
2023-12-26,JNJ,buy,np.float64(1.3286314061834188),np.float64(155.0),np.float64(205.9378679584299),np.float64(0.20593786795842992),np.float64(0.9980019980019976),
2023-12-26,KO,buy,np.float64(8.841815600435467),np.float64(58.06),np.float64(513.3558137612832),np.float64(0.5133558137612833),np.float64(0.9980019980019976),
2023-12-26,PEP,buy,np.float64(139.90492650456366),np.float64(167.65),np.float64(23455.0609284901),np.float64(23.455060928490102),np.float64(0.9980019980019976),
2023-12-26,QCOM,buy,np.float64(162.69030261836792),np.float64(144.17),np.float64(23455.0609284901),np.float64(23.455060928490102),np.float64(0.9980019980019976),
2024-01-02,JNJ,sell,np.float64(151.62326270581988),np.float64(156.93),np.float64(23794.238616424314),np.float64(23.794238616424316),,
2024-01-02,KO,sell,np.float64(404.77075900894135),np.float64(58.8),np.float64(23800.52062972575),np.float64(23.80052062972575),,
2024-01-02,PEP,sell,np.float64(139.90492650456366),np.float64(169.52),np.float64(23716.683141053632),np.float64(23.716683141053633),,
2024-01-02,QCOM,sell,np.float64(162.69030261836792),np.float64(142.19),np.float64(23132.934129305733),np.float64(23.132934129305735),,
2024-01-02,AAPL,buy,np.float64(4.00431921408083),np.float64(187.15),np.float64(749.4083409152273),np.float64(0.7494083409152273),np.float64(0.998001998001998),
2024-01-02,AMZN,buy,np.float64(154.26004375513756),np.float64(151.54),np.float64(23376.567030653543),np.float64(23.376567030653543),np.float64(0.998001998001998),
2024-01-02,CRM,buy,np.float64(89.7235243365838),np.float64(260.54),np.float64(23376.567030653543),np.float64(23.376567030653543),np.float64(0.998001998001998),
2024-01-02,TSLA,buy,np.float64(93.47635568879376),np.float64(250.08),np.float64(23376.567030653543),np.float64(23.376567030653543),np.float64(0.998001998001998),
2024-01-02,XOM,buy,np.float64(231.63463169494196),np.float64(100.92),np.float64(23376.567030653543),np.float64(23.376567030653543),np.float64(0.998001998001998),
2024-01-08,AAPL,sell,np.float64(0.5278532936113638),np.float64(182.085),np.float64(96.11416696722517),np.float64(0.09611416696722518),,
2024-01-08,AMZN,sell,np.float64(154.26004375513756),np.float64(146.74),np.float64(22636.118820628886),np.float64(22.636118820628887),,
2024-01-08,CRM,sell,np.float64(89.7235243365838),np.float64(252.21),np.float64(22629.1700729298),np.float64(22.6291700729298),,
2024-01-08,TSLA,sell,np.float64(93.47635568879376),np.float64(236.14),np.float64(22073.506632351757),np.float64(22.07350663235176),,
2024-01-08,XOM,sell,np.float64(231.63463169494196),np.float64(100.73),np.float64(23332.556450631506),np.float64(23.332556450631508),,
2024-01-08,AMAT,buy,np.float64(151.14815551758804),np.float64(149.83),np.float64(22646.52814120022),np.float64(22.646528141200218),np.float64(0.9980019980019978),
2024-01-08,AVGO,buy,np.float64(21.435426541599828),np.float64(1056.5),np.float64(22646.52814120022),np.float64(22.646528141200218),np.float64(0.9980019980019978),
2024-01-08,INTC,buy,np.float64(481.1244559422184),np.float64(47.07),np.float64(22646.52814120022),np.float64(22.646528141200218),np.float64(0.9980019980019978),
2024-01-08,QCOM,buy,np.float64(165.31519192057974),np.float64(136.99),np.float64(22646.52814120022),np.float64(22.646528141200218),np.float64(0.9980019980019978),
2024-01-16,AAPL,sell,np.float64(124.62238260085839),np.float64(182.16),np.float64(22701.213214572363),np.float64(22.701213214572363),,
2024-01-16,AMAT,sell,np.float64(151.14815551758804),np.float64(151.3),np.float64(22868.71592981107),np.float64(22.86871592981107),,
2024-01-16,AVGO,sell,np.float64(21.435426541599828),np.float64(1112.34),np.float64(23843.48235928315),np.float64(23.84348235928315),,
2024-01-16,INTC,sell,np.float64(481.1244559422184),np.float64(46.98),np.float64(22603.22694016542),np.float64(22.60322694016542),,
2024-01-16,QCOM,sell,np.float64(165.31519192057974),np.float64(140.0),np.float64(23144.12686888116),np.float64(23.144126868881163),,
2024-01-16,JNJ,buy,np.float64(142.26734402862778),np.float64(161.57),np.float64(22986.134774705388),np.float64(22.986134774705388),np.float64(0.9980019980019981),
2024-01-16,JPM,buy,np.float64(139.4197535919536),np.float64(164.87),np.float64(22986.134774705388),np.float64(22.986134774705388),np.float64(0.9980019980019981),
2024-01-16,PEP,buy,np.float64(137.4193505990637),np.float64(167.27),np.float64(22986.134774705388),np.float64(22.986134774705388),np.float64(0.9980019980019981),
2024-01-16,TSLA,buy,np.float64(106.86255125386047),np.float64(215.1),np.float64(22986.134774705388),np.float64(22.986134774705388),np.float64(0.9980019980019981),
2024-01-16,XOM,buy,np.float64(230.27584426673403),np.float64(99.82),np.float64(22986.134774705388),np.float64(22.986134774705388),np.float64(0.9980019980019981),
2024-01-22,JNJ,sell,np.float64(142.26734402862778),np.float64(162.0),np.float64(23047.3097326377),np.float64(23.0473097326377),,
2024-01-22,JPM,sell,np.float64(4.996152013776509),np.float64(170.46),np.float64(851.6440722683438),np.float64(0.8516440722683438),,
2024-01-22,KO,buy,np.float64(382.6971000364551),np.float64(59.755),np.float64(22868.065212678375),np.float64(22.868065212678374),np.float64(0.9980019980019982),
2024-01-22,PEP,buy,np.float64(0.6478455738998165),np.float64(165.96),np.float64(107.51645144441355),np.float64(0.10751645144441355),np.float64(0.9980019980019982),
2024-01-22,TSLA,buy,np.float64(1.087063289465502),np.float64(212.26),np.float64(230.74005382194744),np.float64(0.23074005382194746),np.float64(0.9980019980019982),
2024-01-22,XOM,buy,np.float64(6.668892756038793),np.float64(96.7),np.float64(644.8819295089513),np.float64(0.6448819295089513),np.float64(0.9980019980019982),
2024-01-29,JPM,sell,np.float64(134.42360157817708),np.float64(172.24),np.float64(23153.121135825222),np.float64(23.153121135825224),,
2024-01-29,KO,sell,np.float64(0.384931539226193),np.float64(59.34),np.float64(22.841837537682295),np.float64(0.022841837537682295),,
2024-01-29,PEP,sell,np.float64(138.06719617296352),np.float64(167.53),np.float64(23130.39737485658),np.float64(23.13039737485658),,
2024-01-29,XOM,sell,np.float64(236.9447370227728),np.float64(102.98),np.float64(24400.569018605147),np.float64(24.400569018605147),,
2024-01-29,COST,buy,np.float64(32.817910708724426),np.float64(689.9),np.float64(22641.07659794898),np.float64(22.64107659794898),np.float64(0.9980019980019976),
2024-01-29,INTC,buy,np.float64(517.9839075257145),np.float64(43.71),np.float64(22641.07659794898),np.float64(22.64107659794898),np.float64(0.9980019980019976),
2024-01-29,JNJ,buy,np.float64(142.38775295861257),np.float64(159.01),np.float64(22641.07659794898),np.float64(22.64107659794898),np.float64(0.9980019980019976),
2024-01-29,TSLA,buy,np.float64(14.234913466735897),np.float64(185.63),np.float64(2642.4269868301844),np.float64(2.6424269868301846),np.float64(0.9980019980019976),
2024-02-05,COST,sell,np.float64(32.817910708724426),np.float64(710.64),np.float64(23321.720066047925),np.float64(23.321720066047924),,
2024-02-05,INTC,sell,np.float64(517.9839075257145),np.float64(42.62),np.float64(22076.47413874595),np.float64(22.07647413874595),,
2024-02-05,KO,sell,np.float64(382.31216849722887),np.float64(60.38),np.float64(23084.00873386268),np.float64(23.08400873386268),,
2024-02-05,TSLA,sell,np.float64(122.18452801006188),np.float64(184.26),np.float64(22513.721131134),np.float64(22.513721131134),,
2024-02-05,AAPL,buy,np.float64(120.2257293699089),np.float64(188.15),np.float64(22620.47098094836),np.float64(22.62047098094836),np.float64(0.9980023653649455),
2024-02-05,CSCO,buy,np.float64(452.952963174777),np.float64(49.94),np.float64(22620.47098094836),np.float64(22.62047098094836),np.float64(0.9980023653649455),
2024-02-05,GOOGL,buy,np.float64(158.3844768306145),np.float64(142.82),np.float64(22620.47098094836),np.float64(22.62047098094836),np.float64(0.9980023653649455),
2024-02-05,JNJ,buy,np.float64(2.334914347681678),np.float64(156.61),np.float64(365.6709359904276),np.float64(0.3656709359904276),np.float64(0.9980023653649455),
2024-02-05,QCOM,buy,np.float64(159.45630185357646),np.float64(141.86),np.float64(22620.47098094836),np.float64(22.62047098094836),np.float64(0.9980023653649455),
2024-02-12,AAPL,sell,np.float64(120.2257293699089),np.float64(188.415),np.float64(22652.330799231386),np.float64(22.652330799231386),,
2024-02-12,CSCO,sell,np.float64(452.952963174777),np.float64(50.03),np.float64(22661.23674763409),np.float64(22.661236747634092),,
2024-02-12,GOOGL,sell,np.float64(158.3844768306145),np.float64(148.42),np.float64(23507.4240511998),np.float64(23.5074240511998),,
2024-02-12,QCOM,sell,np.float64(159.45630185357646),np.float64(150.38),np.float64(23979.03867274083),np.float64(23.97903867274083),,
2024-02-12,ADBE,buy,np.float64(36.82391283822144),np.float64(626.0),np.float64(23051.76943672662),np.float64(23.05176943672662),np.float64(0.9980023085233394),
2024-02-12,JNJ,buy,np.float64(2.786838853640382),np.float64(156.58),np.float64(436.36322770301103),np.float64(0.43636322770301106),np.float64(0.9980023085233394),
2024-02-12,JPM,buy,np.float64(131.8902016061713),np.float64(174.78),np.float64(23051.76943672662),np.float64(23.05176943672662),np.float64(0.9980023085233394),
2024-02-12,KO,buy,np.float64(386.3856761100674),np.float64(59.66),np.float64(23051.76943672662),np.float64(23.05176943672662),np.float64(0.9980023085233394),
2024-02-12,PEP,buy,np.float64(137.32735277449433),np.float64(167.86),np.float64(23051.76943672662),np.float64(23.05176943672662),np.float64(0.9980023085233394),
2024-02-20,JNJ,sell,np.float64(147.50950615993463),np.float64(156.56),np.float64(23094.088284399368),np.float64(23.09408828439937),,
2024-02-20,JPM,sell,np.float64(131.8902016061713),np.float64(179.19),np.float64(23633.405225809835),np.float64(23.633405225809835),,
2024-02-20,KO,sell,np.float64(386.3856761100674),np.float64(59.595),np.float64(23026.654367779465),np.float64(23.026654367779464),,
2024-02-20,PEP,sell,np.float64(137.32735277449433),np.float64(167.74),np.float64(23035.29015439368),np.float64(23.035290154393678),,
2024-02-20,ADBE,buy,np.float64(5.512290049349337),np.float64(531.495),np.float64(2929.754599778926),np.float64(2.929754599778926),np.float64(0.9980038843140482),
2024-02-20,CSCO,buy,np.float64(468.25959402439116),np.float64(47.97),np.float64(22462.412725350045),np.float64(22.462412725350045),np.float64(0.9980038843140482),
2024-02-20,GOOGL,buy,np.float64(160.8421662335759),np.float64(139.655),np.float64(22462.412725350045),np.float64(22.462412725350045),np.float64(0.9980038843140482),
2024-02-20,MSFT,buy,np.float64(55.70482274910734),np.float64(403.24),np.float64(22462.412725350045),np.float64(22.462412725350045),np.float64(0.9980038843140482),
2024-02-20,MU,buy,np.float64(283.13370801474815),np.float64(79.335),np.float64(22462.412725350045),np.float64(22.462412725350045),np.float64(0.9980038843140482),
2024-02-26,ADBE,sell,np.float64(0.07276946273429072),np.float64(556.56),np.float64(40.50057217939684),np.float64(0.04050057217939684),,
2024-02-26,GOOGL,sell,np.float64(160.8421662335759),np.float64(142.14),np.float64(22862.105508440476),np.float64(22.862105508440475),,
2024-02-26,MSFT,sell,np.float64(55.70482274910734),np.float64(411.455),np.float64(22920.027844233962),np.float64(22.920027844233964),,
2024-02-26,MU,sell,np.float64(283.13370801474815),np.float64(89.68),np.float64(25391.430934762615),np.float64(25.391430934762614),,
2024-02-26,AAPL,buy,np.float64(128.81441632566325),np.float64(182.24),np.float64(23475.13923118887),np.float64(23.47513923118887),np.float64(0.9980019980019977),
2024-02-26,CSCO,buy,np.float64(13.231552142773266),np.float64(48.85),np.float64(646.361322174474),np.float64(0.6463613221744741),np.float64(0.9980019980019977),
2024-02-26,INTC,buy,np.float64(539.6583731307786),np.float64(43.5),np.float64(23475.13923118887),np.float64(23.47513923118887),np.float64(0.9980019980019977),
2024-02-26,TSLA,buy,np.float64(122.081955542092),np.float64(192.29),np.float64(23475.13923118887),np.float64(23.47513923118887),np.float64(0.9980019980019977),
2024-03-04,ADBE,sell,np.float64(42.263433424836485),np.float64(572.85),np.float64(24210.60783741758),np.float64(24.21060783741758),,
2024-03-04,INTC,sell,np.float64(539.6583731307786),np.float64(44.27),np.float64(23890.676178499572),np.float64(23.89067617849957),,
2024-03-04,TSLA,sell,np.float64(122.081955542092),np.float64(198.73),np.float64(24261.347024879942),np.float64(24.261347024879942),,
2024-03-04,AAPL,buy,np.float64(5.54067597778626),np.float64(176.15),np.float64(975.9900734870498),np.float64(0.9759900734870498),np.float64(0.998001998001998),
2024-03-04,CSCO,buy,np.float64(7.817236030967557),np.float64(48.37),np.float64(378.1197068179007),np.float64(0.3781197068179007),np.float64(0.998001998001998),
2024-03-04,GOOGL,buy,np.float64(174.12143245145208),np.float64(135.66),np.float64(23621.31352636399),np.float64(23.621313526363988),np.float64(0.998001998001998),
2024-03-04,KO,buy,np.float64(398.80657650454145),np.float64(59.23),np.float64(23621.31352636399),np.float64(23.621313526363988),np.float64(0.998001998001998),
2024-03-04,PEP,buy,np.float64(143.63827015119483),np.float64(164.45),np.float64(23621.31352636399),np.float64(23.621313526363988),np.float64(0.998001998001998),
2024-03-11,CSCO,sell,np.float64(489.30838219813194),np.float64(49.72),np.float64(24328.41276289112),np.float64(24.32841276289112),,
2024-03-11,GOOGL,sell,np.float64(174.12143245145208),np.float64(136.13),np.float64(23703.150599616172),np.float64(23.703150599616173),,
2024-03-11,KO,sell,np.float64(398.80657650454145),np.float64(59.78),np.float64(23840.657143441487),np.float64(23.840657143441486),,
2024-03-11,PEP,sell,np.float64(143.63827015119483),np.float64(163.92),np.float64(23545.185243183856),np.float64(23.545185243183855),,
2024-03-11,AAPL,buy,np.float64(2.8576155776698475),np.float64(172.94),np.float64(494.1960380022234),np.float64(0.49419603800222345),np.float64(0.998001998001998),
2024-03-11,AVGO,buy,np.float64(18.5324246132025),np.float64(1277.93),np.float64(23683.141385949875),np.float64(23.683141385949877),np.float64(0.998001998001998),
2024-03-11,COST,buy,np.float64(32.90193437983618),np.float64(719.81),np.float64(23683.141385949875),np.float64(23.683141385949877),np.float64(0.998001998001998),
2024-03-11,CRM,buy,np.float64(78.25515921870829),np.float64(302.64),np.float64(23683.141385949875),np.float64(23.683141385949877),np.float64(0.998001998001998),
2024-03-11,TSLA,buy,np.float64(134.988978802188),np.float64(175.445),np.float64(23683.141385949875),np.float64(23.683141385949877),np.float64(0.998001998001998),
2024-03-18,AAPL,sell,np.float64(137.21270788111937),np.float64(175.57),np.float64(24090.435122688126),np.float64(24.090435122688127),,
2024-03-18,COST,sell,np.float64(32.90193437983618),np.float64(726.1),np.float64(23890.094553199047),np.float64(23.89009455319905),,
2024-03-18,ADBE,buy,np.float64(47.387255658882346),np.float64(495.55),np.float64(23482.754541759146),np.float64(23.482754541759146),np.float64(0.9980026493163047),
2024-03-18,AMD,buy,np.float64(121.49289671603667),np.float64(193.285),np.float64(23482.754541759146),np.float64(23.482754541759146),np.float64(0.9980026493163047),
2024-03-18,AVGO,buy,np.float64(0.2311693461610096),np.float64(1253.98),np.float64(289.8817366989828),np.float64(0.2898817366989828),np.float64(0.9980026493163047),
2024-03-18,CRM,buy,np.float64(0.27626740618727175),np.float64(299.62),np.float64(82.77524024183036),np.float64(0.08277524024183036),np.float64(0.9980026493163047),
2024-03-18,TSLA,buy,np.float64(3.3982426430128494),np.float64(170.02),np.float64(577.7692141650447),np.float64(0.5777692141650447),np.float64(0.9980026493163047),
2024-03-25,ADBE,sell,np.float64(47.387255658882346),np.float64(496.79),np.float64(23541.51473877616),np.float64(23.54151473877616),,
2024-03-25,AVGO,sell,np.float64(18.76359395936351),np.float64(1345.03),np.float64(25237.596783162702),np.float64(25.237596783162704),,
2024-03-25,CRM,sell,np.float64(78.53142662489556),np.float64(303.7),np.float64(23849.994265980782),np.float64(23.849994265980783),,
2024-03-25,TSLA,sell,np.float64(138.38722144520085),np.float64(168.76),np.float64(23354.227491092093),np.float64(23.354227491092093),,
2024-03-25,AAPL,buy,np.float64(137.02007085766363),np.float64(170.565),np.float64(23370.828385837394),np.float64(23.370828385837395),np.float64(0.9980030222377498),
2024-03-25,AMD,buy,np.float64(13.919348188690853),np.float64(172.9),np.float64(2406.6553018246486),np.float64(2.4066553018246486),np.float64(0.9980030222377498),
2024-03-25,JNJ,buy,np.float64(150.39143105429469),np.float64(155.4),np.float64(23370.828385837394),np.float64(23.370828385837395),np.float64(0.9980030222377498),
2024-03-25,KO,buy,np.float64(386.4224270145072),np.float64(60.48),np.float64(23370.828385837394),np.float64(23.370828385837395),np.float64(0.9980030222377498),
2024-03-25,WMT,buy,np.float64(383.94658100603573),np.float64(60.87),np.float64(23370.828385837394),np.float64(23.370828385837395),np.float64(0.9980030222377498),
2024-04-01,AAPL,sell,np.float64(137.02007085766363),np.float64(171.19),np.float64(23456.465930123435),np.float64(23.456465930123436),,
2024-04-01,AMD,sell,np.float64(135.41224490472752),np.float64(180.1),np.float64(24387.745307341425),np.float64(24.387745307341426),,
2024-04-01,JNJ,sell,np.float64(150.39143105429469),np.float64(157.72),np.float64(23719.736505883357),np.float64(23.719736505883358),,
2024-04-01,KO,sell,np.float64(386.4224270145072),np.float64(61.18),np.float64(23641.32408474755),np.float64(23.641324084747552),,
2024-04-01,CRM,buy,np.float64(78.30859785475634),np.float64(301.69),np.float64(23624.920886801443),np.float64(23.624920886801444),np.float64(0.9980019980019981),
2024-04-01,META,buy,np.float64(48.49121692693235),np.float64(487.2),np.float64(23624.920886801443),np.float64(23.624920886801444),np.float64(0.9980019980019981),
2024-04-01,MSFT,buy,np.float64(55.725724464680845),np.float64(423.95),np.float64(23624.920886801443),np.float64(23.624920886801444),np.float64(0.9980019980019981),
2024-04-01,ORCL,buy,np.float64(188.18640183846935),np.float64(125.54),np.float64(23624.920886801443),np.float64(23.624920886801444),np.float64(0.9980019980019981),
2024-04-01,WMT,buy,np.float64(8.545315164270296),np.float64(60.31),np.float64(515.3679575571415),np.float64(0.5153679575571415),np.float64(0.9980019980019981),
2024-04-08,CRM,sell,np.float64(78.30859785475634),np.float64(301.1),np.float64(23578.718814067135),np.float64(23.578718814067134),,
2024-04-08,META,sell,np.float64(48.49121692693235),np.float64(529.28),np.float64(25665.431295086753),np.float64(25.665431295086755),,
2024-04-08,MSFT,sell,np.float64(55.725724464680845),np.float64(425.17),np.float64(23692.906270648356),np.float64(23.692906270648358),,
2024-04-08,ORCL,sell,np.float64(188.18640183846935),np.float64(125.0),np.float64(23523.30022980867),np.float64(23.52330022980867),,
2024-04-08,WMT,sell,np.float64(392.491896170306),np.float64(59.6),np.float64(23392.51701175024),np.float64(23.39251701175024),,
2024-04-08,INTC,buy,np.float64(619.1170152194586),np.float64(38.64),np.float64(23922.68146807988),np.float64(23.922681468079883),np.float64(0.9980019980019981),
2024-04-08,JNJ,buy,np.float64(157.3964173174543),np.float64(151.99),np.float64(23922.68146807988),np.float64(23.922681468079883),np.float64(0.9980019980019981),
2024-04-08,KO,buy,np.float64(402.7387452538701),np.float64(59.4),np.float64(23922.68146807988),np.float64(23.922681468079883),np.float64(0.9980019980019981),
2024-04-08,PEP,buy,np.float64(141.4287996930528),np.float64(169.15),np.float64(23922.68146807988),np.float64(23.922681468079883),np.float64(0.9980019980019981),
2024-04-08,TSLA,buy,np.float64(141.27011614550537),np.float64(169.34),np.float64(23922.68146807988),np.float64(23.922681468079883),np.float64(0.9980019980019981),
2024-04-15,KO,sell,np.float64(2.6316191869818075),np.float64(58.61),np.float64(154.23920054900373),np.float64(0.15423920054900372),,
2024-04-15,PEP,sell,np.float64(141.4287996930528),np.float64(169.21),np.float64(23931.167196061466),np.float64(23.931167196061466),,
2024-04-15,TSLA,sell,np.float64(141.27011614550537),np.float64(170.24),np.float64(24049.824572610836),np.float64(24.049824572610838),,
2024-04-15,AMD,buy,np.float64(142.33062674187423),np.float64(164.43),np.float64(23403.424955166378),np.float64(23.40342495516638),np.float64(0.998001998001998),
2024-04-15,INTC,buy,np.float64(31.49359322255894),np.float64(36.04),np.float64(1135.029099741024),np.float64(1.1350290997410242),np.float64(0.998001998001998),
2024-04-15,JNJ,buy,np.float64(0.654968467323196),np.float64(148.37),np.float64(97.1776714967426),np.float64(0.09717767149674261),np.float64(0.998001998001998),
2024-04-15,JPM,buy,np.float64(126.84783173531912),np.float64(184.5),np.float64(23403.424955166378),np.float64(23.40342495516638),np.float64(0.998001998001998),
2024-04-22,AMD,sell,np.float64(142.33062674187423),np.float64(148.15),np.float64(21086.282351808666),np.float64(21.086282351808666),,
2024-04-22,INTC,sell,np.float64(650.6106084420176),np.float64(34.415),np.float64(22390.764089532033),np.float64(22.390764089532034),,
2024-04-22,JNJ,sell,np.float64(158.0513857847775),np.float64(148.51),np.float64(23472.211302897304),np.float64(23.472211302897303),,
2024-04-22,JPM,sell,np.float64(126.84783173531912),np.float64(185.99),np.float64(23592.428224452004),np.float64(23.592428224452004),,
2024-04-22,KO,sell,np.float64(400.10712606688827),np.float64(60.14),np.float64(24062.44256166266),np.float64(24.06244256166266),,
2024-04-22,AVGO,buy,np.float64(18.681118701930547),np.float64(1224.5),np.float64(22875.029850513954),np.float64(22.875029850513954),np.float64(0.9980019980019981),
2024-04-22,MU,buy,np.float64(212.59321422410738),np.float64(107.6),np.float64(22875.029850513954),np.float64(22.875029850513954),np.float64(0.9980019980019981),
2024-04-22,NFLX,buy,np.float64(41.54111402773754),np.float64(550.66),np.float64(22875.029850513954),np.float64(22.875029850513954),np.float64(0.9980019980019981),
2024-04-22,NVDA,buy,np.float64(29.287910799080656),np.float64(781.04),np.float64(22875.029850513954),np.float64(22.875029850513954),np.float64(0.9980019980019981),
2024-04-22,TSLA,buy,np.float64(162.74210195300196),np.float64(140.56),np.float64(22875.029850513954),np.float64(22.875029850513954),np.float64(0.9980019980019981),
2024-04-29,AVGO,sell,np.float64(18.681118701930547),np.float64(1344.08),np.float64(25108.91802489081),np.float64(25.10891802489081),,
2024-04-29,MU,sell,np.float64(212.59321422410738),np.float64(113.81),np.float64(24195.233710845663),np.float64(24.195233710845663),,
2024-04-29,NFLX,sell,np.float64(41.54111402773754),np.float64(559.18),np.float64(23228.960142030275),np.float64(23.228960142030274),,
2024-04-29,NVDA,sell,np.float64(29.287910799080656),np.float64(875.95),np.float64(25654.745464454703),np.float64(25.654745464454702),,
2024-04-29,TSLA,sell,np.float64(162.74210195300196),np.float64(188.42),np.float64(30663.866849984628),np.float64(30.66386684998463),,
2024-04-29,CSCO,buy,np.float64(535.9211426956618),np.float64(47.99),np.float64(25718.855637964814),np.float64(25.718855637964815),np.float64(0.9980019980019981),
2024-04-29,INTC,buy,np.float64(807.2459396724676),np.float64(31.86),np.float64(25718.855637964814),np.float64(25.718855637964815),np.float64(0.9980019980019981),
2024-04-29,JNJ,buy,np.float64(175.98779005039563),np.float64(146.14),np.float64(25718.855637964814),np.float64(25.718855637964815),np.float64(0.9980019980019981),
2024-04-29,META,buy,np.float64(58.51045508682504),np.float64(439.56),np.float64(25718.855637964814),np.float64(25.718855637964815),np.float64(0.9980019980019981),
2024-04-29,XOM,buy,np.float64(218.40060833869578),np.float64(117.76),np.float64(25718.855637964814),np.float64(25.718855637964815),np.float64(0.9980019980019981),
2024-05-06,INTC,sell,np.float64(807.2459396724676),np.float64(31.115),np.float64(25117.457412908825),np.float64(25.117457412908827),,
2024-05-06,JNJ,sell,np.float64(175.98779005039563),np.float64(149.87),np.float64(26375.290094852793),np.float64(26.375290094852794),,
2024-05-06,META,sell,np.float64(58.51045508682504),np.float64(455.58),np.float64(26656.19312845575),np.float64(26.65619312845575),,
2024-05-06,AVGO,buy,np.float64(20.0243646446139),np.float64(1286.225),np.float64(25755.838415018512),np.float64(25.755838415018513),np.float64(0.9980032862465401),
2024-05-06,CSCO,buy,np.float64(10.592361017478042),np.float64(47.22),np.float64(500.1712872453131),np.float64(0.5001712872453131),np.float64(0.9980032862465401),
2024-05-06,GOOGL,buy,np.float64(153.80292855021204),np.float64(167.46),np.float64(25755.838415018512),np.float64(25.755838415018513),np.float64(0.9980032862465401),
2024-05-06,JPM,buy,np.float64(134.33389879006162),np.float64(191.73),np.float64(25755.838415018512),np.float64(25.755838415018513),np.float64(0.9980032862465401),
2024-05-06,XOM,buy,np.float64(2.7934970592710804),np.float64(116.67),np.float64(325.91730190515693),np.float64(0.32591730190515694),np.float64(0.9980032862465401),
2024-05-13,AVGO,sell,np.float64(20.0243646446139),np.float64(1348.0),np.float64(26992.84354093954),np.float64(26.99284354093954),,
2024-05-13,CSCO,sell,np.float64(546.5135037131399),np.float64(48.31),np.float64(26402.06736438179),np.float64(26.40206736438179),,
2024-05-13,GOOGL,sell,np.float64(153.80292855021204),np.float64(164.26),np.float64(25263.66904365783),np.float64(25.263669043657828),,
2024-05-13,JPM,sell,np.float64(134.33389879006162),np.float64(198.8),np.float64(26705.579079464253),np.float64(26.705579079464254),,
2024-05-13,XOM,sell,np.float64(221.19410539796687),np.float64(118.42),np.float64(26193.805961227237),np.float64(26.193805961227238),,
2024-05-13,AAPL,buy,np.float64(141.60769208916142),np.float64(185.435),np.float64(26259.02238255365),np.float64(26.25902238255365),np.float64(0.9980019980019981),
2024-05-13,ADBE,buy,np.float64(54.00424149093791),np.float64(486.24),np.float64(26259.02238255365),np.float64(26.25902238255365),np.float64(0.9980019980019981),
2024-05-13,INTC,buy,np.float64(874.4263197653562),np.float64(30.03),np.float64(26259.02238255365),np.float64(26.25902238255365),np.float64(0.9980019980019981),
2024-05-13,JNJ,buy,np.float64(175.01347895596942),np.float64(150.04),np.float64(26259.02238255365),np.float64(26.25902238255365),np.float64(0.9980019980019981),
2024-05-13,TSLA,buy,np.float64(154.46483754443324),np.float64(170.0),np.float64(26259.02238255365),np.float64(26.25902238255365),np.float64(0.9980019980019981),
2024-05-20,AAPL,sell,np.float64(141.60769208916142),np.float64(189.325),np.float64(26809.876304780482),np.float64(26.809876304780484),,
2024-05-20,ADBE,sell,np.float64(54.00424149093791),np.float64(483.0),np.float64(26084.04864012301),np.float64(26.084048640123008),,
2024-05-20,INTC,sell,np.float64(874.4263197653562),np.float64(31.85),np.float64(27850.478284526595),np.float64(27.850478284526595),,
2024-05-20,JNJ,sell,np.float64(175.01347895596942),np.float64(153.1),np.float64(26794.563628158918),np.float64(26.79456362815892),,
2024-05-20,TSLA,sell,np.float64(154.46483754443324),np.float64(177.56),np.float64(27426.776554389566),np.float64(27.426776554389566),,
2024-05-20,AMZN,buy,np.float64(146.37396278720956),np.float64(184.34),np.float64(26982.57630019421),np.float64(26.98257630019421),np.float64(0.9980036017561588),
2024-05-20,CSCO,buy,np.float64(562.137006254046),np.float64(48.0),np.float64(26982.57630019421),np.float64(26.98257630019421),np.float64(0.9980036017561588),
2024-05-20,KO,buy,np.float64(428.7712744349946),np.float64(62.93),np.float64(26982.57630019421),np.float64(26.98257630019421),np.float64(0.9980036017561588),
2024-05-20,META,buy,np.float64(57.415844877527846),np.float64(469.95),np.float64(26982.57630019421),np.float64(26.98257630019421),np.float64(0.9980036017561588),
2024-05-20,PEP,buy,np.float64(148.1826366093372),np.float64(182.09),np.float64(26982.57630019421),np.float64(26.98257630019421),np.float64(0.9980036017561588),
2024-05-28,AMZN,sell,np.float64(146.37396278720956),np.float64(179.93),np.float64(26337.06712430262),np.float64(26.33706712430262),,
2024-05-28,KO,sell,np.float64(0.7027403471195923),np.float64(61.79),np.float64(43.42232604851961),np.float64(0.04342232604851961),,
2024-05-28,META,sell,np.float64(57.415844877527846),np.float64(476.575),np.float64(27362.956272507832),np.float64(27.362956272507834),,
2024-05-28,PEP,sell,np.float64(148.1826366093372),np.float64(176.23),np.float64(26114.226049663495),np.float64(26.114226049663497),,
2024-05-28,CRM,buy,np.float64(96.65875818274918),np.float64(273.1),np.float64(26397.506859708803),np.float64(26.397506859708802),np.float64(0.9980019980019982),
2024-05-28,CSCO,buy,np.float64(10.95500532238635),np.float64(46.152),np.float64(505.5954056387748),np.float64(0.5055954056387748),np.float64(0.9980019980019982),
2024-05-28,JNJ,buy,np.float64(179.83177913828465),np.float64(146.79),np.float64(26397.506859708803),np.float64(26.397506859708802),np.float64(0.9980019980019982),
2024-05-28,XOM,buy,np.float64(232.53617741110645),np.float64(113.52),np.float64(26397.506859708803),np.float64(26.397506859708802),np.float64(0.9980019980019982),
2024-06-03,CSCO,sell,np.float64(573.0920115764324),np.float64(46.72),np.float64(26774.85878085092),np.float64(26.77485878085092),,
2024-06-03,JNJ,sell,np.float64(179.83177913828465),np.float64(147.25),np.float64(26480.229478112415),np.float64(26.480229478112417),,
2024-06-03,KO,sell,np.float64(428.06853408787504),np.float64(62.71),np.float64(26844.177772650644),np.float64(26.844177772650646),,
2024-06-03,XOM,sell,np.float64(232.53617741110645),np.float64(116.3),np.float64(27043.95743291168),np.float64(27.043957432911682),,
2024-06-03,ADBE,buy,np.float64(57.894418021342766),np.float64(447.58),np.float64(25912.383617992593),np.float64(25.912383617992592),np.float64(0.9980019980019983),
2024-06-03,CRM,buy,np.float64(13.978418796354966),np.float64(234.62),np.float64(3279.616618000802),np.float64(3.2796166180008024),np.float64(0.9980019980019983),
2024-06-03,MSFT,buy,np.float64(62.36058869620984),np.float64(415.525),np.float64(25912.383617992593),np.float64(25.912383617992592),np.float64(0.9980019980019983),
2024-06-03,ORCL,buy,np.float64(220.47463301278475),np.float64(117.53),np.float64(25912.383617992593),np.float64(25.912383617992592),np.float64(0.9980019980019983),
2024-06-03,PEP,buy,np.float64(150.02537990963754),np.float64(172.72),np.float64(25912.383617992593),np.float64(25.912383617992592),np.float64(0.9980019980019983),
2024-06-10,ADBE,sell,np.float64(57.894418021342766),np.float64(453.84),np.float64(26274.8026748062),np.float64(26.2748026748062),,
2024-06-10,CRM,sell,np.float64(110.63717697910414),np.float64(241.79),np.float64(26750.96302177759),np.float64(26.75096302177759),,
2024-06-10,MSFT,sell,np.float64(62.36058869620984),np.float64(424.7),np.float64(26484.542019280318),np.float64(26.48454201928032),,
2024-06-10,ORCL,sell,np.float64(220.47463301278475),np.float64(125.73),np.float64(27720.275608697426),np.float64(27.720275608697428),,
2024-06-10,CSCO,buy,np.float64(579.4292257091735),np.float64(45.8),np.float64(26537.85853748014),np.float64(26.53785853748014),np.float64(0.998003888293326),
2024-06-10,JNJ,buy,np.float64(181.10870495789354),np.float64(146.53),np.float64(26537.85853748014),np.float64(26.53785853748014),np.float64(0.998003888293326),
2024-06-10,JPM,buy,np.float64(133.19543534169915),np.float64(199.24),np.float64(26537.85853748014),np.float64(26.53785853748014),np.float64(0.998003888293326),
2024-06-10,PEP,buy,np.float64(6.278193894425228),np.float64(170.11),np.float64(1067.9835633806756),np.float64(1.0679835633806756),np.float64(0.998003888293326),
2024-06-10,XOM,buy,np.float64(234.72367360233628),np.float64(113.06),np.float64(26537.85853748014),np.float64(26.53785853748014),np.float64(0.998003888293326),
2024-06-17,CSCO,sell,np.float64(579.4292257091735),np.float64(45.4),np.float64(26306.086847196475),np.float64(26.306086847196475),,
2024-06-17,JNJ,sell,np.float64(2.4850960784349394),np.float64(145.02),np.float64(360.38863329463493),np.float64(0.36038863329463494),,
2024-06-17,JPM,buy,np.float64(0.6878049945575923),np.float64(193.48),np.float64(133.07651034700294),np.float64(0.13307651034700294),np.float64(0.9980019980019977),
2024-06-17,KO,buy,np.float64(414.4979882061082),np.float64(62.37),np.float64(25852.239524414967),np.float64(25.852239524414966),np.float64(0.9980019980019977),
2024-06-17,PEP,buy,np.float64(2.136065378100964),np.float64(163.49),np.float64(349.22532866572664),np.float64(0.34922532866572664),np.float64(0.9980019980019977),
2024-06-17,XOM,buy,np.float64(2.5524818702366034),np.float64(109.17),np.float64(278.65444577373),np.float64(0.27865444577373),np.float64(0.9980019980019977),
2024-06-24,JNJ,sell,np.float64(178.6236088794586),np.float64(149.0),np.float64(26614.917723039332),np.float64(26.614917723039333),,
2024-06-24,JPM,sell,np.float64(133.88324033625673),np.float64(197.81),np.float64(26483.443770914946),np.float64(26.483443770914946),,
2024-06-24,PEP,sell,np.float64(158.43963918216372),np.float64(167.5),np.float64(26538.639563012424),np.float64(26.538639563012424),,
2024-06-24,XOM,sell,np.float64(237.27615547257287),np.float64(111.64),np.float64(26489.509996958033),np.float64(26.489509996958034),,
2024-06-24,AAPL,buy,np.float64(127.06675530486889),np.float64(207.72),np.float64(26394.306411927366),np.float64(26.394306411927367),np.float64(0.998001998001998),
2024-06-24,KO,buy,np.float64(5.353935943618941),np.float64(62.99),np.float64(337.24442508855714),np.float64(0.3372444250885571),np.float64(0.998001998001998),
2024-06-24,META,buy,np.float64(52.8732099597904),np.float64(499.2),np.float64(26394.306411927366),np.float64(26.394306411927367),np.float64(0.998001998001998),
2024-06-24,MU,buy,np.float64(185.30122445891158),np.float64(142.44),np.float64(26394.306411927366),np.float64(26.394306411927367),np.float64(0.998001998001998),
2024-06-24,QCOM,buy,np.float64(127.56418931867655),np.float64(206.91),np.float64(26394.306411927366),np.float64(26.394306411927367),np.float64(0.998001998001998),
2024-07-01,AAPL,sell,np.float64(127.06675530486889),np.float64(212.09),np.float64(26949.588132609642),np.float64(26.949588132609644),,
2024-07-01,KO,sell,np.float64(419.8519241497271),np.float64(64.03),np.float64(26883.118703307027),np.float64(26.883118703307026),,
2024-07-01,META,sell,np.float64(52.8732099597904),np.float64(504.95),np.float64(26698.327369196162),np.float64(26.698327369196164),,
2024-07-01,AVGO,buy,np.float64(16.15446048387091),np.float64(1608.2),np.float64(25979.6033501612),np.float64(25.979603350161202),np.float64(0.998001998001998),
2024-07-01,JNJ,buy,np.float64(177.8572146926898),np.float64(146.07),np.float64(25979.6033501612),np.float64(25.979603350161202),np.float64(0.998001998001998),
2024-07-01,MU,buy,np.float64(14.146428065538222),np.float64(130.5),np.float64(1846.108862552738),np.float64(1.846108862552738),np.float64(0.998001998001998),
2024-07-01,PEP,buy,np.float64(157.4139805511464),np.float64(165.04),np.float64(25979.6033501612),np.float64(25.979603350161202),np.float64(0.998001998001998),
2024-07-01,QCOM,buy,np.float64(2.933845314250332),np.float64(199.47),np.float64(585.2141248335137),np.float64(0.5852141248335136),np.float64(0.998001998001998),
2024-07-08,AVGO,sell,np.float64(16.15446048387091),np.float64(1705.0),np.float64(27543.3551249999),np.float64(27.543355124999902),,
2024-07-08,MU,sell,np.float64(199.4476525244498),np.float64(131.295),np.float64(26186.479538197636),np.float64(26.186479538197638),,
2024-07-08,QCOM,sell,np.float64(130.49803463292687),np.float64(207.24),np.float64(27044.412697327767),np.float64(27.04441269732777),,
2024-07-08,CSCO,buy,np.float64(570.6092740105771),np.float64(46.35),np.float64(26447.739850390248),np.float64(26.44773985039025),np.float64(0.9980022815956258),
2024-07-08,JNJ,buy,np.float64(3.152054665161847),np.float64(146.4),np.float64(461.46080297969445),np.float64(0.46146080297969444),np.float64(0.9980022815956258),
2024-07-08,KO,buy,np.float64(415.91036091193973),np.float64(63.59),np.float64(26447.739850390248),np.float64(26.44773985039025),np.float64(0.9980022815956258),
2024-07-08,PEP,buy,np.float64(5.096856771956885),np.float64(163.06),np.float64(831.0934652352896),np.float64(0.8310934652352896),np.float64(0.9980022815956258),
2024-07-08,XOM,buy,np.float64(235.3211126469459),np.float64(112.39),np.float64(26447.739850390248),np.float64(26.44773985039025),np.float64(0.9980022815956258),
2024-07-15,CSCO,sell,np.float64(570.6092740105771),np.float64(47.41),np.float64(27052.585680841457),np.float64(27.052585680841457),,
2024-07-15,JNJ,sell,np.float64(181.00926935785165),np.float64(150.08),np.float64(27165.871145226378),np.float64(27.16587114522638),,
2024-07-15,KO,sell,np.float64(415.91036091193973),np.float64(63.79),np.float64(26530.921922572634),np.float64(26.530921922572634),,
2024-07-15,PEP,sell,np.float64(162.5108373231033),np.float64(166.01),np.float64(26978.424104008376),np.float64(26.978424104008376),,
2024-07-15,XOM,sell,np.float64(235.3211126469459),np.float64(114.27),np.float64(26890.143542166505),np.float64(26.890143542166506),,
2024-07-15,AMZN,buy,np.float64(138.10544764489268),np.float64(194.56),np.float64(26869.79589379032),np.float64(26.86979589379032),np.float64(0.9980019980019982),
2024-07-15,COST,buy,np.float64(31.72873425807137),np.float64(846.86),np.float64(26869.79589379032),np.float64(26.86979589379032),np.float64(0.9980019980019982),
2024-07-15,META,buy,np.float64(53.8872428329429),np.float64(498.63),np.float64(26869.79589379032),np.float64(26.86979589379032),np.float64(0.9980019980019982),
2024-07-15,MSFT,buy,np.float64(59.27596711623719),np.float64(453.3),np.float64(26869.79589379032),np.float64(26.86979589379032),np.float64(0.9980019980019982),
2024-07-15,NFLX,buy,np.float64(41.49775427612405),np.float64(647.5),np.float64(26869.79589379032),np.float64(26.86979589379032),np.float64(0.9980019980019982),
2024-07-22,AMZN,sell,np.float64(138.10544764489268),np.float64(185.0),np.float64(25549.507814305147),np.float64(25.549507814305148),,
2024-07-22,COST,sell,np.float64(31.72873425807137),np.float64(845.75),np.float64(26834.57699876386),np.float64(26.83457699876386),,
2024-07-22,META,sell,np.float64(53.8872428329429),np.float64(486.575),np.float64(26220.185181439192),np.float64(26.22018518143919),,
2024-07-22,MSFT,sell,np.float64(59.27596711623719),np.float64(441.79),np.float64(26187.52951228243),np.float64(26.187529512282428),,
2024-07-22,NFLX,sell,np.float64(41.49775427612405),np.float64(639.5),np.float64(26537.81385958133),np.float64(26.53781385958133),,
2024-07-22,AMAT,buy,np.float64(121.22944691899286),np.float64(216.23),np.float64(26213.443307293826),np.float64(26.213443307293826),np.float64(0.9980019980019981),
2024-07-22,AMD,buy,np.float64(169.96332300650863),np.float64(154.23),np.float64(26213.443307293826),np.float64(26.213443307293826),np.float64(0.9980019980019981),
2024-07-22,MU,buy,np.float64(227.23165141551513),np.float64(115.36),np.float64(26213.443307293826),np.float64(26.213443307293826),np.float64(0.9980019980019981),
2024-07-22,NVDA,buy,np.float64(217.81008148977006),np.float64(120.35),np.float64(26213.443307293826),np.float64(26.213443307293826),np.float64(0.9980019980019981),
2024-07-22,QCOM,buy,np.float64(137.24315867693102),np.float64(191.0),np.float64(26213.443307293826),np.float64(26.213443307293826),np.float64(0.9980019980019981),
2024-07-29,AMAT,sell,np.float64(121.22944691899286),np.float64(208.3),np.float64(25252.093793226213),np.float64(25.252093793226212),,
2024-07-29,MU,sell,np.float64(2.806350926242219),np.float64(110.54),np.float64(310.2140313868149),np.float64(0.3102140313868149),,
2024-07-29,NVDA,sell,np.float64(217.81008148977006),np.float64(113.69),np.float64(24762.828164571958),np.float64(24.762828164571957),,
2024-07-29,QCOM,sell,np.float64(137.24315867693102),np.float64(181.5),np.float64(24909.63329986298),np.float64(24.909633299862982),,
2024-07-29,AMD,buy,np.float64(5.731504062581518),np.float64(141.19),np.float64(809.2310585958845),np.float64(0.8092310585958845),np.float64(0.9980019980019982),
2024-07-29,GOOGL,buy,np.float64(146.64696047521838),np.float64(168.83),np.float64(24758.40633703112),np.float64(24.75840633703112),np.float64(0.9980019980019982),
2024-07-29,INTC,buy,np.float64(787.9823786451661),np.float64(31.42),np.float64(24758.40633703112),np.float64(24.75840633703112),np.float64(0.9980019980019982),
2024-07-29,TSLA,buy,np.float64(110.0862887373549),np.float64(224.9),np.float64(24758.40633703112),np.float64(24.75840633703112),np.float64(0.9980019980019982),
2024-08-05,AMD,sell,np.float64(175.69482706909014),np.float64(122.16),np.float64(21462.88007476005),np.float64(21.46288007476005),,
2024-08-05,GOOGL,sell,np.float64(146.64696047521838),np.float64(155.5),np.float64(22803.60235389646),np.float64(22.80360235389646),,
2024-08-05,TSLA,sell,np.float64(110.0862887373549),np.float64(185.22),np.float64(20390.182399932877),np.float64(20.39018239993288),,
2024-08-05,AMAT,buy,np.float64(114.2270126096074),np.float64(175.16),np.float64(20008.00352869883),np.float64(20.008003528698833),np.float64(0.9980019980019981),
2024-08-05,AMZN,buy,np.float64(129.74517559625724),np.float64(154.21),np.float64(20008.00352869883),np.float64(20.008003528698833),np.float64(0.9980019980019981),
2024-08-05,INTC,buy,np.float64(204.08723591476863),np.float64(20.2),np.float64(4122.562165478326),np.float64(4.122562165478326),np.float64(0.9980019980019981),
2024-08-05,MU,buy,np.float64(4.34677543652764),np.float64(87.63),np.float64(380.90793150291705),np.float64(0.3809079315029171),np.float64(0.9980019980019981),
2024-08-05,QCOM,buy,np.float64(130.54089860180616),np.float64(153.27),np.float64(20008.00352869883),np.float64(20.008003528698833),np.float64(0.9980019980019981),
2024-08-12,AMAT,sell,np.float64(114.2270126096074),np.float64(191.5),np.float64(21874.472914739817),np.float64(21.87447291473982),,
2024-08-12,AMZN,sell,np.float64(129.74517559625724),np.float64(168.14),np.float64(21815.35382475469),np.float64(21.81535382475469),,
2024-08-12,MU,sell,np.float64(228.77207592580055),np.float64(93.1),np.float64(21298.68026869203),np.float64(21.29868026869203),,
2024-08-12,QCOM,sell,np.float64(130.54089860180616),np.float64(160.56),np.float64(20959.646679505997),np.float64(20.959646679505997),,
2024-08-12,CSCO,buy,np.float64(463.75304227780475),np.float64(45.53),np.float64(21114.67601490845),np.float64(21.11467601490845),np.float64(0.9980034373154019),
2024-08-12,INTC,buy,np.float64(72.5520816441441),np.float64(19.87),np.float64(1441.6098622691432),np.float64(1.4416098622691431),np.float64(0.9980034373154019),
2024-08-12,JNJ,buy,np.float64(131.17149788723646),np.float64(160.97),np.float64(21114.67601490845),np.float64(21.11467601490845),np.float64(0.9980034373154019),
2024-08-12,KO,buy,np.float64(308.46860503883784),np.float64(68.45),np.float64(21114.67601490845),np.float64(21.11467601490845),np.float64(0.9980034373154019),
2024-08-12,PEP,buy,np.float64(122.58869028627758),np.float64(172.24),np.float64(21114.67601490845),np.float64(21.11467601490845),np.float64(0.9980034373154019),
2024-08-19,CSCO,sell,np.float64(463.75304227780475),np.float64(49.33),np.float64(22876.93757556411),np.float64(22.87693757556411),,
2024-08-19,INTC,sell,np.float64(1064.621696204079),np.float64(20.885),np.float64(22234.62412522219),np.float64(22.234624125222194),,
2024-08-19,GOOGL,buy,np.float64(131.1346484449468),np.float64(165.28),np.float64(21673.93469498081),np.float64(21.67393469498081),np.float64(0.9980019980019977),
2024-08-19,JNJ,buy,np.float64(5.011407654368496),np.float64(159.46),np.float64(799.1190645656003),np.float64(0.7991190645656003),np.float64(0.9980019980019977),
2024-08-19,KO,buy,np.float64(4.677415850074029),np.float64(69.35),np.float64(324.37878920263387),np.float64(0.32437878920263385),np.float64(0.9980019980019977),
2024-08-19,PEP,buy,np.float64(3.185807173898361),np.float64(172.66),np.float64(550.061466645291),np.float64(0.5500614666452911),np.float64(0.9980019980019977),
2024-08-19,XOM,buy,np.float64(183.05688086977034),np.float64(118.4),np.float64(21673.93469498081),np.float64(21.67393469498081),np.float64(0.9980019980019977),
2024-08-26,GOOGL,sell,np.float64(131.1346484449468),np.float64(166.38),np.float64(21818.18280827025),np.float64(21.818182808270247),,
2024-08-26,JNJ,sell,np.float64(136.18290554160495),np.float64(164.17),np.float64(22357.147602765282),np.float64(22.357147602765284),,
2024-08-26,KO,sell,np.float64(313.1460208889119),np.float64(69.83),np.float64(21866.986638672715),np.float64(21.866986638672717),,
2024-08-26,PEP,sell,np.float64(125.77449746017595),np.float64(176.32),np.float64(22176.559392178224),np.float64(22.176559392178223),,
2024-08-26,AMAT,buy,np.float64(109.19053446516361),np.float64(200.67),np.float64(21911.26455112438),np.float64(21.91126455112438),np.float64(0.998001998001998),
2024-08-26,INTC,buy,np.float64(1067.2802996163848),np.float64(20.53),np.float64(21911.26455112438),np.float64(21.91126455112438),np.float64(0.998001998001998),
2024-08-26,MSFT,buy,np.float64(52.625135520815576),np.float64(416.365),np.float64(21911.26455112438),np.float64(21.91126455112438),np.float64(0.998001998001998),
2024-08-26,MU,buy,np.float64(217.6543612905968),np.float64(100.67),np.float64(21911.26455112438),np.float64(21.91126455112438),np.float64(0.998001998001998),
2024-08-26,XOM,buy,np.float64(3.375991389237239),np.float64(117.76),np.float64(397.55674599657726),np.float64(0.39755674599657725),np.float64(0.998001998001998),
2024-09-03,AMAT,sell,np.float64(109.19053446516361),np.float64(193.08),np.float64(21082.50839453379),np.float64(21.08250839453379),,
2024-09-03,INTC,sell,np.float64(1067.2802996163848),np.float64(21.54),np.float64(22989.217653736927),np.float64(22.989217653736926),,
2024-09-03,MSFT,sell,np.float64(52.625135520815576),np.float64(417.91),np.float64(21992.570385504037),np.float64(21.992570385504038),,
2024-09-03,XOM,sell,np.float64(186.43287225900758),np.float64(115.84),np.float64(21596.383922483437),np.float64(21.596383922483437),,
2024-09-03,AMD,buy,np.float64(147.29020524683003),np.float64(146.41),np.float64(21564.758950188385),np.float64(21.564758950188384),np.float64(0.9980019980019981),
2024-09-03,CRM,buy,np.float64(85.36441671359506),np.float64(252.62),np.float64(21564.758950188385),np.float64(21.564758950188384),np.float64(0.9980019980019981),
2024-09-03,MU,buy,np.float64(13.099416223503457),np.float64(93.63),np.float64(1226.4983410066286),np.float64(1.2264983410066286),np.float64(0.9980019980019981),
2024-09-03,NVDA,buy,np.float64(185.88706965079203),np.float64(116.01),np.float64(21564.758950188385),np.float64(21.564758950188384),np.float64(0.9980019980019981),
2024-09-03,PEP,buy,np.float64(125.10012153491348),np.float64(172.38),np.float64(21564.758950188385),np.float64(21.564758950188384),np.float64(0.9980019980019981),
2024-09-09,AMD,sell,np.float64(147.29020524683003),np.float64(136.1),np.float64(20046.196934093565),np.float64(20.046196934093565),,
2024-09-09,CRM,sell,np.float64(85.36441671359506),np.float64(246.5),np.float64(21042.328719901183),np.float64(21.04232871990118),,
2024-09-09,PEP,sell,np.float64(125.10012153491348),np.float64(177.05),np.float64(22148.976517756433),np.float64(22.148976517756434),,
2024-09-09,AMAT,buy,np.float64(116.28311757376429),np.float64(177.1),np.float64(20593.740122313655),np.float64(20.593740122313655),np.float64(0.998004668705376),
2024-09-09,AVGO,buy,np.float64(148.039250394031),np.float64(139.11),np.float64(20593.740122313655),np.float64(20.593740122313655),np.float64(0.998004668705376),
2024-09-09,GOOGL,buy,np.float64(135.03206427325196),np.float64(152.51),np.float64(20593.740122313655),np.float64(20.593740122313655),np.float64(0.998004668705376),
2024-09-09,MU,buy,np.float64(4.126005278589005),np.float64(87.85),np.float64(362.4695637240441),np.float64(0.36246956372404415),np.float64(0.998004668705376),
2024-09-09,NVDA,buy,np.float64(10.839100960667677),np.float64(104.88),np.float64(1136.8049087548259),np.float64(1.136804908754826),np.float64(0.998004668705376),
2024-09-16,AMAT,sell,np.float64(116.28311757376429),np.float64(185.0),np.float64(21512.376751146392),np.float64(21.51237675114639),,
2024-09-16,AVGO,sell,np.float64(148.039250394031),np.float64(165.19),np.float64(24454.60377258998),np.float64(24.45460377258998),,
2024-09-16,GOOGL,sell,np.float64(135.03206427325196),np.float64(157.31),np.float64(21241.894030825268),np.float64(21.241894030825268),,
2024-09-16,MU,sell,np.float64(234.87978279268924),np.float64(87.24),np.float64(20490.912250834208),np.float64(20.49091225083421),,
2024-09-16,NVDA,sell,np.float64(196.7261706114597),np.float64(116.79),np.float64(22975.64946571238),np.float64(22.97564946571238),,
2024-09-16,ADBE,buy,np.float64(41.10765605683608),np.float64(537.4),np.float64(22091.254364943707),np.float64(22.09125436494371),np.float64(0.9980020157589778),
2024-09-16,JPM,buy,np.float64(107.32767023730119),np.float64(205.83),np.float64(22091.254364943707),np.float64(22.09125436494371),np.float64(0.9980020157589778),
2024-09-16,KO,buy,np.float64(307.80624724736947),np.float64(71.77),np.float64(22091.254364943707),np.float64(22.09125436494371),np.float64(0.9980020157589778),
2024-09-16,PEP,buy,np.float64(123.41482885443412),np.float64(179.0),np.float64(22091.254364943707),np.float64(22.09125436494371),np.float64(0.9980020157589778),
2024-09-16,XOM,buy,np.float64(197.15532677325933),np.float64(112.05),np.float64(22091.254364943707),np.float64(22.09125436494371),np.float64(0.9980020157589778),
2024-09-23,JPM,sell,np.float64(107.32767023730119),np.float64(211.0),np.float64(22646.13842007055),np.float64(22.64613842007055),,
2024-09-23,KO,sell,np.float64(307.80624724736947),np.float64(71.55),np.float64(22023.536990549284),np.float64(22.023536990549285),,
2024-09-23,XOM,sell,np.float64(197.15532677325933),np.float64(115.33),np.float64(22737.923836759997),np.float64(22.737923836759997),,
2024-09-23,ADBE,buy,np.float64(0.7793522501879067),np.float64(525.71),np.float64(409.7132714462844),np.float64(0.40971327144628444),np.float64(0.9980019980019977),
2024-09-23,COST,buy,np.float64(24.231229909797122),np.float64(906.98),np.float64(21977.240903587794),np.float64(21.977240903587795),np.float64(0.9980019980019977),
2024-09-23,JNJ,buy,np.float64(133.68151401209118),np.float64(164.4),np.float64(21977.240903587794),np.float64(21.977240903587795),np.float64(0.9980019980019977),
2024-09-23,PEP,buy,np.float64(5.451411875656297),np.float64(170.87),np.float64(931.4827471933914),np.float64(0.9314827471933914),np.float64(0.9980019980019977),
2024-09-23,WMT,buy,np.float64(277.946640996431),np.float64(79.07),np.float64(21977.240903587794),np.float64(21.977240903587795),np.float64(0.9980019980019977),
2024-09-30,ADBE,sell,np.float64(41.88700830702398),np.float64(513.83),np.float64(21522.801478398134),np.float64(21.522801478398137),,
2024-09-30,PEP,sell,np.float64(1.17498079929988),np.float64(170.58),np.float64(200.42822474457353),np.float64(0.20042822474457353),,
2024-09-30,WMT,sell,np.float64(277.946640996431),np.float64(79.89),np.float64(22205.15714920487),np.float64(22.205157149204872),,
2024-09-30,COST,buy,np.float64(0.20442567247318194),np.float64(891.37),np.float64(182.21891167242018),np.float64(0.1822189116724202),np.float64(0.9980019980019981),
2024-09-30,JNJ,buy,np.float64(1.1282289979663327),np.float64(161.57),np.float64(182.28795920142036),np.float64(0.18228795920142038),np.float64(0.9980019980019981),
2024-09-30,KO,buy,np.float64(301.9174373387066),np.float64(72.0),np.float64(21738.05548838687),np.float64(21.738055488386873),np.float64(0.9980019980019981),
2024-09-30,MSFT,buy,np.float64(50.76494124001512),np.float64(428.21),np.float64(21738.05548838687),np.float64(21.738055488386873),np.float64(0.9980019980019981),
2024-10-07,COST,sell,np.float64(24.435655582270304),np.float64(881.6),np.float64(21542.4739613295),np.float64(21.5424739613295),,
2024-10-07,JNJ,sell,np.float64(134.80974301005753),np.float64(160.25),np.float64(21603.26131736172),np.float64(21.60326131736172),,
2024-10-07,PEP,sell,np.float64(0.30079315794759254),np.float64(167.72),np.float64(50.44902845097022),np.float64(0.05044902845097022),,
2024-10-07,INTC,buy,np.float64(951.9303534882118),np.float64(22.4),np.float64(21323.239918135943),np.float64(21.323239918135943),np.float64(0.9980019980019981),
2024-10-07,KO,buy,np.float64(3.086078646025798),np.float64(70.05),np.float64(216.17980915410712),np.float64(0.21617980915410712),np.float64(0.9980019980019981),
2024-10-07,MSFT,buy,np.float64(0.5942754787607432),np.float64(416.0),np.float64(247.21859916446917),np.float64(0.24721859916446917),np.float64(0.9980019980019981),
2024-10-07,MU,buy,np.float64(208.7239616105711),np.float64(102.16),np.float64(21323.239918135943),np.float64(21.323239918135943),np.float64(0.9980019980019981),
2024-10-14,INTC,sell,np.float64(951.9303534882118),np.float64(23.58),np.float64(22446.517735252033),np.float64(22.446517735252034),,
2024-10-14,MSFT,sell,np.float64(51.35921671877586),np.float64(417.77),np.float64(21456.33996860299),np.float64(21.456339968602993),,
2024-10-14,MU,sell,np.float64(208.7239616105711),np.float64(107.805),np.float64(22501.48668142762),np.float64(22.50148668142762),,
2024-10-14,PEP,sell,np.float64(127.39046677284296),np.float64(174.955),np.float64(22287.59911424274),np.float64(22.28759911424274),,
2024-10-14,ADBE,buy,np.float64(43.71918518646625),np.float64(501.8),np.float64(21938.287126568765),np.float64(21.938287126568763),np.float64(0.9980019980019983),
2024-10-14,GOOGL,buy,np.float64(134.06433101056444),np.float64(163.64),np.float64(21938.287126568765),np.float64(21.938287126568763),np.float64(0.9980019980019983),
2024-10-14,KO,buy,np.float64(10.947079386684278),np.float64(69.57),np.float64(761.5883129316252),np.float64(0.7615883129316252),np.float64(0.9980019980019983),
2024-10-14,TSLA,buy,np.float64(99.6605965864206),np.float64(220.13),np.float64(21938.287126568765),np.float64(21.938287126568763),np.float64(0.9980019980019983),
2024-10-14,WMT,buy,np.float64(274.05730326756736),np.float64(80.05),np.float64(21938.287126568765),np.float64(21.938287126568763),np.float64(0.9980019980019983),
2024-10-21,ADBE,sell,np.float64(43.71918518646625),np.float64(494.6),np.float64(21623.50899322621),np.float64(21.62350899322621),,
2024-10-21,GOOGL,sell,np.float64(134.06433101056444),np.float64(162.95),np.float64(21845.782738171474),np.float64(21.845782738171476),,
2024-10-21,KO,sell,np.float64(315.9505953714166),np.float64(70.0),np.float64(22116.541675999164),np.float64(22.116541675999166),,
2024-10-21,TSLA,sell,np.float64(99.6605965864206),np.float64(218.9),np.float64(21815.70459276747),np.float64(21.81570459276747),,
2024-10-21,WMT,sell,np.float64(274.05730326756736),np.float64(81.23),np.float64(22261.674744424497),np.float64(22.261674744424496),,
2024-10-21,AMAT,buy,np.float64(117.58068911304021),np.float64(186.16),np.float64(21888.821085283565),np.float64(21.888821085283567),np.float64(0.9980019980019981),
2024-10-21,AMD,buy,np.float64(140.52915437393148),np.float64(155.76),np.float64(21888.821085283565),np.float64(21.888821085283567),np.float64(0.9980019980019981),
2024-10-21,INTC,buy,np.float64(968.1035420293483),np.float64(22.61),np.float64(21888.821085283565),np.float64(21.888821085283567),np.float64(0.9980019980019981),
2024-10-21,META,buy,np.float64(37.999446357452854),np.float64(576.03),np.float64(21888.821085283565),np.float64(21.888821085283567),np.float64(0.9980019980019981),
2024-10-21,XOM,buy,np.float64(180.9292534739921),np.float64(120.98),np.float64(21888.821085283565),np.float64(21.888821085283567),np.float64(0.9980019980019981),
2024-10-28,AMAT,sell,np.float64(117.58068911304021),np.float64(186.52),np.float64(21931.15013336426),np.float64(21.93115013336426),,
2024-10-28,AMD,sell,np.float64(140.52915437393148),np.float64(158.5),np.float64(22273.87096826814),np.float64(22.27387096826814),,
2024-10-28,INTC,sell,np.float64(968.1035420293483),np.float64(22.67),np.float64(21946.907297805326),np.float64(21.94690729780533),,
2024-10-28,META,sell,np.float64(37.999446357452854),np.float64(582.0),np.float64(22115.67778003756),np.float64(22.11567778003756),,
2024-10-28,XOM,sell,np.float64(180.9292534739921),np.float64(116.79),np.float64(21130.72751322754),np.float64(21.13072751322754),,
2024-10-28,AVGO,buy,np.float64(126.21937063977656),np.float64(173.0),np.float64(21835.951120681344),np.float64(21.835951120681344),np.float64(0.998001998001998),
2024-10-28,CSCO,buy,np.float64(390.62524366156254),np.float64(55.9),np.float64(21835.951120681344),np.float64(21.835951120681344),np.float64(0.998001998001998),
2024-10-28,JNJ,buy,np.float64(135.51760144405972),np.float64(161.13),np.float64(21835.951120681344),np.float64(21.835951120681344),np.float64(0.998001998001998),
2024-10-28,KO,buy,np.float64(326.1044074175828),np.float64(66.96),np.float64(21835.951120681344),np.float64(21.835951120681344),np.float64(0.998001998001998),
2024-10-28,PEP,buy,np.float64(126.23396416164496),np.float64(172.98),np.float64(21835.951120681344),np.float64(21.835951120681344),np.float64(0.998001998001998),
2024-11-04,AVGO,sell,np.float64(126.21937063977656),np.float64(169.28),np.float64(21366.415061901374),np.float64(21.366415061901375),,
2024-11-04,CSCO,sell,np.float64(390.62524366156254),np.float64(55.45),np.float64(21660.169761033645),np.float64(21.660169761033647),,
2024-11-04,JNJ,sell,np.float64(135.51760144405972),np.float64(159.7),np.float64(21642.160950616337),np.float64(21.642160950616336),,
2024-11-04,KO,sell,np.float64(326.1044074175828),np.float64(65.08),np.float64(21222.87483473629),np.float64(21.222874834736288),,
2024-11-04,AAPL,buy,np.float64(96.45805394305285),np.float64(220.99),np.float64(21316.26534087525),np.float64(21.316265340875248),np.float64(0.9980019980019978),
2024-11-04,AMD,buy,np.float64(150.43235949806103),np.float64(141.7),np.float64(21316.26534087525),np.float64(21.316265340875248),np.float64(0.9980019980019978),
2024-11-04,MSFT,buy,np.float64(52.01626486304355),np.float64(409.8),np.float64(21316.26534087525),np.float64(21.316265340875248),np.float64(0.9980019980019978),
2024-11-04,MU,buy,np.float64(210.01246641256404),np.float64(101.5),np.float64(21316.26534087525),np.float64(21.316265340875248),np.float64(0.9980019980019978),
2024-11-04,PEP,buy,np.float64(2.7474341155846522),np.float64(165.59),np.float64(454.94761519966255),np.float64(0.45494761519966254),np.float64(0.9980019980019978),
2024-11-11,AMD,sell,np.float64(150.43235949806103),np.float64(147.38),np.float64(22170.721142824234),np.float64(22.170721142824235),,
2024-11-11,MSFT,sell,np.float64(52.01626486304355),np.float64(422.515),np.float64(21977.652148608846),np.float64(21.977652148608847),,
2024-11-11,MU,sell,np.float64(210.01246641256404),np.float64(110.945),np.float64(23299.833086141916),np.float64(23.299833086141916),,
2024-11-11,AAPL,buy,np.float64(1.6552681060370216),np.float64(225.0),np.float64(372.43532385832987),np.float64(0.3724353238583299),np.float64(0.9980023550435635),
2024-11-11,JNJ,buy,np.float64(141.57654831273385),np.float64(155.62),np.float64(22032.142448427643),np.float64(22.032142448427642),np.float64(0.9980023550435635),
2024-11-11,KO,buy,np.float64(344.3060235728652),np.float64(63.99),np.float64(22032.142448427643),np.float64(22.032142448427642),np.float64(0.9980023550435635),
2024-11-11,PEP,buy,np.float64(5.2835744808248295),np.float64(164.41),np.float64(868.6724803924102),np.float64(0.8686724803924102),np.float64(0.9980023550435635),
2024-11-11,WMT,buy,np.float64(259.35423717984276),np.float64(84.95),np.float64(22032.142448427643),np.float64(22.032142448427642),np.float64(0.9980023550435635),
2024-11-18,AAPL,sell,np.float64(98.11332204908987),np.float64(225.25),np.float64(22100.025791557495),np.float64(22.100025791557496),,
2024-11-18,JNJ,sell,np.float64(141.57654831273385),np.float64(152.59),np.float64(21603.16550704006),np.float64(21.60316550704006),,
2024-11-18,KO,sell,np.float64(344.3060235728652),np.float64(61.85),np.float64(21295.327557981713),np.float64(21.295327557981715),,
2024-11-18,PEP,sell,np.float64(134.26497275805443),np.float64(159.405),np.float64(21402.507982497667),np.float64(21.402507982497667),,
2024-11-18,WMT,sell,np.float64(259.35423717984276),np.float64(84.82),np.float64(21998.42639759426),np.float64(21.998426397594258),,
2024-11-18,AMAT,buy,np.float64(129.0349128250501),np.float64(167.68),np.float64(21636.574182504402),np.float64(21.636574182504404),np.float64(0.9980019980019981),
2024-11-18,AMD,buy,np.float64(156.57686566924343),np.float64(138.185),np.float64(21636.574182504402),np.float64(21.636574182504404),np.float64(0.9980019980019981),
2024-11-18,AVGO,buy,np.float64(130.60831934386334),np.float64(165.66),np.float64(21636.574182504402),np.float64(21.636574182504404),np.float64(0.9980019980019981),
2024-11-18,META,buy,np.float64(38.842047577381166),np.float64(557.04),np.float64(21636.574182504402),np.float64(21.636574182504404),np.float64(0.9980019980019981),
2024-11-18,MU,buy,np.float64(224.10869731735878),np.float64(96.545),np.float64(21636.574182504402),np.float64(21.636574182504404),np.float64(0.9980019980019981),
2024-11-25,AMAT,sell,np.float64(129.0349128250501),np.float64(176.71),np.float64(22801.759445314605),np.float64(22.801759445314605),,
2024-11-25,AMD,sell,np.float64(156.57686566924343),np.float64(140.49),np.float64(21997.483857872012),np.float64(21.997483857872012),,
2024-11-25,AVGO,sell,np.float64(130.60831934386334),np.float64(165.395),np.float64(21601.96297787828),np.float64(21.60196297787828),,
2024-11-25,META,sell,np.float64(38.842047577381166),np.float64(562.1),np.float64(21833.114943245953),np.float64(21.833114943245953),,
2024-11-25,MU,sell,np.float64(224.10869731735878),np.float64(103.85),np.float64(23273.688216407707),np.float64(23.273688216407706),,
2024-11-25,AMZN,buy,np.float64(111.73903915876164),np.float64(199.28),np.float64(22267.35572355802),np.float64(22.26735572355802),np.float64(0.9980024601979178),
2024-11-25,GOOGL,buy,np.float64(134.06800965475355),np.float64(166.09),np.float64(22267.35572355802),np.float64(22.26735572355802),np.float64(0.9980024601979178),
2024-11-25,JNJ,buy,np.float64(143.50296915356074),np.float64(155.17),np.float64(22267.35572355802),np.float64(22.26735572355802),np.float64(0.9980024601979178),
2024-11-25,MSFT,buy,np.float64(53.22280157645686),np.float64(418.38),np.float64(22267.35572355802),np.float64(22.26735572355802),np.float64(0.9980024601979178),
2024-11-25,QCOM,buy,np.float64(140.09913000854422),np.float64(158.94),np.float64(22267.35572355802),np.float64(22.26735572355802),np.float64(0.9980024601979178),
2024-12-02,AMZN,sell,np.float64(111.73903915876164),np.float64(209.96),np.float64(23460.728661773595),np.float64(23.460728661773597),,
2024-12-02,GOOGL,sell,np.float64(134.06800965475355),np.float64(168.765),np.float64(22625.987649384482),np.float64(22.625987649384484),,
2024-12-02,JNJ,sell,np.float64(143.50296915356074),np.float64(154.75),np.float64(22207.084476513526),np.float64(22.207084476513526),,
2024-12-02,MSFT,sell,np.float64(53.22280157645686),np.float64(421.57),np.float64(22437.136460586917),np.float64(22.437136460586917),,
2024-12-02,QCOM,sell,np.float64(140.09913000854422),np.float64(158.38),np.float64(22188.900210753232),np.float64(22.188900210753232),,
2024-12-02,CRM,buy,np.float64(67.99517428553565),np.float64(332.0),np.float64(22574.397862797836),np.float64(22.574397862797838),np.float64(0.9980035697915951),
2024-12-02,MU,buy,np.float64(231.29506006964996),np.float64(97.6),np.float64(22574.397862797836),np.float64(22.574397862797838),np.float64(0.9980035697915951),
2024-12-02,NVDA,buy,np.float64(162.60460896634612),np.float64(138.83),np.float64(22574.397862797836),np.float64(22.574397862797838),np.float64(0.9980035697915951),
2024-12-02,ORCL,buy,np.float64(121.83279109934608),np.float64(185.29),np.float64(22574.397862797836),np.float64(22.574397862797838),np.float64(0.9980035697915951),
2024-12-02,XOM,buy,np.float64(191.22742789324724),np.float64(118.05),np.float64(22574.397862797836),np.float64(22.574397862797838),np.float64(0.9980035697915951),
2024-12-09,CRM,sell,np.float64(67.99517428553565),np.float64(361.7),np.float64(24593.854539078246),np.float64(24.593854539078247),,
2024-12-09,MU,sell,np.float64(231.29506006964996),np.float64(100.65),np.float64(23279.847796010272),np.float64(23.279847796010273),,
2024-12-09,NVDA,sell,np.float64(162.60460896634612),np.float64(138.97),np.float64(22597.16250805312),np.float64(22.59716250805312),,
2024-12-09,ORCL,sell,np.float64(121.83279109934608),np.float64(196.3),np.float64(23915.776892801638),np.float64(23.915776892801638),,
2024-12-09,INTC,buy,np.float64(1109.73416200726),np.float64(20.92),np.float64(23215.63866919188),np.float64(23.215638669191883),np.float64(0.9980020152119936),
2024-12-09,JNJ,buy,np.float64(155.50699088480062),np.float64(149.29),np.float64(23215.63866919188),np.float64(23.215638669191883),np.float64(0.9980020152119936),
2024-12-09,KO,buy,np.float64(370.3244324324754),np.float64(62.69),np.float64(23215.63866919188),np.float64(23.215638669191883),np.float64(0.9980020152119936),
2024-12-09,PEP,buy,np.float64(147.01816648212198),np.float64(157.91),np.float64(23215.63866919188),np.float64(23.215638669191883),np.float64(0.9980020152119936),
2024-12-09,XOM,buy,np.float64(11.66370186732936),np.float64(114.64),np.float64(1337.1267820706378),np.float64(1.3371267820706378),np.float64(0.9980020152119936),
2024-12-16,INTC,sell,np.float64(1109.73416200726),np.float64(20.17),np.float64(22383.338047686437),np.float64(22.383338047686436),,
2024-12-16,KO,sell,np.float64(370.3244324324754),np.float64(63.23),np.float64(23415.61386270542),np.float64(23.41561386270542),,
2024-12-16,PEP,sell,np.float64(147.01816648212198),np.float64(157.85),np.float64(23206.817579202954),np.float64(23.206817579202955),,
2024-12-16,XOM,sell,np.float64(202.8911297605766),np.float64(110.2),np.float64(22358.602499615543),np.float64(22.358602499615543),,
2024-12-16,ADBE,buy,np.float64(48.782626799333684),np.float64(467.19),np.float64(22790.755414380703),np.float64(22.790755414380705),np.float64(0.9980019980019981),
2024-12-16,AMD,buy,np.float64(180.86465688739545),np.float64(126.01),np.float64(22790.755414380703),np.float64(22.790755414380705),np.float64(0.9980019980019981),
2024-12-16,JNJ,buy,np.float64(0.12815466439656528),np.float64(146.73),np.float64(18.804133906908024),np.float64(0.018804133906908025),np.float64(0.9980019980019981),
2024-12-16,NVDA,buy,np.float64(169.85210474273887),np.float64(134.18),np.float64(22790.755414380703),np.float64(22.790755414380705),np.float64(0.9980019980019981),
2024-12-16,ORCL,buy,np.float64(131.10190643339106),np.float64(173.84),np.float64(22790.755414380703),np.float64(22.790755414380705),np.float64(0.9980019980019981),
2024-12-23,ADBE,sell,np.float64(48.782626799333684),np.float64(447.0),np.float64(21805.834179302157),np.float64(21.805834179302156),,
2024-12-23,JNJ,sell,np.float64(155.63514554919718),np.float64(144.63),np.float64(22509.511100780386),np.float64(22.509511100780387),,
2024-12-23,NVDA,sell,np.float64(169.85210474273887),np.float64(136.28),np.float64(23147.444834340455),np.float64(23.147444834340455),,
2024-12-23,ORCL,sell,np.float64(131.10190643339106),np.float64(169.59),np.float64(22233.572312038792),np.float64(22.233572312038792),,
2024-12-23,AMD,buy,np.float64(3.915070636358625),np.float64(120.71),np.float64(472.5881765148496),np.float64(0.4725881765148496),np.float64(0.9980019980019981),
2024-12-23,COST,buy,np.float64(23.33746402550776),np.float64(953.88),np.float64(22261.140184651344),np.float64(22.261140184651342),np.float64(0.9980019980019981),
2024-12-23,META,buy,np.float64(37.75634359676279),np.float64(589.6),np.float64(22261.140184651344),np.float64(22.261140184651342),np.float64(0.9980019980019981),
2024-12-23,MU,buy,np.float64(247.3460020516816),np.float64(90.0),np.float64(22261.140184651344),np.float64(22.261140184651342),np.float64(0.9980019980019981),
2024-12-23,XOM,buy,np.float64(211.38676464392123),np.float64(105.31),np.float64(22261.140184651344),np.float64(22.261140184651342),np.float64(0.9980019980019981),
2024-12-30,AMD,sell,np.float64(184.77972752375408),np.float64(123.562),np.float64(22831.7526922901),np.float64(22.831752692290102),,
2024-12-30,META,sell,np.float64(37.75634359676279),np.float64(588.75),np.float64(22229.047292594092),np.float64(22.229047292594093),,
2024-12-30,MU,sell,np.float64(247.3460020516816),np.float64(86.985),np.float64(21515.391988465526),np.float64(21.515391988465527),,
2024-12-30,XOM,sell,np.float64(211.38676464392123),np.float64(106.3),np.float64(22470.413081648825),np.float64(22.470413081648825),,
2024-12-30,COST,buy,np.float64(0.46444815597201855),np.float64(931.0),np.float64(432.4012332099493),np.float64(0.4324012332099493),np.float64(0.9980023170180851),
2024-12-30,JNJ,buy,np.float64(152.69384303513448),np.float64(144.84),np.float64(22116.176225208877),np.float64(22.11617622520888),np.float64(0.9980023170180851),
2024-12-30,KO,buy,np.float64(354.7670231826897),np.float64(62.34),np.float64(22116.176225208877),np.float64(22.11617622520888),np.float64(0.9980023170180851),
2024-12-30,MSFT,buy,np.float64(51.908595562148236),np.float64(426.06),np.float64(22116.176225208877),np.float64(22.11617622520888),np.float64(0.9980023170180851),
2024-12-30,WMT,buy,np.float64(243.75814201707126),np.float64(90.73),np.float64(22116.176225208877),np.float64(22.11617622520888),np.float64(0.9980023170180851),
2025-01-06,JNJ,sell,np.float64(152.69384303513448),np.float64(143.51),np.float64(21913.093413972147),np.float64(21.913093413972145),,
2025-01-06,KO,sell,np.float64(354.7670231826897),np.float64(61.5),np.float64(21818.171925735416),np.float64(21.818171925735417),,
2025-01-06,MSFT,sell,np.float64(0.5355228406190682),np.float64(428.0),np.float64(229.20377578496118),np.float64(0.22920377578496118),,
2025-01-06,WMT,sell,np.float64(243.75814201707126),np.float64(90.83),np.float64(22140.552039410584),np.float64(22.140552039410586),,
2025-01-06,AAPL,buy,np.float64(89.81926120905277),np.float64(244.31),np.float64(21943.74370598368),np.float64(21.94374370598368),np.float64(0.9980019980019978),
2025-01-06,COST,buy,np.float64(0.15002512539989976),np.float64(917.98),np.float64(137.72006461459998),np.float64(0.13772006461459999),np.float64(0.9980019980019978),
2025-01-06,NFLX,buy,np.float64(24.690291761537065),np.float64(888.76),np.float64(21943.74370598368),np.float64(21.94374370598368),np.float64(0.9980019980019978),
2025-01-06,TSLA,buy,np.float64(51.851946375197734),np.float64(423.2),np.float64(21943.74370598368),np.float64(21.94374370598368),np.float64(0.9980019980019978),
2025-01-13,COST,sell,np.float64(23.951937306879678),np.float64(934.0),np.float64(22371.10944462562),np.float64(22.37110944462562),,
2025-01-13,MSFT,sell,np.float64(51.37307272152917),np.float64(415.235),np.float64(21331.897851524165),np.float64(21.331897851524165),,
2025-01-13,TSLA,sell,np.float64(51.851946375197734),np.float64(383.21),np.float64(19870.18437043952),np.float64(19.87018437043952),,
2025-01-13,AAPL,buy,np.float64(0.1724960474014504),np.float64(233.53),np.float64(40.28300194966071),np.float64(0.04028300194966071),np.float64(0.998001998001998),
2025-01-13,ADBE,buy,np.float64(51.88083705700279),np.float64(404.27),np.float64(20973.865997034518),np.float64(20.97386599703452),np.float64(0.998001998001998),
2025-01-13,NFLX,buy,np.float64(0.5824134085768805),np.float64(831.525),np.float64(484.29130956689056),np.float64(0.4842913095668906),np.float64(0.998001998001998),
2025-01-13,ORCL,buy,np.float64(136.42426172131206),np.float64(153.74),np.float64(20973.865997034518),np.float64(20.97386599703452),np.float64(0.998001998001998),
2025-01-13,PEP,buy,np.float64(146.886098445511),np.float64(142.79),np.float64(20973.865997034518),np.float64(20.97386599703452),np.float64(0.998001998001998),
2025-01-21,ADBE,sell,np.float64(51.88083705700279),np.float64(433.26),np.float64(22477.891463317028),np.float64(22.47789146331703),,
2025-01-21,NFLX,sell,np.float64(25.272705170113944),np.float64(863.53),np.float64(21823.739095548495),np.float64(21.823739095548497),,
2025-01-21,ORCL,sell,np.float64(136.42426172131206),np.float64(163.87),np.float64(22355.84376827141),np.float64(22.35584376827141),,
2025-01-21,PEP,sell,np.float64(146.886098445511),np.float64(148.33),np.float64(21787.61498242265),np.float64(21.78761498242265),,
2025-01-21,AAPL,buy,np.float64(6.96148702455475),np.float64(224.0),np.float64(1559.373093500264),np.float64(1.559373093500264),np.float64(0.9980019980019981),
2025-01-21,COST,buy,np.float64(22.93282273232091),np.float64(945.25),np.float64(21677.25068772634),np.float64(21.677250687726342),np.float64(0.9980019980019981),
2025-01-21,CSCO,buy,np.float64(358.47942265133685),np.float64(60.47),np.float64(21677.25068772634),np.float64(21.677250687726342),np.float64(0.9980019980019981),
2025-01-21,META,buy,np.float64(35.08639289074793),np.float64(617.825),np.float64(21677.25068772634),np.float64(21.677250687726342),np.float64(0.9980019980019981),
2025-01-21,WMT,buy,np.float64(234.3993370212623),np.float64(92.48),np.float64(21677.25068772634),np.float64(21.677250687726342),np.float64(0.9980019980019981),
2025-01-27,COST,sell,np.float64(22.93282273232091),np.float64(930.0),np.float64(21327.525141058446),np.float64(21.327525141058448),,
2025-01-27,CSCO,sell,np.float64(358.47942265133685),np.float64(61.39),np.float64(22007.05175656557),np.float64(22.00705175656557),,
2025-01-27,META,sell,np.float64(35.08639289074793),np.float64(626.61),np.float64(21985.484649271562),np.float64(21.985484649271562),,
2025-01-27,WMT,sell,np.float64(234.3993370212623),np.float64(95.9),np.float64(22478.896420339057),np.float64(22.47889642033906),,
2025-01-27,AAPL,buy,np.float64(0.8206896550251047),np.float64(224.02),np.float64(183.85089651872397),np.float64(0.18385089651872397),np.float64(0.998001998001998),
2025-01-27,JNJ,buy,np.float64(147.25443680915274),np.float64(148.45),np.float64(21859.921144318723),np.float64(21.859921144318722),np.float64(0.998001998001998),
2025-01-27,KO,buy,np.float64(347.7003522239339),np.float64(62.87),np.float64(21859.921144318723),np.float64(21.859921144318722),np.float64(0.998001998001998),
2025-01-27,PEP,buy,np.float64(144.844428467524),np.float64(150.92),np.float64(21859.921144318723),np.float64(21.859921144318722),np.float64(0.998001998001998),
2025-01-27,XOM,buy,np.float64(200.5313378985297),np.float64(109.01),np.float64(21859.921144318723),np.float64(21.859921144318722),np.float64(0.998001998001998),
2025-02-03,AAPL,sell,np.float64(97.77393393603408),np.float64(229.99),np.float64(22487.02706594848),np.float64(22.48702706594848),,
2025-02-03,JNJ,sell,np.float64(147.25443680915274),np.float64(152.0),np.float64(22382.674394991216),np.float64(22.382674394991216),,
2025-02-03,KO,sell,np.float64(347.7003522239339),np.float64(63.18),np.float64(21967.708253508146),np.float64(21.967708253508146),,
2025-02-03,PEP,sell,np.float64(144.844428467524),np.float64(149.755),np.float64(21691.177385154057),np.float64(21.691177385154056),,
2025-02-03,XOM,sell,np.float64(200.5313378985297),np.float64(106.64),np.float64(21384.661873499208),np.float64(21.38466187349921),,
2025-02-03,INTC,buy,np.float64(1156.4959629103423),np.float64(18.97),np.float64(21938.728416409194),np.float64(21.938728416409194),np.float64(0.9980019980019981),
2025-02-03,MSFT,buy,np.float64(53.301089447058295),np.float64(411.6),np.float64(21938.728416409194),np.float64(21.938728416409194),np.float64(0.9980019980019981),
2025-02-03,MU,buy,np.float64(247.47578585909974),np.float64(88.65),np.float64(21938.728416409194),np.float64(21.938728416409194),np.float64(0.9980019980019981),
2025-02-03,NVDA,buy,np.float64(191.18717574212806),np.float64(114.75),np.float64(21938.728416409194),np.float64(21.938728416409194),np.float64(0.9980019980019981),
2025-02-03,ORCL,buy,np.float64(134.4284829436838),np.float64(163.2),np.float64(21938.728416409194),np.float64(21.938728416409194),np.float64(0.9980019980019981),
2025-02-10,INTC,sell,np.float64(1156.4959629103423),np.float64(19.25),np.float64(22262.547286024088),np.float64(22.262547286024088),,
2025-02-10,MSFT,sell,np.float64(53.301089447058295),np.float64(413.71),np.float64(22051.193715142486),np.float64(22.051193715142485),,
2025-02-10,MU,sell,np.float64(247.47578585909974),np.float64(93.185),np.float64(23061.03110528021),np.float64(23.06103110528021),,
2025-02-10,NVDA,sell,np.float64(191.18717574212806),np.float64(130.09),np.float64(24871.53969229344),np.float64(24.871539692293442),,
2025-02-10,ORCL,sell,np.float64(134.4284829436838),np.float64(176.0),np.float64(23659.412998088348),np.float64(23.65941299808835),,
2025-02-10,AAPL,buy,np.float64(100.7746177001391),np.float64(229.57),np.float64(23134.828985420932),np.float64(23.13482898542093),np.float64(0.9980019980019981),
2025-02-10,AMD,buy,np.float64(213.34220753800196),np.float64(108.44),np.float64(23134.828985420932),np.float64(23.13482898542093),np.float64(0.9980019980019981),
2025-02-10,GOOGL,buy,np.float64(123.4845422226898),np.float64(187.35),np.float64(23134.828985420932),np.float64(23.13482898542093),np.float64(0.9980019980019981),
2025-02-10,PEP,buy,np.float64(160.26899193225447),np.float64(144.35),np.float64(23134.828985420932),np.float64(23.13482898542093),np.float64(0.9980019980019981),
2025-02-10,TSLA,buy,np.float64(64.94716314932465),np.float64(356.21),np.float64(23134.828985420932),np.float64(23.13482898542093),np.float64(0.9980019980019981),
2025-02-18,AAPL,sell,np.float64(100.7746177001391),np.float64(244.15),np.float64(24604.12291148896),np.float64(24.60412291148896),,
2025-02-18,AMD,sell,np.float64(213.34220753800196),np.float64(114.05),np.float64(24331.678769709124),np.float64(24.331678769709125),,
2025-02-18,GOOGL,sell,np.float64(123.4845422226898),np.float64(185.6),np.float64(22918.731036531226),np.float64(22.918731036531227),,
2025-02-18,TSLA,sell,np.float64(64.94716314932465),np.float64(355.01),np.float64(23056.892389641744),np.float64(23.056892389641742),,
2025-02-18,AMAT,buy,np.float64(136.8862817611235),np.float64(171.79),np.float64(23515.694343743406),np.float64(23.515694343743405),np.float64(0.9980019980019981),
2025-02-18,JPM,buy,np.float64(84.96782173631813),np.float64(276.76),np.float64(23515.694343743406),np.float64(23.515694343743405),np.float64(0.9980019980019981),
2025-02-18,MSFT,buy,np.float64(57.63650574446913),np.float64(408.0),np.float64(23515.694343743406),np.float64(23.515694343743405),np.float64(0.9980019980019981),
2025-02-18,PEP,buy,np.float64(4.6117180923702),np.float64(142.9),np.float64(659.0145153997016),np.float64(0.6590145153997017),np.float64(0.9980019980019981),
2025-02-18,XOM,buy,np.float64(216.47513894636293),np.float64(108.63),np.float64(23515.694343743406),np.float64(23.515694343743405),np.float64(0.9980019980019981),
2025-02-24,MSFT,sell,np.float64(57.63650574446913),np.float64(408.51),np.float64(23545.088961673086),np.float64(23.545088961673088),,
2025-02-24,PEP,sell,np.float64(164.88071002462468),np.float64(152.34),np.float64(25117.927365151325),np.float64(25.117927365151324),,
2025-02-24,XOM,sell,np.float64(216.47513894636293),np.float64(110.925),np.float64(24012.50478762531),np.float64(24.01250478762531),,
2025-02-24,AMAT,buy,np.float64(0.21744401174918443),np.float64(173.77),np.float64(37.78524592165578),np.float64(0.03778524592165578),np.float64(0.998003406259462),
2025-02-24,AMZN,buy,np.float64(109.34477807753589),np.float64(217.45),np.float64(23777.021992960177),np.float64(23.77702199296018),np.float64(0.998003406259462),
2025-02-24,JPM,buy,np.float64(4.7608360970478545),np.float64(265.49),np.float64(1263.954375405235),np.float64(1.263954375405235),np.float64(0.998003406259462),
2025-02-24,META,buy,np.float64(34.646240591245814),np.float64(686.28),np.float64(23777.021992960177),np.float64(23.77702199296018),np.float64(0.998003406259462),
2025-02-24,WMT,buy,np.float64(252.46360153918215),np.float64(94.18),np.float64(23777.021992960177),np.float64(23.77702199296018),np.float64(0.998003406259462),
2025-03-03,AMZN,sell,np.float64(109.34477807753589),np.float64(213.352),np.float64(23328.927092398437),np.float64(23.328927092398438),,
2025-03-03,JPM,sell,np.float64(89.72865783336599),np.float64(264.0),np.float64(23688.36566800862),np.float64(23.688365668008622),,
2025-03-03,META,sell,np.float64(34.646240591245814),np.float64(673.675),np.float64(23340.306130307523),np.float64(23.340306130307525),,
2025-03-03,WMT,sell,np.float64(252.46360153918215),np.float64(97.98),np.float64(24736.383678809067),np.float64(24.736383678809066),,
2025-03-03,AMAT,buy,np.float64(9.366673430020953),np.float64(159.73),np.float64(1496.1387469772467),np.float64(1.4961387469772467),np.float64(0.9980019980019982),
2025-03-03,AMD,buy,np.float64(230.03459059098302),np.float64(101.515),np.float64(23351.96146384364),np.float64(23.35196146384364),np.float64(0.9980019980019982),
2025-03-03,AVGO,buy,np.float64(114.47039933256686),np.float64(204.0),np.float64(23351.96146384364),np.float64(23.35196146384364),np.float64(0.9980019980019982),
2025-03-03,QCOM,buy,np.float64(146.8769197046584),np.float64(158.99),np.float64(23351.96146384364),np.float64(23.35196146384364),np.float64(0.9980019980019982),
2025-03-03,TSLA,buy,np.float64(77.75175289286689),np.float64(300.34),np.float64(23351.96146384364),np.float64(23.35196146384364),np.float64(0.9980019980019982),
2025-03-10,AMAT,sell,np.float64(146.47039920289365),np.float64(152.42),np.float64(22325.01824650505),np.float64(22.32501824650505),,
2025-03-10,AMD,sell,np.float64(230.03459059098302),np.float64(98.57),np.float64(22674.509594553194),np.float64(22.674509594553193),,
2025-03-10,AVGO,sell,np.float64(114.47039933256686),np.float64(189.6),np.float64(21703.587713454675),np.float64(21.703587713454677),,
2025-03-10,QCOM,sell,np.float64(146.8769197046584),np.float64(157.35),np.float64(23111.083315527998),np.float64(23.111083315528),,
2025-03-10,TSLA,sell,np.float64(77.75175289286689),np.float64(252.535),np.float64(19635.03891680014),np.float64(19.635038916800138),,
2025-03-10,COST,buy,np.float64(22.890363622542),np.float64(955.47),np.float64(21871.055730430206),np.float64(21.871055730430207),np.float64(0.9980031362333889),
2025-03-10,INTC,buy,np.float64(1080.5857574323225),np.float64(20.24),np.float64(21871.055730430206),np.float64(21.871055730430207),np.float64(0.9980031362333889),
2025-03-10,JPM,buy,np.float64(92.59157415194194),np.float64(236.21),np.float64(21871.055730430206),np.float64(21.871055730430207),np.float64(0.9980031362333889),
2025-03-10,NFLX,buy,np.float64(24.99349278392609),np.float64(875.07),np.float64(21871.055730430206),np.float64(21.871055730430207),np.float64(0.9980031362333889),
2025-03-10,WMT,buy,np.float64(243.66149432297465),np.float64(89.76),np.float64(21871.055730430206),np.float64(21.871055730430207),np.float64(0.9980031362333889),
2025-03-17,INTC,sell,np.float64(1080.5857574323225),np.float64(24.42),np.float64(26387.904196497315),np.float64(26.387904196497317),,
2025-03-17,JPM,sell,np.float64(92.59157415194194),np.float64(231.18),np.float64(21405.320112445937),np.float64(21.40532011244594),,
2025-03-17,NFLX,sell,np.float64(24.99349278392609),np.float64(939.95),np.float64(23492.63354225133),np.float64(23.49263354225133),,
2025-03-17,AAPL,buy,np.float64(105.42617760701263),np.float64(213.31),np.float64(22488.457945351864),np.float64(22.488457945351865),np.float64(0.998001998001998),
2025-03-17,ADBE,buy,np.float64(57.06064967167416),np.float64(394.115),np.float64(22488.457945351864),np.float64(22.488457945351865),np.float64(0.998001998001998),
2025-03-17,COST,buy,np.float64(2.097374126220558),np.float64(901.63),np.float64(1891.0554334242415),np.float64(1.8910554334242415),np.float64(0.998001998001998),
2025-03-17,CSCO,buy,np.float64(372.3254626713885),np.float64(60.4),np.float64(22488.457945351864),np.float64(22.488457945351865),np.float64(0.998001998001998),
2025-03-17,WMT,buy,np.float64(20.99141660165394),np.float64(85.13),np.float64(1786.9992952987998),np.float64(1.7869992952987999),np.float64(0.998001998001998),
2025-03-24,AAPL,sell,np.float64(105.42617760701263),np.float64(221.0),np.float64(23299.185251149793),np.float64(23.299185251149794),,
2025-03-24,COST,sell,np.float64(24.98773774876256),np.float64(920.0),np.float64(22988.718728861553),np.float64(22.988718728861553),,
2025-03-24,CSCO,sell,np.float64(372.3254626713885),np.float64(61.035),np.float64(22724.884614148195),np.float64(22.724884614148195),,
2025-03-24,WMT,sell,np.float64(264.6529109246286),np.float64(86.47),np.float64(22884.537207652636),np.float64(22.884537207652638),,
2025-03-24,ADBE,buy,np.float64(1.2109922300203813),np.float64(392.47),np.float64(475.2781205160991),np.float64(0.4752781205160991),np.float64(0.9980026736395318),
2025-03-24,AMAT,buy,np.float64(146.78547900883854),np.float64(155.5),np.float64(22825.14198587439),np.float64(22.825141985874392),np.float64(0.9980026736395318),
2025-03-24,META,buy,np.float64(37.115862539431824),np.float64(614.97),np.float64(22825.14198587439),np.float64(22.825141985874392),np.float64(0.9980026736395318),
2025-03-24,MU,buy,np.float64(237.51448476456181),np.float64(96.1),np.float64(22825.14198587439),np.float64(22.825141985874392),np.float64(0.9980026736395318),
2025-03-24,PEP,buy,np.float64(156.89000230865304),np.float64(145.485),np.float64(22825.14198587439),np.float64(22.825141985874392),np.float64(0.9980026736395318),
2025-03-31,ADBE,sell,np.float64(58.271641901694544),np.float64(380.0),np.float64(22143.223922643927),np.float64(22.143223922643926),,
2025-03-31,AMAT,sell,np.float64(146.78547900883854),np.float64(142.772),np.float64(20956.856409049895),np.float64(20.956856409049895),,
2025-03-31,META,sell,np.float64(37.115862539431824),np.float64(563.5),np.float64(20914.788540969832),np.float64(20.914788540969834),,
2025-03-31,PEP,sell,np.float64(156.89000230865304),np.float64(150.2),np.float64(23564.878346759684),np.float64(23.564878346759684),,
2025-03-31,AVGO,buy,np.float64(131.09704831511343),np.float64(164.485),np.float64(21563.49799211143),np.float64(21.563497992111433),np.float64(0.9980023094709416),
2025-03-31,GOOGL,buy,np.float64(140.83664027242787),np.float64(153.11),np.float64(21563.49799211143),np.float64(21.563497992111433),np.float64(0.9980023094709416),
2025-03-31,MU,buy,np.float64(13.69834441764832),np.float64(86.0),np.float64(1178.0576199177556),np.float64(1.1780576199177557),np.float64(0.9980023094709416),
2025-03-31,NVDA,buy,np.float64(205.11269848864674),np.float64(105.13),np.float64(21563.49799211143),np.float64(21.563497992111433),np.float64(0.9980023094709416),
2025-03-31,ORCL,buy,np.float64(155.53590588655103),np.float64(138.64),np.float64(21563.49799211143),np.float64(21.563497992111433),np.float64(0.9980023094709416),
2025-04-07,AVGO,sell,np.float64(131.09704831511343),np.float64(144.49),np.float64(18942.21251105074),np.float64(18.94221251105074),,
2025-04-07,GOOGL,sell,np.float64(140.83664027242787),np.float64(141.55),np.float64(19935.426430562165),np.float64(19.935426430562167),,
2025-04-07,NVDA,sell,np.float64(205.11269848864674),np.float64(87.46),np.float64(17939.156609817044),np.float64(17.939156609817044),,
2025-04-07,ORCL,sell,np.float64(155.53590588655103),np.float64(118.86),np.float64(18486.997773675455),np.float64(18.486997773675455),,
2025-04-07,AAPL,buy,np.float64(102.9148283694986),np.float64(177.2),np.float64(18236.50758707515),np.float64(18.23650758707515),np.float64(0.9980019980019978),
2025-04-07,AMD,buy,np.float64(226.035046939454),np.float64(80.68),np.float64(18236.50758707515),np.float64(18.23650758707515),np.float64(0.9980019980019978),
2025-04-07,JPM,buy,np.float64(88.62568686919934),np.float64(205.77),np.float64(18236.50758707515),np.float64(18.23650758707515),np.float64(0.9980019980019978),
2025-04-07,MU,buy,np.float64(34.52421752223514),np.float64(63.935),np.float64(2207.305847284104),np.float64(2.207305847284104),np.float64(0.9980019980019978),
2025-04-07,QCOM,buy,np.float64(146.3721613859471),np.float64(124.59),np.float64(18236.50758707515),np.float64(18.23650758707515),np.float64(0.9980019980019978),
2025-04-14,AAPL,sell,np.float64(102.9148283694986),np.float64(211.44),np.float64(21760.31131044678),np.float64(21.76031131044678),,
2025-04-14,AMD,sell,np.float64(226.035046939454),np.float64(97.11),np.float64(21950.26340829038),np.float64(21.95026340829038),,
2025-04-14,JPM,sell,np.float64(88.62568686919934),np.float64(237.1),np.float64(21013.150356687165),np.float64(21.013150356687166),,
2025-04-14,MU,sell,np.float64(285.7370467044453),np.float64(74.67),np.float64(21335.98527742093),np.float64(21.335985277420928),,
2025-04-14,QCOM,sell,np.float64(146.3721613859471),np.float64(142.75),np.float64(20894.626037843947),np.float64(20.89462603784395),,
2025-04-14,ADBE,buy,np.float64(59.381180725368225),np.float64(359.51),np.float64(21348.12828257713),np.float64(21.348128282577132),np.float64(0.9980019980019982),
2025-04-14,JNJ,buy,np.float64(140.83272277980757),np.float64(151.585),np.float64(21348.12828257713),np.float64(21.348128282577132),np.float64(0.9980019980019982),
2025-04-14,KO,buy,np.float64(299.41273888607475),np.float64(71.3),np.float64(21348.12828257713),np.float64(21.348128282577132),np.float64(0.9980019980019982),
2025-04-14,PEP,buy,np.float64(148.08635046182803),np.float64(144.16),np.float64(21348.12828257713),np.float64(21.348128282577132),np.float64(0.9980019980019982),
2025-04-14,XOM,buy,np.float64(203.2574339005725),np.float64(105.03),np.float64(21348.12828257713),np.float64(21.348128282577132),np.float64(0.9980019980019982),
2025-04-21,ADBE,sell,np.float64(59.381180725368225),np.float64(344.565),np.float64(20460.676536636503),np.float64(20.460676536636505),,
2025-04-21,JNJ,sell,np.float64(140.83272277980757),np.float64(157.96),np.float64(22245.936890298406),np.float64(22.245936890298406),,
2025-04-21,KO,sell,np.float64(299.41273888607475),np.float64(73.38),np.float64(21970.906779460165),np.float64(21.970906779460165),,
2025-04-21,PEP,sell,np.float64(148.08635046182803),np.float64(142.5),np.float64(21102.304940810496),np.float64(21.102304940810498),,
2025-04-21,XOM,sell,np.float64(203.2574339005725),np.float64(105.61),np.float64(21466.01759423946),np.float64(21.46601759423946),,
2025-04-21,AMZN,buy,np.float64(126.21646855350262),np.float64(169.6),np.float64(21406.313066674044),np.float64(21.406313066674045),np.float64(0.998001998001998),
2025-04-21,CRM,buy,np.float64(89.03345284146755),np.float64(240.43),np.float64(21406.313066674044),np.float64(21.406313066674045),np.float64(0.998001998001998),
2025-04-21,META,buy,np.float64(43.56854030768645),np.float64(491.325),np.float64(21406.313066674044),np.float64(21.406313066674045),np.float64(0.998001998001998),
2025-04-21,MSFT,buy,np.float64(59.000628603211126),np.float64(362.815),np.float64(21406.313066674044),np.float64(21.406313066674045),np.float64(0.998001998001998),
2025-04-21,NVDA,buy,np.float64(216.7288960886306),np.float64(98.77),np.float64(21406.313066674044),np.float64(21.406313066674045),np.float64(0.998001998001998),
2025-04-28,AMZN,sell,np.float64(126.21646855350262),np.float64(190.105),np.float64(23994.381754363614),np.float64(23.994381754363616),,
2025-04-28,CRM,sell,np.float64(89.03345284146755),np.float64(268.145),np.float64(23873.875212175313),np.float64(23.873875212175314),,
2025-04-28,META,sell,np.float64(43.56854030768645),np.float64(555.64),np.float64(24208.423736562898),np.float64(24.2084237365629),,
2025-04-28,MSFT,sell,np.float64(59.000628603211126),np.float64(391.955),np.float64(23125.591384171617),np.float64(23.125591384171617),,
2025-04-28,NVDA,sell,np.float64(216.7288960886306),np.float64(109.69),np.float64(23772.99261196189),np.float64(23.77299261196189),,
2025-04-28,COST,buy,np.float64(24.269300333705353),np.float64(978.5),np.float64(23747.51037653069),np.float64(23.747510376530688),np.float64(0.998001998001998),
2025-04-28,CSCO,buy,np.float64(420.12402258347083),np.float64(56.525),np.float64(23747.51037653069),np.float64(23.747510376530688),np.float64(0.998001998001998),
2025-04-28,JNJ,buy,np.float64(152.71710853074399),np.float64(155.5),np.float64(23747.51037653069),np.float64(23.747510376530688),np.float64(0.998001998001998),
2025-04-28,KO,buy,np.float64(329.48332121443894),np.float64(72.075),np.float64(23747.51037653069),np.float64(23.747510376530688),np.float64(0.998001998001998),
2025-04-28,PEP,buy,np.float64(177.35257936169296),np.float64(133.9),np.float64(23747.51037653069),np.float64(23.747510376530688),np.float64(0.998001998001998),
2025-05-05,COST,sell,np.float64(24.269300333705353),np.float64(1007.505),np.float64(24451.44143270981),np.float64(24.45144143270981),,
2025-05-05,CSCO,sell,np.float64(420.12402258347083),np.float64(59.0),np.float64(24787.31733242478),np.float64(24.78731733242478),,
2025-05-05,JNJ,sell,np.float64(152.71710853074399),np.float64(156.67),np.float64(23926.189393511657),np.float64(23.926189393511656),,
2025-05-05,AAPL,buy,np.float64(118.50607547277401),np.float64(203.1),np.float64(24068.583928520402),np.float64(24.068583928520404),np.float64(0.9980024286041802),
2025-05-05,KO,buy,np.float64(6.99993145132164),np.float64(71.67),np.float64(501.68508711622195),np.float64(0.501685087116222),np.float64(0.9980024286041802),
2025-05-05,PEP,buy,np.float64(2.5576943953604614),np.float64(134.045),np.float64(342.84614522609303),np.float64(0.342846145226093),np.float64(0.9980024286041802),
2025-05-05,QCOM,buy,np.float64(174.0316986877831),np.float64(138.3),np.float64(24068.583928520402),np.float64(24.068583928520404),np.float64(0.9980024286041802),
2025-05-05,XOM,buy,np.float64(229.99124633082084),np.float64(104.65),np.float64(24068.583928520402),np.float64(24.068583928520404),np.float64(0.9980024286041802),
2025-05-12,AAPL,sell,np.float64(0.6228166074650401),np.float64(210.97),np.float64(131.3956196768995),np.float64(0.13139561967689953),,
2025-05-12,QCOM,sell,np.float64(174.0316986877831),np.float64(154.08),np.float64(26814.80413381362),np.float64(26.81480413381362),,
2025-05-12,XOM,sell,np.float64(229.99124633082084),np.float64(110.27),np.float64(25361.134732899613),np.float64(25.361134732899615),,
2025-05-12,GOOGL,buy,np.float64(157.60330048473102),np.float64(157.485),np.float64(24820.155776837866),np.float64(24.820155776837865),np.float64(0.9980025861160433),
2025-05-12,JNJ,buy,np.float64(163.2690157665956),np.float64(152.02),np.float64(24820.155776837866),np.float64(24.820155776837865),np.float64(0.9980025861160433),
2025-05-12,KO,buy,np.float64(18.029541877626652),np.float64(70.145),np.float64(1264.6822150061214),np.float64(1.2646822150061214),np.float64(0.9980025861160433),
2025-05-12,PEP,buy,np.float64(10.154861907887112),np.float64(130.835),np.float64(1328.6113577184103),np.float64(1.3286113577184104),np.float64(0.9980025861160433),
2025-05-19,AAPL,sell,np.float64(117.88325886530897),np.float64(207.91),np.float64(24509.108350686387),np.float64(24.509108350686386),,
2025-05-19,GOOGL,sell,np.float64(157.60330048473102),np.float64(164.51),np.float64(25927.3189627431),np.float64(25.927318962743097),,
2025-05-19,KO,sell,np.float64(4.980041288947479),np.float64(72.03),np.float64(358.71237404288695),np.float64(0.358712374042887),,
2025-05-19,COST,buy,np.float64(24.66772121722807),np.float64(1018.6),np.float64(25126.54083186851),np.float64(25.12654083186851),np.float64(0.9980019980019982),
2025-05-19,JNJ,buy,np.float64(2.4831018525023536),np.float64(151.89),np.float64(377.1583403765825),np.float64(0.37715834037658247),np.float64(0.9980019980019982),
2025-05-19,PEP,buy,np.float64(0.4799129098192163),np.float64(132.13),np.float64(63.41089277441305),np.float64(0.06341089277441306),np.float64(0.9980019980019982),
2025-05-19,XOM,buy,np.float64(233.58316288805906),np.float64(107.57),np.float64(25126.54083186851),np.float64(25.12654083186851),np.float64(0.9980019980019982),
2025-05-27,COST,sell,np.float64(24.66772121722807),np.float64(1015.0),np.float64(25037.73703548649),np.float64(25.03773703548649),,
2025-05-27,JNJ,sell,np.float64(165.75211761909796),np.float64(152.52),np.float64(25280.512979264822),np.float64(25.280512979264824),,
2025-05-27,KO,sell,np.float64(349.53275325443974),np.float64(71.74),np.float64(25075.479718473503),np.float64(25.075479718473503),,
2025-05-27,PEP,sell,np.float64(190.54504857475976),np.float64(130.08),np.float64(24786.099918604752),np.float64(24.78609991860475),,
2025-05-27,AAPL,buy,np.float64(125.38598815637447),np.float64(198.3),np.float64(24864.04145140906),np.float64(24.864041451409058),np.float64(0.9980041421509226),
2025-05-27,AMD,buy,np.float64(219.6955286185912),np.float64(113.175),np.float64(24864.04145140906),np.float64(24.864041451409058),np.float64(0.9980041421509226),
2025-05-27,CRM,buy,np.float64(91.02206157966451),np.float64(273.165),np.float64(24864.04145140906),np.float64(24.864041451409058),np.float64(0.9980041421509226),
2025-05-27,INTC,buy,np.float64(1216.4403841198168),np.float64(20.44),np.float64(24864.04145140906),np.float64(24.864041451409058),np.float64(0.9980041421509226),
2025-05-27,XOM,buy,np.float64(7.1385335472403035),np.float64(103.49),np.float64(738.766836803899),np.float64(0.738766836803899),np.float64(0.9980041421509226),
2025-06-02,AAPL,sell,np.float64(125.38598815637447),np.float64(200.28),np.float64(25112.30570795868),np.float64(25.11230570795868),,
2025-06-02,AMD,sell,np.float64(219.6955286185912),np.float64(111.06),np.float64(24399.38540838074),np.float64(24.399385408380738),,
2025-06-02,XOM,sell,np.float64(5.282518975734037),np.float64(103.75),np.float64(548.0613437324064),np.float64(0.5480613437324064),,
2025-06-02,AMAT,buy,np.float64(156.4799398994258),np.float64(155.79),np.float64(24378.009836931546),np.float64(24.378009836931547),np.float64(0.9980019980019982),
2025-06-02,CRM,buy,np.float64(1.8131009622249161),np.float64(263.11),np.float64(477.0449941709977),np.float64(0.4770449941709977),np.float64(0.9980019980019982),
2025-06-02,INTC,buy,np.float64(37.29947164577672),np.float64(19.482),np.float64(726.668306603022),np.float64(0.726668306603022),np.float64(0.9980019980019982),
2025-06-02,QCOM,buy,np.float64(168.35642152577032),np.float64(144.8),np.float64(24378.009836931546),np.float64(24.378009836931547),np.float64(0.9980019980019982),
2025-06-09,AMAT,sell,np.float64(156.4799398994258),np.float64(167.81),np.float64(26258.898714522646),np.float64(26.258898714522648),,
2025-06-09,CRM,sell,np.float64(92.83516254188943),np.float64(272.85),np.float64(25330.074099554535),np.float64(25.330074099554537),,
2025-06-09,INTC,sell,np.float64(1253.7398557655936),np.float64(20.22),np.float64(25350.6198835803),np.float64(25.3506198835803),,
2025-06-09,QCOM,sell,np.float64(168.35642152577032),np.float64(151.81),np.float64(25558.188351827193),np.float64(25.558188351827194),,
2025-06-09,XOM,sell,np.float64(235.43917745956534),np.float64(104.33),np.float64(24563.36938435645),np.float64(24.563369384356452),,
2025-06-09,COST,buy,np.float64(25.07990152881931),np.float64(1012.42),np.float64(25391.393905807243),np.float64(25.391393905807245),np.float64(0.998003174689094),
2025-06-09,KO,buy,np.float64(355.8709727513279),np.float64(71.35),np.float64(25391.393905807243),np.float64(25.391393905807245),np.float64(0.998003174689094),
2025-06-09,PEP,buy,np.float64(195.57416549185274),np.float64(129.83),np.float64(25391.393905807243),np.float64(25.391393905807245),np.float64(0.998003174689094),
2025-06-09,TSLA,buy,np.float64(88.79506882484043),np.float64(285.955),np.float64(25391.393905807243),np.float64(25.391393905807245),np.float64(0.998003174689094),
2025-06-09,WMT,buy,np.float64(260.6919292177335),np.float64(97.4),np.float64(25391.393905807243),np.float64(25.391393905807245),np.float64(0.998003174689094),
2025-06-16,KO,sell,np.float64(355.8709727513279),np.float64(71.2),np.float64(25338.013259894546),np.float64(25.338013259894545),,
2025-06-16,PEP,sell,np.float64(195.57416549185274),np.float64(131.31),np.float64(25680.843670735183),np.float64(25.680843670735182),,
2025-06-16,TSLA,sell,np.float64(88.79506882484043),np.float64(331.29),np.float64(29416.91835098139),np.float64(29.41691835098139),,
2025-06-16,ADBE,buy,np.float64(66.13255503809981),np.float64(392.985),np.float64(25989.102141647654),np.float64(25.989102141647656),np.float64(0.9980042470596058),
2025-06-16,COST,buy,np.float64(1.1601310411479455),np.float64(992.33),np.float64(1151.2328360623408),np.float64(1.1512328360623407),np.float64(0.9980042470596058),
2025-06-16,CRM,buy,np.float64(99.80837260128136),np.float64(260.39),np.float64(25989.102141647654),np.float64(25.989102141647656),np.float64(0.9980042470596058),
2025-06-16,CSCO,buy,np.float64(398.66700631458286),np.float64(65.19),np.float64(25989.102141647654),np.float64(25.989102141647656),np.float64(0.9980042470596058),
2025-06-16,WMT,buy,np.float64(14.119662945670713),np.float64(94.75),np.float64(1337.8380641023),np.float64(1.3378380641023),np.float64(0.9980042470596058),
2025-06-23,COST,sell,np.float64(26.240032569967255),np.float64(983.15),np.float64(25797.888021163308),np.float64(25.79788802116331),,
2025-06-23,CRM,sell,np.float64(99.80837260128136),np.float64(260.64),np.float64(26014.05423479797),np.float64(26.01405423479797),,
2025-06-23,CSCO,sell,np.float64(398.66700631458286),np.float64(66.345),np.float64(26449.562533941),np.float64(26.449562533941002),,
2025-06-23,WMT,sell,np.float64(274.8115921634042),np.float64(95.92),np.float64(26359.927920313734),np.float64(26.359927920313734),,
2025-06-23,ADBE,buy,np.float64(2.5262536793455865),np.float64(377.59),np.float64(953.8881267841),np.float64(0.9538881267841001),np.float64(0.9980023943103671),
2025-06-23,GOOGL,buy,np.float64(155.62036079274827),np.float64(166.27),np.float64(25874.997389010256),np.float64(25.874997389010257),np.float64(0.9980023943103671),
2025-06-23,JNJ,buy,np.float64(172.79950172973324),np.float64(149.74),np.float64(25874.997389010256),np.float64(25.874997389010257),np.float64(0.9980023943103671),
2025-06-23,KO,buy,np.float64(374.2406333383028),np.float64(69.14),np.float64(25874.997389010256),np.float64(25.874997389010257),np.float64(0.9980023943103671),
2025-06-23,PEP,buy,np.float64(200.13146715917904),np.float64(129.29),np.float64(25874.997389010256),np.float64(25.874997389010257),np.float64(0.9980023943103671),
2025-06-30,ADBE,sell,np.float64(68.6588087174454),np.float64(387.3),np.float64(26591.556616266604),np.float64(26.591556616266605),,
2025-06-30,GOOGL,sell,np.float64(155.62036079274827),np.float64(180.78),np.float64(28133.048824113033),np.float64(28.133048824113033),,
2025-06-30,COST,buy,np.float64(27.051622343408845),np.float64(985.16),np.float64(26650.176267832656),np.float64(26.650176267832656),np.float64(0.998001998001998),
2025-06-30,JNJ,buy,np.float64(2.6914951051017666),np.float64(152.16),np.float64(409.5378951922848),np.float64(0.4095378951922848),np.float64(0.998001998001998),
2025-06-30,KO,buy,np.float64(6.545264442008696),np.float64(70.125),np.float64(458.9866689958598),np.float64(0.4589866689958598),np.float64(0.998001998001998),
2025-06-30,PEP,buy,np.float64(3.402480807320637),np.float64(131.195),np.float64(446.388469516431),np.float64(0.44638846951643096),np.float64(0.998001998001998),
2025-06-30,XOM,buy,np.float64(245.30721896016803),np.float64(108.64),np.float64(26650.176267832656),np.float64(26.650176267832656),np.float64(0.998001998001998),
2025-07-07,COST,sell,np.float64(27.051622343408845),np.float64(985.0),np.float64(26645.84800825771),np.float64(26.645848008257712),,
2025-07-07,JNJ,sell,np.float64(175.49099683483502),np.float64(156.02),np.float64(27380.10532617096),np.float64(27.380105326170963),,
2025-07-07,KO,sell,np.float64(380.78589778031153),np.float64(71.37),np.float64(27176.689524580837),np.float64(27.176689524580837),,
2025-07-07,PEP,sell,np.float64(203.53394796649968),np.float64(135.53),np.float64(27584.955967899703),np.float64(27.584955967899703),,
2025-07-07,XOM,sell,np.float64(245.30721896016803),np.float64(111.54),np.float64(27361.567202817143),np.float64(27.361567202817145),,
2025-07-07,ADBE,buy,np.float64(71.7219000918304),np.float64(378.9),np.float64(27175.427944794537),np.float64(27.17542794479454),np.float64(0.9980019980019982),
2025-07-07,AMD,buy,np.float64(198.99991172227985),np.float64(136.56),np.float64(27175.427944794537),np.float64(27.17542794479454),np.float64(0.9980019980019982),
2025-07-07,MU,buy,np.float64(224.25670857232657),np.float64(121.18),np.float64(27175.427944794537),np.float64(27.17542794479454),np.float64(0.9980019980019982),
2025-07-07,NFLX,buy,np.float64(20.984886443856787),np.float64(1295.0),np.float64(27175.427944794537),np.float64(27.17542794479454),np.float64(0.9980019980019982),
2025-07-07,TSLA,buy,np.float64(93.26776244910093),np.float64(291.37),np.float64(27175.427944794537),np.float64(27.17542794479454),np.float64(0.9980019980019982),
2025-07-14,AMD,sell,np.float64(198.99991172227985),np.float64(145.09),np.float64(28872.897191785585),np.float64(28.872897191785587),,
2025-07-14,MU,sell,np.float64(224.25670857232657),np.float64(120.38),np.float64(26996.02257793667),np.float64(26.99602257793667),,
2025-07-14,TSLA,sell,np.float64(93.26776244910093),np.float64(317.73),np.float64(29633.96616295284),np.float64(29.633966162952838),,
2025-07-14,ADBE,buy,np.float64(4.085551338024176),np.float64(363.185),np.float64(1483.8109627003105),np.float64(1.4838109627003104),np.float64(0.998001998001998),
2025-07-14,CRM,buy,np.float64(106.26482852116786),np.float64(258.6),np.float64(27480.08465557401),np.float64(27.48008465557401),np.float64(0.998001998001998),
2025-07-14,JPM,buy,np.float64(95.72607606358731),np.float64(287.07),np.float64(27480.08465557401),np.float64(27.48008465557401),np.float64(0.998001998001998),
2025-07-14,NFLX,buy,np.float64(1.130994261693078),np.float64(1244.91),np.float64(1407.9860663243296),np.float64(1.4079860663243295),np.float64(0.998001998001998),
2025-07-14,WMT,buy,np.float64(290.7637779660777),np.float64(94.51),np.float64(27480.08465557401),np.float64(27.48008465557401),np.float64(0.998001998001998),
2025-07-21,ADBE,sell,np.float64(75.80745142985458),np.float64(366.49),np.float64(27782.672874527405),np.float64(27.782672874527407),,
2025-07-21,CRM,sell,np.float64(106.26482852116786),np.float64(263.62),np.float64(28013.53409475027),np.float64(28.01353409475027),,
2025-07-21,JPM,sell,np.float64(95.72607606358731),np.float64(291.0),np.float64(27856.28813450391),np.float64(27.85628813450391),,
2025-07-21,WMT,sell,np.float64(290.7637779660777),np.float64(95.255),np.float64(27696.70367015873),np.float64(27.696703670158733),,
2025-07-21,AMAT,buy,np.float64(144.39455397993555),np.float64(190.79),np.float64(27549.036953831903),np.float64(27.549036953831905),np.float64(0.9980019980019984),
2025-07-21,COST,buy,np.float64(28.95296628919497),np.float64(951.51),np.float64(27549.036953831903),np.float64(27.549036953831905),np.float64(0.9980019980019984),
2025-07-21,MU,buy,np.float64(242.5411537952362),np.float64(113.585),np.float64(27549.036953831903),np.float64(27.549036953831905),np.float64(0.9980019980019984),
2025-07-21,NFLX,buy,np.float64(0.7716210920285986),np.float64(1206.0),np.float64(930.57503698649),np.float64(0.93057503698649),np.float64(0.9980019980019984),
2025-07-21,XOM,buy,np.float64(256.03194195011065),np.float64(107.6),np.float64(27549.036953831903),np.float64(27.549036953831905),np.float64(0.9980019980019984),
2025-07-28,MU,sell,np.float64(242.5411537952362),np.float64(111.72),np.float64(27096.69770200379),np.float64(27.096697702003787),,
2025-07-28,XOM,sell,np.float64(256.03194195011065),np.float64(111.0),np.float64(28419.545556462283),np.float64(28.419545556462282),,
2025-07-28,AMAT,buy,np.float64(0.49464672416931144),np.float64(189.01),np.float64(93.49317733524155),np.float64(0.09349317733524155),np.float64(0.9980019980019978),
2025-07-28,COST,buy,np.float64(0.32025146423228623),np.float64(935.5),np.float64(299.59524478930376),np.float64(0.29959524478930377),np.float64(0.9980019980019978),
2025-07-28,INTC,buy,np.float64(1312.7271049609583),np.float64(20.82),np.float64(27330.978325287153),np.float64(27.330978325287152),np.float64(0.9980019980019978),
2025-07-28,KO,buy,np.float64(397.59933554389227),np.float64(68.74),np.float64(27330.978325287153),np.float64(27.330978325287152),np.float64(0.9980019980019978),
2025-07-28,NFLX,buy,np.float64(0.2965430247335293),np.float64(1181.2),np.float64(350.27662081524477),np.float64(0.3502766208152448),np.float64(0.9980019980019978),
2025-08-04,AMAT,sell,np.float64(144.88920070410487),np.float64(182.0),np.float64(26369.834528147087),np.float64(26.369834528147088),,
2025-08-04,COST,sell,np.float64(29.273217753427254),np.float64(952.6),np.float64(27885.667231914802),np.float64(27.885667231914802),,
2025-08-04,INTC,sell,np.float64(1312.7271049609583),np.float64(19.515),np.float64(25617.869453313102),np.float64(25.6178694533131),,
2025-08-04,KO,sell,np.float64(397.59933554389227),np.float64(68.715),np.float64(27321.03834189856),np.float64(27.32103834189856),,
2025-08-04,NFLX,sell,np.float64(23.184044822311996),np.float64(1167.65),np.float64(27070.849936772604),np.float64(27.070849936772603),,
2025-08-04,AAPL,buy,np.float64(131.08238370820501),np.float64(204.505),np.float64(26807.002880246466),np.float64(26.807002880246465),np.float64(0.9980022810714518),
2025-08-04,ADBE,buy,np.float64(76.33842943457815),np.float64(351.16),np.float64(26807.002880246466),np.float64(26.807002880246465),np.float64(0.9980022810714518),
2025-08-04,AMZN,buy,np.float64(123.30728095789543),np.float64(217.4),np.float64(26807.002880246466),np.float64(26.807002880246465),np.float64(0.9980022810714518),
2025-08-04,CRM,buy,np.float64(106.80080828783453),np.float64(251.0),np.float64(26807.002880246466),np.float64(26.807002880246465),np.float64(0.9980022810714518),
2025-08-04,QCOM,buy,np.float64(180.50638260215788),np.float64(148.51),np.float64(26807.002880246466),np.float64(26.807002880246465),np.float64(0.9980022810714518),
2025-08-11,AAPL,sell,np.float64(131.08238370820501),np.float64(227.92),np.float64(29876.296894774085),np.float64(29.876296894774086),,
2025-08-11,AMZN,sell,np.float64(123.30728095789543),np.float64(221.78),np.float64(27347.08877084205),np.float64(27.34708877084205),,
2025-08-11,QCOM,sell,np.float64(180.50638260215788),np.float64(148.575),np.float64(26818.735795115605),np.float64(26.818735795115604),,
2025-08-11,ADBE,buy,np.float64(4.4409796080675905),np.float64(334.53),np.float64(1485.6409082868508),np.float64(1.485640908286851),np.float64(0.9980024029604903),
2025-08-11,CRM,buy,np.float64(6.304392052370548),np.float64(238.92),np.float64(1506.2453491523713),np.float64(1.5062453491523713),np.float64(0.9980024029604903),
2025-08-11,JPM,buy,np.float64(93.20014541475398),np.float64(289.4),np.float64(26972.122083029797),np.float64(26.9721220830298),np.float64(0.9980024029604903),
2025-08-11,MSFT,buy,np.float64(51.64105319362397),np.float64(522.3),np.float64(26972.122083029797),np.float64(26.9721220830298),np.float64(0.9980024029604903),
2025-08-11,XOM,buy,np.float64(251.81702999747733),np.float64(107.11),np.float64(26972.122083029797),np.float64(26.9721220830298),np.float64(0.9980024029604903),
2025-08-18,ADBE,sell,np.float64(80.77940904264574),np.float64(355.68),np.float64(28731.620208288237),np.float64(28.731620208288238),,
2025-08-18,CRM,sell,np.float64(113.10520034020507),np.float64(239.77),np.float64(27119.23388557097),np.float64(27.11923388557097),,
2025-08-18,JPM,sell,np.float64(93.20014541475398),np.float64(290.0),np.float64(27028.04217027865),np.float64(27.028042170278653),,
2025-08-18,MSFT,sell,np.float64(51.64105319362397),np.float64(521.585),np.float64(26935.19872999636),np.float64(26.93519872999636),,
2025-08-18,XOM,sell,np.float64(251.81702999747733),np.float64(106.1),np.float64(26717.786882732344),np.float64(26.717786882732344),,
2025-08-18,AMAT,buy,np.float64(168.72645783817222),np.float64(161.81),np.float64(27301.62814279465),np.float64(27.301628142794648),np.float64(0.9980038187920259),
2025-08-18,COST,buy,np.float64(28.050578591179132),np.float64(973.3),np.float64(27301.62814279465),np.float64(27.301628142794648),np.float64(0.9980038187920259),
2025-08-18,CSCO,buy,np.float64(413.160232185149),np.float64(66.08),np.float64(27301.62814279465),np.float64(27.301628142794648),np.float64(0.9980038187920259),
2025-08-18,KO,buy,np.float64(390.1347262474228),np.float64(69.98),np.float64(27301.62814279465),np.float64(27.301628142794648),np.float64(0.9980038187920259),
2025-08-18,WMT,buy,np.float64(273.01628142794647),np.float64(100.0),np.float64(27301.62814279465),np.float64(27.301628142794648),np.float64(0.9980038187920259),
2025-08-25,AMAT,sell,np.float64(168.72645783817222),np.float64(162.31),np.float64(27385.991371713735),np.float64(27.385991371713736),,
2025-08-25,COST,sell,np.float64(28.050578591179132),np.float64(954.96),np.float64(26787.180531432427),np.float64(26.787180531432426),,
2025-08-25,CSCO,sell,np.float64(413.160232185149),np.float64(67.28),np.float64(27797.420421416828),np.float64(27.797420421416827),,
2025-08-25,KO,sell,np.float64(390.1347262474228),np.float64(70.11),np.float64(27352.345657206813),np.float64(27.352345657206815),,
2025-08-25,AMD,buy,np.float64(163.83175232699577),np.float64(165.55),np.float64(27122.34659773415),np.float64(27.12234659773415),np.float64(0.9980027067427903),
2025-08-25,AVGO,buy,np.float64(92.62780163838035),np.float64(292.81),np.float64(27122.34659773415),np.float64(27.12234659773415),np.float64(0.9980027067427903),
2025-08-25,META,buy,np.float64(35.93220449608403),np.float64(754.82),np.float64(27122.34659773415),np.float64(27.12234659773415),np.float64(0.9980027067427903),
2025-08-25,MSFT,buy,np.float64(53.53482146287064),np.float64(506.63),np.float64(27122.34659773415),np.float64(27.12234659773415),np.float64(0.9980027067427903),
2025-08-25,WMT,buy,np.float64(7.1408327452554685),np.float64(97.0),np.float64(692.6607762897804),np.float64(0.6926607762897804),np.float64(0.9980027067427903),
2025-09-02,AVGO,sell,np.float64(92.62780163838035),np.float64(289.34),np.float64(26800.928126048966),np.float64(26.800928126048966),,
2025-09-02,META,sell,np.float64(35.93220449608403),np.float64(726.04),np.float64(26088.21775233685),np.float64(26.08821775233685),,
2025-09-02,MSFT,sell,np.float64(53.53482146287064),np.float64(500.465),np.float64(26792.304423415553),np.float64(26.792304423415555),,
2025-09-02,WMT,sell,np.float64(280.15711417320193),np.float64(97.23),np.float64(27239.676211060425),np.float64(27.239676211060427),,
2025-09-02,AMD,buy,np.float64(3.911146897027757),np.float64(158.42),np.float64(619.6038914271372),np.float64(0.6196038914271372),np.float64(0.9980019980019982),
2025-09-02,COST,buy,np.float64(28.255144034323756),np.float64(938.66),np.float64(26521.973499258336),np.float64(26.521973499258337),np.float64(0.9980019980019982),
2025-09-02,KO,buy,np.float64(384.5993836899411),np.float64(68.96),np.float64(26521.973499258336),np.float64(26.521973499258337),np.float64(0.9980019980019982),
2025-09-02,NVDA,buy,np.float64(156.0116088191667),np.float64(170.0),np.float64(26521.973499258336),np.float64(26.521973499258337),np.float64(0.9980019980019982),
2025-09-02,ORCL,buy,np.float64(119.46834909575827),np.float64(222.0),np.float64(26521.973499258336),np.float64(26.521973499258337),np.float64(0.9980019980019982),
2025-09-08,COST,sell,np.float64(28.255144034323756),np.float64(963.73),np.float64(27230.329960198833),np.float64(27.230329960198834),,
2025-09-08,KO,sell,np.float64(384.5993836899411),np.float64(67.855),np.float64(26096.991180280955),np.float64(26.096991180280956),,
2025-09-08,ORCL,sell,np.float64(119.46834909575827),np.float64(239.89),np.float64(28659.262264581448),np.float64(28.65926226458145),,
2025-09-08,AMD,buy,np.float64(8.248098691600433),np.float64(151.8),np.float64(1252.0613813849457),np.float64(1.2520613813849457),np.float64(0.998001998001998),
2025-09-08,CSCO,buy,np.float64(399.6486453125845),np.float64(66.72),np.float64(26664.55761525564),np.float64(26.66455761525564),np.float64(0.998001998001998),
2025-09-08,MSFT,buy,np.float64(53.53200151625789),np.float64(498.105),np.float64(26664.55761525564),np.float64(26.66455761525564),np.float64(0.998001998001998),
2025-09-08,NVDA,buy,np.float64(3.44398579801081),np.float64(167.55),np.float64(577.0398204567113),np.float64(0.5770398204567113),np.float64(0.998001998001998),
2025-09-08,XOM,buy,np.float64(243.0015275244294),np.float64(109.73),np.float64(26664.55761525564),np.float64(26.66455761525564),np.float64(0.998001998001998),
2025-09-15,AMD,sell,np.float64(175.99099791562395),np.float64(160.01),np.float64(28160.319576478985),np.float64(28.160319576478987),,
2025-09-15,CSCO,sell,np.float64(399.6486453125845),np.float64(66.505),np.float64(26578.63315651343),np.float64(26.578633156513433),,
2025-09-15,MSFT,sell,np.float64(53.53200151625789),np.float64(508.79),np.float64(27236.547051456855),np.float64(27.236547051456856),,
2025-09-15,NVDA,sell,np.float64(159.4555946171775),np.float64(175.67),np.float64(28011.56430639957),np.float64(28.01156430639957),,
2025-09-15,XOM,sell,np.float64(243.0015275244294),np.float64(112.18),np.float64(27259.911357690493),np.float64(27.259911357690495),,
2025-09-15,AAPL,buy,np.float64(115.59016766274819),np.float64(237.0),np.float64(27394.86973607132),np.float64(27.39486973607132),np.float64(0.9980020096084065),
2025-09-15,CRM,buy,np.float64(112.62022501982042),np.float64(243.25),np.float64(27394.86973607132),np.float64(27.39486973607132),np.float64(0.9980020096084065),
2025-09-15,KO,buy,np.float64(410.8408778654966),np.float64(66.68),np.float64(27394.86973607132),np.float64(27.39486973607132),np.float64(0.9980020096084065),
2025-09-15,NFLX,buy,np.float64(23.05189307983113),np.float64(1188.4),np.float64(27394.86973607132),np.float64(27.39486973607132),np.float64(0.9980020096084065),
2025-09-15,PEP,buy,np.float64(191.04480446369342),np.float64(143.395),np.float64(27394.86973607132),np.float64(27.39486973607132),np.float64(0.9980020096084065),
2025-09-22,AAPL,sell,np.float64(115.59016766274819),np.float64(248.3),np.float64(28701.038630660376),np.float64(28.701038630660378),,
2025-09-22,CRM,sell,np.float64(112.62022501982042),np.float64(245.28),np.float64(27623.488792861554),np.float64(27.623488792861554),,
2025-09-22,NFLX,sell,np.float64(23.05189307983113),np.float64(1221.9),np.float64(28167.108154245663),np.float64(28.167108154245664),,
2025-09-22,PEP,sell,np.float64(191.04480446369342),np.float64(141.08),np.float64(26952.60101373787),np.float64(26.95260101373787),,
2025-09-22,AVGO,buy,np.float64(80.83247994615209),np.float64(342.425),np.float64(27679.06194556113),np.float64(27.67906194556113),np.float64(0.9980024177952909),
2025-09-22,COST,buy,np.float64(29.216584716253998),np.float64(947.375),np.float64(27679.06194556113),np.float64(27.67906194556113),np.float64(0.9980024177952909),
2025-09-22,JNJ,buy,np.float64(157.18701769300432),np.float64(176.09),np.float64(27679.06194556113),np.float64(27.67906194556113),np.float64(0.9980024177952909),
2025-09-22,KO,buy,np.float64(8.345317597991967),np.float64(66.16),np.float64(552.1262122831484),np.float64(0.5521262122831485),np.float64(0.9980024177952909),
2025-09-22,WMT,buy,np.float64(270.1714196736079),np.float64(102.45),np.float64(27679.06194556113),np.float64(27.67906194556113),np.float64(0.9980024177952909),
2025-09-29,AVGO,sell,np.float64(80.83247994615209),np.float64(336.0),np.float64(27159.7132619071),np.float64(27.159713261907104),,
2025-09-29,JNJ,sell,np.float64(157.18701769300432),np.float64(179.825),np.float64(28266.1554566445),np.float64(28.2661554566445),,
2025-09-29,KO,sell,np.float64(0.22071286596649073),np.float64(65.67),np.float64(14.494213908019447),np.float64(0.014494213908019447),,
2025-09-29,WMT,sell,np.float64(270.1714196736079),np.float64(103.05),np.float64(27841.16479736529),np.float64(27.84116479736529),,
2025-09-29,AMZN,buy,np.float64(124.76595459673504),np.float64(220.08),np.float64(27458.49128764945),np.float64(27.45849128764945),np.float64(0.9980019980019981),
2025-09-29,COST,buy,np.float64(0.8071864243356447),np.float64(916.34),np.float64(739.6572080757247),np.float64(0.7396572080757248),np.float64(0.9980019980019981),
2025-09-29,GOOGL,buy,np.float64(110.78673103752047),np.float64(247.85),np.float64(27458.49128764945),np.float64(27.45849128764945),np.float64(0.9980019980019981),
2025-09-29,META,buy,np.float64(36.67391185977328),np.float64(748.72),np.float64(27458.49128764945),np.float64(27.45849128764945),np.float64(0.9980019980019981),
2025-10-06,AMZN,sell,np.float64(124.76595459673504),np.float64(221.0),np.float64(27573.275965878445),np.float64(27.573275965878445),,
2025-10-06,COST,sell,np.float64(30.02377114058964),np.float64(915.5),np.float64(27486.762479209818),np.float64(27.48676247920982),,
2025-10-06,GOOGL,sell,np.float64(110.78673103752047),np.float64(244.78),np.float64(27118.37602336426),np.float64(27.11837602336426),,
2025-10-06,KO,sell,np.float64(418.9654825975221),np.float64(66.49),np.float64(27857.014937909244),np.float64(27.857014937909245),,
2025-10-06,ADBE,buy,np.float64(78.18626167839874),np.float64(346.93),np.float64(27125.159764086875),np.float64(27.125159764086874),np.float64(0.9980019980019982),
2025-10-06,JPM,buy,np.float64(87.44973810073787),np.float64(310.18),np.float64(27125.159764086875),np.float64(27.125159764086874),np.float64(0.9980019980019982),
2025-10-06,META,buy,np.float64(1.8646728762088913),np.float64(705.185),np.float64(1314.939342209367),np.float64(1.314939342209367),np.float64(0.9980019980019982),
2025-10-06,NFLX,buy,np.float64(23.376302182999282),np.float64(1160.37),np.float64(27125.159764086875),np.float64(27.125159764086874),np.float64(0.9980019980019982),
2025-10-06,XOM,buy,np.float64(239.43119219778333),np.float64(113.29),np.float64(27125.159764086875),np.float64(27.125159764086874),np.float64(0.9980019980019982),
2025-10-13,ADBE,sell,np.float64(78.18626167839874),np.float64(339.25),np.float64(26524.689274396773),np.float64(26.524689274396774),,
2025-10-13,META,sell,np.float64(38.53858473598217),np.float64(713.01),np.float64(27478.396302602647),np.float64(27.478396302602647),,
2025-10-13,NFLX,sell,np.float64(23.376302182999282),np.float64(1221.35),np.float64(28550.64667120617),np.float64(28.55064667120617),,
2025-10-13,AAPL,buy,np.float64(108.84018769116223),np.float64(249.38),np.float64(27142.566006422036),np.float64(27.142566006422037),np.float64(0.9980019980019978),
2025-10-13,GOOGL,buy,np.float64(112.99515426677505),np.float64(240.21),np.float64(27142.566006422036),np.float64(27.142566006422037),np.float64(0.9980019980019978),
2025-10-13,JPM,buy,np.float64(1.542283792145522),np.float64(305.6),np.float64(471.32192687967154),np.float64(0.47132192687967156),np.float64(0.9980019980019978),
2025-10-13,QCOM,buy,np.float64(174.04659189754432),np.float64(155.95),np.float64(27142.566006422036),np.float64(27.142566006422037),np.float64(0.9980019980019978),
2025-10-13,XOM,buy,np.float64(4.390978842436471),np.float64(111.54),np.float64(489.769780085364),np.float64(0.48976978008536404),np.float64(0.9980019980019978),
2025-10-20,AAPL,sell,np.float64(108.84018769116223),np.float64(255.885),np.float64(27850.571427353047),np.float64(27.850571427353046),,
2025-10-20,GOOGL,sell,np.float64(112.99515426677505),np.float64(254.69),np.float64(28778.735840204936),np.float64(28.778735840204938),,
2025-10-20,QCOM,sell,np.float64(174.04659189754432),np.float64(163.34),np.float64(28428.77032054489),np.float64(28.42877032054489),,
2025-10-20,XOM,sell,np.float64(243.8221710402198),np.float64(112.0),np.float64(27308.083156504617),np.float64(27.30808315650462),,
2025-10-20,ADBE,buy,np.float64(82.86678000481085),np.float64(334.64),np.float64(27730.539260809903),np.float64(27.730539260809902),np.float64(0.9980019980019981),
2025-10-20,AMZN,buy,np.float64(129.65466271184732),np.float64(213.88),np.float64(27730.539260809903),np.float64(27.730539260809902),np.float64(0.9980019980019981),
2025-10-20,JPM,buy,np.float64(4.085413359103348),np.float64(298.5),np.float64(1219.4958876923495),np.float64(1.2194958876923494),np.float64(0.9980019980019981),
2025-10-20,MSFT,buy,np.float64(53.886514566001246),np.float64(514.61),np.float64(27730.539260809903),np.float64(27.730539260809902),np.float64(0.9980019980019981),
2025-10-20,NFLX,buy,np.float64(22.958120054484034),np.float64(1207.875),np.float64(27730.539260809903),np.float64(27.730539260809902),np.float64(0.9980019980019981),
2025-10-27,ADBE,sell,np.float64(82.86678000481085),np.float64(355.57),np.float64(29464.940966310594),np.float64(29.464940966310596),,
2025-10-27,AMZN,sell,np.float64(129.65466271184732),np.float64(227.66),np.float64(29517.18051297916),np.float64(29.517180512979163),,
2025-10-27,JPM,sell,np.float64(93.07743525198674),np.float64(302.16),np.float64(28124.277835740315),np.float64(28.124277835740315),,
2025-10-27,MSFT,sell,np.float64(53.886514566001246),np.float64(531.78),np.float64(28655.77071590814),np.float64(28.65577071590814),,
2025-10-27,COST,buy,np.float64(30.26191996311186),np.float64(930.21),np.float64(28149.940568886286),np.float64(28.149940568886286),np.float64(0.9980019980019982),
2025-10-27,JNJ,buy,np.float64(148.16538011940779),np.float64(189.99),np.float64(28149.940568886286),np.float64(28.149940568886286),np.float64(0.9980019980019982),
2025-10-27,NFLX,buy,np.float64(2.663027708921123),np.float64(1100.67),np.float64(2931.114708378213),np.float64(2.931114708378213),np.float64(0.9980019980019982),
2025-10-27,PEP,buy,np.float64(186.41110236995092),np.float64(151.01),np.float64(28149.940568886286),np.float64(28.149940568886286),np.float64(0.9980019980019982),
2025-10-27,WMT,buy,np.float64(264.71638676778525),np.float64(106.34),np.float64(28149.940568886286),np.float64(28.149940568886286),np.float64(0.9980019980019982),
2025-11-03,JNJ,sell,np.float64(148.16538011940779),np.float64(189.0),np.float64(28003.256842568073),np.float64(28.003256842568074),,
2025-11-03,NFLX,sell,np.float64(25.62114776340516),np.float64(1133.24),np.float64(29034.90949140126),np.float64(29.03490949140126),,
2025-11-03,ADBE,buy,np.float64(81.27238648070235),np.float64(340.31),np.float64(27657.805843247817),np.float64(27.657805843247818),np.float64(0.9980026865603618),
2025-11-03,COST,buy,np.float64(0.11176878770295622),np.float64(912.4),np.float64(101.97784190017725),np.float64(0.10197784190017725),np.float64(0.9980026865603618),
2025-11-03,META,buy,np.float64(42.16128939519484),np.float64(656.0),np.float64(27657.805843247817),np.float64(27.657805843247818),np.float64(0.9980026865603618),
2025-11-03,PEP,buy,np.float64(3.580071650759015),np.float64(145.86),np.float64(522.18925097971),np.float64(0.52218925097971),np.float64(0.9980026865603618),
2025-11-03,WMT,buy,np.float64(10.15450457822214),np.float64(100.815),np.float64(1023.7263790534649),np.float64(1.023726379053465),np.float64(0.9980026865603618),
2025-11-10,ADBE,sell,np.float64(81.27238648070235),np.float64(328.0),np.float64(26657.34276567037),np.float64(26.65734276567037),,
2025-11-10,COST,sell,np.float64(30.373688750814818),np.float64(919.0),np.float64(27913.419961998818),np.float64(27.91341996199882),,
2025-11-10,META,sell,np.float64(42.16128939519484),np.float64(631.09),np.float64(26607.568124413516),np.float64(26.607568124413515),,
2025-11-10,PEP,sell,np.float64(189.99117402070993),np.float64(142.49),np.float64(27071.84238621096),np.float64(27.07184238621096),,
2025-11-10,WMT,sell,np.float64(274.8708913460074),np.float64(102.15),np.float64(28078.06155099466),np.float64(28.078061550994658),,
2025-11-10,AMD,buy,np.float64(112.38016040951972),np.float64(242.135),np.float64(27211.170140759055),np.float64(27.211170140759055),np.float64(0.9980019980019981),
2025-11-10,CRM,buy,np.float64(113.37987558649607),np.float64(240.0),np.float64(27211.170140759055),np.float64(27.211170140759055),np.float64(0.9980019980019981),
2025-11-10,MSFT,buy,np.float64(54.4185309843492),np.float64(500.035),np.float64(27211.170140759055),np.float64(27.211170140759055),np.float64(0.9980019980019981),
2025-11-10,NVDA,buy,np.float64(139.46578925098177),np.float64(195.11),np.float64(27211.170140759055),np.float64(27.211170140759055),np.float64(0.9980019980019981),
2025-11-10,QCOM,buy,np.float64(156.60654450668503),np.float64(173.755),np.float64(27211.170140759055),np.float64(27.211170140759055),np.float64(0.9980019980019981),
2025-11-17,AMD,sell,np.float64(112.38016040951972),np.float64(242.745),np.float64(27279.722038608863),np.float64(27.279722038608863),,
2025-11-17,CRM,sell,np.float64(113.37987558649607),np.float64(242.07),np.float64(27445.866483223104),np.float64(27.445866483223107),,
2025-11-17,MSFT,sell,np.float64(54.4185309843492),np.float64(508.45),np.float64(27669.102078992353),np.float64(27.669102078992353),,
2025-11-17,NVDA,sell,np.float64(139.46578925098177),np.float64(185.965),np.float64(25935.755498058825),np.float64(25.935755498058825),,
2025-11-17,QCOM,sell,np.float64(156.60654450668503),np.float64(172.8),np.float64(27061.610890755175),np.float64(27.061610890755176),,
2025-11-17,AMZN,buy,np.float64(115.85984427803596),np.float64(233.25),np.float64(27024.30867785189),np.float64(27.024308677851888),np.float64(0.9980019980019982),
2025-11-17,INTC,buy,np.float64(762.4293603569442),np.float64(35.445),np.float64(27024.30867785189),np.float64(27.024308677851888),np.float64(0.9980019980019982),
2025-11-17,JPM,buy,np.float64(88.89575222977595),np.float64(304.0),np.float64(27024.30867785189),np.float64(27.024308677851888),np.float64(0.9980019980019982),
2025-11-17,ORCL,buy,np.float64(123.8454180736533),np.float64(218.21),np.float64(27024.30867785189),np.float64(27.024308677851888),np.float64(0.9980019980019982),
2025-11-17,TSLA,buy,np.float64(67.77426061556876),np.float64(398.74),np.float64(27024.30867785189),np.float64(27.024308677851888),np.float64(0.9980019980019982),
2025-11-24,AMZN,sell,np.float64(115.85984427803596),np.float64(222.555),np.float64(25785.187643298294),np.float64(25.785187643298293),,
2025-11-24,INTC,sell,np.float64(762.4293603569442),np.float64(34.97),np.float64(26662.154731682338),np.float64(26.66215473168234),,
2025-11-24,JPM,sell,np.float64(88.89575222977595),np.float64(298.24),np.float64(26512.26914500838),np.float64(26.512269145008382),,
2025-11-24,ORCL,sell,np.float64(123.8454180736533),np.float64(196.855),np.float64(24379.58977488902),np.float64(24.37958977488902),,
2025-11-24,TSLA,sell,np.float64(67.77426061556876),np.float64(402.17),np.float64(27256.77439176329),np.float64(27.25677439176329),,
2025-11-24,AMD,buy,np.float64(125.83031923758294),np.float64(207.16),np.float64(26067.008933257683),np.float64(26.067008933257682),np.float64(0.9980019980019982),
2025-11-24,CRM,buy,np.float64(114.6608996800285),np.float64(227.34),np.float64(26067.008933257683),np.float64(26.067008933257682),np.float64(0.9980019980019982),
2025-11-24,MSFT,buy,np.float64(54.87791354370039),np.float64(475.0),np.float64(26067.008933257683),np.float64(26.067008933257682),np.float64(0.9980019980019982),
2025-11-24,MU,buy,np.float64(122.14520844036214),np.float64(213.41),np.float64(26067.008933257683),np.float64(26.067008933257682),np.float64(0.9980019980019982),
2025-11-24,NFLX,buy,np.float64(250.0432511583471),np.float64(104.25),np.float64(26067.008933257683),np.float64(26.067008933257682),np.float64(0.9980019980019982),
2025-12-01,AMD,sell,np.float64(125.83031923758294),np.float64(213.875),np.float64(26911.95952693805),np.float64(26.911959526938052),,
2025-12-01,CRM,sell,np.float64(114.6608996800285),np.float64(228.67),np.float64(26219.507929832118),np.float64(26.21950792983212),,
2025-12-01,MSFT,sell,np.float64(54.87791354370039),np.float64(488.435),np.float64(26804.2937017173),np.float64(26.8042937017173),,
2025-12-01,MU,sell,np.float64(122.14520844036214),np.float64(232.285),np.float64(28372.49974256952),np.float64(28.37249974256952),,
2025-12-01,NFLX,sell,np.float64(250.0432511583471),np.float64(106.51),np.float64(26632.10668087555),np.float64(26.63210668087555),,
2025-12-01,COST,buy,np.float64(29.494252399888904),np.float64(913.2),np.float64(26934.15129157855),np.float64(26.93415129157855),np.float64(0.9980019980019982),
2025-12-01,JNJ,buy,np.float64(130.43172538294698),np.float64(206.5),np.float64(26934.15129157855),np.float64(26.93415129157855),np.float64(0.9980019980019982),
2025-12-01,NVDA,buy,np.float64(154.12080162267424),np.float64(174.76),np.float64(26934.15129157855),np.float64(26.93415129157855),np.float64(0.9980019980019982),
2025-12-01,PEP,buy,np.float64(181.22221222256383),np.float64(148.625),np.float64(26934.15129157855),np.float64(26.93415129157855),np.float64(0.9980019980019982),
2025-12-01,XOM,buy,np.float64(231.990967197059),np.float64(116.1),np.float64(26934.15129157855),np.float64(26.93415129157855),np.float64(0.9980019980019982),
2025-12-08,NVDA,sell,np.float64(154.12080162267424),np.float64(182.64),np.float64(28148.62320836522),np.float64(28.148623208365223),,
2025-12-08,PEP,sell,np.float64(181.22221222256383),np.float64(145.01),np.float64(26279.03299439398),np.float64(26.27903299439398),,
2025-12-08,XOM,sell,np.float64(231.990967197059),np.float64(115.83),np.float64(26871.513730435345),np.float64(26.871513730435346),,
2025-12-08,COST,buy,np.float64(0.5762036493627983),np.float64(893.5),np.float64(514.8379607056603),np.float64(0.5148379607056603),np.float64(0.9980051745039564),
2025-12-08,JNJ,buy,np.float64(2.14555885179957),np.float64(202.66),np.float64(434.8189569057008),np.float64(0.4348189569057008),np.float64(0.9980051745039564),
2025-12-08,KO,buy,np.float64(383.9545048004459),np.float64(69.84),np.float64(26815.38261526314),np.float64(26.815382615263143),np.float64(0.9980051745039564),
2025-12-08,MSFT,buy,np.float64(55.30256166980447),np.float64(484.885),np.float64(26815.38261526314),np.float64(26.815382615263143),np.float64(0.9980051745039564),
2025-12-08,NFLX,buy,np.float64(268.50287989649684),np.float64(99.87),np.float64(26815.38261526314),np.float64(26.815382615263143),np.float64(0.9980051745039564),
2025-12-15,COST,sell,np.float64(30.070456049251703),np.float64(882.11),np.float64(26525.44998560542),np.float64(26.525449985605423),,
2025-12-15,JNJ,sell,np.float64(132.57728423474654),np.float64(210.345),np.float64(27886.96885235776),np.float64(27.88696885235776),,
2025-12-15,KO,sell,np.float64(383.9545048004459),np.float64(70.43),np.float64(27041.915773095407),np.float64(27.041915773095408),,
2025-12-15,MSFT,sell,np.float64(55.30256166980447),np.float64(480.1),np.float64(26550.759857673125),np.float64(26.550759857673125),,
2025-12-15,AVGO,buy,np.float64(73.78932547930219),np.float64(361.89),np.float64(26703.61899770467),np.float64(26.70361899770467),np.float64(0.9980019980019982),
2025-12-15,INTC,buy,np.float64(696.7676189877278),np.float64(38.325),np.float64(26703.61899770467),np.float64(26.70361899770467),np.float64(0.9980019980019982),
2025-12-15,META,buy,np.float64(41.35607712204533),np.float64(645.7),np.float64(26703.61899770467),np.float64(26.70361899770467),np.float64(0.9980019980019982),
2025-12-15,NFLX,buy,np.float64(10.152831155237424),np.float64(96.015),np.float64(974.8240833701212),np.float64(0.9748240833701213),np.float64(0.9980019980019982),
2025-12-15,ORCL,buy,np.float64(141.8217589766035),np.float64(188.29),np.float64(26703.61899770467),np.float64(26.70361899770467),np.float64(0.9980019980019982),
2025-12-22,INTC,sell,np.float64(696.7676189877278),np.float64(37.89),np.float64(26400.52508344501),np.float64(26.40052508344501),,
2025-12-22,META,sell,np.float64(41.35607712204533),np.float64(661.645),np.float64(27363.04164741568),np.float64(27.36304164741568),,
2025-12-22,NFLX,sell,np.float64(278.6557110517343),np.float64(94.71),np.float64(26391.48239370975),np.float64(26.39148239370975),,
2025-12-22,ORCL,sell,np.float64(141.8217589766035),np.float64(196.82),np.float64(27913.358601775097),np.float64(27.913358601775098),,
2025-12-22,AAPL,buy,np.float64(97.76641351955404),np.float64(272.86),np.float64(26676.543592945516),np.float64(26.676543592945517),np.float64(0.9980024411832299),
2025-12-22,AVGO,buy,np.float64(3.45122563483073),np.float64(346.03),np.float64(1194.2276064204775),np.float64(1.1942276064204775),np.float64(0.9980024411832299),
2025-12-22,COST,buy,np.float64(31.23717048354276),np.float64(854.0),np.float64(26676.543592945516),np.float64(26.676543592945517),np.float64(0.9980024411832299),
2025-12-22,JNJ,buy,np.float64(129.41611406852724),np.float64(206.13),np.float64(26676.543592945516),np.float64(26.676543592945517),np.float64(0.9980024411832299),
2025-12-22,XOM,buy,np.float64(227.3536761660674),np.float64(117.335),np.float64(26676.543592945516),np.float64(26.676543592945517),np.float64(0.9980024411832299),
2025-12-29,AVGO,sell,np.float64(77.24055111413293),np.float64(348.72),np.float64(26935.324984520437),np.float64(26.935324984520438),,
2025-12-29,COST,sell,np.float64(31.23717048354276),np.float64(873.29),np.float64(27279.108611573054),np.float64(27.279108611573054),,
2025-12-29,XOM,sell,np.float64(227.3536761660674),np.float64(120.15),np.float64(27316.544191353),np.float64(27.316544191353003),,
2025-12-29,AAPL,buy,np.float64(1.324742562295438),np.float64(272.69),np.float64(361.244049312343),np.float64(0.361244049312343),np.float64(0.9980019980019983),
2025-12-29,JNJ,buy,np.float64(0.4958286817931266),np.float64(208.0),np.float64(103.13236581297033),np.float64(0.10313236581297033),np.float64(0.9980019980019983),
2025-12-29,KO,buy,np.float64(385.2557253133467),np.float64(70.0),np.float64(26967.90077193427),np.float64(26.96790077193427),np.float64(0.9980019980019983),
2025-12-29,PEP,buy,np.float64(187.6158395153351),np.float64(143.74),np.float64(26967.90077193427),np.float64(26.96790077193427),np.float64(0.9980019980019983),
2025-12-29,WMT,buy,np.float64(241.66951135347495),np.float64(111.59),np.float64(26967.90077193427),np.float64(26.96790077193427),np.float64(0.9980019980019983),
2026-01-05,AAPL,sell,np.float64(99.09115608184948),np.float64(270.64),np.float64(26818.03048199174),np.float64(26.81803048199174),,
2026-01-05,JNJ,sell,np.float64(129.91194275032035),np.float64(205.87),np.float64(26744.971654008452),np.float64(26.744971654008452),,
2026-01-05,KO,sell,np.float64(385.2557253133467),np.float64(68.92),np.float64(26551.824588595857),np.float64(26.551824588595856),,
2026-01-05,PEP,sell,np.float64(187.6158395153351),np.float64(141.66),np.float64(26577.65982574237),np.float64(26.57765982574237),,
2026-01-05,WMT,sell,np.float64(241.66951135347495),np.float64(112.82),np.float64(27265.154270899042),np.float64(27.265154270899043),,
2026-01-05,ADBE,buy,np.float64(80.99723921555179),np.float64(330.11),np.float64(26737.998637445802),np.float64(26.737998637445802),np.float64(0.9980019980019981),
2026-01-05,COST,buy,np.float64(30.948548686203832),np.float64(863.95),np.float64(26737.998637445802),np.float64(26.737998637445802),np.float64(0.9980019980019981),
2026-01-05,CRM,buy,np.float64(105.42543426167417),np.float64(253.62),np.float64(26737.998637445802),np.float64(26.737998637445802),np.float64(0.9980019980019981),
2026-01-05,MSFT,buy,np.float64(56.40273520466149),np.float64(474.055),np.float64(26737.998637445802),np.float64(26.737998637445802),np.float64(0.9980019980019981),
2026-01-05,TSLA,buy,np.float64(59.68436491315833),np.float64(447.99),np.float64(26737.998637445802),np.float64(26.737998637445802),np.float64(0.9980019980019981),
2026-01-12,ADBE,sell,np.float64(80.99723921555179),np.float64(327.77),np.float64(26548.46509768141),np.float64(26.548465097681408),,
2026-01-12,COST,sell,np.float64(30.948548686203832),np.float64(920.4),np.float64(28485.044210782005),np.float64(28.485044210782007),,
2026-01-12,CRM,sell,np.float64(105.42543426167417),np.float64(259.0),np.float64(27305.18747377361),np.float64(27.30518747377361),,
2026-01-12,MSFT,sell,np.float64(56.40273520466149),np.float64(476.67),np.float64(26885.49179000599),np.float64(26.885491790005993),,
2026-01-12,TSLA,sell,np.float64(59.68436491315833),np.float64(441.225),np.float64(26334.233908808288),np.float64(26.33423390880829),,
2026-01-12,AAPL,buy,np.float64(104.40467393277372),np.float64(259.16),np.float64(27057.515296417638),np.float64(27.057515296417638),np.float64(0.9980019980019981),
2026-01-12,AMD,buy,np.float64(134.49406151912535),np.float64(201.18),np.float64(27057.515296417638),np.float64(27.057515296417638),np.float64(0.9980019980019981),
2026-01-12,CSCO,buy,np.float64(371.10842540690766),np.float64(72.91),np.float64(27057.515296417638),np.float64(27.057515296417638),np.float64(0.9980019980019981),
2026-01-12,JNJ,buy,np.float64(131.6347131910369),np.float64(205.55),np.float64(27057.515296417638),np.float64(27.057515296417638),np.float64(0.9980019980019981),
2026-01-12,PEP,buy,np.float64(193.3922900179947),np.float64(139.91),np.float64(27057.515296417638),np.float64(27.057515296417638),np.float64(0.9980019980019981),
2026-01-20,AAPL,sell,np.float64(104.40467393277372),np.float64(252.73),np.float64(26386.193243029902),np.float64(26.386193243029904),,
2026-01-20,AMD,sell,np.float64(134.49406151912535),np.float64(226.08),np.float64(30406.41742824386),np.float64(30.406417428243863),,
2026-01-20,CSCO,sell,np.float64(371.10842540690766),np.float64(74.52),np.float64(27654.999861322758),np.float64(27.654999861322757),,
2026-01-20,JNJ,sell,np.float64(131.6347131910369),np.float64(217.09),np.float64(28576.5798866422),np.float64(28.5765798866422),,
2026-01-20,PEP,sell,np.float64(193.3922900179947),np.float64(146.215),np.float64(28276.853684981095),np.float64(28.276853684981095),,
2026-01-20,ADBE,buy,np.float64(95.82680370737963),np.float64(294.32),np.float64(28203.74486715597),np.float64(28.20374486715597),np.float64(0.9980019980019981),
2026-01-20,CRM,buy,np.float64(126.16867167914454),np.float64(223.54),np.float64(28203.74486715597),np.float64(28.20374486715597),np.float64(0.9980019980019981),
2026-01-20,JPM,buy,np.float64(92.1058909478984),np.float64(306.21),np.float64(28203.74486715597),np.float64(28.20374486715597),np.float64(0.9980019980019981),
2026-01-20,MSFT,buy,np.float64(62.506221794833884),np.float64(451.215),np.float64(28203.74486715597),np.float64(28.20374486715597),np.float64(0.9980019980019981),
2026-01-20,QCOM,buy,np.float64(182.01835990420116),np.float64(154.95),np.float64(28203.74486715597),np.float64(28.20374486715597),np.float64(0.9980019980019981),
2026-01-26,ADBE,sell,np.float64(95.82680370737963),np.float64(301.4),np.float64(28882.198637404217),np.float64(28.88219863740422),,
2026-01-26,CRM,sell,np.float64(126.16867167914454),np.float64(229.43),np.float64(28946.878343346132),np.float64(28.946878343346132),,
2026-01-26,MSFT,sell,np.float64(62.506221794833884),np.float64(465.305),np.float64(29084.457532245182),np.float64(29.08445753224518),,
2026-01-26,AAPL,buy,np.float64(113.11855948834858),np.float64(251.48),np.float64(28447.0553401299),np.float64(28.4470553401299),np.float64(0.998001998001998),
2026-01-26,AVGO,buy,np.float64(88.95264333999343),np.float64(319.8),np.float64(28447.0553401299),np.float64(28.4470553401299),np.float64(0.998001998001998),
2026-01-26,JPM,buy,np.float64(3.5989565911057504),np.float64(297.81),np.float64(1071.8052623972035),np.float64(1.0718052623972034),np.float64(0.998001998001998),
2026-01-26,ORCL,buy,np.float64(158.83336314980403),np.float64(179.1),np.float64(28447.0553401299),np.float64(28.4470553401299),np.float64(0.998001998001998),
2026-01-26,QCOM,buy,np.float64(2.1118205077406995),np.float64(154.8),np.float64(326.9098145982603),np.float64(0.3269098145982603),np.float64(0.998001998001998),
2026-02-02,AAPL,sell,np.float64(113.11855948834858),np.float64(260.03),np.float64(29414.21902375528),np.float64(29.41421902375528),,
2026-02-02,AVGO,sell,np.float64(88.95264333999343),np.float64(326.11),np.float64(29008.346519605257),np.float64(29.008346519605258),,
2026-02-02,JPM,sell,np.float64(95.70484753900415),np.float64(304.46),np.float64(29138.2978817252),np.float64(29.1382978817252),,
2026-02-02,QCOM,sell,np.float64(184.13018041194186),np.float64(150.97),np.float64(27798.133336790863),np.float64(27.798133336790862),,
2026-02-02,AMD,buy,np.float64(120.64475236876596),np.float64(235.77),np.float64(28444.413265983952),np.float64(28.444413265983954),np.float64(0.9980019980019983),
2026-02-02,COST,buy,np.float64(30.12445406943642),np.float64(944.23),np.float64(28444.413265983952),np.float64(28.444413265983954),np.float64(0.9980019980019983),
2026-02-02,CRM,buy,np.float64(132.70078500575673),np.float64(214.35),np.float64(28444.413265983952),np.float64(28.444413265983954),np.float64(0.9980019980019983),
2026-02-02,MSFT,buy,np.float64(66.11366640553175),np.float64(430.235),np.float64(28444.413265983952),np.float64(28.444413265983954),np.float64(0.9980019980019983),
2026-02-02,ORCL,buy,np.float64(7.903441328826746),np.float64(170.92),np.float64(1350.8561919230674),np.float64(1.3508561919230675),np.float64(0.9980019980019983),
2026-02-09,AMD,sell,np.float64(120.64475236876596),np.float64(206.895),np.float64(24960.796041335834),np.float64(24.960796041335836),,
2026-02-09,COST,sell,np.float64(30.12445406943642),np.float64(1001.32),np.float64(30164.218348808077),np.float64(30.164218348808078),,
2026-02-09,MSFT,sell,np.float64(66.11366640553175),np.float64(404.85),np.float64(26766.117844279528),np.float64(26.766117844279528),,
2026-02-09,ADBE,buy,np.float64(98.48856913100907),np.float64(267.05),np.float64(26301.372386435974),np.float64(26.301372386435975),np.float64(0.9980019980019981),
2026-02-09,AMZN,buy,np.float64(125.86195332552985),np.float64(208.97),np.float64(26301.372386435974),np.float64(26.301372386435975),np.float64(0.9980019980019981),
2026-02-09,CRM,buy,np.float64(6.504511947821055),np.float64(189.3),np.float64(1231.304111722526),np.float64(1.2313041117225259),np.float64(0.9980019980019981),
2026-02-09,ORCL,buy,np.float64(10.72188239995949),np.float64(148.49),np.float64(1592.0923175699847),np.float64(1.5920923175699848),np.float64(0.9980019980019981),
2026-02-09,QCOM,buy,np.float64(191.84079056481383),np.float64(137.1),np.float64(26301.372386435974),np.float64(26.301372386435975),np.float64(0.9980019980019981),
2026-02-17,ADBE,sell,np.float64(98.48856913100907),np.float64(265.235),np.float64(26122.615633463192),np.float64(26.122615633463194),,
2026-02-17,AMZN,sell,np.float64(125.86195332552985),np.float64(198.125),np.float64(24936.399502620603),np.float64(24.936399502620603),,
2026-02-17,CRM,sell,np.float64(139.20529695357777),np.float64(190.97),np.float64(26584.035559224747),np.float64(26.58403555922475),,
2026-02-17,ORCL,sell,np.float64(177.45868687859027),np.float64(157.98),np.float64(28034.92335307969),np.float64(28.034923353079687),,
2026-02-17,QCOM,sell,np.float64(191.84079056481383),np.float64(141.0),np.float64(27049.55146963875),np.float64(27.04955146963875),,
2026-02-17,AAPL,buy,np.float64(102.66408498884101),np.float64(258.05),np.float64(26492.467131370424),np.float64(26.492467131370425),np.float64(0.998001998001998),
2026-02-17,CSCO,buy,np.float64(344.2815741568606),np.float64(76.95),np.float64(26492.467131370424),np.float64(26.492467131370425),np.float64(0.998001998001998),
2026-02-17,GOOGL,buy,np.float64(88.29645091111325),np.float64(300.04),np.float64(26492.467131370424),np.float64(26.492467131370425),np.float64(0.998001998001998),
2026-02-17,JPM,buy,np.float64(87.50319438291196),np.float64(302.76),np.float64(26492.467131370424),np.float64(26.492467131370425),np.float64(0.998001998001998),
2026-02-17,NFLX,buy,np.float64(344.41584934178917),np.float64(76.92),np.float64(26492.467131370424),np.float64(26.492467131370425),np.float64(0.998001998001998),
2026-02-23,AAPL,sell,np.float64(102.66408498884101),np.float64(263.49),np.float64(27050.959753709718),np.float64(27.05095975370972),,
2026-02-23,CSCO,sell,np.float64(344.2815741568606),np.float64(78.85),np.float64(27146.602122268454),np.float64(27.146602122268455),,
2026-02-23,GOOGL,sell,np.float64(88.29645091111325),np.float64(319.045),np.float64(28170.54118093613),np.float64(28.17054118093613),,
2026-02-23,JPM,sell,np.float64(87.50319438291196),np.float64(308.8),np.float64(27020.986425443214),np.float64(27.020986425443215),,
2026-02-23,NFLX,sell,np.float64(344.41584934178917),np.float64(77.79),np.float64(26792.108920297782),np.float64(26.792108920297782),,
2026-02-23,COST,buy,np.float64(27.68570138442789),np.float64(981.8),np.float64(27181.8216192313),np.float64(27.1818216192313),np.float64(0.998001998001998),
2026-02-23,ORCL,buy,np.float64(186.5730085745851),np.float64(145.69),np.float64(27181.8216192313),np.float64(27.1818216192313),np.float64(0.998001998001998),
2026-02-23,PEP,buy,np.float64(165.2490827359189),np.float64(164.49),np.float64(27181.8216192313),np.float64(27.1818216192313),np.float64(0.998001998001998),
2026-02-23,WMT,buy,np.float64(220.06008435258502),np.float64(123.52),np.float64(27181.8216192313),np.float64(27.1818216192313),np.float64(0.998001998001998),
2026-02-23,XOM,buy,np.float64(183.4750024922801),np.float64(148.15),np.float64(27181.8216192313),np.float64(27.1818216192313),np.float64(0.998001998001998),
2026-03-02,COST,sell,np.float64(27.68570138442789),np.float64(1010.91),np.float64(27987.752386531996),np.float64(27.987752386531998),,
2026-03-02,ORCL,sell,np.float64(186.5730085745851),np.float64(141.62),np.float64(26422.46947433274),np.float64(26.422469474332743),,
2026-03-02,PEP,sell,np.float64(165.2490827359189),np.float64(169.045),np.float64(27934.53119109341),np.float64(27.934531191093413),,
2026-03-02,WMT,sell,np.float64(220.06008435258502),np.float64(127.46),np.float64(28048.858351580486),np.float64(28.048858351580485),,
2026-03-02,XOM,sell,np.float64(183.4750024922801),np.float64(159.35),np.float64(29236.741647144834),np.float64(29.236741647144836),,
2026-03-02,AVGO,buy,np.float64(90.09010300381853),np.float64(309.36),np.float64(27870.2742652613),np.float64(27.8702742652613),np.float64(0.9980019980019982),
2026-03-02,GOOGL,buy,np.float64(91.91285106855075),np.float64(303.225),np.float64(27870.2742652613),np.float64(27.8702742652613),np.float64(0.9980019980019982),
2026-03-02,JPM,buy,np.float64(94.5363938308107),np.float64(294.81),np.float64(27870.2742652613),np.float64(27.8702742652613),np.float64(0.9980019980019982),
2026-03-02,NVDA,buy,np.float64(159.2496101094869),np.float64(175.01),np.float64(27870.2742652613),np.float64(27.8702742652613),np.float64(0.9980019980019982),
2026-03-02,TSLA,buy,np.float64(71.35246867706427),np.float64(390.6),np.float64(27870.2742652613),np.float64(27.8702742652613),np.float64(0.9980019980019982),
2026-03-09,AVGO,sell,np.float64(90.09010300381853),np.float64(327.25),np.float64(29481.986207999613),np.float64(29.481986207999615),,
2026-03-09,JPM,sell,np.float64(94.5363938308107),np.float64(285.5),np.float64(26990.140438696453),np.float64(26.990140438696454),,
2026-03-09,NVDA,sell,np.float64(159.2496101094869),np.float64(176.83),np.float64(28160.10855566057),np.float64(28.160108555660567),,
2026-03-09,TSLA,sell,np.float64(71.35246867706427),np.float64(390.05),np.float64(27831.030407488917),np.float64(27.831030407488917),,
2026-03-09,AMAT,buy,np.float64(86.90667798209141),np.float64(320.48),np.float64(27851.852159700655),np.float64(27.851852159700655),np.float64(0.9980021694278179),
2026-03-09,GOOGL,buy,np.float64(2.889107072838503),np.float64(294.36),np.float64(850.4375579607417),np.float64(0.8504375579607417),np.float64(0.9980021694278179),
2026-03-09,KO,buy,np.float64(363.50629287001635),np.float64(76.62),np.float64(27851.852159700655),np.float64(27.851852159700655),np.float64(0.9980021694278179),
2026-03-09,MU,buy,np.float64(76.5244866460618),np.float64(363.96),np.float64(27851.852159700655),np.float64(27.851852159700655),np.float64(0.9980021694278179),
2026-03-09,PEP,buy,np.float64(174.9817940547883),np.float64(159.17),np.float64(27851.852159700655),np.float64(27.851852159700655),np.float64(0.9980021694278179),
2026-03-16,AMAT,sell,np.float64(86.90667798209141),np.float64(347.7),np.float64(30217.45193437318),np.float64(30.21745193437318),,
2026-03-16,GOOGL,sell,np.float64(94.80195814138925),np.float64(304.35),np.float64(28852.97596033182),np.float64(28.852975960331822),,
2026-03-16,KO,sell,np.float64(363.50629287001635),np.float64(78.0),np.float64(28353.490843861277),np.float64(28.353490843861277),,
2026-03-16,MU,sell,np.float64(76.5244866460618),np.float64(446.16),np.float64(34142.16496200694),np.float64(34.14216496200694),,
2026-03-16,PEP,sell,np.float64(174.9817940547883),np.float64(161.36),np.float64(28235.062288680645),np.float64(28.235062288680645),,
2026-03-16,AAPL,buy,np.float64(118.75552557039019),np.float64(252.105),np.float64(29938.861773923218),np.float64(29.938861773923218),np.float64(0.9980032811607937),
2026-03-16,ADBE,buy,np.float64(120.5996446079485),np.float64(248.25),np.float64(29938.861773923218),np.float64(29.938861773923218),np.float64(0.9980032811607937),
2026-03-16,CRM,buy,np.float64(153.41461324070315),np.float64(195.15),np.float64(29938.861773923218),np.float64(29.938861773923218),np.float64(0.9980032811607937),
2026-03-16,META,buy,np.float64(47.37161673089117),np.float64(632.0),np.float64(29938.861773923218),np.float64(29.938861773923218),np.float64(0.9980032811607937),
2026-03-16,QCOM,buy,np.float64(228.41538828981948),np.float64(131.072),np.float64(29938.861773923218),np.float64(29.938861773923218),np.float64(0.9980032811607937),
2026-03-23,AAPL,sell,np.float64(118.75552557039019),np.float64(253.97),np.float64(30160.340829111996),np.float64(30.160340829111995),,
2026-03-23,ADBE,sell,np.float64(120.5996446079485),np.float64(248.945),np.float64(30022.67852692574),np.float64(30.02267852692574),,
2026-03-23,CRM,sell,np.float64(153.41461324070315),np.float64(197.09),np.float64(30236.486123610182),np.float64(30.236486123610185),,
2026-03-23,META,sell,np.float64(47.37161673089117),np.float64(605.787),np.float64(28697.10958455637),np.float64(28.69710958455637),,
2026-03-23,QCOM,sell,np.float64(228.41538828981948),np.float64(133.15),np.float64(30413.508950789463),np.float64(30.413508950789463),,
2026-03-23,COST,buy,np.float64(30.280341196745415),np.float64(985.665),np.float64(29846.272505690067),np.float64(29.846272505690067),np.float64(0.9980019980019981),
2026-03-23,KO,buy,np.float64(396.1544001286178),np.float64(75.34),np.float64(29846.272505690067),np.float64(29.846272505690067),np.float64(0.9980019980019981),
2026-03-23,PEP,buy,np.float64(195.97027252587043),np.float64(152.3),np.float64(29846.272505690067),np.float64(29.846272505690067),np.float64(0.9980019980019981),
2026-03-23,TSLA,buy,np.float64(79.99751401991495),np.float64(373.09),np.float64(29846.272505690067),np.float64(29.846272505690067),np.float64(0.9980019980019981),
2026-03-23,WMT,buy,np.float64(247.72802544563467),np.float64(120.48),np.float64(29846.272505690067),np.float64(29.846272505690067),np.float64(0.9980019980019981),
2026-03-30,COST,sell,np.float64(30.280341196745415),np.float64(987.65),np.float64(29906.37898296561),np.float64(29.90637898296561),,
2026-03-30,KO,sell,np.float64(396.1544001286178),np.float64(75.93),np.float64(30080.00360176595),np.float64(30.080003601765952),,
2026-03-30,PEP,sell,np.float64(195.97027252587043),np.float64(153.82),np.float64(30144.147319929387),np.float64(30.144147319929388),,
2026-03-30,TSLA,sell,np.float64(79.99751401991495),np.float64(365.86),np.float64(29267.890479326084),np.float64(29.267890479326084),,
2026-03-30,WMT,sell,np.float64(247.72802544563467),np.float64(123.71),np.float64(30646.434027879463),np.float64(30.64643402787946),,
2026-03-30,CRM,buy,np.float64(166.2910210915732),np.float64(180.1),np.float64(29949.012898592337),np.float64(29.949012898592336),np.float64(0.9980019980019982),
2026-03-30,GOOGL,buy,np.float64(108.34604188767938),np.float64(276.42),np.float64(29949.012898592337),np.float64(29.949012898592336),np.float64(0.9980019980019982),
2026-03-30,META,buy,np.float64(55.835439238212345),np.float64(536.38),np.float64(29949.012898592337),np.float64(29.949012898592336),np.float64(0.9980019980019982),
2026-03-30,MSFT,buy,np.float64(82.75608366678826),np.float64(361.895),np.float64(29949.012898592337),np.float64(29.949012898592336),np.float64(0.9980019980019982),
2026-03-30,MU,buy,np.float64(82.58151684385467),np.float64(362.66),np.float64(29949.012898592337),np.float64(29.949012898592336),np.float64(0.9980019980019982),
2026-04-06,CRM,sell,np.float64(166.2910210915732),np.float64(187.5),np.float64(31179.566454669977),np.float64(31.179566454669978),,
2026-04-06,GOOGL,sell,np.float64(108.34604188767938),np.float64(295.87),np.float64(32056.3434133077),np.float64(32.0563434133077),,
2026-04-06,META,sell,np.float64(55.835439238212345),np.float64(577.69),np.float64(32255.57489352289),np.float64(32.25557489352289),,
2026-04-06,MSFT,sell,np.float64(82.75608366678826),np.float64(373.49),np.float64(30908.569688708747),np.float64(30.90856968870875),,
2026-04-06,MU,sell,np.float64(82.58151684385467),np.float64(373.8),np.float64(30868.970996232878),np.float64(30.86897099623288),,
2026-04-06,CSCO,buy,np.float64(396.7512679964014),np.float64(79.12),np.float64(31390.96032387528),np.float64(31.39096032387528),np.float64(0.9980019980019982),
2026-04-06,JPM,buy,np.float64(106.750188138051),np.float64(294.06),np.float64(31390.96032387528),np.float64(31.39096032387528),np.float64(0.9980019980019982),
2026-04-06,QCOM,buy,np.float64(248.03224023289567),np.float64(126.56),np.float64(31390.96032387528),np.float64(31.39096032387528),np.float64(0.9980019980019982),
2026-04-06,TSLA,buy,np.float64(86.57425831896985),np.float64(362.59),np.float64(31390.96032387528),np.float64(31.39096032387528),np.float64(0.9980019980019982),
2026-04-06,XOM,buy,np.float64(195.49704380566283),np.float64(160.57),np.float64(31390.96032387528),np.float64(31.39096032387528),np.float64(0.9980019980019982),
2026-04-13,CSCO,sell,np.float64(396.7512679964014),np.float64(82.035),np.float64(32547.49027008479),np.float64(32.547490270084786),,
2026-04-13,JPM,sell,np.float64(106.750188138051),np.float64(307.47),np.float64(32822.480346806544),np.float64(32.82248034680654),,
2026-04-13,QCOM,sell,np.float64(248.03224023289567),np.float64(128.0),np.float64(31748.126749810646),np.float64(31.74812674981065),,
2026-04-13,TSLA,sell,np.float64(86.57425831896985),np.float64(350.065),np.float64(30306.61773843018),np.float64(30.30661773843018),,
2026-04-13,ADBE,buy,np.float64(138.47775893119714),np.float64(227.14),np.float64(31453.838163632117),np.float64(31.453838163632117),np.float64(0.9980019980019981),
2026-04-13,COST,buy,np.float64(31.5020362791392),np.float64(998.47),np.float64(31453.838163632117),np.float64(31.453838163632117),np.float64(0.9980019980019981),
2026-04-13,CRM,buy,np.float64(188.28996206903392),np.float64(167.05),np.float64(31453.838163632117),np.float64(31.453838163632117),np.float64(0.9980019980019981),
2026-04-13,JNJ,buy,np.float64(132.3202143941446),np.float64(237.71),np.float64(31453.838163632117),np.float64(31.453838163632117),np.float64(0.9980019980019981),
2026-04-13,XOM,buy,np.float64(8.781795651966128),np.float64(154.27),np.float64(1354.7676152288147),np.float64(1.3547676152288148),np.float64(0.9980019980019981),
2026-04-20,ADBE,sell,np.float64(138.47775893119714),np.float64(249.49),np.float64(34548.81607574438),np.float64(34.54881607574438),,
2026-04-20,CRM,sell,np.float64(188.28996206903392),np.float64(182.5),np.float64(34362.91807759869),np.float64(34.36291807759869),,
2026-04-20,COST,buy,np.float64(0.7148477157474654),np.float64(1003.85),np.float64(717.5998794530932),np.float64(0.7175998794530932),np.float64(0.9980019980019981),
2026-04-20,JNJ,buy,np.float64(5.407368265993244),np.float64(234.81),np.float64(1269.7041425378736),np.float64(1.2697041425378737),np.float64(0.9980019980019981),
2026-04-20,KO,buy,np.float64(425.71531975051624),np.float64(75.82),np.float64(32277.735543484137),np.float64(32.27773554348414),np.float64(0.9980019980019981),
2026-04-20,NFLX,buy,np.float64(332.2805800235139),np.float64(97.14),np.float64(32277.735543484137),np.float64(32.27773554348414),np.float64(0.9980019980019981),
2026-04-20,XOM,buy,np.float64(15.139593308859224),np.float64(147.38),np.float64(2231.2732618596724),np.float64(2.2312732618596725),np.float64(0.9980019980019981),
2026-04-27,COST,sell,np.float64(32.216883994886665),np.float64(1008.625),np.float64(32494.754619342562),np.float64(32.494754619342565),,
2026-04-27,KO,sell,np.float64(425.71531975051624),np.float64(76.71),np.float64(32656.622178062098),np.float64(32.6566221780621),,
2026-04-27,XOM,sell,np.float64(219.41843276648817),np.float64(149.155),np.float64(32727.356339285543),np.float64(32.72735633928554),,
2026-04-27,JNJ,buy,np.float64(3.6125003967624623),np.float64(225.77),np.float64(815.5942145770612),np.float64(0.8155942145770612),np.float64(0.9980019980019983),
2026-04-27,JPM,buy,np.float64(103.78070635579813),np.float64(306.88),np.float64(31848.22316646733),np.float64(31.84822316646733),np.float64(0.9980019980019983),
2026-04-27,NFLX,buy,np.float64(14.371618884760005),np.float64(92.05),np.float64(1322.9075183421585),np.float64(1.3229075183421586),np.float64(0.9980019980019983),
2026-04-27,PEP,buy,np.float64(204.77221864892516),np.float64(155.53),np.float64(31848.22316646733),np.float64(31.84822316646733),np.float64(0.9980019980019983),
2026-04-27,TSLA,buy,np.float64(85.59279520134197),np.float64(372.09),np.float64(31848.22316646733),np.float64(31.84822316646733),np.float64(0.9980019980019983),
2026-05-04,JPM,sell,np.float64(103.78070635579813),np.float64(310.62),np.float64(32236.363008238015),np.float64(32.236363008238015),,
2026-05-04,NFLX,sell,np.float64(346.6521989082739),np.float64(92.1),np.float64(31926.66751945202),np.float64(31.92666751945202),,
2026-05-04,PEP,sell,np.float64(204.77221864892516),np.float64(155.9),np.float64(31923.988887367435),np.float64(31.923988887367436),,
2026-05-04,TSLA,sell,np.float64(85.59279520134197),np.float64(390.23),np.float64(33400.87647141968),np.float64(33.40087647141968),,
2026-05-04,AMAT,buy,np.float64(83.18994597644433),np.float64(387.16),np.float64(32207.81948424019),np.float64(32.20781948424019),np.float64(0.9980019980019983),
2026-05-04,JNJ,buy,np.float64(1.764448914984567),np.float64(225.51),np.float64(397.9008748181697),np.float64(0.3979008748181697),np.float64(0.9980019980019983),
2026-05-04,META,buy,np.float64(52.97905118843329),np.float64(607.935),np.float64(32207.81948424019),np.float64(32.20781948424019),np.float64(0.9980019980019983),
2026-05-04,MSFT,buy,np.float64(78.2616987030184),np.float64(411.54),np.float64(32207.81948424019),np.float64(32.20781948424019),np.float64(0.9980019980019983),
2026-05-04,NVDA,buy,np.float64(161.44270418165507),np.float64(199.5),np.float64(32207.81948424019),np.float64(32.20781948424019),np.float64(0.9980019980019983),
2026-05-11,AMAT,sell,np.float64(83.18994597644433),np.float64(439.245),np.float64(36540.767820423294),np.float64(36.5407678204233),,
2026-05-11,META,sell,np.float64(52.97905118843329),np.float64(604.57),np.float64(32029.544976991117),np.float64(32.02954497699112),,
2026-05-11,MSFT,sell,np.float64(78.2616987030184),np.float64(407.87),np.float64(31920.599050000113),np.float64(31.920599050000114),,
2026-05-11,NVDA,sell,np.float64(161.44270418165507),np.float64(214.035),np.float64(34554.389189520545),np.float64(34.55438918952055),,
2026-05-11,JNJ,buy,np.float64(7.5375223474266395),np.float64(221.32),np.float64(1668.2044459324638),np.float64(1.6682044459324639),np.float64(0.9980019980019982),
2026-05-11,JPM,buy,np.float64(110.15166816427514),np.float64(302.1),np.float64(33276.81895242752),np.float64(33.276818952427526),np.float64(0.9980019980019982),
2026-05-11,KO,buy,np.float64(425.7525454507104),np.float64(78.16),np.float64(33276.81895242752),np.float64(33.276818952427526),np.float64(0.9980019980019982),
2026-05-11,PEP,buy,np.float64(215.53739848712692),np.float64(154.39),np.float64(33276.81895242752),np.float64(33.276818952427526),np.float64(0.9980019980019982),
2026-05-11,XOM,buy,np.float64(227.89219937287714),np.float64(146.02),np.float64(33276.81895242752),np.float64(33.276818952427526),np.float64(0.9980019980019982),
2026-05-18,JNJ,sell,np.float64(150.64205431931154),np.float64(226.71),np.float64(34152.060134731124),np.float64(34.15206013473112),,
2026-05-18,JPM,sell,np.float64(110.15166816427514),np.float64(298.0),np.float64(32825.19711295399),np.float64(32.82519711295399),,
2026-05-18,KO,sell,np.float64(425.7525454507104),np.float64(80.87),np.float64(34430.60835059895),np.float64(34.43060835059895),,
2026-05-18,XOM,sell,np.float64(227.89219937287714),np.float64(157.315),np.float64(35850.861344344165),np.float64(35.85086134434417),,
2026-05-18,AMZN,buy,np.float64(128.4618236003054),np.float64(263.865),np.float64(33896.579084294586),np.float64(33.896579084294586),np.float64(0.998003703497502),
2026-05-18,CRM,buy,np.float64(196.0586447122135),np.float64(172.89),np.float64(33896.579084294586),np.float64(33.896579084294586),np.float64(0.998003703497502),
2026-05-18,INTC,buy,np.float64(298.7272326103339),np.float64(113.47),np.float64(33896.579084294586),np.float64(33.896579084294586),np.float64(0.998003703497502),
2026-05-18,PEP,buy,np.float64(10.885138113597407),np.float64(149.99),np.float64(1632.661865658475),np.float64(1.632661865658475),np.float64(0.998003703497502),
2026-05-18,QCOM,buy,np.float64(163.933738377398),np.float64(206.77),np.float64(33896.579084294586),np.float64(33.896579084294586),np.float64(0.998003703497502),
2026-05-26,AMZN,sell,np.float64(128.4618236003054),np.float64(267.94),np.float64(34420.06101546583),np.float64(34.420061015465826),,
2026-05-26,CRM,sell,np.float64(196.0586447122135),np.float64(178.43),np.float64(34982.74397600025),np.float64(34.98274397600025),,
2026-05-26,INTC,sell,np.float64(298.7272326103339),np.float64(122.095),np.float64(36473.10146555871),np.float64(36.47310146555871),,
2026-05-26,PEP,sell,np.float64(226.42253660072433),np.float64(149.71),np.float64(33897.71795449444),np.float64(33.89771795449444),,
2026-05-26,QCOM,sell,np.float64(163.933738377398),np.float64(240.715),np.float64(39461.309833515355),np.float64(39.46130983351536),,
2026-05-26,COST,buy,np.float64(34.86435880215982),np.float64(1026.13),np.float64(35775.36449766026),np.float64(35.77536449766026),np.float64(0.9980019980019982),
2026-05-26,GOOGL,buy,np.float64(93.04144104876404),np.float64(384.51),np.float64(35775.36449766026),np.float64(35.77536449766026),np.float64(0.9980019980019982),
2026-05-26,NVDA,buy,np.float64(165.21365335577843),np.float64(216.54),np.float64(35775.36449766026),np.float64(35.77536449766026),np.float64(0.9980019980019982),
2026-05-26,WMT,buy,np.float64(296.43588265037295),np.float64(120.685),np.float64(35775.36449766026),np.float64(35.77536449766026),np.float64(0.9980019980019982),
2026-05-26,XOM,buy,np.float64(233.0642638284056),np.float64(153.5),np.float64(35775.36449766026),np.float64(35.77536449766026),np.float64(0.9980019980019982),
2026-06-01,GOOGL,sell,np.float64(93.04144104876404),np.float64(376.52),np.float64(35031.96338368064),np.float64(35.03196338368064),,
2026-06-01,NVDA,sell,np.float64(165.21365335577843),np.float64(215.73),np.float64(35641.54143844208),np.float64(35.64154143844208),,
2026-06-01,WMT,sell,np.float64(296.43588265037295),np.float64(114.725),np.float64(34008.60663706403),np.float64(34.008606637064034),,
2026-06-01,COST,buy,np.float64(1.2049946983038866),np.float64(955.0),np.float64(1150.7699368802116),np.float64(1.1507699368802116),np.float64(0.998001998001998),
2026-06-01,JNJ,buy,np.float64(154.0309506811453),np.float64(223.2),np.float64(34379.70819203163),np.float64(34.37970819203163),np.float64(0.998001998001998),
2026-06-01,KO,buy,np.float64(437.5400342606634),np.float64(78.575),np.float64(34379.70819203163),np.float64(34.37970819203163),np.float64(0.998001998001998),
2026-06-01,PEP,buy,np.float64(241.11728577362013),np.float64(142.585),np.float64(34379.70819203163),np.float64(34.37970819203163),np.float64(0.998001998001998),
2026-06-01,XOM,buy,np.float64(1.2451494923218338),np.float64(147.02),np.float64(183.06187836115603),np.float64(0.18306187836115603),np.float64(0.998001998001998),
