session,equity,exposure,n_held
2017-02-01,np.float64(100173.54921882774),np.float64(1.0),25
2017-02-02,np.float64(100653.7623827458),np.float64(1.0),25
2017-02-03,np.float64(100951.10896575317),np.float64(0.9997213180375948),25
2017-02-06,np.float64(101488.45910738216),np.float64(0.9997227935727767),25
2017-02-07,np.float64(101843.98057840289),np.float64(0.9997237612572311),25
2017-02-08,np.float64(102153.36100460702),np.float64(0.9992679648663989),25
2017-02-09,np.float64(102337.19269713132),np.float64(0.9990941517233682),25
2017-02-10,np.float64(102365.4057382541),np.float64(0.9990944013851998),25
2017-02-13,np.float64(102808.92788999973),np.float64(0.9990983081767061),25
2017-02-14,np.float64(102821.97692316443),np.float64(0.9988629238977231),25
2017-02-15,np.float64(103289.6391114749),np.float64(0.9988680722117539),25
2017-02-16,np.float64(103260.42430571304),np.float64(0.9988677519627263),25
2017-02-17,np.float64(103709.02044302205),np.float64(0.9987612562960816),25
2017-02-21,np.float64(104996.76393900988),np.float64(0.9987764489942951),25
2017-02-22,np.float64(105122.67394906278),np.float64(0.998729796586103),25
2017-02-23,np.float64(104384.2047982178),np.float64(0.9987208104944019),25
2017-02-24,np.float64(104536.81873162345),np.float64(0.9984508017142121),25
2017-02-27,np.float64(104934.03174152176),np.float64(0.9980803985323208),25
2017-02-28,np.float64(104267.00433566887),np.float64(0.9980681182640286),25
2017-03-01,np.float64(105717.47859708568),np.float64(0.9978200979435904),25
2017-03-02,np.float64(104851.34333545456),np.float64(0.9978020906393643),25
2017-03-03,np.float64(104511.61710627253),np.float64(0.9977949460990745),25
2017-03-06,np.float64(104319.26353789802),np.float64(0.9977908802154407),25
2017-03-07,np.float64(104370.30719885264),np.float64(0.9977919606143043),25
2017-03-08,np.float64(104410.0786632689),np.float64(0.9974989320011276),25
2017-03-09,np.float64(104599.11339095143),np.float64(0.9975034520079685),25
2017-03-10,np.float64(105267.96603614661),np.float64(0.9975193145993266),25
2017-03-13,np.float64(105666.76151980288),np.float64(0.9971916753723138),25
2017-03-14,np.float64(105703.14290788422),np.float64(0.9971926419542463),25
2017-03-15,np.float64(106309.845752829),np.float64(0.997208663350017),25
2017-03-16,np.float64(106543.30262201355),np.float64(0.9970256275039645),25
2017-03-17,np.float64(106538.25601035244),np.float64(0.9970254866108855),25
2017-03-20,np.float64(107111.61907827717),np.float64(0.9970414090302929),25
2017-03-21,np.float64(105433.3398234666),np.float64(0.9969943144219248),25
2017-03-22,np.float64(106127.75352266687),np.float64(0.9970139811836494),25
2017-03-23,np.float64(105823.67340355487),np.float64(0.9970054009772726),25
2017-03-24,np.float64(106244.55943550824),np.float64(0.9970172640308413),25
2017-03-27,np.float64(106577.01629761953),np.float64(0.997026568391906),25
2017-03-28,np.float64(107205.48686607757),np.float64(0.997043999535662),25
2017-03-29,np.float64(107390.96342994104),np.float64(0.9970491048889562),25
2017-03-30,np.float64(107916.80401846055),np.float64(0.9970634835618233),25
2017-03-31,np.float64(108002.53397798595),np.float64(0.9970658145019051),25
2017-04-03,np.float64(108157.61560283437),np.float64(0.9970700216791077),25
2017-04-04,np.float64(108013.00832991803),np.float64(0.9965011771465843),25
2017-04-05,np.float64(107546.68344145977),np.float64(0.9964860061703659),25
2017-04-06,np.float64(107360.26379368539),np.float64(0.996479904494859),25
2017-04-07,np.float64(107478.43554419802),np.float64(0.9964837748140138),25
2017-04-10,np.float64(107310.1674375379),np.float64(0.996302348734535),25
2017-04-11,np.float64(106855.05157915335),np.float64(0.996286599739005),25
2017-04-12,np.float64(106042.79556347949),np.float64(0.9962581562065183),25
2017-04-13,np.float64(105436.28250576409),np.float64(0.9962366315750845),25
2017-04-17,np.float64(106631.04356485602),np.float64(0.9962787987141726),25
2017-04-18,np.float64(106445.13660426663),np.float64(0.9962722996176158),25
2017-04-19,np.float64(106424.60857061867),np.float64(0.996271580588813),25
2017-04-20,np.float64(107298.42069298644),np.float64(0.9963019439255493),25
2017-04-21,np.float64(107197.90683298807),np.float64(0.9962984764521488),25
2017-04-24,np.float64(108207.2084857262),np.float64(0.9963330023759461),25
2017-04-25,np.float64(109180.6270805674),np.float64(0.996365696121805),25
2017-04-26,np.float64(109007.39703075586),np.float64(0.9963599206362967),25
2017-04-27,np.float64(109675.21890758393),np.float64(0.9963820853938116),25
2017-04-28,np.float64(109718.16558490651),np.float64(0.9963835015440939),25
2017-05-01,np.float64(110830.47421395038),np.float64(0.9964197971790982),25
2017-05-02,np.float64(109668.26578295739),np.float64(0.9963818560128601),25
2017-05-03,np.float64(109674.85016447301),np.float64(0.9961132256922648),25
2017-05-04,np.float64(109459.86822272075),np.float64(0.9961055919695004),25
2017-05-05,np.float64(109894.6237299072),np.float64(0.9961209986862354),25
2017-05-08,np.float64(109908.76261758081),np.float64(0.9945691814011246),25
2017-05-09,np.float64(110423.05620232534),np.float64(0.9945944753502451),25
2017-05-10,np.float64(111690.02598343171),np.float64(0.9939440053411648),25
2017-05-11,np.float64(111802.81268110556),np.float64(0.9937729396652832),25
2017-05-12,np.float64(112263.15572140369),np.float64(0.9937984741682837),25
2017-05-15,np.float64(112988.7711369402),np.float64(0.9938383004510024),25
2017-05-16,np.float64(113877.31095569364),np.float64(0.993673741527452),25
2017-05-17,np.float64(110420.59140957813),np.float64(0.9934756978379855),25
2017-05-18,np.float64(111362.32369158791),np.float64(0.993530870411257),25
2017-05-19,np.float64(111900.081487278),np.float64(0.9935167555122677),25
2017-05-22,np.float64(112742.95400277198),np.float64(0.9935652246040905),25
2017-05-23,np.float64(112737.91080937305),np.float64(0.9934624647152583),25
2017-05-24,np.float64(113324.2520207498),np.float64(0.9934962900111673),25
2017-05-25,np.float64(114311.27486985584),np.float64(0.9932913861224737),25
2017-05-26,np.float64(114692.66273662203),np.float64(0.9929434602410476),25
2017-05-30,np.float64(115203.59782016515),np.float64(0.99297475643144),25
2017-05-31,np.float64(115063.93133021562),np.float64(0.9926964048666008),25
2017-06-01,np.float64(115292.09828275947),np.float64(0.9927108589277986),25
2017-06-02,np.float64(116330.51339608838),np.float64(0.9927759248682092),25
2017-06-05,np.float64(116897.61163851483),np.float64(0.9928109705825996),25
2017-06-06,np.float64(117069.26054755885),np.float64(0.9928215112578443),25
2017-06-07,np.float64(117683.41231290814),np.float64(0.9928589734748797),25
2017-06-08,np.float64(118425.01889065087),np.float64(0.9929036923382794),25
2017-06-09,np.float64(115424.4106440603),np.float64(0.9927192145560556),25
2017-06-12,np.float64(114912.22660294856),np.float64(0.9926867628124824),25
2017-06-13,np.float64(115898.72367208649),np.float64(0.9924417611916845),25
2017-06-14,np.float64(115510.77802623938),np.float64(0.9924163766701181),25
2017-06-15,np.float64(114739.42269806378),np.float64(0.9921897538764634),25
2017-06-16,np.float64(114133.61394210074),np.float64(0.9921482979431546),25
2017-06-19,np.float64(115723.7453866785),np.float64(0.9922561862446637),25
2017-06-20,np.float64(115445.0118574187),np.float64(0.9922374893732855),25
2017-06-21,np.float64(116775.90280588454),np.float64(0.9923259584399527),25
2017-06-22,np.float64(117104.98448758728),np.float64(0.9923475235894901),25
2017-06-23,np.float64(117390.49960586015),np.float64(0.9923661358086625),25
2017-06-26,np.float64(117015.57221158015),np.float64(0.9923416762879727),25
2017-06-27,np.float64(114864.61616365927),np.float64(0.9921982664350911),25
2017-06-28,np.float64(116196.29791642293),np.float64(0.9922876791480142),25
2017-06-29,np.float64(114071.42624865044),np.float64(0.9921440174738326),25
2017-06-30,np.float64(113644.83722149533),np.float64(0.9921145284444572),25
2017-07-03,np.float64(112484.97893447363),np.float64(0.991825569449519),25
2017-07-05,np.float64(113616.70871224807),np.float64(0.9915755168826114),25
2017-07-06,np.float64(112634.53512815201),np.float64(0.9915020553570841),25
2017-07-07,np.float64(113847.34211761411),np.float64(0.9915925833085258),25
2017-07-10,np.float64(114586.94451322424),np.float64(0.9916468490501628),25
2017-07-11,np.float64(115259.27442109415),np.float64(0.9916955746146496),25
2017-07-12,np.float64(116745.47813190329),np.float64(0.9918012923522558),25
2017-07-13,np.float64(116368.95630068553),np.float64(0.9917747647239665),25
2017-07-14,np.float64(117565.10250400938),np.float64(0.9918584509857681),25
2017-07-17,np.float64(117296.72696561375),np.float64(0.9916788876888484),25
2017-07-18,np.float64(118405.73085176203),np.float64(0.991756824337892),25
2017-07-19,np.float64(118867.26446245243),np.float64(0.9917888306488313),25
2017-07-20,np.float64(119110.72933831859),np.float64(0.9918056144544373),25
2017-07-21,np.float64(119041.72756410202),np.float64(0.9918008646313893),25
2017-07-24,np.float64(119269.05062503052),np.float64(0.9918164919256386),25
2017-07-25,np.float64(119089.22927958517),np.float64(0.9918041350614512),25
2017-07-26,np.float64(119772.61377724222),np.float64(0.9918508980640046),25
2017-07-27,np.float64(118544.87084182452),np.float64(0.9917664996226307),25
2017-07-28,np.float64(118295.89927196139),np.float64(0.9917491709787214),25
2017-07-31,np.float64(117324.57195493426),np.float64(0.9916808625631615),25
2017-08-01,np.float64(117814.29366317745),np.float64(0.9917154429359668),25
2017-08-02,np.float64(117838.13708391998),np.float64(0.991717119236905),25
2017-08-03,np.float64(117882.30929735786),np.float64(0.991470093704423),25
2017-08-04,np.float64(118098.61988409133),np.float64(0.9914857171641839),25
2017-08-07,np.float64(118980.14706268172),np.float64(0.991548799719646),25
2017-08-08,np.float64(118733.81658448631),np.float64(0.9915312664821383),25
2017-08-09,np.float64(118554.44947116426),np.float64(0.9912596447088479),25
2017-08-10,np.float64(115968.04739684524),np.float64(0.990578036534742),25
2017-08-11,np.float64(116375.2302326427),np.float64(0.9906110028437658),25
2017-08-14,np.float64(118455.8351335255),np.float64(0.9907759148844062),25
2017-08-15,np.float64(118742.64976373746),np.float64(0.9905942712998171),25
2017-08-16,np.float64(119008.21826947463),np.float64(0.9905128585261428),25
2017-08-17,np.float64(116683.42949923457),np.float64(0.990323837685268),25
2017-08-18,np.float64(116698.66682872736),np.float64(0.9903251011005016),25
2017-08-21,np.float64(116258.81935928616),np.float64(0.9902884975996102),25
2017-08-22,np.float64(117736.52819682844),np.float64(0.9902693022513895),25
2017-08-23,np.float64(117850.40965818126),np.float64(0.9902787052401684),25
2017-08-24,np.float64(117353.27104727484),np.float64(0.9902375233376105),25
2017-08-25,np.float64(116915.20124691125),np.float64(0.989945698314483),25
2017-08-28,np.float64(117013.47108732628),np.float64(0.9895912511324283),25
2017-08-29,np.float64(117407.23638689847),np.float64(0.9896261604296926),25
2017-08-30,np.float64(118604.73260021591),np.float64(0.9894691312773078),25
2017-08-31,np.float64(119590.86165817633),np.float64(0.9895559673073273),25
2017-09-01,np.float64(119860.09000420153),np.float64(0.9895794265726056),25
2017-09-05,np.float64(118807.35747366161),np.float64(0.9894870915786527),25
2017-09-06,np.float64(119217.41753899876),np.float64(0.9895232517639941),25
2017-09-07,np.float64(119699.86113366978),np.float64(0.9895654777117234),25
2017-09-08,np.float64(118367.21209999488),np.float64(0.9894479996044196),25
2017-09-11,np.float64(120455.31804641857),np.float64(0.9896309196707981),25
2017-09-12,np.float64(120784.19487221572),np.float64(0.989659153085184),25
2017-09-13,np.float64(121018.87080163028),np.float64(0.9896792057252772),25
2017-09-14,np.float64(121035.86584088928),np.float64(0.9893864457268304),25
2017-09-15,np.float64(121492.8456982974),np.float64(0.9894263672587567),25
2017-09-18,np.float64(122279.14871000098),np.float64(0.9893295492721449),25
2017-09-19,np.float64(122417.62697189207),np.float64(0.9893416196373932),25
2017-09-20,np.float64(121968.53152006937),np.float64(0.9893023748413381),25
2017-09-21,np.float64(121158.39318196927),np.float64(0.9892308440456578),25
2017-09-22,np.float64(120729.29130353923),np.float64(0.9891925677914098),25
2017-09-25,np.float64(118703.81546028263),np.float64(0.9890081576039087),25
2017-09-26,np.float64(118741.81503110433),np.float64(0.9890116751962031),25
2017-09-27,np.float64(120256.87177221735),np.float64(0.9891501116557767),25
2017-09-28,np.float64(120699.35614212923),np.float64(0.9891898873941158),25
2017-09-29,np.float64(121638.03855349997),np.float64(0.9892733091813194),25
2017-10-02,np.float64(121685.96208563531),np.float64(0.9892775336695294),25
2017-10-03,np.float64(122434.04153784488),np.float64(0.9893430485919977),25
2017-10-04,np.float64(122556.04135372951),np.float64(0.9890463577914781),25
2017-10-05,np.float64(123573.31415466891),np.float64(0.9889248301236973),25
2017-10-06,np.float64(123750.90578934917),np.float64(0.9889407238055264),25
2017-10-09,np.float64(124105.64207648672),np.float64(0.9889723349918514),25
2017-10-10,np.float64(124960.03274299036),np.float64(0.9888966687156198),25
2017-10-11,np.float64(125715.77893563846),np.float64(0.9889634169027998),25
2017-10-12,np.float64(125630.84554973635),np.float64(0.9889559555634516),25
2017-10-13,np.float64(126218.6610037886),np.float64(0.9890073890039859),25
2017-10-16,np.float64(126793.71643381417),np.float64(0.9890572444764905),25
2017-10-17,np.float64(126701.70990288208),np.float64(0.989049298214555),25
2017-10-18,np.float64(126919.18282645072),np.float64(0.989068061974921),25
2017-10-19,np.float64(127271.5221034251),np.float64(0.9890983260204516),25
2017-10-20,np.float64(127696.79674327484),np.float64(0.9891346323773349),25
2017-10-23,np.float64(127532.96787420101),np.float64(0.989120674724507),25
2017-10-24,np.float64(128045.23335727636),np.float64(0.9891641992093446),25
2017-10-25,np.float64(126540.80696892885),np.float64(0.9890353738522222),25
2017-10-26,np.float64(126812.82058201938),np.float64(0.9890588929850744),25
2017-10-27,np.float64(129459.80606880317),np.float64(0.9892825991094484),25
2017-10-30,np.float64(129183.70797701176),np.float64(0.9892596933268138),25
2017-10-31,np.float64(129954.51631742122),np.float64(0.9893233980613383),25
2017-11-01,np.float64(130150.68542234771),np.float64(0.9893394903273081),25
2017-11-02,np.float64(130192.07392305568),np.float64(0.9893428793393948),25
2017-11-03,np.float64(131588.01050996486),np.float64(0.9894559342034632),25
2017-11-06,np.float64(131842.5456056388),np.float64(0.9892526464219517),25
2017-11-07,np.float64(132167.25406711624),np.float64(0.9892790505162935),25
2017-11-08,np.float64(132710.48787232622),np.float64(0.9893229353838489),25
2017-11-09,np.float64(131280.07613438042),np.float64(0.9892065993867696),25
2017-11-10,np.float64(131994.54530292304),np.float64(0.9888374391013065),25
2017-11-13,np.float64(132586.46838299258),np.float64(0.9888872735792076),25
2017-11-14,np.float64(132479.24149172896),np.float64(0.988878279090002),25
2017-11-15,np.float64(131533.0758199511),np.float64(0.9886000214511078),25
2017-11-16,np.float64(133598.96242744327),np.float64(0.988685085050014),25
2017-11-17,np.float64(132898.80702065962),np.float64(0.9886254742900897),25
2017-11-20,np.float64(133440.99842896842),np.float64(0.9886716907466968),25
2017-11-21,np.float64(134839.54840833298),np.float64(0.98878918748159),25
2017-11-22,np.float64(134408.52190059933),np.float64(0.9886269639143327),25
2017-11-24,np.float64(135243.8079993945),np.float64(0.9886972054956958),25
2017-11-27,np.float64(134975.7731547858),np.float64(0.9884536678807182),25
2017-11-28,np.float64(135220.3045000391),np.float64(0.9881605189358749),25
2017-11-29,np.float64(131576.30112271997),np.float64(0.9878326247131672),25
2017-11-30,np.float64(132520.01876265462),np.float64(0.9874162775811883),25
2017-12-01,np.float64(131810.49301520546),np.float64(0.9873485403711175),25
2017-12-04,np.float64(129190.51042828891),np.float64(0.9870919688643027),25
2017-12-05,np.float64(129281.10549078688),np.float64(0.9871010142996974),25
2017-12-06,np.float64(130436.99028678084),np.float64(0.9872153203828257),25
2017-12-07,np.float64(131014.28579586545),np.float64(0.9870374587149733),25
2017-12-08,np.float64(131127.48899637145),np.float64(0.987048649359829),25
2017-12-11,np.float64(132097.54304513222),np.float64(0.9871437571857262),25
2017-12-12,np.float64(131475.8177676094),np.float64(0.9870829623470455),25
2017-12-13,np.float64(131864.31640704905),np.float64(0.9871210185224424),25
2017-12-14,np.float64(131746.88449112463),np.float64(0.9871095389077562),25
2017-12-15,np.float64(133187.57877732877),np.float64(0.9872489754363921),25
2017-12-18,np.float64(134251.8627331006),np.float64(0.9870925132237774),25
2017-12-19,np.float64(133617.481069699),np.float64(0.9870312317741805),25
2017-12-20,np.float64(133913.59081882666),np.float64(0.9870599083161384),25
2017-12-21,np.float64(133222.6671816018),np.float64(0.986992798000744),25
2017-12-22,np.float64(132913.16386252438),np.float64(0.9869625092612867),25
2017-12-26,np.float64(132053.7204871474),np.float64(0.9868776575433224),25
2017-12-27,np.float64(132250.8626297505),np.float64(0.9868972186006677),25
2017-12-28,np.float64(132513.32397270793),np.float64(0.9869231705087435),25
2017-12-29,np.float64(131495.76772755256),np.float64(0.9868219778259246),25
2018-01-02,np.float64(134069.73237087522),np.float64(0.9870749787273598),25
2018-01-03,np.float64(135886.6966470569),np.float64(0.9872478013987525),25
2018-01-04,np.float64(136823.1629608333),np.float64(0.9868686272183927),25
2018-01-05,np.float64(137547.662260396),np.float64(0.9869377935729947),25
2018-01-08,np.float64(138784.60373717183),np.float64(0.9870542127180056),25
2018-01-09,np.float64(137738.25592824133),np.float64(0.9868188170368954),25
2018-01-10,np.float64(137480.46030973305),np.float64(0.986794100424753),25
2018-01-11,np.float64(138246.6852412218),np.float64(0.9868672934237724),25
2018-01-12,np.float64(139103.35263228216),np.float64(0.986948171139998),25
2018-01-16,np.float64(139062.07701820516),np.float64(0.9869442971704544),25
2018-01-17,np.float64(140873.7617260572),np.float64(0.9871121979695582),25
2018-01-18,np.float64(141254.54870109458),np.float64(0.987146940264197),25
2018-01-19,np.float64(141537.70125806914),np.float64(0.9871726533900764),25
2018-01-22,np.float64(142934.2070909008),np.float64(0.987297980033188),25
2018-01-23,np.float64(144474.28647688747),np.float64(0.9874333821146817),25
2018-01-24,np.float64(143872.63057202444),np.float64(0.9873808302163477),25
2018-01-25,np.float64(143742.58540113035),np.float64(0.987369413543366),25
2018-01-26,np.float64(146429.88025261633),np.float64(0.9876012112467966),25
2018-01-29,np.float64(146046.33777420924),np.float64(0.9875686499224928),25
2018-01-30,np.float64(144189.85327247423),np.float64(0.9874085928294952),25
2018-01-31,np.float64(145227.98769119458),np.float64(0.9874986000889198),25
2018-02-01,np.float64(143940.70362822057),np.float64(0.9873867981283572),25
2018-02-02,np.float64(140788.36107144735),np.float64(0.9871043803721268),25
2018-02-05,np.float64(134574.44013413205),np.float64(0.9865089302946423),25
2018-02-06,np.float64(138477.36286000226),np.float64(0.9866547530932995),25
2018-02-07,np.float64(137554.46877572863),np.float64(0.9865652158391995),25
2018-02-08,np.float64(131642.03197556562),np.float64(0.9859618195600437),25
2018-02-09,np.float64(134062.66902111005),np.float64(0.9857943056911611),25
2018-02-12,np.float64(136428.96486884868),np.float64(0.9860406967378833),25
2018-02-13,np.float64(137291.0489943392),np.float64(0.9861283506223375),25
2018-02-14,np.float64(139732.1674778003),np.float64(0.9861840661190224),25
2018-02-15,np.float64(142470.30434700887),np.float64(0.9860660073677471),25
2018-02-16,np.float64(142283.0433430089),np.float64(0.9860476686157164),25
2018-02-20,np.float64(142008.1185447892),np.float64(0.9859393063233814),25
2018-02-21,np.float64(140971.03050059147),np.float64(0.9858358653734688),25
2018-02-22,np.float64(141214.41920891218),np.float64(0.9858218993865784),25
2018-02-23,np.float64(144132.03679380668),np.float64(0.9861089020307532),25
2018-02-26,np.float64(146586.54349513902),np.float64(0.9861379200964476),25
2018-02-27,np.float64(145494.45243555482),np.float64(0.9857420164569816),25
2018-02-28,np.float64(144227.20491652432),np.float64(0.9856167391607756),25
2018-03-01,np.float64(142127.5808122701),np.float64(0.985185813122087),25
2018-03-02,np.float64(143864.7327357242),np.float64(0.985364692912429),25
2018-03-05,np.float64(145493.39008847455),np.float64(0.985528520976944),25
2018-03-06,np.float64(146550.42730097688),np.float64(0.9856329006920295),25
2018-03-07,np.float64(146817.9422057148),np.float64(0.9856590787813351),25
2018-03-08,np.float64(147111.80348013854),np.float64(0.9854750667435243),25
2018-03-09,np.float64(149520.8991574787),np.float64(0.985709093920454),25
2018-03-12,np.float64(150500.17783226632),np.float64(0.98580208237913),25
2018-03-13,np.float64(149258.07155914977),np.float64(0.9856839291539286),25
2018-03-14,np.float64(148952.29664818099),np.float64(0.9854025490352787),25
2018-03-15,np.float64(148879.45421070416),np.float64(0.9853954069221184),25
2018-03-16,np.float64(148974.81378937117),np.float64(0.98540475540061),25
2018-03-19,np.float64(146186.21057170024),np.float64(0.9851263410009661),25
2018-03-20,np.float64(146684.67387902676),np.float64(0.9851768846130603),25
2018-03-21,np.float64(146465.21541276434),np.float64(0.9849186040894902),25
2018-03-22,np.float64(142850.18180048643),np.float64(0.9845369472203886),25
2018-03-23,np.float64(138744.59624699122),np.float64(0.9840793806713326),25
2018-03-26,np.float64(143714.7164230441),np.float64(0.98462996723136),25
2018-03-27,np.float64(138253.75814905477),np.float64(0.9840228581824406),25
2018-03-28,np.float64(136178.00344951672),np.float64(0.9837793193848897),25
2018-03-29,np.float64(139154.49273064753),np.float64(0.9841262767919853),25
2018-04-02,np.float64(134555.2525518966),np.float64(0.9835836962224418),25
2018-04-03,np.float64(136736.4946008853),np.float64(0.9838455716800005),25
2018-04-04,np.float64(139163.33224091),np.float64(0.9838193298769589),25
2018-04-05,np.float64(139471.84921589817),np.float64(0.9836675543919526),25
2018-04-06,np.float64(136160.92195778),np.float64(0.9832704100529022),25
2018-04-09,np.float64(136659.10248223264),np.float64(0.9833313965202676),25
2018-04-10,np.float64(140226.21349915504),np.float64(0.9837554168059586),25
2018-04-11,np.float64(139878.1138215258),np.float64(0.9837149906519407),25
2018-04-12,np.float64(141846.66196791155),np.float64(0.9839409940313735),25
2018-04-13,np.float64(141510.21138676396),np.float64(0.9839028126037729),25
2018-04-16,np.float64(142032.08804387943),np.float64(0.9838290514684637),25
2018-04-17,np.float64(144966.76879328338),np.float64(0.9841564131924653),25
2018-04-18,np.float64(144715.16793767115),np.float64(0.9841288676348464),25
2018-04-19,np.float64(143030.05840277197),np.float64(0.9839418817888164),25
2018-04-20,np.float64(141122.40629795834),np.float64(0.983724812764779),25
2018-04-23,np.float64(139887.26453551423),np.float64(0.9835811101660287),25
2018-04-24,np.float64(137181.30862278506),np.float64(0.9832572410290981),25
2018-04-25,np.float64(136917.8568147245),np.float64(0.9832250252887598),25
2018-04-26,np.float64(140538.74519992838),np.float64(0.983657221484959),25
2018-04-27,np.float64(140217.55176581847),np.float64(0.9836197854215843),25
2018-04-30,np.float64(139431.10695166816),np.float64(0.9835273947414018),25
2018-05-01,np.float64(140672.11748254424),np.float64(0.9836727161950255),25
2018-05-02,np.float64(139629.68053135698),np.float64(0.9835508211660743),25
2018-05-03,np.float64(139804.64548588754),np.float64(0.9835714072475792),25
2018-05-04,np.float64(142435.5378841402),np.float64(0.9836469530980022),25
2018-05-07,np.float64(143955.95922755587),np.float64(0.9838196692653154),25
2018-05-08,np.float64(144434.12769602356),np.float64(0.9838732364110455),25
2018-05-09,np.float64(146355.65762340467),np.float64(0.9840849676100383),25
2018-05-10,np.float64(148033.93786409064),np.float64(0.983960215907246),25
2018-05-11,np.float64(147432.9786748018),np.float64(0.9834745663753389),25
2018-05-14,np.float64(147618.4196044542),np.float64(0.9834953259240624),25
2018-05-15,np.float64(146345.6317538941),np.float64(0.9833517825303202),25
2018-05-16,np.float64(147563.9603811249),np.float64(0.9833125175727562),25
2018-05-17,np.float64(146521.1153647253),np.float64(0.9831937465830446),25
2018-05-18,np.float64(145182.6026796953),np.float64(0.9830388011352347),25
2018-05-21,np.float64(146685.8107027377),np.float64(0.9832126162444929),25
2018-05-22,np.float64(146737.42917819397),np.float64(0.9832185216168386),25
2018-05-23,np.float64(148546.16809027985),np.float64(0.9832308326517748),25
2018-05-24,np.float64(148865.4116008185),np.float64(0.9832667943153708),25
2018-05-25,np.float64(149109.02088139325),np.float64(0.983079700658523),25
2018-05-29,np.float64(148700.75823077283),np.float64(0.9827226352841345),25
2018-05-30,np.float64(150386.81954318352),np.float64(0.9829163403994918),25
2018-05-31,np.float64(149189.9404368517),np.float64(0.9825395143347422),25
2018-06-01,np.float64(151661.71774276101),np.float64(0.982824084711894),25
2018-06-04,np.float64(152953.92056763312),np.float64(0.9829691922460629),25
2018-06-05,np.float64(153207.64986853197),np.float64(0.9829973972015522),25
2018-06-06,np.float64(154668.5930162174),np.float64(0.9831579975895611),25
2018-06-07,np.float64(153403.13171676625),np.float64(0.9830190636446204),25
2018-06-08,np.float64(153882.36150810923),np.float64(0.9830719467074136),25
2018-06-11,np.float64(154184.10456518276),np.float64(0.9831050754308006),25
2018-06-12,np.float64(154936.82693747725),np.float64(0.9831871552561903),25
2018-06-13,np.float64(155543.76140204674),np.float64(0.9832527592690449),25
2018-06-14,np.float64(156389.59754207366),np.float64(0.9831033292652149),25
2018-06-15,np.float64(155848.67091842802),np.float64(0.9830446835353698),25
2018-06-18,np.float64(156096.94520417476),np.float64(0.9830716511937013),25
2018-06-19,np.float64(155727.1932894789),np.float64(0.9828094276033652),25
2018-06-20,np.float64(156116.108713673),np.float64(0.982852252644361),25
2018-06-21,np.float64(154915.9707249081),np.float64(0.9827194086068681),25
2018-06-22,np.float64(153741.8610470843),np.float64(0.9825874386316445),25
2018-06-25,np.float64(149999.02121526893),np.float64(0.9821529529414355),25
2018-06-26,np.float64(151319.86280691245),np.float64(0.9823087363369905),25
2018-06-27,np.float64(149022.2914213938),np.float64(0.982035978880518),25
2018-06-28,np.float64(150493.59612676344),np.float64(0.9822116046179625),25
2018-06-29,np.float64(150210.6750352602),np.float64(0.9821781002599241),25
2018-07-02,np.float64(151366.03186767793),np.float64(0.9823141324553731),25
2018-07-03,np.float64(148982.2254197483),np.float64(0.9820311477907843),25
2018-07-05,np.float64(151230.33087077466),np.float64(0.9818418959677574),25
2018-07-06,np.float64(153059.9197693424),np.float64(0.9820589473395763),25
2018-07-09,np.float64(154681.50293447723),np.float64(0.9822470300023836),25
2018-07-10,np.float64(155588.4716991474),np.float64(0.9823505170351445),25
2018-07-11,np.float64(154472.37779702945),np.float64(0.9822229959819081),25
2018-07-12,np.float64(155734.5319575826),np.float64(0.982367070127196),25
2018-07-13,np.float64(155353.5791375132),np.float64(0.9823238312498015),25
2018-07-16,np.float64(155361.02102837438),np.float64(0.9822031726047372),25
2018-07-17,np.float64(156438.71199186915),np.float64(0.9823257732054361),25
2018-07-18,np.float64(156359.13409761852),np.float64(0.9823167780305847),25
2018-07-19,np.float64(155240.41856101152),np.float64(0.9821893466867515),25
2018-07-20,np.float64(154881.43635243824),np.float64(0.9821480653827225),25
2018-07-23,np.float64(155095.1929550973),np.float64(0.9821726694263551),25
2018-07-24,np.float64(155053.45452603637),np.float64(0.9821678705344196),25
2018-07-25,np.float64(156994.18073333657),np.float64(0.9823883072463039),25
2018-07-26,np.float64(156836.82755435613),np.float64(0.9823706375708505),25
2018-07-27,np.float64(155089.470477687),np.float64(0.982172011635106),25
2018-07-30,np.float64(152740.32161265623),np.float64(0.9818978168567333),25
2018-07-31,np.float64(152869.283453702),np.float64(0.9819130880139754),25
2018-08-01,np.float64(153216.28430930467),np.float64(0.9819540508526361),25
2018-08-02,np.float64(155906.88761101806),np.float64(0.9822654834718261),25
2018-08-03,np.float64(156279.59534981038),np.float64(0.9823077781267296),25
2018-08-06,np.float64(157530.31438459258),np.float64(0.9822421815631586),25
2018-08-07,np.float64(158584.97240404683),np.float64(0.982360278664911),25
2018-08-08,np.float64(158742.68719350905),np.float64(0.9823778041647355),25
2018-08-09,np.float64(157809.06731850238),np.float64(0.9820753055997649),25
2018-08-10,np.float64(156859.45798970354),np.float64(0.981571778688051),25
2018-08-13,np.float64(156689.15190474698),np.float64(0.9815517489783602),25
2018-08-14,np.float64(157263.5683387832),np.float64(0.9816191325350097),25
2018-08-15,np.float64(155078.94354703388),np.float64(0.9811920443061308),25
2018-08-16,np.float64(155526.42378423575),np.float64(0.9812461585091736),25
2018-08-17,np.float64(154375.78509366317),np.float64(0.9811063769002696),25
2018-08-20,np.float64(155063.93042538257),np.float64(0.9811902233402487),25
2018-08-21,np.float64(156337.0847866953),np.float64(0.9813434035611948),25
2018-08-22,np.float64(157321.55140156607),np.float64(0.981313285816061),25
2018-08-23,np.float64(157705.64786777072),np.float64(0.9813587978251747),25
2018-08-24,np.float64(160188.96181564702),np.float64(0.9816477812659887),25
2018-08-27,np.float64(161954.2118627686),np.float64(0.9816503902676066),25
2018-08-28,np.float64(162120.90038089626),np.float64(0.9816692568619033),25
2018-08-29,np.float64(163093.203646752),np.float64(0.981745308174789),25
2018-08-30,np.float64(162825.39240774556),np.float64(0.9816299600866493),25
2018-08-31,np.float64(162937.11922696815),np.float64(0.9816425565173352),25
2018-09-04,np.float64(163738.29706625405),np.float64(0.9814502961279772),25
2018-09-05,np.float64(161608.18426251854),np.float64(0.9812057976088978),25
2018-09-06,np.float64(159743.56681481344),np.float64(0.9807624897372524),25
2018-09-07,np.float64(159655.5530688787),np.float64(0.9807518846232547),25
2018-09-10,np.float64(161669.17969474284),np.float64(0.9809916243045811),25
2018-09-11,np.float64(162151.95652408176),np.float64(0.9810482181536214),25
2018-09-12,np.float64(162690.77190095576),np.float64(0.9811109845377173),25
2018-09-13,np.float64(163271.6082899172),np.float64(0.980948290653816),25
2018-09-14,np.float64(164382.20805494563),np.float64(0.981077007892583),25
2018-09-17,np.float64(162378.74125933094),np.float64(0.9808435316008783),25
2018-09-18,np.float64(163574.44463571906),np.float64(0.9807721842676501),25
2018-09-19,np.float64(163263.35575512063),np.float64(0.9807355467769844),25
2018-09-20,np.float64(164442.70166858716),np.float64(0.9808737070842112),25
2018-09-21,np.float64(163571.4671821566),np.float64(0.9807718342681702),25
2018-09-24,np.float64(164826.81610479622),np.float64(0.9809182792320796),25
2018-09-25,np.float64(164905.48388777708),np.float64(0.98092738212322),25
2018-09-26,np.float64(164694.18809097976),np.float64(0.9809029127473543),25
2018-09-27,np.float64(165636.95040147964),np.float64(0.9810116083859692),25
2018-09-28,np.float64(164636.0149028204),np.float64(0.9808961649015036),25
2018-10-01,np.float64(166499.32397541616),np.float64(0.9811099576569965),25
2018-10-02,np.float64(165115.40698972854),np.float64(0.9809516305151782),25
2018-10-03,np.float64(164610.86971897847),np.float64(0.9808932466893195),25
2018-10-04,np.float64(161792.218623266),np.float64(0.9800645086274067),25
2018-10-05,np.float64(159366.9102041283),np.float64(0.9797611224664798),25
2018-10-08,np.float64(157843.56037281483),np.float64(0.9795657968503835),25
2018-10-09,np.float64(158442.97023754648),np.float64(0.9796431020342452),25
2018-10-10,np.float64(151246.80993833925),np.float64(0.9786745427567576),25
2018-10-11,np.float64(149263.91857852394),np.float64(0.9783912454581577),25
2018-10-12,np.float64(153111.83128198909),np.float64(0.9789343034335697),25
2018-10-15,np.float64(150999.92737072776),np.float64(0.9785146613682574),25
2018-10-16,np.float64(156262.30040266944),np.float64(0.9792382131546222),25
2018-10-17,np.float64(156340.7112707259),np.float64(0.979248625987695),25
2018-10-18,np.float64(153068.00303077634),np.float64(0.9788049461109366),25
2018-10-19,np.float64(150986.16610395734),np.float64(0.9785127031393402),25
2018-10-22,np.float64(151954.3302206575),np.float64(0.9786496076273872),25
2018-10-23,np.float64(151769.47079105076),np.float64(0.9786236022566409),25
2018-10-24,np.float64(144713.62817300466),np.float64(0.9775813472864484),25
2018-10-25,np.float64(148024.77041967917),np.float64(0.9780828265179508),25
2018-10-26,np.float64(144229.9270833929),np.float64(0.9775061622886851),25
2018-10-29,np.float64(141458.33778214824),np.float64(0.977065441148298),25
2018-10-30,np.float64(144214.15093165662),np.float64(0.9775037015995324),25
2018-10-31,np.float64(147437.94575578903),np.float64(0.9779955929506619),25
2018-11-01,np.float64(150484.12236713237),np.float64(0.9784410174183452),25
2018-11-02,np.float64(149066.00061482989),np.float64(0.9782359185894342),25
2018-11-05,np.float64(148943.50051544522),np.float64(0.978218018498953),25
2018-11-06,np.float64(149722.57435615183),np.float64(0.9781145493058349),25
2018-11-07,np.float64(154080.61144695838),np.float64(0.9787335603869729),25
2018-11-08,np.float64(152761.47734749387),np.float64(0.9783087218486632),25
2018-11-09,np.float64(150581.63464193538),np.float64(0.9777356626897903),25
2018-11-12,np.float64(145235.34235064036),np.float64(0.9769160849409735),25
2018-11-13,np.float64(146073.85925321208),np.float64(0.9770485949811236),25
2018-11-14,np.float64(145276.81561482322),np.float64(0.9767260803639868),25
2018-11-15,np.float64(148023.33071564685),np.float64(0.9771579188547613),25
2018-11-16,np.float64(146364.8645292833),np.float64(0.9768990943115392),25
2018-11-19,np.float64(141021.0328187287),np.float64(0.9760237117541075),25
2018-11-20,np.float64(139290.09639122954),np.float64(0.9757257621381888),25
2018-11-21,np.float64(139194.5962710974),np.float64(0.9755431174088439),25
2018-11-23,np.float64(138570.2356186907),np.float64(0.9754329211960551),25
2018-11-26,np.float64(141544.71827194968),np.float64(0.9757232932711214),25
2018-11-27,np.float64(142442.60571439366),np.float64(0.975876321573338),25
2018-11-28,np.float64(147184.234014242),np.float64(0.976653480330119),25
2018-11-29,np.float64(146797.66143778898),np.float64(0.9762969301067329),25
2018-11-30,np.float64(148465.3179960796),np.float64(0.976563178012255),25
2018-12-03,np.float64(151607.4769369914),np.float64(0.9770489206764242),25
2018-12-04,np.float64(145472.90587951546),np.float64(0.9760810770349914),25
2018-12-06,np.float64(146325.534016608),np.float64(0.9754465316933613),25
2018-12-07,np.float64(141283.06252004244),np.float64(0.9745702046809815),25
2018-12-10,np.float64(142964.95474701238),np.float64(0.9748693701313969),25
2018-12-11,np.float64(143239.39146162683),np.float64(0.9749175186708939),25
2018-12-12,np.float64(144651.03008031507),np.float64(0.9751622967362629),25
2018-12-13,np.float64(144861.38600246696),np.float64(0.9751983640287165),25
2018-12-14,np.float64(140629.33558651526),np.float64(0.9744519922038707),25
2018-12-17,np.float64(137216.0618685774),np.float64(0.9738164810081061),25
2018-12-18,np.float64(138468.90446947282),np.float64(0.9736752637636679),25
2018-12-19,np.float64(135043.68334256977),np.float64(0.9730075683892156),25
2018-12-20,np.float64(132807.41687055788),np.float64(0.9725530586093281),25
2018-12-21,np.float64(129207.25188458478),np.float64(0.9717882910291382),25
2018-12-24,np.float64(125440.80942229778),np.float64(0.9709412159895965),25
2018-12-26,np.float64(133064.57173535827),np.float64(0.9726061013870597),25
2018-12-27,np.float64(133806.2639914191),np.float64(0.9727579466135718),25
2018-12-28,np.float64(134339.50730952763),np.float64(0.9728660804249191),25
2018-12-31,np.float64(135708.4310286046),np.float64(0.9731397868248554),25
2019-01-02,np.float64(136094.14850079117),np.float64(0.9732159139298223),25
2019-01-03,np.float64(131344.10501185298),np.float64(0.9716364469856007),25
2019-01-04,np.float64(137486.9013028997),np.float64(0.9729037060961534),25
2019-01-07,np.float64(140151.79718924593),np.float64(0.973418924620694),25
2019-01-08,np.float64(141112.12920230004),np.float64(0.973599820889303),25
2019-01-09,np.float64(141835.0051367028),np.float64(0.973734371976495),25
2019-01-10,np.float64(142446.76582133374),np.float64(0.9738471739659913),25
2019-01-11,np.float64(143126.69478840486),np.float64(0.9739714139899613),25
2019-01-14,np.float64(141874.76412523282),np.float64(0.97374173265695),25
2019-01-15,np.float64(144298.25467497492),np.float64(0.9740519198345257),25
2019-01-16,np.float64(143595.9790187438),np.float64(0.9739250172210216),25
2019-01-17,np.float64(144793.1767140256),np.float64(0.9741406137704997),25
2019-01-18,np.float64(145757.13838900992),np.float64(0.9743116342607437),25
2019-01-22,np.float64(142597.99969349374),np.float64(0.9737425301330148),25
2019-01-23,np.float64(142534.40309845944),np.float64(0.9737308144654885),25
2019-01-24,np.float64(144057.91733396534),np.float64(0.9740086296585556),25
2019-01-25,np.float64(146089.1263876138),np.float64(0.9743700111525772),25
2019-01-28,np.float64(143521.37297918138),np.float64(0.9739114627854946),25
2019-01-29,np.float64(141797.32787447522),np.float64(0.9735942648837582),25
2019-01-30,np.float64(146366.4001454928),np.float64(0.9744185641218042),25
2019-01-31,np.float64(148268.65794523642),np.float64(0.9747467689265303),25
2019-02-01,np.float64(148467.2504555497),np.float64(0.9747805481104044),25
2019-02-04,np.float64(149963.2143844949),np.float64(0.975032125742222),25
2019-02-05,np.float64(150641.73607954002),np.float64(0.9751445862382568),25
2019-02-06,np.float64(150866.0563442294),np.float64(0.9749556176528735),25
2019-02-07,np.float64(148476.94031389095),np.float64(0.9744590643075592),25
2019-02-08,np.float64(148725.20710021863),np.float64(0.9740850824083463),25
2019-02-11,np.float64(148999.71541612773),np.float64(0.9741328265289653),25
2019-02-12,np.float64(151307.24937191082),np.float64(0.9745273177471476),25
2019-02-13,np.float64(151346.04328499173),np.float64(0.9745338470557426),25
2019-02-14,np.float64(151332.6887008163),np.float64(0.9745315997561933),25
2019-02-15,np.float64(152100.2246272493),np.float64(0.974660119699039),25
2019-02-19,np.float64(152599.83247131875),np.float64(0.9747430818016908),25
2019-02-20,np.float64(152409.38550312055),np.float64(0.9743725291927076),25
2019-02-21,np.float64(151771.80097755877),np.float64(0.9742648696755194),25
2019-02-22,np.float64(153245.43707569252),np.float64(0.9745123433867112),25
2019-02-25,np.float64(153863.73800741922),np.float64(0.9744069600484232),25
2019-02-26,np.float64(153842.81251985417),np.float64(0.9744034789183627),25
2019-02-27,np.float64(153383.21556970757),np.float64(0.9743267815888681),25
2019-02-28,np.float64(153304.0683856718),np.float64(0.9740424809736042),25
2019-03-01,np.float64(153755.78469858202),np.float64(0.9741187410948731),25
2019-03-04,np.float64(153102.20002676663),np.float64(0.9740082554577972),25
2019-03-05,np.float64(153057.59322571114),np.float64(0.9740006804753776),25
2019-03-06,np.float64(151945.16869824435),np.float64(0.9735063557987118),25
2019-03-07,np.float64(150430.85314411792),np.float64(0.9732396569356729),25
2019-03-08,np.float64(150651.86327879655),np.float64(0.973278915043047),25
2019-03-11,np.float64(153787.44557237698),np.float64(0.9738237329932018),25
2019-03-12,np.float64(154419.73314831386),np.float64(0.9739309144270468),25
2019-03-13,np.float64(155512.45841835657),np.float64(0.9741140917034026),25
2019-03-14,np.float64(154902.6758726427),np.float64(0.9735578189750876),25
2019-03-15,np.float64(155913.86508225164),np.float64(0.9737293114085336),25
2019-03-18,np.float64(156410.00568402983),np.float64(0.9738126433871362),25
2019-03-19,np.float64(158253.1803804586),np.float64(0.9741176475138094),25
2019-03-20,np.float64(158453.13135869565),np.float64(0.9738198760336203),25
2019-03-21,np.float64(161982.73930612137),np.float64(0.9743903415907047),25
2019-03-22,np.float64(157958.5216914118),np.float64(0.9737378991813062),25
2019-03-25,np.float64(157450.3862295829),np.float64(0.973653144198815),25
2019-03-26,np.float64(158154.72557302463),np.float64(0.9737704794668541),25
2019-03-27,np.float64(156664.92133585212),np.float64(0.9735210499806866),25
2019-03-28,np.float64(157089.20316575968),np.float64(0.9735925669095513),25
2019-03-29,np.float64(158759.1374219927),np.float64(0.9738703378640489),25
2019-04-01,np.float64(161373.82970543328),np.float64(0.9742937090270218),25
2019-04-02,np.float64(161499.74551479876),np.float64(0.9743137513399266),25
2019-04-03,np.float64(163465.9262413487),np.float64(0.9746227075133265),25
2019-04-04,np.float64(162799.27082881762),np.float64(0.9740100306561907),25
2019-04-05,np.float64(163276.163121666),np.float64(0.9740859414066302),25
2019-04-08,np.float64(163193.72697723206),np.float64(0.9740728511052035),25
2019-04-09,np.float64(161996.78646469588),np.float64(0.9738812840033862),25
2019-04-10,np.float64(163104.7522782352),np.float64(0.9739125140392678),25
2019-04-11,np.float64(163059.4170535792),np.float64(0.9739052609651547),25
2019-04-12,np.float64(163458.570580881),np.float64(0.9739689823539615),25
2019-04-15,np.float64(163194.20199741115),np.float64(0.9739268130662224),25
2019-04-16,np.float64(165405.3089052985),np.float64(0.974275354501328),25
2019-04-17,np.float64(166311.26216017763),np.float64(0.9744154852779057),25
2019-04-18,np.float64(166727.82277501147),np.float64(0.9744794068298427),25
2019-04-22,np.float64(167891.25941602295),np.float64(0.9746562569725945),25
2019-04-23,np.float64(169553.83880099645),np.float64(0.9749047679175156),25
2019-04-24,np.float64(169115.62298518434),np.float64(0.974839740645606),25
2019-04-25,np.float64(168645.29637431918),np.float64(0.9747695724300373),25
2019-04-26,np.float64(168231.7223354852),np.float64(0.9747075469708268),25
2019-04-29,np.float64(168449.20506863363),np.float64(0.9747402017513025),25
2019-04-30,np.float64(168149.3626217498),np.float64(0.9746951587038798),25
2019-05-01,np.float64(166998.60394784153),np.float64(0.974520787392234),25
2019-05-02,np.float64(167320.84465271368),np.float64(0.9745698574256023),25
2019-05-03,np.float64(169359.96049103182),np.float64(0.9748760396326824),25
2019-05-06,np.float64(167827.7590318016),np.float64(0.9744435754956475),25
2019-05-07,np.float64(164250.96807062815),np.float64(0.9738870491674266),25
2019-05-08,np.float64(163686.77216471112),np.float64(0.9737970429943174),25
2019-05-09,np.float64(162688.34159009144),np.float64(0.973342857437823),25
2019-05-10,np.float64(163616.35508829905),np.float64(0.973093129470484),25
2019-05-13,np.float64(158075.7223970808),np.float64(0.9721500302759112),25
2019-05-14,np.float64(160253.67960115988),np.float64(0.9725285304285749),25
2019-05-15,np.float64(161774.8362200002),np.float64(0.9726102970547844),25
2019-05-16,np.float64(163080.38581654587),np.float64(0.9728295669286604),25
2019-05-17,np.float64(161200.4863966754),np.float64(0.9725127088191708),25
2019-05-20,np.float64(158366.38081430338),np.float64(0.9720207995832629),25
2019-05-21,np.float64(159830.00521195185),np.float64(0.9722770158068833),25
2019-05-22,np.float64(158920.3689109891),np.float64(0.9719656771899462),25
2019-05-23,np.float64(156235.11001330565),np.float64(0.9714838430186141),25
2019-05-24,np.float64(156006.25896668865),np.float64(0.9712256739785546),25
2019-05-28,np.float64(156220.09865514678),np.float64(0.9712650613106905),25
2019-05-29,np.float64(154669.71795633525),np.float64(0.9709770275901013),25
2019-05-30,np.float64(155270.36129083062),np.float64(0.9710520680532381),25
2019-05-31,np.float64(152634.50428189247),np.float64(0.9705521639871482),25
2019-06-03,np.float64(150374.371093388),np.float64(0.9701095617603303),25
2019-06-04,np.float64(155374.6152286354),np.float64(0.9710714916630234),25
2019-06-05,np.float64(156502.4322406493),np.float64(0.9709848354901942),25
2019-06-06,np.float64(158891.10218609555),np.float64(0.9711892236220011),25
2019-06-07,np.float64(161100.58660903355),np.float64(0.9715843616097629),25
2019-06-10,np.float64(162570.7484962238),np.float64(0.9718413302769304),25
2019-06-11,np.float64(162567.73766512304),np.float64(0.9718408087650993),25
2019-06-12,np.float64(160952.23406205207),np.float64(0.9715581704086661),25
2019-06-13,np.float64(161280.787494222),np.float64(0.9713774142997256),25
2019-06-14,np.float64(159759.1602872828),np.float64(0.9711047982878727),25
2019-06-17,np.float64(160226.83137475883),np.float64(0.9711891377851442),25
2019-06-18,np.float64(162913.71442639804),np.float64(0.9716643059909688),25
2019-06-19,np.float64(163803.17252488848),np.float64(0.9718181699981439),25
2019-06-20,np.float64(165609.03198483321),np.float64(0.9721254746402728),25
2019-06-21,np.float64(164958.9922463426),np.float64(0.9716982316426066),25
2019-06-24,np.float64(165171.0972202575),np.float64(0.9717345754457306),25
2019-06-25,np.float64(162625.80301491887),np.float64(0.9712921867226888),25
2019-06-26,np.float64(164747.3852346664),np.float64(0.9716618799116291),25
2019-06-27,np.float64(165962.81197380327),np.float64(0.9718694138072208),25
2019-06-28,np.float64(166120.9085624811),np.float64(0.9718961855709506),25
2019-07-01,np.float64(168540.3684619966),np.float64(0.9722996263172535),25
2019-07-02,np.float64(168691.85911633802),np.float64(0.9723245021337671),25
2019-07-03,np.float64(169792.85129909436),np.float64(0.9720161562346402),25
2019-07-05,np.float64(169397.8535995523),np.float64(0.9719509042041288),25
2019-07-08,np.float64(168935.68065435623),np.float64(0.9718741677020242),25
2019-07-09,np.float64(170098.22810895307),np.float64(0.9720663955406674),25
2019-07-10,np.float64(171852.57413389845),np.float64(0.9723515539573662),25
2019-07-11,np.float64(172201.06078095923),np.float64(0.9724075066571587),25
2019-07-12,np.float64(173218.61965607872),np.float64(0.9725695965441664),25
2019-07-15,np.float64(173812.61807441173),np.float64(0.9726633389688967),25
2019-07-16,np.float64(172519.02202623533),np.float64(0.9723201450814257),25
2019-07-17,np.float64(172270.19852330588),np.float64(0.9722801648728903),25
2019-07-18,np.float64(171596.34334320962),np.float64(0.9721713096716202),25
2019-07-19,np.float64(170384.35270384885),np.float64(0.9719733565635535),25
2019-07-22,np.float64(171915.07354809804),np.float64(0.9722229040082138),25
2019-07-23,np.float64(172744.87163804405),np.float64(0.9723563341991055),25
2019-07-24,np.float64(174433.0794189607),np.float64(0.9726238766391839),25
2019-07-25,np.float64(172774.2071265709),np.float64(0.9723610278420655),25
2019-07-26,np.float64(173956.8188358595),np.float64(0.9725489260361427),25
2019-07-29,np.float64(173212.52713020088),np.float64(0.9724309691712367),25
2019-07-30,np.float64(172742.2479336916),np.float64(0.9723559143318921),25
2019-07-31,np.float64(168688.99458825617),np.float64(0.9716916831946489),25
2019-08-01,np.float64(166635.5641321156),np.float64(0.971342843136448),25
2019-08-02,np.float64(164824.192250627),np.float64(0.9710279089788026),25
2019-08-05,np.float64(159086.8479490331),np.float64(0.9699830528925284),25
2019-08-06,np.float64(161093.04523928062),np.float64(0.9701452908070574),25
2019-08-07,np.float64(161461.63666923816),np.float64(0.970213444395609),25
2019-08-08,np.float64(166153.6461930475),np.float64(0.9708626783685061),25
2019-08-09,np.float64(164656.81844793932),np.float64(0.9704507662732031),25
2019-08-12,np.float64(162443.48719657122),np.float64(0.9697933719476517),25
2019-08-13,np.float64(165529.79836901915),np.float64(0.9703565760025018),25
2019-08-14,np.float64(160102.1312709315),np.float64(0.9691732359632004),25
2019-08-15,np.float64(160020.58960485016),np.float64(0.9691575275740133),25
2019-08-16,np.float64(163009.67962364215),np.float64(0.9697230824950231),25
2019-08-19,np.float64(165473.67986397416),np.float64(0.970173923571804),25
2019-08-20,np.float64(163809.5036012996),np.float64(0.9698709139947692),25
2019-08-21,np.float64(165364.46601020696),np.float64(0.9700075175930577),25
2019-08-22,np.float64(165369.19449341774),np.float64(0.9700083751829489),25
2019-08-23,np.float64(160292.31059718147),np.float64(0.9690584606393979),25
2019-08-26,np.float64(162591.91101000895),np.float64(0.9692885037129112),25
2019-08-27,np.float64(162473.9860290761),np.float64(0.9692662130514793),25
2019-08-28,np.float64(162769.4747004807),np.float64(0.9692864907526645),25
2019-08-29,np.float64(165627.52341698422),np.float64(0.969720827108164),25
2019-08-30,np.float64(165732.7374185984),np.float64(0.9697400495804114),25
2019-09-03,np.float64(164107.0747593678),np.float64(0.9694402911968107),25
2019-09-04,np.float64(166464.47565638964),np.float64(0.9698730651244689),25
2019-09-05,np.float64(169274.64043722485),np.float64(0.9701556204755126),25
2019-09-06,np.float64(168568.35057226275),np.float64(0.9700305745655736),25
2019-09-09,np.float64(168697.03157441542),np.float64(0.9700534350490264),25
2019-09-10,np.float64(168681.91247584423),np.float64(0.9700507509137761),25
2019-09-11,np.float64(170194.5993696218),np.float64(0.9700455561009964),25
2019-09-12,np.float64(170441.00357652415),np.float64(0.9700888608271906),25
2019-09-13,np.float64(170317.2089372506),np.float64(0.9698410879375853),25
2019-09-16,np.float64(169589.33763430975),np.float64(0.9697116469778859),25
2019-09-17,np.float64(170294.99433239602),np.float64(0.9698371537743002),25
2019-09-18,np.float64(169873.94414083526),np.float64(0.9697623920311408),25
2019-09-19,np.float64(169687.61174960277),np.float64(0.9697291883945294),25
2019-09-20,np.float64(167943.54895973817),np.float64(0.9691030719288753),25
2019-09-23,np.float64(168386.50473023724),np.float64(0.9691843490632973),25
2019-09-24,np.float64(165640.962784302),np.float64(0.9686735716516242),25
2019-09-25,np.float64(167514.4436978818),np.float64(0.9690239263094419),25
2019-09-26,np.float64(167268.60502732015),np.float64(0.9689784000328638),25
2019-09-27,np.float64(164649.5917082868),np.float64(0.9684849522043651),25
2019-09-30,np.float64(165584.6070906806),np.float64(0.9686629098961067),25
2019-10-01,np.float64(164338.6855604381),np.float64(0.9684253300765868),25
2019-10-02,np.float64(161907.45330133132),np.float64(0.9679511989941493),25
2019-10-03,np.float64(164007.80629302573),np.float64(0.9678281368974563),25
2019-10-04,np.float64(166447.25426254096),np.float64(0.9682996471453648),25
2019-10-07,np.float64(166013.1488057052),np.float64(0.9682167543368324),25
2019-10-08,np.float64(163176.8126647796),np.float64(0.9676642985872794),25
2019-10-09,np.float64(164816.95714274078),np.float64(0.967841406243357),25
2019-10-10,np.float64(165785.06099889777),np.float64(0.9680291967380904),25
2019-10-11,np.float64(168364.32645410032),np.float64(0.9685189750074259),25
2019-10-14,np.float64(168595.86130762854),np.float64(0.9685622083018498),25
2019-10-15,np.float64(170839.4483199385),np.float64(0.9689750720862),25
2019-10-16,np.float64(169954.07051362382),np.float64(0.9688134473452663),25
2019-10-17,np.float64(170564.24923176313),np.float64(0.9689250145160407),25
2019-10-18,np.float64(168149.9502543965),np.float64(0.9684788395064015),25
2019-10-21,np.float64(170194.8146791669),np.float64(0.9688575613836945),25
2019-10-22,np.float64(168628.82639742736),np.float64(0.9685683540460179),25
2019-10-23,np.float64(168759.74579401276),np.float64(0.9685927378948003),25
2019-10-24,np.float64(171351.83594975344),np.float64(0.9690678448842901),25
2019-10-25,np.float64(173790.2070056203),np.float64(0.9695018398315848),25
2019-10-28,np.float64(175816.3780288519),np.float64(0.96985331157209),25
2019-10-29,np.float64(174078.7217602108),np.float64(0.9695523869007928),25
2019-10-30,np.float64(175284.68876043966),np.float64(0.9697618679278753),25
2019-10-31,np.float64(175102.80652956857),np.float64(0.9696399827900298),25
2019-11-01,np.float64(176774.63608207836),np.float64(0.9699271098072948),25
2019-11-04,np.float64(178692.37436187625),np.float64(0.970249854036939),25
2019-11-05,np.float64(179100.47401772157),np.float64(0.9703176429380876),25
2019-11-06,np.float64(178921.70062673328),np.float64(0.9700974855523137),25
2019-11-07,np.float64(180264.6646767775),np.float64(0.9701859522425611),25
2019-11-08,np.float64(180768.28072670344),np.float64(0.9700400618729985),25
2019-11-11,np.float64(180297.16964917365),np.float64(0.9699617774564366),25
2019-11-12,np.float64(180814.4754254643),np.float64(0.9700477160738772),25
2019-11-13,np.float64(180818.45580886342),np.float64(0.9700483754179312),25
2019-11-14,np.float64(181031.3705976084),np.float64(0.9700836021512836),25
2019-11-15,np.float64(182560.45583729044),np.float64(0.9703341751582644),25
2019-11-18,np.float64(183779.44270562244),np.float64(0.9705309449949117),25
2019-11-19,np.float64(184028.08270780608),np.float64(0.9705707605806255),25
2019-11-20,np.float64(182941.0033652198),np.float64(0.9700901839319902),25
2019-11-21,np.float64(182178.85524190508),np.float64(0.9699650557432404),25
2019-11-22,np.float64(181718.93427021327),np.float64(0.9698890388944583),25
2019-11-25,np.float64(184022.37720671442),np.float64(0.9700825417035205),25
2019-11-26,np.float64(183479.2899425428),np.float64(0.9699939878913584),25
2019-11-27,np.float64(184473.82552093378),np.float64(0.9701244191405458),25
2019-11-29,np.float64(183694.46966104658),np.float64(0.9697880951486036),25
2019-12-02,np.float64(181724.82543511665),np.float64(0.969460640141824),25
2019-12-03,np.float64(180414.18591634155),np.float64(0.9692387834640637),25
2019-12-04,np.float64(181314.06987972002),np.float64(0.9691367150464907),25
2019-12-05,np.float64(181417.2385539643),np.float64(0.9687754799016441),25
2019-12-06,np.float64(183273.58609548217),np.float64(0.9690917478503133),25
2019-12-09,np.float64(182565.19743468458),np.float64(0.9689718177888581),25
2019-12-10,np.float64(182613.33695222097),np.float64(0.968979997266582),25
2019-12-11,np.float64(184205.78391326053),np.float64(0.9692481631625428),25
2019-12-12,np.float64(187283.76673016336),np.float64(0.9697535653499639),25
2019-12-13,np.float64(186662.15602324033),np.float64(0.9696528405537586),25
2019-12-16,np.float64(188966.43685198264),np.float64(0.9700228976860393),25
2019-12-17,np.float64(189677.2624115251),np.float64(0.970135238460336),25
2019-12-18,np.float64(189836.29926995232),np.float64(0.9701602579000912),25
2019-12-19,np.float64(191829.14307988127),np.float64(0.9704702522230545),25
2019-12-20,np.float64(193213.51118462958),np.float64(0.970349491354603),25
2019-12-23,np.float64(193908.86962536207),np.float64(0.9704558182673348),25
2019-12-24,np.float64(194379.98631916588),np.float64(0.9705274241846034),25
2019-12-26,np.float64(195479.8992989618),np.float64(0.9706932584663052),25
2019-12-27,np.float64(194958.3380997528),np.float64(0.9706148557705897),25
2019-12-30,np.float64(193120.63516669258),np.float64(0.9703352317641122),25
2019-12-31,np.float64(193833.32956540413),np.float64(0.9704443044102262),25
2020-01-02,np.float64(197728.47359799044),np.float64(0.9707966577203911),25
2020-01-03,np.float64(195958.16288450977),np.float64(0.9703182774437182),25
2020-01-06,np.float64(196990.87084512482),np.float64(0.9704738813609817),25
2020-01-07,np.float64(197868.3649975403),np.float64(0.9706048219307366),25
2020-01-08,np.float64(198807.3268979838),np.float64(0.9706237149724102),25
2020-01-09,np.float64(200224.632027051),np.float64(0.9708316572171832),25
2020-01-10,np.float64(199132.5628203494),np.float64(0.9706716941829487),25
2020-01-13,np.float64(202293.42454021037),np.float64(0.9711299528701809),25
2020-01-14,np.float64(201822.26458322356),np.float64(0.9710625549039952),25
2020-01-15,np.float64(201139.82680947293),np.float64(0.9709643744196893),25
2020-01-16,np.float64(203325.53925598008),np.float64(0.9712765020965923),25
2020-01-17,np.float64(204514.96362323855),np.float64(0.9714435530923431),25
2020-01-21,np.float64(205634.45616250733),np.float64(0.9715990169667236),25
2020-01-22,np.float64(206050.94353363608),np.float64(0.9716564234049478),25
2020-01-23,np.float64(207309.6164065503),np.float64(0.9718285104098825),25
2020-01-24,np.float64(205743.1431881208),np.float64(0.9716140202291534),25
2020-01-27,np.float64(201530.56440523497),np.float64(0.9710206701511293),25
2020-01-28,np.float64(204843.71166822463),np.float64(0.9714893825494262),25
2020-01-29,np.float64(203505.09670180242),np.float64(0.9713018455302567),25
2020-01-30,np.float64(205724.1891924292),np.float64(0.9716114049424417),25
2020-01-31,np.float64(201999.23445606758),np.float64(0.9710879067623468),25
2020-02-03,np.float64(206397.01949070886),np.float64(0.9717039484633097),25
2020-02-04,np.float64(212116.22600419755),np.float64(0.9724668837903385),25
2020-02-05,np.float64(211347.80828894803),np.float64(0.972366778970597),25
2020-02-06,np.float64(212415.59837304425),np.float64(0.9722630024019487),25
2020-02-07,np.float64(211472.63853019656),np.float64(0.9720248370350113),25
2020-02-10,np.float64(214840.33969316047),np.float64(0.9722707163921301),25
2020-02-11,np.float64(215788.3173175002),np.float64(0.9723925336467711),25
2020-02-12,np.float64(217642.0014685756),np.float64(0.9726276698910853),25
2020-02-13,np.float64(218137.4820418778),np.float64(0.9726898437902612),25
2020-02-14,np.float64(218997.94789545244),np.float64(0.9727971482517875),25
2020-02-18,np.float64(220345.95545113037),np.float64(0.9728534662114268),25
2020-02-19,np.float64(224142.63786329108),np.float64(0.9731720210704186),25
2020-02-20,np.float64(221798.30244923645),np.float64(0.9728884581197665),25
2020-02-21,np.float64(216982.5947332905),np.float64(0.9722867450580146),25
2020-02-24,np.float64(207619.87432510982),np.float64(0.9708744453332142),25
2020-02-25,np.float64(201759.4688443104),np.float64(0.9700284500439806),25
2020-02-26,np.float64(202606.90027206342),np.float64(0.9701538102036646),25
2020-02-27,np.float64(192293.4162347636),np.float64(0.9685229738324473),25
2020-02-28,np.float64(193150.99888092722),np.float64(0.9686627305593114),25
2020-03-02,np.float64(202414.2135625985),np.float64(0.9700968386155459),25
2020-03-03,np.float64(196498.7420608303),np.float64(0.969196622679671),25
2020-03-04,np.float64(204981.33758210277),np.float64(0.9702460090647133),25
2020-03-05,np.float64(198570.856289145),np.float64(0.96909997181421),25
2020-03-06,np.float64(195006.26417199164),np.float64(0.968535138692779),25
2020-03-09,np.float64(180599.12147114155),np.float64(0.9660250559015511),25
2020-03-10,np.float64(190365.31055330587),np.float64(0.9677680506055599),25
2020-03-11,np.float64(182424.07627310464),np.float64(0.9663649383263143),25
2020-03-12,np.float64(164281.8106296432),np.float64(0.9626504904426476),25
2020-03-13,np.float64(180625.80227744515),np.float64(0.9658116140917815),25
2020-03-16,np.float64(157696.58975278106),np.float64(0.9608405949493023),25
2020-03-17,np.float64(168907.71437604158),np.float64(0.963439771498567),25
2020-03-18,np.float64(162006.88607634138),np.float64(0.961882455846149),25
2020-03-19,np.float64(165116.9531568317),np.float64(0.9624036638762802),25
2020-03-20,np.float64(160273.70115345178),np.float64(0.9608669101802635),25
2020-03-23,np.float64(162730.02072663538),np.float64(0.9614576025064498),25
2020-03-24,np.float64(174567.70243530528),np.float64(0.9640712167515406),25
2020-03-25,np.float64(172109.04944236643),np.float64(0.9635579583798705),25
2020-03-26,np.float64(181402.16954869055),np.float64(0.9654248614634338),25
2020-03-27,np.float64(175399.32480490432),np.float64(0.9642415662092431),25
2020-03-30,np.float64(181581.60976706172),np.float64(0.9654590288574622),25
2020-03-31,np.float64(178726.5412030078),np.float64(0.9649072538372712),25
2020-04-01,np.float64(171790.98277866363),np.float64(0.963490486860649),25
2020-04-02,np.float64(175247.41028224854),np.float64(0.9639437911764054),25
2020-04-03,np.float64(172788.0475964842),np.float64(0.9631872641662376),25
2020-04-06,np.float64(185621.60890812587),np.float64(0.9657324339077934),25
2020-04-07,np.float64(184856.63108742476),np.float64(0.9655906271039165),25
2020-04-08,np.float64(189014.63575571415),np.float64(0.9662214219389643),25
2020-04-09,np.float64(188697.60529454425),np.float64(0.9661646706189694),25
2020-04-13,np.float64(192660.94322368206),np.float64(0.9668607164393462),25
2020-04-14,np.float64(201536.18364496948),np.float64(0.9683201025588539),25
2020-04-15,np.float64(199771.37600483734),np.float64(0.9680402380148895),25
2020-04-16,np.float64(203587.78182156404),np.float64(0.9686393477475554),25
2020-04-17,np.float64(204512.70180273495),np.float64(0.9687811780281941),25
2020-04-20,np.float64(202387.52794916971),np.float64(0.9684533642302496),25
2020-04-21,np.float64(193987.49165423456),np.float64(0.9670873334455363),25
2020-04-22,np.float64(200414.9609410175),np.float64(0.9681428691821483),25
2020-04-23,np.float64(199369.74425536886),np.float64(0.9679758548499985),25
2020-04-24,np.float64(202139.62783257972),np.float64(0.9684146760483766),25
2020-04-27,np.float64(204120.24358529615),np.float64(0.9687211541765349),25
2020-04-28,np.float64(200443.0081264505),np.float64(0.9681473268225708),25
2020-04-29,np.float64(205622.23018837304),np.float64(0.9689496333995427),25
2020-04-30,np.float64(204312.43753469436),np.float64(0.9686670717552207),25
2020-05-01,np.float64(197265.95212636108),np.float64(0.9675478364320578),25
2020-05-04,np.float64(201233.30403784366),np.float64(0.9681876368556438),25
2020-05-05,np.float64(202843.93028598974),np.float64(0.9684402341457062),25
2020-05-06,np.float64(204188.4812516217),np.float64(0.968473174902561),25
2020-05-07,np.float64(205544.63741329493),np.float64(0.9685231273648447),25
2020-05-08,np.float64(209392.42090250427),np.float64(0.9689784136208043),25
2020-05-11,np.float64(211799.33387993148),np.float64(0.9693309466409449),25
2020-05-12,np.float64(207361.56334121764),np.float64(0.9684750049570982),25
2020-05-13,np.float64(204211.3010896234),np.float64(0.9679886851435744),25
2020-05-14,np.float64(207311.72100101743),np.float64(0.9684674256484119),25
2020-05-15,np.float64(208384.94218170585),np.float64(0.9686298242666683),25
2020-05-18,np.float64(211887.681260193),np.float64(0.9691484081682271),25
2020-05-19,np.float64(211734.43698588535),np.float64(0.9691260791136397),25
2020-05-20,np.float64(215451.6286204111),np.float64(0.9693938133443912),25
2020-05-21,np.float64(212487.57011501928),np.float64(0.9689668776519879),25
2020-05-22,np.float64(213037.87441757316),np.float64(0.9688786118723437),25
2020-05-26,np.float64(211579.55444679895),np.float64(0.9686641065438708),25
2020-05-27,np.float64(212763.07544731785),np.float64(0.9688384163384504),25
2020-05-28,np.float64(211264.46006757813),np.float64(0.9686173700322364),25
2020-05-29,np.float64(214577.7429507085),np.float64(0.9691019474598388),25
2020-06-01,np.float64(215566.48359622568),np.float64(0.9692436678233394),25
2020-06-02,np.float64(216291.92491099515),np.float64(0.9693468243053065),25
2020-06-03,np.float64(217065.75515804402),np.float64(0.9692330223254586),25
2020-06-04,np.float64(216214.4711612646),np.float64(0.9689027583561738),25
2020-06-05,np.float64(220388.1661356209),np.float64(0.9694916756444337),25
2020-06-08,np.float64(222236.97628747576),np.float64(0.9697454772427406),25
2020-06-09,np.float64(224262.00740151876),np.float64(0.9700186681886073),25
2020-06-10,np.float64(227865.85997929197),np.float64(0.9704928432139638),25
2020-06-11,np.float64(215834.292792113),np.float64(0.9688479825443214),25
2020-06-12,np.float64(217291.53461080312),np.float64(0.9688753027321593),25
2020-06-15,np.float64(220354.36460713792),np.float64(0.9693079225107089),25
2020-06-16,np.float64(223370.68661635934),np.float64(0.9697223779177367),25
2020-06-17,np.float64(224017.04964779393),np.float64(0.9698097388379189),25
2020-06-18,np.float64(224915.2314358229),np.float64(0.9699303013386376),25
2020-06-19,np.float64(224971.05685416394),np.float64(0.9696523366095823),25
2020-06-22,np.float64(227887.57849301497),np.float64(0.97004072819087),25
2020-06-23,np.float64(227994.97757472753),np.float64(0.9700548407749072),25
2020-06-24,np.float64(223354.27602904337),np.float64(0.9694326608499364),25
2020-06-25,np.float64(225483.1461162731),np.float64(0.9697212584461808),25
2020-06-26,np.float64(219591.90282277577),np.float64(0.9689089359933878),25
2020-06-29,np.float64(222008.52412182675),np.float64(0.9692473704196592),25
2020-06-30,np.float64(227696.4097878858),np.float64(0.9700155750705213),25
2020-07-01,np.float64(229922.52863525948),np.float64(0.9703058854366232),25
2020-07-02,np.float64(231944.77434009314),np.float64(0.9701819472583717),25
2020-07-06,np.float64(239238.3849449369),np.float64(0.971091003995827),25
2020-07-07,np.float64(238252.10125999176),np.float64(0.9709713304611288),25
2020-07-08,np.float64(240823.07379155507),np.float64(0.9712812339551639),25
2020-07-09,np.float64(244470.25106570145),np.float64(0.9717096804855849),25
2020-07-10,np.float64(248430.4602536258),np.float64(0.9721606541027328),25
2020-07-13,np.float64(242184.8773196118),np.float64(0.9714427193350692),25
2020-07-14,np.float64(244351.07211644607),np.float64(0.971598297762891),25
2020-07-15,np.float64(244466.22948471527),np.float64(0.9716116765649074),25
2020-07-16,np.float64(242451.6007295128),np.float64(0.9713757864634098),25
2020-07-17,np.float64(241759.38261685328),np.float64(0.9712938281176523),25
2020-07-20,np.float64(249667.39909286398),np.float64(0.9722030733015794),25
2020-07-21,np.float64(246716.0801729782),np.float64(0.9718705550659532),25
2020-07-22,np.float64(249331.40471971326),np.float64(0.9721656146791005),25
2020-07-23,np.float64(243411.71384473925),np.float64(0.9714886918055375),25
2020-07-24,np.float64(243256.302856478),np.float64(0.9714704765711075),25
2020-07-27,np.float64(247952.59602140676),np.float64(0.972010833913711),25
2020-07-28,np.float64(244208.65087222494),np.float64(0.971581734034472),25
2020-07-29,np.float64(249272.80334067254),np.float64(0.9721590711118011),25
2020-07-30,np.float64(251356.36036619195),np.float64(0.9723219746750307),25
2020-07-31,np.float64(252644.47647394828),np.float64(0.9724630919903569),25
2020-08-03,np.float64(256347.18247179492),np.float64(0.9728608380216036),25
2020-08-04,np.float64(260508.34176044175),np.float64(0.9732943380592199),25
2020-08-05,np.float64(260891.92437775718),np.float64(0.9733336027000432),25
2020-08-06,np.float64(263421.2436037419),np.float64(0.9734540950354497),25
2020-08-07,np.float64(259716.10703878477),np.float64(0.972976115814107),25
2020-08-10,np.float64(257536.9784292922),np.float64(0.972747455372689),25
2020-08-11,np.float64(251460.62790735802),np.float64(0.9720889188250462),25
2020-08-12,np.float64(261036.51021545884),np.float64(0.9729542615466158),25
2020-08-13,np.float64(260849.87453015157),np.float64(0.9728103644588201),25
2020-08-14,np.float64(261329.63903043323),np.float64(0.9728602808095128),25
2020-08-17,np.float64(266199.73597021116),np.float64(0.9733567991959579),25
2020-08-18,np.float64(268525.27992383786),np.float64(0.9735875407281991),25
2020-08-19,np.float64(267033.99743098527),np.float64(0.9732262798272491),25
2020-08-20,np.float64(271385.8377787208),np.float64(0.9736556130476575),25
2020-08-21,np.float64(273547.23502148484),np.float64(0.9738637697315173),25
2020-08-24,np.float64(274325.8376597395),np.float64(0.9738071513789758),25
2020-08-25,np.float64(277265.74013793934),np.float64(0.9740848792386593),25
2020-08-26,np.float64(287263.9196557739),np.float64(0.9749868512994343),25
2020-08-27,np.float64(286365.93233434384),np.float64(0.9749084149777006),25
2020-08-28,np.float64(288745.9302504504),np.float64(0.9751152332002573),25
2020-08-31,np.float64(295639.9898284045),np.float64(0.9756955236575817),25
2020-09-01,np.float64(298830.03361980064),np.float64(0.9759356315472993),25
2020-09-02,np.float64(299329.0803845829),np.float64(0.9758139807476336),25
2020-09-03,np.float64(282358.044818251),np.float64(0.9742206232363722),25
2020-09-04,np.float64(280025.7290902498),np.float64(0.9740059085168382),25
2020-09-08,np.float64(262985.38695815444),np.float64(0.9723216011969167),25
2020-09-09,np.float64(272136.3051555524),np.float64(0.9732523214223462),25
2020-09-10,np.float64(267504.3200224599),np.float64(0.9727891705861055),25
2020-09-11,np.float64(265986.77942676353),np.float64(0.9726339240044252),25
2020-09-14,np.float64(273476.2963372692),np.float64(0.9732390920359063),25
2020-09-15,np.float64(278964.2941447585),np.float64(0.9737655529748721),25
2020-09-16,np.float64(274116.7301432326),np.float64(0.9733016149987679),25
2020-09-17,np.float64(270514.03624403634),np.float64(0.9729460470951655),25
2020-09-18,np.float64(268712.646688122),np.float64(0.9727646834384505),25
2020-09-21,np.float64(271681.39377544995),np.float64(0.9728259393607364),25
2020-09-22,np.float64(272789.0399073771),np.float64(0.9729362782627906),25
2020-09-23,np.float64(262333.71095446014),np.float64(0.9718576516828393),25
2020-09-24,np.float64(264500.33854964975),np.float64(0.9720881768639857),25
2020-09-25,np.float64(270548.75303925766),np.float64(0.9727121763228289),25
2020-09-28,np.float64(275663.2653894831),np.float64(0.9732184603611119),25
2020-09-29,np.float64(276460.6325320823),np.float64(0.9732957036182828),25
2020-09-30,np.float64(278575.9408623427),np.float64(0.9734984771256255),25
2020-10-01,np.float64(284126.7355367563),np.float64(0.9738516731523708),25
2020-10-02,np.float64(274547.338206691),np.float64(0.9729393160556821),25
2020-10-05,np.float64(281649.88303495257),np.float64(0.9734724467238361),25
2020-10-06,np.float64(277424.3681329479),np.float64(0.9730683994065924),25
2020-10-07,np.float64(283576.0189597457),np.float64(0.9735685436939197),25
2020-10-08,np.float64(284586.2585320554),np.float64(0.9736623714959081),25
2020-10-09,np.float64(286537.83156981657),np.float64(0.9738417537624157),25
2020-10-12,np.float64(292579.90674360894),np.float64(0.9743819483777642),25
2020-10-13,np.float64(293607.95230478654),np.float64(0.9744716480062977),25
2020-10-14,np.float64(292347.9733725317),np.float64(0.9743616243748143),25
2020-10-15,np.float64(289847.43375368515),np.float64(0.9741404398254693),25
2020-10-16,np.float64(288280.15666641924),np.float64(0.9739998505576647),25
2020-10-19,np.float64(284099.4890228078),np.float64(0.9736172452109374),25
2020-10-20,np.float64(284177.7438818447),np.float64(0.9736245103075238),25
2020-10-21,np.float64(282150.4106959307),np.float64(0.9734349947033594),25
2020-10-22,np.float64(281779.42939240835),np.float64(0.9734000201123671),25
2020-10-23,np.float64(282474.2884336253),np.float64(0.9734654534536584),25
2020-10-26,np.float64(278418.8841017445),np.float64(0.9730789555501284),25
2020-10-27,np.float64(279031.53079186723),np.float64(0.9731380638836205),25
2020-10-28,np.float64(268644.3006241403),np.float64(0.9720994372961836),25
2020-10-29,np.float64(273223.9500686174),np.float64(0.9725046487727815),25
2020-10-30,np.float64(265542.76805524336),np.float64(0.9717093087270154),25
2020-11-02,np.float64(267132.86694785574),np.float64(0.971877708060944),25
2020-11-03,np.float64(273165.5665485561),np.float64(0.9724987722071139),25
2020-11-04,np.float64(282155.26438457204),np.float64(0.9733749838507872),25
2020-11-05,np.float64(290808.5375092774),np.float64(0.9740444481925676),25
2020-11-06,np.float64(291983.3571377084),np.float64(0.9740605805923654),25
2020-11-09,np.float64(285649.62764261785),np.float64(0.9734854240023025),25
2020-11-10,np.float64(279161.91741320374),np.float64(0.9727209713428904),25
2020-11-11,np.float64(286110.56862627435),np.float64(0.9733834860360026),25
2020-11-12,np.float64(284140.99613446207),np.float64(0.9731989890628638),25
2020-11-13,np.float64(285586.1435026921),np.float64(0.973334609824945),25
2020-11-16,np.float64(288673.00982845726),np.float64(0.973619750770556),25
2020-11-17,np.float64(290779.9198777898),np.float64(0.9738108946852688),25
2020-11-18,np.float64(292419.7396354758),np.float64(0.9737519400200869),25
2020-11-19,np.float64(296370.7202239403),np.float64(0.9741018584445086),25
2020-11-20,np.float64(293138.44241544144),np.float64(0.9738162937552055),25
2020-11-23,np.float64(296257.2857790412),np.float64(0.9739708258657211),25
2020-11-24,np.float64(301361.834664648),np.float64(0.9744117151109312),25
2020-11-25,np.float64(303318.80381197773),np.float64(0.974576807032143),25
2020-11-27,np.float64(305734.7574289685),np.float64(0.9747777042265695),25
2020-11-30,np.float64(306672.2141885217),np.float64(0.9747261352723705),25
2020-12-01,np.float64(311331.4782393427),np.float64(0.9743215006993602),25
2020-12-02,np.float64(310214.5570763469),np.float64(0.9740729510270161),25
2020-12-03,np.float64(311123.9160252321),np.float64(0.9740033986119733),25
2020-12-04,np.float64(314699.1574634062),np.float64(0.9742987413999341),25
2020-12-07,np.float64(318926.17899831187),np.float64(0.9746393837828137),25
2020-12-08,np.float64(319609.20878319204),np.float64(0.9746935813959088),25
2020-12-09,np.float64(310777.9105788317),np.float64(0.9739744552239075),25
2020-12-10,np.float64(313049.347820812),np.float64(0.9740595138719025),25
2020-12-11,np.float64(310939.8322584858),np.float64(0.9738835252930702),25
2020-12-14,np.float64(315943.39467043267),np.float64(0.9742971291644613),25
2020-12-15,np.float64(317904.3641255599),np.float64(0.9744556754139166),25
2020-12-16,np.float64(318281.7847110312),np.float64(0.9744859660381492),25
2020-12-17,np.float64(321538.7963585647),np.float64(0.9747444092080882),25
2020-12-18,np.float64(320858.5027181073),np.float64(0.9744691816535892),25
2020-12-21,np.float64(318876.98894223897),np.float64(0.9743105321742698),25
2020-12-22,np.float64(318166.23126635485),np.float64(0.9742531439769937),25
2020-12-23,np.float64(316281.28826962574),np.float64(0.97409970032494),25
2020-12-24,np.float64(318464.3260723285),np.float64(0.9742772440203024),25
2020-12-28,np.float64(320612.6767494315),np.float64(0.9744496062013185),25
2020-12-29,np.float64(320678.97534192464),np.float64(0.9744548886029623),25
2020-12-30,np.float64(323666.61738424434),np.float64(0.9746906856999948),25
2020-12-31,np.float64(325747.95806289115),np.float64(0.9748523975514352),25
2021-01-04,np.float64(324487.0370891751),np.float64(0.9746105967755977),25
2021-01-05,np.float64(327227.7744324489),np.float64(0.9746947649215271),25
2021-01-06,np.float64(323850.2030417553),np.float64(0.9743572165298299),25
2021-01-07,np.float64(335386.090449275),np.float64(0.975239221691496),25
2021-01-08,np.float64(341218.58515528654),np.float64(0.9756624609717813),25
2021-01-11,np.float64(335294.32448916364),np.float64(0.975232444968991),25
2021-01-12,np.float64(337312.58739416103),np.float64(0.9753806381863054),25
2021-01-13,np.float64(338089.74571283814),np.float64(0.9754372300885344),25
2021-01-14,np.float64(336502.3975154801),np.float64(0.9753213626568936),25
2021-01-15,np.float64(331600.2863114414),np.float64(0.974956533585225),25
2021-01-19,np.float64(337013.4700153207),np.float64(0.9753587871933047),25
2021-01-20,np.float64(343226.57279402134),np.float64(0.9758048435301249),25
2021-01-21,np.float64(345940.56832698075),np.float64(0.9759946609513543),25
2021-01-22,np.float64(344823.0218675009),np.float64(0.9759168613847328),25
2021-01-25,np.float64(348752.84349347),np.float64(0.9761882353411526),25
2021-01-26,np.float64(349346.59602510236),np.float64(0.9762287060247364),25
2021-01-27,np.float64(338378.16415585054),np.float64(0.9754581662972038),25
2021-01-28,np.float64(337766.6851130932),np.float64(0.9754137367615465),25
2021-01-29,np.float64(330069.07232408243),np.float64(0.974840355156885),25
2021-02-01,np.float64(339281.0882095329),np.float64(0.9755234791388027),25
2021-02-02,np.float64(346096.9592394904),np.float64(0.976005508249427),25
2021-02-03,np.float64(343174.6843745559),np.float64(0.9758011851937582),25
2021-02-04,np.float64(344879.75428274047),np.float64(0.9757623257941572),25
2021-02-05,np.float64(345212.5770491105),np.float64(0.9757110071259605),25
2021-02-08,np.float64(350338.17486557),np.float64(0.9760663655132871),25
2021-02-09,np.float64(348661.34887516923),np.float64(0.9758325577658571),25
2021-02-10,np.float64(345644.8194095687),np.float64(0.9756216424055979),25
2021-02-11,np.float64(348722.382602193),np.float64(0.9758367875748564),25
2021-02-12,np.float64(350560.51204827003),np.float64(0.9759634849944001),25
2021-02-16,np.float64(349270.68909260177),np.float64(0.9758747204636317),25
2021-02-17,np.float64(346919.34945771977),np.float64(0.9756109814047116),25
2021-02-18,np.float64(344558.6647342818),np.float64(0.9754438842177581),25
2021-02-19,np.float64(344257.9834854641),np.float64(0.9754224364549938),25
2021-02-22,np.float64(332459.9043013521),np.float64(0.9744423192996025),25
2021-02-23,np.float64(330902.2116139986),np.float64(0.9743220087941556),25
2021-02-24,np.float64(338651.1087614087),np.float64(0.9748345145704919),25
2021-02-25,np.float64(323856.03655867727),np.float64(0.9736848519676182),25
2021-02-26,np.float64(324753.58510827593),np.float64(0.973757581335459),25
2021-03-01,np.float64(334255.8837275765),np.float64(0.9745036064939762),25
2021-03-02,np.float64(327042.43263109756),np.float64(0.973941242197048),25
2021-03-03,np.float64(317271.8483196405),np.float64(0.9729861238687584),25
2021-03-04,np.float64(309241.4674919994),np.float64(0.9721571042884279),25
2021-03-05,np.float64(312432.79528918024),np.float64(0.9724415040325589),25
2021-03-08,np.float64(301072.4366123378),np.float64(0.9714016399974879),25
2021-03-09,np.float64(319071.310212444),np.float64(0.9729967610737579),25
2021-03-10,np.float64(317439.364521005),np.float64(0.9728579382800344),25
2021-03-11,np.float64(326128.0408458492),np.float64(0.973581054846344),25
2021-03-12,np.float64(323565.4159231289),np.float64(0.973246891033706),25
2021-03-15,np.float64(327278.84344428586),np.float64(0.9735504417614782),25
2021-03-16,np.float64(327145.7853275108),np.float64(0.9735396840853393),25
2021-03-17,np.float64(330182.7987088464),np.float64(0.9737830654299201),25
2021-03-18,np.float64(317955.82347677747),np.float64(0.972670825151488),25
2021-03-19,np.float64(320284.12262610364),np.float64(0.9726474165958949),25
2021-03-22,np.float64(325722.3024202361),np.float64(0.9731040886299567),25
2021-03-23,np.float64(323335.93708111165),np.float64(0.9729055846491217),25
2021-03-24,np.float64(316953.53391406924),np.float64(0.9723599921131776),25
2021-03-25,np.float64(317160.58874475956),np.float64(0.972378036590822),25
2021-03-26,np.float64(321699.34013671026),np.float64(0.9727677458914955),25
2021-03-29,np.float64(321254.1475809591),np.float64(0.9727300075559854),25
2021-03-30,np.float64(320992.22229673783),np.float64(0.9727077556133356),25
2021-03-31,np.float64(328007.80100347725),np.float64(0.9732914944390355),25
2021-04-01,np.float64(334157.50796612364),np.float64(0.9737830275594788),25
2021-04-05,np.float64(340973.4088041821),np.float64(0.9740428660245549),25
2021-04-06,np.float64(339970.2647351694),np.float64(0.9739662747820346),25
2021-04-07,np.float64(340348.15503445413),np.float64(0.9739017664925178),25
2021-04-08,np.float64(343882.9548611228),np.float64(0.9741700322788108),25
2021-04-09,np.float64(344882.39343117055),np.float64(0.9742448852330218),25
2021-04-12,np.float64(345092.26717061654),np.float64(0.9742605486446951),25
2021-04-13,np.float64(351600.556771431),np.float64(0.9747369978435378),25
2021-04-14,np.float64(345267.9196257857),np.float64(0.9742736433968232),25
2021-04-15,np.float64(351547.0807587882),np.float64(0.9747331549311752),25
2021-04-16,np.float64(351442.83793539286),np.float64(0.97472566043425),25
2021-04-19,np.float64(346427.5885919177),np.float64(0.9743597625696224),25
2021-04-20,np.float64(344272.99030136387),np.float64(0.9741992956921932),25
2021-04-21,np.float64(348061.83539310645),np.float64(0.9744801505919259),25
2021-04-22,np.float64(341085.997497588),np.float64(0.9739582225916713),25
2021-04-23,np.float64(346089.9297188152),np.float64(0.9743347469510407),25
2021-04-26,np.float64(349184.4064000172),np.float64(0.974562192752232),25
2021-04-27,np.float64(346192.11240733246),np.float64(0.9743423223534373),25
2021-04-28,np.float64(343906.96918740415),np.float64(0.9741718359330787),25
2021-04-29,np.float64(345029.9844428269),np.float64(0.9742000958196579),25
2021-04-30,np.float64(343809.8824833016),np.float64(0.9741085379114948),25
2021-05-03,np.float64(339813.10573569377),np.float64(0.9738040105348567),25
2021-05-04,np.float64(334793.0196964705),np.float64(0.9734112122587253),25
2021-05-05,np.float64(334213.89047406183),np.float64(0.9733651389373934),25
2021-05-06,np.float64(335939.16418884945),np.float64(0.9732914999699241),25
2021-05-07,np.float64(338717.6977978389),np.float64(0.9734289041469634),25
2021-05-10,np.float64(327695.546418654),np.float64(0.9725351762827804),25
2021-05-11,np.float64(326513.73693513527),np.float64(0.9724357679410768),25
2021-05-12,np.float64(316936.4184674884),np.float64(0.9714722352096052),25
2021-05-13,np.float64(317729.69777227094),np.float64(0.9715434608003467),25
2021-05-14,np.float64(325064.61254102323),np.float64(0.972185567881802),25
2021-05-17,np.float64(323456.41012995626),np.float64(0.9720472764910796),25
2021-05-18,np.float64(321448.5309184344),np.float64(0.9718726740678593),25
2021-05-19,np.float64(322167.61221083323),np.float64(0.9718275310356721),25
2021-05-20,np.float64(328931.89765830885),np.float64(0.9724068808135183),25
2021-05-21,np.float64(327264.6511557743),np.float64(0.972266307942922),25
2021-05-24,np.float64(334096.4020135824),np.float64(0.9727207029654107),25
2021-05-25,np.float64(334614.74641773076),np.float64(0.9727629607293568),25
2021-05-26,np.float64(336394.8794332334),np.float64(0.9728246727054985),25
2021-05-27,np.float64(336859.56276246434),np.float64(0.9728621599047831),25
2021-05-28,np.float64(338654.6170541492),np.float64(0.9730060052678072),25
2021-06-01,np.float64(338188.5396098946),np.float64(0.9729688032618211),25
2021-06-02,np.float64(338487.3666644959),np.float64(0.9728430079735227),25
2021-06-03,np.float64(333437.9786888586),np.float64(0.9723074165723514),25
2021-06-04,np.float64(340471.31248443463),np.float64(0.9728794799908146),25
2021-06-07,np.float64(340864.2214149034),np.float64(0.972910741395917),25
2021-06-08,np.float64(339428.8459984613),np.float64(0.9727961864418866),25
2021-06-09,np.float64(338081.6846007331),np.float64(0.9726706877102733),25
2021-06-10,np.float64(341967.0431375623),np.float64(0.9729811976817498),25
2021-06-11,np.float64(342869.4547905629),np.float64(0.9730523095341516),25
2021-06-14,np.float64(346585.7623487483),np.float64(0.973224630230793),25
2021-06-15,np.float64(343148.6140522028),np.float64(0.9729564347235904),25
2021-06-16,np.float64(341668.20656279055),np.float64(0.9728392581885584),25
2021-06-17,np.float64(347205.4035992772),np.float64(0.9732724149813619),25
2021-06-18,np.float64(344676.1091848625),np.float64(0.9730762832225976),25
2021-06-21,np.float64(345319.1566585938),np.float64(0.9729204428814328),25
2021-06-22,np.float64(348562.73822316626),np.float64(0.9731724341088781),25
2021-06-23,np.float64(351646.27743209375),np.float64(0.9734076814486465),25
2021-06-24,np.float64(355918.81623614713),np.float64(0.9737269023150843),25
2021-06-25,np.float64(354846.5018177851),np.float64(0.973647507361722),25
2021-06-28,np.float64(361065.84741666814),np.float64(0.9741014280531475),25
2021-06-29,np.float64(361927.1227733198),np.float64(0.9741630586975141),25
2021-06-30,np.float64(363540.3640258739),np.float64(0.9742777123197073),25
2021-07-01,np.float64(362496.13768708135),np.float64(0.9742036152811536),25
2021-07-02,np.float64(366153.92357885744),np.float64(0.9742152589494462),25
2021-07-06,np.float64(366055.6057090747),np.float64(0.9742083334966639),25
2021-07-07,np.float64(363224.3370370139),np.float64(0.974007292074256),25
2021-07-08,np.float64(361402.9091068192),np.float64(0.9738762918996465),25
2021-07-09,np.float64(364622.87902182323),np.float64(0.9741069893105636),25
2021-07-12,np.float64(367867.9157661409),np.float64(0.9743353967565711),25
2021-07-13,np.float64(366149.6340545486),np.float64(0.9742149568754762),25
2021-07-14,np.float64(365239.63370627246),np.float64(0.9740636656062389),25
2021-07-15,np.float64(360744.69562204333),np.float64(0.9737404946250806),25
2021-07-16,np.float64(356276.4892339654),np.float64(0.9734111636329732),25
2021-07-19,np.float64(355581.15664589434),np.float64(0.9733591696393114),25
2021-07-20,np.float64(359259.223280223),np.float64(0.9736319162882792),25
2021-07-21,np.float64(362822.4529703413),np.float64(0.9738908736322471),25
2021-07-22,np.float64(364604.869484611),np.float64(0.9740185113625847),25
2021-07-23,np.float64(366538.1689383914),np.float64(0.9741555502907177),25
2021-07-26,np.float64(367642.17697329324),np.float64(0.9742331596672358),25
2021-07-27,np.float64(363685.179071078),np.float64(0.9739528091360321),25
2021-07-28,np.float64(367608.35277259117),np.float64(0.9742307888212735),25
2021-07-29,np.float64(372875.8319254713),np.float64(0.9745431820059662),25
2021-07-30,np.float64(373343.9644706092),np.float64(0.974575102074677),25
2021-08-02,np.float64(376115.7655448957),np.float64(0.9747624719374663),25
2021-08-03,np.float64(379554.1325328633),np.float64(0.9749910977800281),25
2021-08-04,np.float64(382932.35418575146),np.float64(0.9752117258206493),25
2021-08-05,np.float64(382961.8533000345),np.float64(0.9751154500625359),25
2021-08-06,np.float64(380260.6273073837),np.float64(0.9748659158621557),25
2021-08-09,np.float64(379924.11431905255),np.float64(0.9748436536644076),25
2021-08-10,np.float64(376819.9736600132),np.float64(0.9746364225117309),25
2021-08-11,np.float64(376430.0368855727),np.float64(0.9746101488602553),25
2021-08-12,np.float64(377503.32916045847),np.float64(0.9744850481962576),25
2021-08-13,np.float64(380148.67609368084),np.float64(0.9746625995169643),25
2021-08-16,np.float64(377175.7319617609),np.float64(0.9744628871025618),25
2021-08-17,np.float64(372816.02122159663),np.float64(0.9741642560914615),25
2021-08-18,np.float64(370049.3007981406),np.float64(0.9738771328976913),25
2021-08-19,np.float64(372186.4299570738),np.float64(0.9740271328345663),25
2021-08-20,np.float64(376351.6046040701),np.float64(0.9743145808658855),25
2021-08-23,np.float64(384409.28990821564),np.float64(0.9747550153099476),25
2021-08-24,np.float64(383989.88277225726),np.float64(0.9747274418576218),25
2021-08-25,np.float64(385481.1215672922),np.float64(0.9747532834838857),25
2021-08-26,np.float64(383342.54868477193),np.float64(0.9746124383220343),25
2021-08-27,np.float64(389032.3064397161),np.float64(0.9749837418707248),25
2021-08-30,np.float64(392570.71173941233),np.float64(0.975209223949994),25
2021-08-31,np.float64(392198.95468113216),np.float64(0.9751709855995333),25
2021-09-01,np.float64(392614.1102039238),np.float64(0.9750682132709897),25
2021-09-02,np.float64(392082.9419739881),np.float64(0.9749286935612893),25
2021-09-03,np.float64(393805.2757373425),np.float64(0.9750383446000925),25
2021-09-07,np.float64(394854.69577455125),np.float64(0.9751046861217179),25
2021-09-08,np.float64(392558.0461131199),np.float64(0.9749590367973544),25
2021-09-09,np.float64(391393.3167491195),np.float64(0.97488451854705),25
2021-09-10,np.float64(388966.56856505433),np.float64(0.9747278239775586),25
2021-09-13,np.float64(388736.85581850994),np.float64(0.9747128901196587),25
2021-09-14,np.float64(388188.158492083),np.float64(0.9745730172921739),25
2021-09-15,np.float64(391197.01809735294),np.float64(0.9747685868328765),25
2021-09-16,np.float64(392081.874871534),np.float64(0.9748255294979012),25
2021-09-17,np.float64(387969.8298693552),np.float64(0.9745587083493457),25
2021-09-20,np.float64(378763.84718675556),np.float64(0.9739403491999746),25
2021-09-21,np.float64(380235.74506025156),np.float64(0.9738541638818641),25
2021-09-22,np.float64(384439.8998098826),np.float64(0.9741400893051968),25
2021-09-23,np.float64(388909.49900440953),np.float64(0.9744372881041665),25
2021-09-24,np.float64(390928.17531912675),np.float64(0.9745692889275964),25
2021-09-27,np.float64(391101.25571489625),np.float64(0.9745805431935257),25
2021-09-28,np.float64(379416.19118869957),np.float64(0.973797687849177),25
2021-09-29,np.float64(378607.4217420128),np.float64(0.9737417152815959),25
2021-09-30,np.float64(378000.34452841326),np.float64(0.9736563246208256),25
2021-10-01,np.float64(379790.8033616647),np.float64(0.9737805173760621),25
2021-10-04,np.float64(373459.3761998666),np.float64(0.9732073426082601),25
2021-10-05,np.float64(378645.5961449649),np.float64(0.9734509413222839),25
2021-10-06,np.float64(381068.67686816724),np.float64(0.9736197573814517),25
2021-10-07,np.float64(385017.34046724846),np.float64(0.973890308062718),25
2021-10-08,np.float64(383222.82688997174),np.float64(0.9736850818582828),25
2021-10-11,np.float64(382329.0032252914),np.float64(0.9736235618156736),25
2021-10-12,np.float64(382264.11629519245),np.float64(0.9736190845811444),25
2021-10-13,np.float64(385993.99739438907),np.float64(0.9738740048090871),25
2021-10-14,np.float64(392938.8422169576),np.float64(0.9743357585553251),25
2021-10-15,np.float64(396218.14438664255),np.float64(0.974548168824378),25
2021-10-18,np.float64(402633.54448265425),np.float64(0.9749537080110784),25
2021-10-19,np.float64(404673.06884752336),np.float64(0.975079939595766),25
2021-10-20,np.float64(404051.95340358856),np.float64(0.9750416320606817),25
2021-10-21,np.float64(409688.73688932194),np.float64(0.9753850267004743),25
2021-10-22,np.float64(410008.2350755573),np.float64(0.9754042078745354),25
2021-10-25,np.float64(421605.5406365301),np.float64(0.9760807761102434),25
2021-10-26,np.float64(423393.228968255),np.float64(0.9761817699725114),25
2021-10-27,np.float64(424777.51843605505),np.float64(0.9762593901937747),25
2021-10-28,np.float64(430846.9372636839),np.float64(0.9765491376175123),25
2021-10-29,np.float64(435530.1453391795),np.float64(0.9768013021789377),25
2021-11-01,np.float64(444617.29676876846),np.float64(0.9772754404583104),25
2021-11-02,np.float64(444876.78884240636),np.float64(0.9772886954611019),25
2021-11-03,np.float64(452020.2856430429),np.float64(0.9776476132717951),25
2021-11-04,np.float64(464338.7043579461),np.float64(0.9781596207393533),25
2021-11-05,np.float64(463733.68349859514),np.float64(0.9780714599588269),25
2021-11-08,np.float64(465917.7352723992),np.float64(0.9781742529266583),25
2021-11-09,np.float64(455443.83941482595),np.float64(0.9776723236390569),25
2021-11-10,np.float64(448822.6272852138),np.float64(0.9772496640648275),25
2021-11-11,np.float64(453431.70620804845),np.float64(0.977480918501627),25
2021-11-12,np.float64(455602.0363209543),np.float64(0.9775881915969924),25
2021-11-15,np.float64(453437.9715773262),np.float64(0.9774812296585442),25
2021-11-16,np.float64(461192.40512863215),np.float64(0.9778598575507821),25
2021-11-17,np.float64(462047.3726751303),np.float64(0.977817511995762),25
2021-11-18,np.float64(468773.6218318471),np.float64(0.9781357998308354),25
2021-11-19,np.float64(474370.45279069676),np.float64(0.9783937632678019),25
2021-11-22,np.float64(471068.4966335422),np.float64(0.9781623727596601),25
2021-11-23,np.float64(465942.2344132591),np.float64(0.9779221167896389),25
2021-11-24,np.float64(471447.29430191015),np.float64(0.9781211085122455),25
2021-11-26,np.float64(460664.41727388336),np.float64(0.9776089843116874),25
2021-11-29,np.float64(476328.4848142317),np.float64(0.9783453131125474),25
2021-11-30,np.float64(469181.29970129085),np.float64(0.9779292861702724),25
2021-12-01,np.float64(456211.821157995),np.float64(0.977178134408222),25
2021-12-02,np.float64(457388.3214723955),np.float64(0.977146191325098),25
2021-12-03,np.float64(443734.97212283727),np.float64(0.9764429989841525),25
2021-12-06,np.float64(443641.63236300176),np.float64(0.9764380427206802),25
2021-12-07,np.float64(460213.16674148414),np.float64(0.9772864708259499),25
2021-12-08,np.float64(461005.4889085824),np.float64(0.9773255081760261),25
2021-12-09,np.float64(448632.3823303297),np.float64(0.9766263982136548),25
2021-12-10,np.float64(455341.6230984501),np.float64(0.976970797043122),25
2021-12-13,np.float64(444433.03015395725),np.float64(0.9764055460742511),25
2021-12-14,np.float64(440694.8734344713),np.float64(0.9762054081289245),25
2021-12-15,np.float64(455493.4370375214),np.float64(0.976978472574162),25
2021-12-16,np.float64(437737.17076421337),np.float64(0.9760446328221534),25
2021-12-17,np.float64(434631.741313232),np.float64(0.9758734725140765),25
2021-12-20,np.float64(429091.8451250514),np.float64(0.9755619810253152),25
2021-12-21,np.float64(442459.3875374593),np.float64(0.9761172172936031),25
2021-12-22,np.float64(450337.6373745214),np.float64(0.9765350249857655),25
2021-12-23,np.float64(458161.4405383188),np.float64(0.9769357251091523),25
2021-12-27,np.float64(469112.5604539886),np.float64(0.9774741452270302),25
2021-12-28,np.float64(465938.22008034197),np.float64(0.9773206812543936),25
2021-12-29,np.float64(464253.55774933286),np.float64(0.977238383567395),25
2021-12-30,np.float64(459735.94809060794),np.float64(0.9770147158323153),25
2021-12-31,np.float64(456611.2243523824),np.float64(0.9768216422694312),25
2022-01-03,np.float64(473370.29631341744),np.float64(0.9776422424806621),25
2022-01-04,np.float64(464419.6341625377),np.float64(0.9771078820390806),25
2022-01-05,np.float64(446322.9278893817),np.float64(0.9760750268130569),25
2022-01-06,np.float64(445155.5586277127),np.float64(0.9759408659637476),25
2022-01-07,np.float64(437056.43414685753),np.float64(0.9754950244059141),25
2022-01-10,np.float64(440005.8487051912),np.float64(0.9756592843401434),25
2022-01-11,np.float64(445584.19338089926),np.float64(0.9759640099197782),25
2022-01-12,np.float64(450727.32150912506),np.float64(0.9762382781320033),25
2022-01-13,np.float64(436190.0032604646),np.float64(0.9754463486738563),25
2022-01-14,np.float64(441990.9942948433),np.float64(0.97576860752764),25
2022-01-18,np.float64(429328.6550135907),np.float64(0.9750539426452495),25
2022-01-19,np.float64(420924.19069059513),np.float64(0.9745558523627845),25
2022-01-20,np.float64(412806.19604681),np.float64(0.9740554832883552),25
2022-01-21,np.float64(398596.5273031611),np.float64(0.9731305806288142),25
2022-01-24,np.float64(398897.3023414282),np.float64(0.9731508406069894),25
2022-01-25,np.float64(388987.52847944),np.float64(0.9724668364205075),25
2022-01-26,np.float64(391879.60084788175),np.float64(0.972670031231954),25
2022-01-27,np.float64(377558.43538875406),np.float64(0.9716333784438446),25
2022-01-28,np.float64(387434.7774025512),np.float64(0.9723564897198709),25
2022-01-31,np.float64(407527.973205941),np.float64(0.9737194549670957),25
2022-02-01,np.float64(409995.9302702674),np.float64(0.973877649846556),25
2022-02-02,np.float64(413913.6209674975),np.float64(0.9741248977818782),25
2022-02-03,np.float64(400132.0457523435),np.float64(0.9731855714133738),25
2022-02-04,np.float64(407009.10856699373),np.float64(0.973473625192913),25
2022-02-07,np.float64(404088.8378185162),np.float64(0.9732819242866705),25
2022-02-08,np.float64(410176.4340957718),np.float64(0.9736784581797169),25
2022-02-09,np.float64(419470.31916976103),np.float64(0.9741618451474611),25
2022-02-10,np.float64(408176.000723864),np.float64(0.9734468978001368),25
2022-02-11,np.float64(390564.73084593064),np.float64(0.9722495704123686),25
2022-02-14,np.float64(392524.7803247151),np.float64(0.9723881405556454),25
2022-02-15,np.float64(407753.18266651424),np.float64(0.9734193636653562),25
2022-02-16,np.float64(405955.5694676955),np.float64(0.973206836815357),25
2022-02-17,np.float64(392048.71517604875),np.float64(0.9722564227418055),25
2022-02-18,np.float64(387371.1455270439),np.float64(0.971824200442169),25
2022-02-22,np.float64(382216.637129959),np.float64(0.9713716865045484),25
2022-02-23,np.float64(369137.31190330355),np.float64(0.970357324068611),25
2022-02-24,np.float64(383395.31319138745),np.float64(0.9714596988162152),25
2022-02-25,np.float64(390225.4234737938),np.float64(0.9719592393198632),25
2022-02-28,np.float64(395690.855439739),np.float64(0.9723465489270067),25
2022-03-01,np.float64(386692.91716083884),np.float64(0.9717030821477848),25
2022-03-02,np.float64(395228.66451562144),np.float64(0.9721714102181975),25
2022-03-03,np.float64(385865.0646521979),np.float64(0.97138865963421),25
2022-03-04,np.float64(379971.1318375594),np.float64(0.9709448540297231),25
2022-03-07,np.float64(365162.3819371202),np.float64(0.9697665552473784),25
2022-03-08,np.float64(366663.6710927008),np.float64(0.9698903448298252),25
2022-03-09,np.float64(380410.8195604432),np.float64(0.9709784366470222),25
2022-03-10,np.float64(374305.09880018915),np.float64(0.9705050325645577),25
2022-03-11,np.float64(365180.10002537153),np.float64(0.9697680221368454),25
2022-03-14,np.float64(356849.2737588254),np.float64(0.9689435726001289),25
2022-03-15,np.float64(370876.508768334),np.float64(0.9701181840823726),25
2022-03-16,np.float64(385128.8620822409),np.float64(0.9712240118715872),25
2022-03-17,np.float64(389296.54900795704),np.float64(0.9714455350757241),25
2022-03-18,np.float64(398425.3218512386),np.float64(0.972099778693434),25
2022-03-21,np.float64(400195.41606094234),np.float64(0.9720207654552487),25
2022-03-22,np.float64(408813.8632322614),np.float64(0.9726106122694231),25
2022-03-23,np.float64(402573.9935345773),np.float64(0.9721860786103121),25
2022-03-24,np.float64(414685.0902429287),np.float64(0.9729983988497296),25
2022-03-25,np.float64(413585.8728535288),np.float64(0.9729266347217114),25
2022-03-28,np.float64(423904.8542844461),np.float64(0.97358567306665),25
2022-03-29,np.float64(430211.46015923464),np.float64(0.9739728890402896),25
2022-03-30,np.float64(423752.35469676746),np.float64(0.9735761671042135),25
2022-03-31,np.float64(414821.03241708886),np.float64(0.9730072476208365),25
2022-04-01,np.float64(413234.29263115284),np.float64(0.9729036006706785),25
2022-04-04,np.float64(424327.0461311898),np.float64(0.973611954477581),25
2022-04-05,np.float64(411366.36178160977),np.float64(0.9725470361498112),25
2022-04-06,np.float64(400244.20550635987),np.float64(0.9717841615098791),25
2022-04-07,np.float64(401986.5279035433),np.float64(0.9718273667334761),25
2022-04-08,np.float64(394202.51965517696),np.float64(0.9712296209280943),25
2022-04-11,np.float64(382471.3219119418),np.float64(0.9703471730510791),25
2022-04-12,np.float64(381052.4333443585),np.float64(0.970236757650277),25
2022-04-13,np.float64(388928.14830787806),np.float64(0.9708394571827136),25
2022-04-14,np.float64(378186.27244484884),np.float64(0.9700111909185342),25
2022-04-18,np.float64(381387.09850622626),np.float64(0.9702628747380277),25
2022-04-19,np.float64(389488.05316939746),np.float64(0.9708813766448257),25
2022-04-20,np.float64(379250.0584356575),np.float64(0.9700953087038114),25
2022-04-21,np.float64(373998.7248671191),np.float64(0.9696754155362177),25
2022-04-22,np.float64(366676.28430830286),np.float64(0.969069840600752),25
2022-04-25,np.float64(369822.85641010746),np.float64(0.9693330043695215),25
2022-04-26,np.float64(349600.56092234456),np.float64(0.967559102617976),25
2022-04-27,np.float64(349119.66343162506),np.float64(0.9675144166613204),25
2022-04-28,np.float64(360952.1366826958),np.float64(0.9685185631423783),25
2022-04-29,np.float64(347336.9277014675),np.float64(0.9672845269439172),25
2022-05-02,np.float64(356195.0745283724),np.float64(0.9680981217535202),25
2022-05-03,np.float64(357777.25043001707),np.float64(0.9682391994294152),25
2022-05-04,np.float64(372341.3500538046),np.float64(0.9694815203899381),25
2022-05-05,np.float64(352148.9040212797),np.float64(0.967523744589745),25
2022-05-06,np.float64(349820.639509644),np.float64(0.9672249050352486),25
2022-05-09,np.float64(331826.029706739),np.float64(0.9654475428263071),25
2022-05-10,np.float64(337228.3526412015),np.float64(0.9660010654775596),25
2022-05-11,np.float64(324886.2736755077),np.float64(0.9647094826418855),25
2022-05-12,np.float64(323707.9646593302),np.float64(0.9644517008048453),25
2022-05-13,np.float64(338331.81153083895),np.float64(0.9659882187031191),25
2022-05-16,np.float64(332313.883353632),np.float64(0.9653722936176008),25
2022-05-17,np.float64(343417.32425755844),np.float64(0.9664918838778963),25
2022-05-18,np.float64(324124.40620150126),np.float64(0.9643786086009917),25
2022-05-19,np.float64(321300.96724887675),np.float64(0.9640655848809456),25
2022-05-20,np.float64(316119.76425230736),np.float64(0.96347661981027),25
2022-05-23,np.float64(321566.9027412542),np.float64(0.963970461470084),25
2022-05-24,np.float64(312375.1059089316),np.float64(0.962910273920357),25
2022-05-25,np.float64(318642.8656145475),np.float64(0.9635455714766809),25
2022-05-26,np.float64(331167.496121651),np.float64(0.9649242642920968),25
2022-05-27,np.float64(343853.7233774067),np.float64(0.9662183574605017),25
2022-05-31,np.float64(342585.1348044019),np.float64(0.9660932644504754),25
2022-06-01,np.float64(339875.9113862722),np.float64(0.9656585956312744),25
2022-06-02,np.float64(352931.2961490319),np.float64(0.9668032584755433),25
2022-06-03,np.float64(339815.6994300503),np.float64(0.9655219902029198),25
2022-06-06,np.float64(340952.28659357835),np.float64(0.9656369249456983),25
2022-06-07,np.float64(342780.03205919155),np.float64(0.9658201531058619),25
2022-06-08,np.float64(339691.9641129304),np.float64(0.9654924132813558),25
2022-06-09,np.float64(332226.9990723191),np.float64(0.9647170460498851),25
2022-06-10,np.float64(320170.1347790704),np.float64(0.9633883718812746),25
2022-06-13,np.float64(303457.6650681265),np.float64(0.9613720421047136),25
2022-06-14,np.float64(305326.7762302624),np.float64(0.961469816313989),25
2022-06-15,np.float64(313296.3692269483),np.float64(0.9624499422018911),25
2022-06-16,np.float64(297775.5422898805),np.float64(0.9604927366366537),25
2022-06-17,np.float64(299290.3054424596),np.float64(0.9606926901457176),25
2022-06-21,np.float64(310216.34702487686),np.float64(0.9618159918330359),25
2022-06-22,np.float64(308961.4044547062),np.float64(0.9616608956408982),25
2022-06-23,np.float64(310460.5759500891),np.float64(0.9618460299119334),25
2022-06-24,np.float64(322348.48720433406),np.float64(0.9632531127071335),25
2022-06-27,np.float64(320333.29003826034),np.float64(0.9630219402831692),25
2022-06-28,np.float64(309314.1813835597),np.float64(0.9617046218982275),25
2022-06-29,np.float64(306402.7247797433),np.float64(0.9613407369766747),25
2022-06-30,np.float64(302275.6262542639),np.float64(0.9608129055090939),25
2022-07-01,np.float64(301488.00998662453),np.float64(0.9607105319748895),25
2022-07-05,np.float64(306879.15993235883),np.float64(0.9610877194123364),25
2022-07-06,np.float64(308307.9643982716),np.float64(0.9612680522181756),25
2022-07-07,np.float64(317782.3905234577),np.float64(0.9624228140579962),25
2022-07-08,np.float64(319529.78584349796),np.float64(0.9625695132833315),25
2022-07-11,np.float64(310387.9619941849),np.float64(0.961364646692209),25
2022-07-12,np.float64(307703.3815180263),np.float64(0.9610275697492522),25
2022-07-13,np.float64(308874.92540584796),np.float64(0.9611753898171771),25
2022-07-14,np.float64(311194.87570898066),np.float64(0.9614648263509807),25
2022-07-15,np.float64(317208.5000348866),np.float64(0.9621953744215188),25
2022-07-18,np.float64(315934.7917470708),np.float64(0.9620429630183592),25
2022-07-19,np.float64(325727.9363489),np.float64(0.9631841569729975),25
2022-07-20,np.float64(332182.13938186935),np.float64(0.9638994781704839),25
2022-07-21,np.float64(341320.1300709773),np.float64(0.9648659791274636),25
2022-07-22,np.float64(336102.1041783094),np.float64(0.9643205191962483),25
2022-07-25,np.float64(333325.48363700754),np.float64(0.9640233070592652),25
2022-07-26,np.float64(325224.65400818945),np.float64(0.9631271847741636),25
2022-07-27,np.float64(339780.4236751967),np.float64(0.9647067702005284),25
2022-07-28,np.float64(343960.91434317554),np.float64(0.9650719484360822),25
2022-07-29,np.float64(351920.68863218825),np.float64(0.9658619542975858),25
2022-08-01,np.float64(353302.6520597067),np.float64(0.9659954872059086),25
2022-08-02,np.float64(353607.3564190355),np.float64(0.9660247889811605),25
2022-08-03,np.float64(360063.43989152455),np.float64(0.9666339782906864),25
2022-08-04,np.float64(363440.2421084182),np.float64(0.9668353200474981),25
2022-08-05,np.float64(356603.684262194),np.float64(0.9661183919972509),25
2022-08-08,np.float64(353708.9589284538),np.float64(0.9658411076747657),25
2022-08-09,np.float64(346497.3321472588),np.float64(0.9651301608366414),25
2022-08-10,np.float64(357437.1557704099),np.float64(0.9661973970879835),25
2022-08-11,np.float64(354283.60502647806),np.float64(0.9656832547156493),25
2022-08-12,np.float64(364019.0574203994),np.float64(0.9666010336978752),25
2022-08-15,np.float64(367561.0605854928),np.float64(0.9669228829279447),25
2022-08-16,np.float64(366306.8458368554),np.float64(0.966809628675272),25
2022-08-17,np.float64(362137.39233791444),np.float64(0.9663211939836222),25
2022-08-18,np.float64(365054.8962988843),np.float64(0.9665903536386485),25
2022-08-19,np.float64(356422.9614897421),np.float64(0.9657812309935129),25
2022-08-22,np.float64(346534.38955751347),np.float64(0.9646889309299514),25
2022-08-23,np.float64(347796.3195427067),np.float64(0.9648170521732334),25
2022-08-24,np.float64(348526.0938818189),np.float64(0.964804539927156),25
2022-08-25,np.float64(354272.98199178977),np.float64(0.965375467943965),25
2022-08-26,np.float64(338914.15802964603),np.float64(0.9638063623754283),25
2022-08-29,np.float64(334693.94881922984),np.float64(0.9633499910445437),25
2022-08-30,np.float64(329804.263454385),np.float64(0.9628066171944487),25
2022-08-31,np.float64(326880.0037803859),np.float64(0.9623029594403253),25
2022-09-01,np.float64(325144.7699352317),np.float64(0.9619653680138694),25
2022-09-02,np.float64(320290.6620550871),np.float64(0.9613889409470993),25
2022-09-06,np.float64(318773.5382690306),np.float64(0.9612051811644897),25
2022-09-07,np.float64(324976.8433260863),np.float64(0.9619279255864103),25
2022-09-08,np.float64(328649.94136071496),np.float64(0.9623534314030973),25
2022-09-09,np.float64(336735.45667342737),np.float64(0.9632573810788112),25
2022-09-12,np.float64(340018.8572796794),np.float64(0.9636121870981194),25
2022-09-13,np.float64(321364.11744748213),np.float64(0.9614999251936515),25
2022-09-14,np.float64(324849.4495359373),np.float64(0.9619129951444307),25
2022-09-15,np.float64(319708.5823421648),np.float64(0.9611681071117651),25
2022-09-16,np.float64(318939.3992753725),np.float64(0.9610744566109836),25
2022-09-19,np.float64(321726.0387970602),np.float64(0.9614116113467848),25
2022-09-20,np.float64(318768.2191397002),np.float64(0.9610535533985602),25
2022-09-21,np.float64(313880.77562984644),np.float64(0.9601890362485578),25
2022-09-22,np.float64(307451.9567225085),np.float64(0.9593565891917462),25
2022-09-23,np.float64(300377.33793293254),np.float64(0.9583993377567503),25
2022-09-26,np.float64(298454.73685597087),np.float64(0.9581313524706941),25
2022-09-27,np.float64(300803.8051899337),np.float64(0.9584583174638226),25
2022-09-28,np.float64(305740.58860717947),np.float64(0.9591290896710829),25
2022-09-29,np.float64(294635.35058560583),np.float64(0.9575886051825145),25
2022-09-30,np.float64(290572.8522013869),np.float64(0.9569956515682551),25
2022-10-03,np.float64(291679.6946023023),np.float64(0.9571588409748158),25
2022-10-04,np.float64(300445.84987697966),np.float64(0.9582445701891825),25
2022-10-05,np.float64(298741.53373766545),np.float64(0.9578499833190164),25
2022-10-06,np.float64(296912.2803140045),np.float64(0.9575903003505669),25
2022-10-07,np.float64(281938.02358480316),np.float64(0.9552712050088109),25
2022-10-10,np.float64(278589.277346625),np.float64(0.9547335483359067),25
2022-10-11,np.float64(275263.5775325581),np.float64(0.9540711439558839),25
2022-10-12,np.float64(275650.0474587596),np.float64(0.9541355376382704),25
2022-10-13,np.float64(282403.24216838746),np.float64(0.9552323084904849),25
2022-10-14,np.float64(271714.9080102028),np.float64(0.9534713007863134),25
2022-10-17,np.float64(281614.49973656546),np.float64(0.9551069236899817),25
2022-10-18,np.float64(283196.18651488225),np.float64(0.9553576572401448),25
2022-10-19,np.float64(284514.7093020661),np.float64(0.9555645426639127),25
2022-10-20,np.float64(281593.6475736268),np.float64(0.9551035993332354),25
2022-10-21,np.float64(289474.15744646115),np.float64(0.9563258380706419),25
2022-10-24,np.float64(291519.6368110263),np.float64(0.9566322825968783),25
2022-10-25,np.float64(298842.356420099),np.float64(0.95769494867418),25
2022-10-26,np.float64(295238.4542708941),np.float64(0.9571785414677684),25
2022-10-27,np.float64(291512.66466469044),np.float64(0.9565559965661573),25
2022-10-28,np.float64(299594.45948305895),np.float64(0.9577279325306829),25
2022-10-31,np.float64(296054.92947511846),np.float64(0.9572225423601135),25
2022-11-01,np.float64(294331.9760463221),np.float64(0.9569721327093992),25
2022-11-02,np.float64(284537.4688362105),np.float64(0.9554910034994668),25
2022-11-03,np.float64(281801.7192470682),np.float64(0.9550589072396753),25
2022-11-04,np.float64(284479.67205895745),np.float64(0.9552414455384368),25
2022-11-07,np.float64(285381.7619245479),np.float64(0.955382927033631),25
2022-11-08,np.float64(286061.8332404931),np.float64(0.955488997777785),25
2022-11-09,np.float64(276328.440878845),np.float64(0.9539211423385797),25
2022-11-10,np.float64(297920.2126301594),np.float64(0.9572607082189981),25
2022-11-11,np.float64(304901.3177221905),np.float64(0.9582392788913427),25
2022-11-14,np.float64(302597.23433099926),np.float64(0.9577782362532331),25
2022-11-15,np.float64(308566.8077824406),np.float64(0.958595063966321),25
2022-11-16,np.float64(301082.96426676103),np.float64(0.9574256583257182),25
2022-11-17,np.float64(300060.8282059567),np.float64(0.9572806318317554),25
2022-11-18,np.float64(298901.1947594043),np.float64(0.9571148954311921),25
2022-11-21,np.float64(293795.37882715766),np.float64(0.9562329611128759),25
2022-11-22,np.float64(299591.41003545333),np.float64(0.9570796980845883),25
2022-11-23,np.float64(305414.31781837135),np.float64(0.9577996528820246),25
2022-11-25,np.float64(303226.0653546494),np.float64(0.9574951110760858),25
2022-11-28,np.float64(298874.4493034211),np.float64(0.9568762393146218),25
2022-11-29,np.float64(297015.87468235637),np.float64(0.9566063927036943),25
2022-11-30,np.float64(312074.0792952228),np.float64(0.9583669667361364),25
2022-12-01,np.float64(310587.79674411024),np.float64(0.9580249334751733),25
2022-12-02,np.float64(308197.33887162193),np.float64(0.9576993640572482),25
2022-12-05,np.float64(300757.5331548254),np.float64(0.9566529779208484),25
2022-12-06,np.float64(294728.51332323276),np.float64(0.9557662633888578),25
2022-12-07,np.float64(292662.35315402795),np.float64(0.955453978656175),25
2022-12-08,np.float64(296369.949300044),np.float64(0.9558975714251569),25
2022-12-09,np.float64(296018.93558332126),np.float64(0.9558452755902974),25
2022-12-12,np.float64(297696.8690241315),np.float64(0.956094148508913),25
2022-12-13,np.float64(299381.4422966665),np.float64(0.9563411999739685),25
2022-12-14,np.float64(295626.67848172894),np.float64(0.9557866881708279),25
2022-12-15,np.float64(287098.16303550504),np.float64(0.9544732910077218),25
2022-12-16,np.float64(283408.2054526849),np.float64(0.9538805360280325),25
2022-12-19,np.float64(280785.1930588328),np.float64(0.9531260177720131),25
2022-12-20,np.float64(278170.123022333),np.float64(0.9526853566935192),25
2022-12-21,np.float64(282552.83800903836),np.float64(0.9534192604750954),25
2022-12-22,np.float64(272594.6380547175),np.float64(0.9517176117503835),25
2022-12-23,np.float64(272956.33401070663),np.float64(0.9517815910115304),25
2022-12-27,np.float64(266210.77902823925),np.float64(0.9505597774914839),25
2022-12-28,np.float64(263911.76288750244),np.float64(0.9501290885812773),25
2022-12-29,np.float64(271683.6618614209),np.float64(0.9515557171927587),25
2022-12-30,np.float64(271747.99054343527),np.float64(0.9515442012853738),25
