session,ticker,side,shares,price,notional,cost,lambda,slot
2017-02-01,GOOGL,buy,np.float64(24.26707738695144),np.float64(823.75),np.float64(19990.004997501248),np.float64(9.995002498750624),np.float64(0.9995002498750625),
2017-02-01,INTC,buy,np.float64(541.2944759680814),np.float64(36.93),np.float64(19990.004997501248),np.float64(9.995002498750624),np.float64(0.9995002498750625),
2017-02-01,QCOM,buy,np.float64(372.66974268272276),np.float64(53.64),np.float64(19990.004997501248),np.float64(9.995002498750624),np.float64(0.9995002498750625),
2017-02-01,WMT,buy,np.float64(300.96364043211753),np.float64(66.42),np.float64(19990.004997501248),np.float64(9.995002498750624),np.float64(0.9995002498750625),
2017-02-01,XOM,buy,np.float64(237.97624997025295),np.float64(84.0),np.float64(19990.004997501248),np.float64(9.995002498750624),np.float64(0.9995002498750625),
2017-02-06,QCOM,sell,np.float64(372.66974268272276),np.float64(53.33),np.float64(19874.477377269603),np.float64(9.937238688634801),,
2017-02-06,WMT,sell,np.float64(300.96364043211753),np.float64(66.37),np.float64(19974.956815479643),np.float64(9.987478407739822),,
2017-02-06,AMZN,buy,np.float64(24.54565519399058),np.float64(809.97),np.float64(19881.24433747655),np.float64(9.940622168738274),np.float64(0.9990022585101893),
2017-02-06,GOOGL,buy,np.float64(0.005216181522527999),np.float64(819.91),np.float64(4.276799392135931),np.float64(0.002138399696067966),np.float64(0.9990022585101893),
2017-02-06,INTC,buy,np.float64(4.534798881736027),np.float64(36.46),np.float64(165.33876722809555),np.float64(0.08266938361404777),np.float64(0.9990022585101893),
2017-02-06,MSFT,buy,np.float64(313.041164186373),np.float64(63.51),np.float64(19881.24433747655),np.float64(9.940622168738274),np.float64(0.9990022585101893),
2017-02-06,XOM,buy,np.float64(0.21743461854295087),np.float64(83.55),np.float64(18.166662379263546),np.float64(0.009083331189631772),np.float64(0.9990022585101893),
2017-02-13,AMZN,sell,np.float64(24.54565519399058),np.float64(831.62),np.float64(20412.657772426446),np.float64(10.206328886213223),,
2017-02-13,GOOGL,sell,np.float64(24.272293568473966),np.float64(837.7),np.float64(20332.90032231064),np.float64(10.166450161155321),,
2017-02-13,MSFT,sell,np.float64(313.041164186373),np.float64(64.225),np.float64(20105.068769869806),np.float64(10.052534384934903),,
2017-02-13,INTC,buy,np.float64(17.12161692227705),np.float64(35.59),np.float64(609.3583462638402),np.float64(0.3046791731319201),np.float64(0.9990019626217864),
2017-02-13,JPM,buy,np.float64(228.91164570326123),np.float64(87.44),np.float64(20016.034300293162),np.float64(10.008017150146582),np.float64(0.9990019626217864),
2017-02-13,KO,buy,np.float64(490.9500686851401),np.float64(40.77),np.float64(20016.034300293162),np.float64(10.008017150146582),np.float64(0.9990019626217864),
2017-02-13,MU,buy,np.float64(830.5408423358158),np.float64(24.1),np.float64(20016.034300293162),np.float64(10.008017150146582),np.float64(0.9990019626217864),
2017-02-13,XOM,buy,np.float64(3.75439422963683),np.float64(82.81),np.float64(310.9013861562259),np.float64(0.15545069307811296),np.float64(0.9990019626217864),
2017-02-21,INTC,sell,np.float64(562.9508917720946),np.float64(36.55),np.float64(20575.855094270053),np.float64(10.287927547135027),,
2017-02-21,JPM,sell,np.float64(228.91164570326123),np.float64(90.51),np.float64(20718.793052602174),np.float64(10.359396526301087),,
2017-02-21,KO,sell,np.float64(490.9500686851401),np.float64(41.2),np.float64(20227.14282982777),np.float64(10.113571414913887),,
2017-02-21,META,buy,np.float64(151.2585231344224),np.float64(133.5),np.float64(20193.012838445393),np.float64(10.096506419222697),np.float64(0.9990004997501251),
2017-02-21,MU,buy,np.float64(22.674797941114),np.float64(23.69),np.float64(537.1659632249907),np.float64(0.2685829816124954),np.float64(0.9990004997501251),
2017-02-21,NFLX,buy,np.float64(141.2098799891286),np.float64(143.0),np.float64(20193.012838445393),np.float64(10.096506419222697),np.float64(0.9990004997501251),
2017-02-21,NVDA,buy,np.float64(186.47163023774488),np.float64(108.29),np.float64(20193.012838445393),np.float64(10.096506419222697),np.float64(0.9990004997501251),
2017-02-21,XOM,buy,np.float64(4.190154075558439),np.float64(82.12),np.float64(344.0954526848591),np.float64(0.17204772634242954),np.float64(0.9990004997501251),
2017-02-27,META,sell,np.float64(151.2585231344224),np.float64(135.24),np.float64(20456.202668699287),np.float64(10.228101334349644),,
2017-02-27,MU,sell,np.float64(853.2156402769298),np.float64(23.45),np.float64(20007.906764494004),np.float64(10.003953382247003),,
2017-02-27,NFLX,sell,np.float64(141.2098799891286),np.float64(143.14),np.float64(20212.78222164387),np.float64(10.106391110821935),,
2017-02-27,XOM,sell,np.float64(0.2869001488722445),np.float64(81.13),np.float64(23.276209078005195),np.float64(0.011638104539002598),,
2017-02-27,JPM,buy,np.float64(220.61544464306337),np.float64(90.32),np.float64(19925.98696016148),np.float64(9.96299348008074),np.float64(0.9990007145910832),
2017-02-27,MSFT,buy,np.float64(309.07378563923504),np.float64(64.47),np.float64(19925.98696016148),np.float64(9.96299348008074),np.float64(0.9990007145910832),
2017-02-27,NVDA,buy,np.float64(8.68522634271729),np.float64(102.2),np.float64(887.630132225707),np.float64(0.44381506611285354),np.float64(0.9990007145910832),
2017-02-27,TSLA,buy,np.float64(80.23348886716924),np.float64(248.35),np.float64(19925.98696016148),np.float64(9.96299348008074),np.float64(0.9990007145910832),
2017-03-06,JPM,sell,np.float64(220.61544464306337),np.float64(92.25),np.float64(20351.774768322597),np.float64(10.1758873841613),,
2017-03-06,MSFT,sell,np.float64(309.07378563923504),np.float64(63.97),np.float64(19771.450067341866),np.float64(9.885725033670933),,
2017-03-06,NVDA,sell,np.float64(195.15685658046218),np.float64(96.99),np.float64(18928.263519739026),np.float64(9.464131759869513),,
2017-03-06,TSLA,sell,np.float64(80.23348886716924),np.float64(247.67),np.float64(19871.428187731806),np.float64(9.935714093865903),,
2017-03-06,XOM,sell,np.float64(245.85133274511892),np.float64(82.44),np.float64(20267.983871507604),np.float64(10.133991935753802),,
2017-03-06,AMD,buy,np.float64(1523.3168191374812),np.float64(13.01),np.float64(19818.35181697863),np.float64(9.909175908489315),np.float64(0.999000499750125),
2017-03-06,COST,buy,np.float64(117.0605541463593),np.float64(169.3),np.float64(19818.35181697863),np.float64(9.909175908489315),np.float64(0.999000499750125),
2017-03-06,INTC,buy,np.float64(553.7399222402523),np.float64(35.79),np.float64(19818.35181697863),np.float64(9.909175908489315),np.float64(0.999000499750125),
2017-03-06,NFLX,buy,np.float64(140.56565584068818),np.float64(140.99),np.float64(19818.35181697863),np.float64(9.909175908489315),np.float64(0.999000499750125),
2017-03-06,WMT,buy,np.float64(283.1193116711233),np.float64(70.0),np.float64(19818.35181697863),np.float64(9.909175908489315),np.float64(0.999000499750125),
2017-03-13,AMD,sell,np.float64(1523.3168191374812),np.float64(14.48),np.float64(22057.627541110727),np.float64(11.028813770555363),,
2017-03-13,INTC,sell,np.float64(553.7399222402523),np.float64(35.85),np.float64(19851.576212313048),np.float64(9.925788106156524),,
2017-03-13,NFLX,sell,np.float64(140.56565584068818),np.float64(141.0),np.float64(19819.757473537033),np.float64(9.909878736768517),,
2017-03-13,WMT,sell,np.float64(283.1193116711233),np.float64(69.97),np.float64(19809.858237628498),np.float64(9.904929118814248),,
2017-03-13,COST,buy,np.float64(5.44615546703472),np.float64(164.85),np.float64(897.7987287406736),np.float64(0.4488993643703368),np.float64(0.9990013831549824),
2017-03-13,JPM,buy,np.float64(220.9611251643487),np.float64(91.31),np.float64(20175.96033875668),np.float64(10.087980169378339),np.float64(0.9990013831549824),
2017-03-13,PEP,buy,np.float64(184.5587297727468),np.float64(109.32),np.float64(20175.96033875668),np.float64(10.087980169378339),np.float64(0.9990013831549824),
2017-03-13,TSLA,buy,np.float64(82.4686709125554),np.float64(244.65),np.float64(20175.96033875668),np.float64(10.087980169378339),np.float64(0.9990013831549824),
2017-03-13,XOM,buy,np.float64(247.55779556756661),np.float64(81.5),np.float64(20175.96033875668),np.float64(10.087980169378339),np.float64(0.9990013831549824),
2017-03-20,COST,sell,np.float64(122.50670961339401),np.float64(167.76),np.float64(20551.725604742976),np.float64(10.275862802371488),,
2017-03-20,JPM,sell,np.float64(220.9611251643487),np.float64(90.27),np.float64(19946.160768585756),np.float64(9.973080384292878),,
2017-03-20,PEP,sell,np.float64(184.5587297727468),np.float64(111.07),np.float64(20498.938115858986),np.float64(10.249469057929494),,
2017-03-20,TSLA,sell,np.float64(82.4686709125554),np.float64(260.6),np.float64(21491.33563981194),np.float64(10.74566781990597),,
2017-03-20,XOM,sell,np.float64(247.55779556756661),np.float64(81.72),np.float64(20230.423053781542),np.float64(10.115211526890771),,
2017-03-20,AVGO,buy,np.float64(92.85247788374717),np.float64(221.03),np.float64(20523.183186644637),np.float64(10.261591593322319),np.float64(0.9990004997501248),
2017-03-20,CRM,buy,np.float64(247.1481597620982),np.float64(83.04),np.float64(20523.183186644637),np.float64(10.261591593322319),np.float64(0.9990004997501248),
2017-03-20,CSCO,buy,np.float64(599.0421245372048),np.float64(34.26),np.float64(20523.183186644637),np.float64(10.261591593322319),np.float64(0.9990004997501248),
2017-03-20,INTC,buy,np.float64(581.5580387261161),np.float64(35.29),np.float64(20523.183186644637),np.float64(10.261591593322319),np.float64(0.9990004997501248),
2017-03-20,MSFT,buy,np.float64(316.2277840777294),np.float64(64.9),np.float64(20523.183186644637),np.float64(10.261591593322319),np.float64(0.9990004997501248),
2017-03-27,AVGO,sell,np.float64(92.85247788374717),np.float64(216.83),np.float64(20133.2027795329),np.float64(10.06660138976645),,
2017-03-27,CRM,sell,np.float64(247.1481597620982),np.float64(81.0),np.float64(20019.000940729955),np.float64(10.009500470364978),,
2017-03-27,CSCO,sell,np.float64(599.0421245372048),np.float64(33.82),np.float64(20259.604651848265),np.float64(10.129802325924134),,
2017-03-27,INTC,sell,np.float64(581.5580387261161),np.float64(35.0),np.float64(20354.531355414067),np.float64(10.177265677707034),,
2017-03-27,MSFT,sell,np.float64(316.2277840777294),np.float64(64.57),np.float64(20418.828017898984),np.float64(10.209414008949492),,
2017-03-27,GOOGL,buy,np.float64(24.360239819975412),np.float64(829.91),np.float64(20216.806628995793),np.float64(10.108403314497897),np.float64(0.9990004997501248),
2017-03-27,JNJ,buy,np.float64(161.52769757906515),np.float64(125.16),np.float64(20216.806628995793),np.float64(10.108403314497897),np.float64(0.9990004997501248),
2017-03-27,JPM,buy,np.float64(236.3709415292388),np.float64(85.53),np.float64(20216.806628995793),np.float64(10.108403314497897),np.float64(0.9990004997501248),
2017-03-27,NFLX,buy,np.float64(143.5546874174238),np.float64(140.83),np.float64(20216.806628995793),np.float64(10.108403314497897),np.float64(0.9990004997501248),
2017-03-27,ORCL,buy,np.float64(455.3334826350404),np.float64(44.4),np.float64(20216.806628995793),np.float64(10.108403314497897),np.float64(0.9990004997501248),
2017-04-03,GOOGL,sell,np.float64(24.360239819975412),np.float64(848.75),np.float64(20675.75354720413),np.float64(10.337876773602066),,
2017-04-03,JPM,sell,np.float64(236.3709415292388),np.float64(87.99),np.float64(20798.27914515772),np.float64(10.39913957257886),,
2017-04-03,NFLX,sell,np.float64(143.5546874174238),np.float64(147.01),np.float64(21103.974597235472),np.float64(10.551987298617735),,
2017-04-03,AMAT,buy,np.float64(528.1694735307973),np.float64(38.99),np.float64(20593.327772965786),np.float64(10.296663886482893),np.float64(0.9990004997501248),
2017-04-03,CSCO,buy,np.float64(610.3535202420209),np.float64(33.74),np.float64(20593.327772965786),np.float64(10.296663886482893),np.float64(0.9990004997501248),
2017-04-03,JNJ,buy,np.float64(3.7369945883707816),np.float64(124.73),np.float64(466.1153350074876),np.float64(0.2330576675037438),np.float64(0.9990004997501248),
2017-04-03,ORCL,buy,np.float64(6.028690728958048),np.float64(44.68),np.float64(269.3619017698456),np.float64(0.1346809508849228),np.float64(0.9990004997501248),
2017-04-03,PEP,buy,np.float64(183.9511190081803),np.float64(111.95),np.float64(20593.327772965786),np.float64(10.296663886482893),np.float64(0.9990004997501248),
2017-04-10,AMAT,sell,np.float64(528.1694735307973),np.float64(38.82),np.float64(20503.53896246555),np.float64(10.251769481232776),,
2017-04-10,JNJ,sell,np.float64(165.26469216743592),np.float64(124.87),np.float64(20636.602110947726),np.float64(10.318301055473864),,
2017-04-10,ORCL,sell,np.float64(461.36217336399847),np.float64(44.21),np.float64(20396.82168442237),np.float64(10.198410842211185),,
2017-04-10,PEP,sell,np.float64(183.9511190081803),np.float64(111.7),np.float64(20547.33999321374),np.float64(10.27366999660687),,
2017-04-10,AMD,buy,np.float64(1514.2598473258126),np.float64(13.52),np.float64(20472.793135844986),np.float64(10.236396567922494),np.float64(0.9990021058970401),
2017-04-10,CSCO,buy,np.float64(11.396116378448296),np.float64(32.96),np.float64(375.61599583365586),np.float64(0.18780799791682792),np.float64(0.9990021058970401),
2017-04-10,JPM,buy,np.float64(237.83449274912857),np.float64(86.08),np.float64(20472.793135844986),np.float64(10.236396567922494),np.float64(0.9990021058970401),
2017-04-10,NFLX,buy,np.float64(143.12635022262995),np.float64(143.04),np.float64(20472.793135844986),np.float64(10.236396567922494),np.float64(0.9990021058970401),
2017-04-10,NVDA,buy,np.float64(203.99355456202656),np.float64(100.36),np.float64(20472.793135844986),np.float64(10.236396567922494),np.float64(0.9990021058970401),
2017-04-17,CSCO,sell,np.float64(621.7496366204691),np.float64(32.48),np.float64(20194.428197432833),np.float64(10.097214098716417),,
2017-04-17,JPM,sell,np.float64(237.83449274912857),np.float64(84.44),np.float64(20082.744567736416),np.float64(10.041372283868208),,
2017-04-17,NFLX,sell,np.float64(143.12635022262995),np.float64(144.43),np.float64(20671.738762654444),np.float64(10.335869381327223),,
2017-04-17,AMAT,buy,np.float64(528.2069623212948),np.float64(37.64),np.float64(19881.710061773538),np.float64(9.94085503088677),np.float64(0.9990004997501248),
2017-04-17,AMD,buy,np.float64(73.98231193704771),np.float64(12.53),np.float64(926.9983685712077),np.float64(0.4634991842856039),np.float64(0.9990004997501248),
2017-04-17,MU,buy,np.float64(738.8223731614098),np.float64(26.91),np.float64(19881.710061773538),np.float64(9.94085503088677),np.float64(0.9990004997501248),
2017-04-17,NVDA,buy,np.float64(3.2899127344046746),np.float64(96.01),np.float64(315.8645216301928),np.float64(0.15793226081509643),np.float64(0.9990004997501248),
2017-04-17,QCOM,buy,np.float64(375.19739690080274),np.float64(52.99),np.float64(19881.710061773538),np.float64(9.94085503088677),np.float64(0.9990004997501248),
2017-04-24,AMAT,sell,np.float64(528.2069623212948),np.float64(40.37),np.float64(21323.715068910667),np.float64(10.661857534455335),,
2017-04-24,AMD,sell,np.float64(1588.2421592628602),np.float64(13.23),np.float64(21012.44376704764),np.float64(10.50622188352382),,
2017-04-24,MU,sell,np.float64(738.8223731614098),np.float64(27.74),np.float64(20494.932631497508),np.float64(10.247466315748754),,
2017-04-24,NVDA,sell,np.float64(207.28346729643124),np.float64(102.96),np.float64(21341.90579284056),np.float64(10.67095289642028),,
2017-04-24,JNJ,buy,np.float64(169.69996908886876),np.float64(122.52),np.float64(20791.640212768198),np.float64(10.395820106384098),np.float64(0.999000499750125),
2017-04-24,KO,buy,np.float64(480.842743125999),np.float64(43.24),np.float64(20791.640212768198),np.float64(10.395820106384098),np.float64(0.999000499750125),
2017-04-24,PEP,buy,np.float64(181.80867622217733),np.float64(114.36),np.float64(20791.640212768198),np.float64(10.395820106384098),np.float64(0.999000499750125),
2017-04-24,QCOM,buy,np.float64(17.398707365198504),np.float64(53.01),np.float64(922.3054774291727),np.float64(0.46115273871458634),np.float64(0.999000499750125),
2017-04-24,XOM,buy,np.float64(255.80266009803393),np.float64(81.28),np.float64(20791.640212768198),np.float64(10.395820106384098),np.float64(0.999000499750125),
2017-05-01,JNJ,sell,np.float64(169.69996908886876),np.float64(123.4),np.float64(20940.976185566404),np.float64(10.470488092783203),,
2017-05-01,QCOM,sell,np.float64(392.59610426600125),np.float64(53.65),np.float64(21062.780993870965),np.float64(10.531390496935483),,
2017-05-01,XOM,sell,np.float64(255.80266009803393),np.float64(81.51),np.float64(20850.474824590747),np.float64(10.425237412295374),,
2017-05-01,AAPL,buy,np.float64(143.39761762649368),np.float64(145.1),np.float64(20806.994317604232),np.float64(10.403497158802116),np.float64(0.9990004997501251),
2017-05-01,INTC,buy,np.float64(576.2114183772981),np.float64(36.11),np.float64(20806.994317604232),np.float64(10.403497158802116),np.float64(0.9990004997501251),
2017-05-01,KO,buy,np.float64(1.7276257108141349),np.float64(43.16),np.float64(74.56432567873806),np.float64(0.037282162839369026),np.float64(0.9990004997501251),
2017-05-01,PEP,buy,np.float64(2.6198698746388045),np.float64(112.93),np.float64(295.8619049429602),np.float64(0.1479309524714801),np.float64(0.9990004997501251),
2017-05-01,WMT,buy,np.float64(277.0940780077804),np.float64(75.09),np.float64(20806.994317604232),np.float64(10.403497158802116),np.float64(0.9990004997501251),
2017-05-08,AAPL,sell,np.float64(143.39761762649368),np.float64(149.03),np.float64(21370.546954876354),np.float64(10.685273477438177),,
2017-05-08,INTC,sell,np.float64(576.2114183772981),np.float64(36.73),np.float64(21164.245396998154),np.float64(10.582122698499077),,
2017-05-08,KO,sell,np.float64(482.57036883681315),np.float64(43.59),np.float64(21035.242377596685),np.float64(10.517621188798342),,
2017-05-08,WMT,sell,np.float64(277.0940780077804),np.float64(76.5),np.float64(21197.696967595202),np.float64(10.598848483797601),,
2017-05-08,AMD,buy,np.float64(2068.2426043361997),np.float64(10.22),np.float64(21137.439416315963),np.float64(10.568719708157982),np.float64(0.9990014237395581),
2017-05-08,JNJ,buy,np.float64(171.1394981484573),np.float64(123.51),np.float64(21137.439416315963),np.float64(10.568719708157982),np.float64(0.9990014237395581),
2017-05-08,META,buy,np.float64(140.25240140877156),np.float64(150.71),np.float64(21137.439416315963),np.float64(10.568719708157982),np.float64(0.9990014237395581),
2017-05-08,PEP,buy,np.float64(2.564629294978793),np.float64(113.15),np.float64(290.18780472685046),np.float64(0.14509390236342523),np.float64(0.9990014237395581),
2017-05-08,TSLA,buy,np.float64(67.98790420172391),np.float64(310.9),np.float64(21137.439416315963),np.float64(10.568719708157982),np.float64(0.9990014237395581),
2017-05-15,AMD,sell,np.float64(2068.2426043361997),np.float64(11.41),np.float64(23598.64811547604),np.float64(11.799324057738021),,
2017-05-15,JNJ,sell,np.float64(171.1394981484573),np.float64(124.41),np.float64(21291.464964649575),np.float64(10.645732482324787),,
2017-05-15,META,sell,np.float64(140.25240140877156),np.float64(150.17),np.float64(21061.703119555223),np.float64(10.530851559777611),,
2017-05-15,TSLA,sell,np.float64(67.98790420172391),np.float64(318.38),np.float64(21645.988939744857),np.float64(10.822994469872429),,
2017-05-15,CSCO,buy,np.float64(638.8385158634026),np.float64(34.0),np.float64(21720.509539355688),np.float64(10.860254769677844),np.float64(0.9990004997501251),
2017-05-15,INTC,buy,np.float64(611.2427054834864),np.float64(35.535),np.float64(21720.509539355688),np.float64(10.860254769677844),np.float64(0.9990004997501251),
2017-05-15,KO,buy,np.float64(499.43687144988934),np.float64(43.49),np.float64(21720.509539355688),np.float64(10.860254769677844),np.float64(0.9990004997501251),
2017-05-15,MSFT,buy,np.float64(318.7629812056896),np.float64(68.14),np.float64(21720.509539355688),np.float64(10.860254769677844),np.float64(0.9990004997501251),
2017-05-15,PEP,buy,np.float64(5.563838046918809),np.float64(112.91),np.float64(628.2129538776027),np.float64(0.31410647693880134),np.float64(0.9990004997501251),
2017-05-22,INTC,sell,np.float64(611.2427054834864),np.float64(35.48),np.float64(21686.891190554095),np.float64(10.843445595277048),,
2017-05-22,KO,sell,np.float64(499.43687144988934),np.float64(43.89),np.float64(21920.284287935643),np.float64(10.960142143967822),,
2017-05-22,MSFT,sell,np.float64(318.7629812056896),np.float64(67.89),np.float64(21640.818794054267),np.float64(10.820409397027133),,
2017-05-22,PEP,sell,np.float64(192.55701343871374),np.float64(113.69),np.float64(21891.806857847365),np.float64(10.945903428923682),,
2017-05-22,AAPL,buy,np.float64(139.08467065119777),np.float64(154.0),np.float64(21419.039280284458),np.float64(10.70951964014223),np.float64(0.9990012117004476),
2017-05-22,CRM,buy,np.float64(244.67716792648454),np.float64(87.54),np.float64(21419.039280284458),np.float64(10.70951964014223),np.float64(0.9990012117004476),
2017-05-22,CSCO,buy,np.float64(48.08725380334456),np.float64(31.21),np.float64(1500.8031912023837),np.float64(0.7504015956011919),np.float64(0.9990012117004476),
2017-05-22,JPM,buy,np.float64(251.45620192867406),np.float64(85.18),np.float64(21419.039280284458),np.float64(10.70951964014223),np.float64(0.9990012117004476),
2017-05-22,TSLA,buy,np.float64(68.47518951497588),np.float64(312.8),np.float64(21419.039280284458),np.float64(10.70951964014223),np.float64(0.9990012117004476),
2017-05-30,CRM,sell,np.float64(244.67716792648454),np.float64(90.5),np.float64(22143.28369734685),np.float64(11.071641848673426),,
2017-05-30,CSCO,sell,np.float64(686.9257696667471),np.float64(31.4),np.float64(21569.46916753586),np.float64(10.78473458376793),,
2017-05-30,TSLA,sell,np.float64(68.47518951497588),np.float64(326.0),np.float64(22322.911781882136),np.float64(11.161455890941069),,
2017-05-30,AAPL,buy,np.float64(2.720066256156205),np.float64(153.42),np.float64(417.3125650194849),np.float64(0.20865628250974247),np.float64(0.9990004997501246),
2017-05-30,JNJ,buy,np.float64(171.5418707972225),np.float64(126.7),np.float64(21734.35503000809),np.float64(10.867177515004045),np.float64(0.9990004997501246),
2017-05-30,JPM,buy,np.float64(4.102952289509827),np.float64(85.13),np.float64(349.28432840597156),np.float64(0.17464216420298578),np.float64(0.9990004997501246),
2017-05-30,WMT,buy,np.float64(278.64557730779603),np.float64(78.0),np.float64(21734.35503000809),np.float64(10.867177515004045),np.float64(0.9990004997501246),
2017-05-30,XOM,buy,np.float64(267.40102153061133),np.float64(81.28),np.float64(21734.35503000809),np.float64(10.867177515004045),np.float64(0.9990004997501246),
2017-06-05,AAPL,sell,np.float64(141.80473690735397),np.float64(154.34),np.float64(21886.14309428101),np.float64(10.943071547140505),,
2017-06-05,JNJ,sell,np.float64(171.5418707972225),np.float64(130.0),np.float64(22300.443203638923),np.float64(11.150221601819462),,
2017-06-05,WMT,sell,np.float64(278.64557730779603),np.float64(79.6),np.float64(22180.187953700563),np.float64(11.090093976850282),,
2017-06-05,CRM,buy,np.float64(238.73433698671153),np.float64(90.99),np.float64(21722.43732242088),np.float64(10.86121866121044),np.float64(0.9990004997501251),
2017-06-05,INTC,buy,np.float64(598.4142513063604),np.float64(36.3),np.float64(21722.43732242088),np.float64(10.86121866121044),np.float64(0.9990004997501251),
2017-06-05,JPM,buy,np.float64(7.6479455706464305),np.float64(82.61),np.float64(631.7967835911016),np.float64(0.31589839179555085),np.float64(0.9990004997501251),
2017-06-05,PEP,buy,np.float64(185.04504065440736),np.float64(117.39),np.float64(21722.43732242088),np.float64(10.86121866121044),np.float64(0.9990004997501251),
2017-06-05,XOM,buy,np.float64(6.310824437548593),np.float64(79.44),np.float64(501.33189331886024),np.float64(0.25066594665943015),np.float64(0.9990004997501251),
2017-06-12,INTC,sell,np.float64(598.4142513063604),np.float64(35.59),np.float64(21297.563203993366),np.float64(10.648781601996683),,
2017-06-12,JPM,sell,np.float64(263.2070997888303),np.float64(87.32),np.float64(22983.24395356066),np.float64(11.49162197678033),,
2017-06-12,PEP,sell,np.float64(185.04504065440736),np.float64(116.23),np.float64(21507.785075261767),np.float64(10.753892537630884),,
2017-06-12,XOM,sell,np.float64(273.71184596815993),np.float64(82.67),np.float64(22627.75830618778),np.float64(11.313879153093891),,
2017-06-12,AAPL,buy,np.float64(149.3992451619381),np.float64(145.74),np.float64(21773.445989900858),np.float64(10.886722994950429),np.float64(0.9990004997501248),
2017-06-12,ADBE,buy,np.float64(162.82864186285417),np.float64(133.72),np.float64(21773.445989900858),np.float64(10.886722994950429),np.float64(0.9990004997501248),
2017-06-12,AMAT,buy,np.float64(493.281513137763),np.float64(44.14),np.float64(21773.445989900858),np.float64(10.886722994950429),np.float64(0.9990004997501248),
2017-06-12,CRM,buy,np.float64(14.33110096311411),np.float64(86.12),np.float64(1234.1944149433873),np.float64(0.6170972074716936),np.float64(0.9990004997501248),
2017-06-12,NFLX,buy,np.float64(140.20248544688252),np.float64(155.3),np.float64(21773.445989900858),np.float64(10.886722994950429),np.float64(0.9990004997501248),
2017-06-19,ADBE,sell,np.float64(162.82864186285417),np.float64(138.79),np.float64(22598.987204145527),np.float64(11.299493602072763),,
2017-06-19,CRM,sell,np.float64(253.06543794982565),np.float64(86.62),np.float64(21920.5282352139),np.float64(10.96026411760695),,
2017-06-19,AAPL,buy,np.float64(2.582654537719956),np.float64(143.66),np.float64(371.02415088884885),np.float64(0.18551207544442444),np.float64(0.9990004997501246),
2017-06-19,AMAT,buy,np.float64(6.348083443178934),np.float64(43.7),np.float64(277.41124646691947),np.float64(0.13870562323345972),np.float64(0.9990004997501246),
2017-06-19,COST,buy,np.float64(130.57328788552942),np.float64(167.05),np.float64(21812.267741277694),np.float64(10.906133870638847),np.float64(0.9990004997501246),
2017-06-19,NFLX,buy,np.float64(1.3095294098277037),np.float64(154.29),np.float64(202.0472926423164),np.float64(0.10102364632115819),np.float64(0.9990004997501246),
2017-06-19,WMT,buy,np.float64(289.36412498378473),np.float64(75.38),np.float64(21812.267741277694),np.float64(10.906133870638847),np.float64(0.9990004997501246),
2017-06-26,AAPL,sell,np.float64(151.98189969965804),np.float64(147.17),np.float64(22367.176178798672),np.float64(11.183588089399336),,
2017-06-26,AMAT,sell,np.float64(499.62959658094195),np.float64(44.47),np.float64(22218.528159954487),np.float64(11.109264079977244),,
2017-06-26,NFLX,sell,np.float64(141.5120148567102),np.float64(158.78),np.float64(22469.277718948448),np.float64(11.234638859474224),,
2017-06-26,WMT,sell,np.float64(289.36412498378473),np.float64(74.95),np.float64(21687.841167534665),np.float64(10.843920583767332),,
2017-06-26,COST,buy,np.float64(7.759749879339114),np.float64(158.15),np.float64(1227.204443417481),np.float64(0.6136022217087405),np.float64(0.9990004997501251),
2017-06-26,INTC,buy,np.float64(637.9664354044846),np.float64(34.26),np.float64(21856.730076957643),np.float64(10.928365038478821),np.float64(0.9990004997501251),
2017-06-26,KO,buy,np.float64(482.27559746155436),np.float64(45.32),np.float64(21856.730076957643),np.float64(10.928365038478821),np.float64(0.9990004997501251),
2017-06-26,PEP,buy,np.float64(186.14145866937184),np.float64(117.42),np.float64(21856.730076957643),np.float64(10.928365038478821),np.float64(0.9990004997501251),
2017-06-26,XOM,buy,np.float64(267.9505955247964),np.float64(81.57),np.float64(21856.730076957643),np.float64(10.928365038478821),np.float64(0.9990004997501251),
2017-07-03,COST,sell,np.float64(138.33303776486855),np.float64(160.21),np.float64(22162.335980309592),np.float64(11.081167990154796),,
2017-07-03,INTC,sell,np.float64(637.9664354044846),np.float64(33.51),np.float64(21378.25525040428),np.float64(10.68912762520214),,
2017-07-03,KO,sell,np.float64(482.27559746155436),np.float64(45.11),np.float64(21755.452201490716),np.float64(10.877726100745358),,
2017-07-03,PEP,sell,np.float64(186.14145866937184),np.float64(115.55),np.float64(21508.645549245917),np.float64(10.75432277462296),,
2017-07-03,XOM,sell,np.float64(267.9505955247964),np.float64(80.79),np.float64(21647.728612448303),np.float64(10.823864306224152),,
2017-07-03,AMAT,buy,np.float64(524.2875362952535),np.float64(41.33),np.float64(21668.803875082827),np.float64(10.834401937541413),np.float64(0.9990004997501246),
2017-07-03,AMD,buy,np.float64(1723.8507458299782),np.float64(12.57),np.float64(21668.803875082827),np.float64(10.834401937541413),np.float64(0.9990004997501246),
2017-07-03,GOOGL,buy,np.float64(23.219395078419694),np.float64(933.22),np.float64(21668.803875082827),np.float64(10.834401937541413),np.float64(0.9990004997501246),
2017-07-03,MU,buy,np.float64(720.1330633128224),np.float64(30.09),np.float64(21668.803875082827),np.float64(10.834401937541413),np.float64(0.9990004997501246),
2017-07-03,NFLX,buy,np.float64(144.6322512019946),np.float64(149.82),np.float64(21668.803875082827),np.float64(10.834401937541413),np.float64(0.9990004997501246),
2017-07-10,AMAT,sell,np.float64(524.2875362952535),np.float64(43.6),np.float64(22858.936582473056),np.float64(11.429468291236528),,
2017-07-10,AMD,sell,np.float64(1723.8507458299782),np.float64(13.61),np.float64(23461.608650746002),np.float64(11.730804325373),,
2017-07-10,GOOGL,sell,np.float64(23.219395078419694),np.float64(941.95),np.float64(21871.509194117432),np.float64(10.935754597058716),,
2017-07-10,NFLX,sell,np.float64(144.6322512019946),np.float64(150.34),np.float64(21744.012645707866),np.float64(10.872006322853933),,
2017-07-10,COST,buy,np.float64(145.32431865290442),np.float64(153.51),np.float64(22308.736156407358),np.float64(11.15436807820368),np.float64(0.9990004997501248),
2017-07-10,KO,buy,np.float64(501.88382804066043),np.float64(44.45),np.float64(22308.736156407358),np.float64(11.15436807820368),np.float64(0.9990004997501248),
2017-07-10,MU,buy,np.float64(20.266290646639423),np.float64(30.16),np.float64(611.231325902645),np.float64(0.30561566295132253),np.float64(0.9990004997501248),
2017-07-10,ORCL,buy,np.float64(452.78538981951203),np.float64(49.27),np.float64(22308.736156407358),np.float64(11.15436807820368),np.float64(0.9990004997501248),
2017-07-10,TSLA,buy,np.float64(71.29669592971352),np.float64(312.9),np.float64(22308.736156407358),np.float64(11.15436807820368),np.float64(0.9990004997501248),
2017-07-17,MU,sell,np.float64(740.3993539594618),np.float64(31.67),np.float64(23448.447539896155),np.float64(11.724223769948077),,
2017-07-17,ORCL,sell,np.float64(452.78538981951203),np.float64(50.31),np.float64(22779.63296181965),np.float64(11.389816480909825),,
2017-07-17,TSLA,sell,np.float64(71.29669592971352),np.float64(325.54),np.float64(23209.92639295894),np.float64(11.60496319647947),,
2017-07-17,COST,buy,np.float64(3.917239911986568),np.float64(153.0),np.float64(599.3377065339449),np.float64(0.29966885326697246),np.float64(0.9990011181422361),
2017-07-17,JNJ,buy,np.float64(171.89170899813877),np.float64(132.71),np.float64(22811.748701143),np.float64(11.4058743505715),np.float64(0.9990011181422361),
2017-07-17,JPM,buy,np.float64(248.43986823287955),np.float64(91.82),np.float64(22811.748701143),np.float64(11.4058743505715),np.float64(0.9990011181422361),
2017-07-17,KO,buy,np.float64(9.404523296462044),np.float64(44.66),np.float64(420.0060104199948),np.float64(0.21000300520999743),np.float64(0.9990011181422361),
2017-07-17,PEP,buy,np.float64(198.46657996470333),np.float64(114.94),np.float64(22811.748701143),np.float64(11.4058743505715),np.float64(0.9990011181422361),
2017-07-24,JNJ,sell,np.float64(171.89170899813877),np.float64(134.99),np.float64(23203.661797658755),np.float64(11.601830898829379),,
2017-07-24,KO,sell,np.float64(511.2883513371225),np.float64(45.04),np.float64(23028.427344223997),np.float64(11.514213672112),,
2017-07-24,PEP,sell,np.float64(198.46657996470333),np.float64(116.5),np.float64(23121.356565887938),np.float64(11.56067828294397),,
2017-07-24,COST,buy,np.float64(2.8392546097082447),np.float64(150.45),np.float64(427.16585603060537),np.float64(0.21358292801530268),np.float64(0.9990004997501248),
2017-07-24,CRM,buy,np.float64(255.05597155454208),np.float64(89.62),np.float64(22858.11617071806),np.float64(11.429058085359031),np.float64(0.9990004997501248),
2017-07-24,JPM,buy,np.float64(3.106998167010725),np.float64(90.96),np.float64(282.61255327129555),np.float64(0.1413062766356478),np.float64(0.9990004997501248),
2017-07-24,QCOM,buy,np.float64(425.1881728184163),np.float64(53.76),np.float64(22858.11617071806),np.float64(11.429058085359031),np.float64(0.9990004997501248),
2017-07-24,XOM,buy,np.float64(285.5123178955541),np.float64(80.06),np.float64(22858.11617071806),np.float64(11.429058085359031),np.float64(0.9990004997501248),
2017-07-31,COST,sell,np.float64(152.08081317459923),np.float64(153.08),np.float64(23280.530880767652),np.float64(11.640265440383827),,
2017-07-31,CRM,sell,np.float64(255.05597155454208),np.float64(90.81),np.float64(23161.632776867966),np.float64(11.580816388433982),,
2017-07-31,JPM,sell,np.float64(251.54686639989026),np.float64(91.5),np.float64(23016.53827558996),np.float64(11.50826913779498),,
2017-07-31,QCOM,sell,np.float64(425.1881728184163),np.float64(53.1),np.float64(22577.491976657908),np.float64(11.288745988328953),,
2017-07-31,XOM,sell,np.float64(285.5123178955541),np.float64(79.83),np.float64(22792.44833760208),np.float64(11.39622416880104),,
2017-07-31,ADBE,buy,np.float64(156.7557679569095),np.float64(146.36),np.float64(22942.774198173276),np.float64(11.471387099086638),np.float64(0.9990004997501248),
2017-07-31,AMAT,buy,np.float64(505.0137397792929),np.float64(45.43),np.float64(22942.774198173276),np.float64(11.471387099086638),np.float64(0.9990004997501248),
2017-07-31,GOOGL,buy,np.float64(23.898723123097163),np.float64(960.0),np.float64(22942.774198173276),np.float64(11.471387099086638),np.float64(0.9990004997501248),
2017-07-31,JNJ,buy,np.float64(173.6247479807271),np.float64(132.14),np.float64(22942.774198173276),np.float64(11.471387099086638),np.float64(0.9990004997501248),
2017-07-31,MU,buy,np.float64(779.570988724882),np.float64(29.43),np.float64(22942.774198173276),np.float64(11.471387099086638),np.float64(0.9990004997501248),
2017-08-07,ADBE,sell,np.float64(156.7557679569095),np.float64(147.74),np.float64(23159.09715795381),np.float64(11.579548578976905),,
2017-08-07,GOOGL,sell,np.float64(23.898723123097163),np.float64(947.52),np.float64(22644.518133597023),np.float64(11.322259066798512),,
2017-08-07,JNJ,sell,np.float64(173.6247479807271),np.float64(133.09),np.float64(23107.71770875497),np.float64(11.553858854377486),,
2017-08-07,AMAT,buy,np.float64(19.137153635249454),np.float64(42.86),np.float64(820.2184048067916),np.float64(0.41010920240339577),np.float64(0.9990004997501248),
2017-08-07,AMD,buy,np.float64(1683.6814118451816),np.float64(13.33),np.float64(22443.47321989627),np.float64(11.221736609948135),np.float64(0.9990004997501248),
2017-08-07,AMZN,buy,np.float64(22.65530027749081),np.float64(990.65),np.float64(22443.47321989627),np.float64(11.221736609948135),np.float64(0.9990004997501248),
2017-08-07,KO,buy,np.float64(493.04642398717635),np.float64(45.52),np.float64(22443.47321989627),np.float64(11.221736609948135),np.float64(0.9990004997501248),
2017-08-07,MU,buy,np.float64(24.76971146642247),np.float64(27.93),np.float64(691.8180412571796),np.float64(0.3459090206285898),np.float64(0.9990004997501248),
2017-08-14,AMAT,sell,np.float64(524.1508934145423),np.float64(43.7),np.float64(22905.394042215503),np.float64(11.45269702110775),,
2017-08-14,AMZN,sell,np.float64(22.65530027749081),np.float64(978.41),np.float64(22166.17234449978),np.float64(11.08308617224989),,
2017-08-14,KO,sell,np.float64(493.04642398717635),np.float64(45.67),np.float64(22517.430183494344),np.float64(11.258715091747172),,
2017-08-14,MU,sell,np.float64(804.3407001913044),np.float64(28.82),np.float64(23181.098979513394),np.float64(11.590549489756697),,
2017-08-14,AMD,buy,np.float64(96.04455772464541),np.float64(12.58),np.float64(1208.2405361760393),np.float64(0.6041202680880197),np.float64(0.9990004997501248),
2017-08-14,JPM,buy,np.float64(242.15419043077793),np.float64(92.37),np.float64(22367.78257009096),np.float64(11.18389128504548),np.float64(0.9990004997501248),
2017-08-14,NFLX,buy,np.float64(131.73016825730835),np.float64(169.8),np.float64(22367.78257009096),np.float64(11.18389128504548),np.float64(0.9990004997501248),
2017-08-14,NVDA,buy,np.float64(140.0875716796578),np.float64(159.67),np.float64(22367.78257009096),np.float64(11.18389128504548),np.float64(0.9990004997501248),
2017-08-14,ORCL,buy,np.float64(461.1913931977517),np.float64(48.5),np.float64(22367.78257009096),np.float64(11.18389128504548),np.float64(0.9990004997501248),
2017-08-21,AMD,sell,np.float64(1779.7259695698272),np.float64(12.42),np.float64(22104.196542057252),np.float64(11.052098271028626),,
2017-08-21,JPM,sell,np.float64(242.15419043077793),np.float64(90.83),np.float64(21994.865116827557),np.float64(10.997432558413779),,
2017-08-21,NFLX,sell,np.float64(131.73016825730835),np.float64(166.91),np.float64(21987.082383827335),np.float64(10.993541191913668),,
2017-08-21,NVDA,sell,np.float64(140.0875716796578),np.float64(162.49),np.float64(22762.829522227596),np.float64(11.381414761113797),,
2017-08-21,ORCL,sell,np.float64(461.1913931977517),np.float64(48.65),np.float64(22436.96127907062),np.float64(11.21848063953531),,
2017-08-21,CSCO,buy,np.float64(732.135031441068),np.float64(30.37),np.float64(22234.940904865238),np.float64(11.117470452432618),np.float64(0.999000499750125),
2017-08-21,INTC,buy,np.float64(633.6546282378238),np.float64(35.09),np.float64(22234.940904865238),np.float64(11.117470452432618),np.float64(0.999000499750125),
2017-08-21,QCOM,buy,np.float64(427.59501740125455),np.float64(52.0),np.float64(22234.940904865238),np.float64(11.117470452432618),np.float64(0.999000499750125),
2017-08-21,WMT,buy,np.float64(281.0280700817143),np.float64(79.12),np.float64(22234.940904865238),np.float64(11.117470452432618),np.float64(0.999000499750125),
2017-08-21,XOM,buy,np.float64(290.7668485009185),np.float64(76.47),np.float64(22234.940904865238),np.float64(11.117470452432618),np.float64(0.999000499750125),
2017-08-28,CSCO,sell,np.float64(732.135031441068),np.float64(31.6),np.float64(23135.46699353775),np.float64(11.567733496768875),,
2017-08-28,QCOM,sell,np.float64(427.59501740125455),np.float64(51.77),np.float64(22136.59405086295),np.float64(11.068297025431475),,
2017-08-28,WMT,sell,np.float64(281.0280700817143),np.float64(78.41),np.float64(22035.410975107217),np.float64(11.01770548755361),,
2017-08-28,XOM,sell,np.float64(290.7668485009185),np.float64(76.9),np.float64(22359.970649720635),np.float64(11.179985324860318),,
2017-08-28,AMAT,buy,np.float64(515.857646336805),np.float64(43.36),np.float64(22367.587545163864),np.float64(11.183793772581932),np.float64(0.9990018544613988),
2017-08-28,AMZN,buy,np.float64(23.63089520270022),np.float64(946.54),np.float64(22367.587545163864),np.float64(11.183793772581932),np.float64(0.9990018544613988),
2017-08-28,COST,buy,np.float64(147.252057571849),np.float64(151.9),np.float64(22367.587545163864),np.float64(11.183793772581932),np.float64(0.9990018544613988),
2017-08-28,INTC,buy,np.float64(10.09422695400085),np.float64(34.78),np.float64(351.0772134601496),np.float64(0.17553860673007482),np.float64(0.9990018544613988),
2017-08-28,PEP,buy,np.float64(192.6247635649661),np.float64(116.12),np.float64(22367.587545163864),np.float64(11.183793772581932),np.float64(0.9990018544613988),
2017-09-05,AMAT,sell,np.float64(515.857646336805),np.float64(44.63),np.float64(23022.72675601161),np.float64(11.511363378005804),,
2017-09-05,AMZN,sell,np.float64(23.63089520270022),np.float64(975.4),np.float64(23049.575180713793),np.float64(11.524787590356897),,
2017-09-05,COST,sell,np.float64(147.252057571849),np.float64(157.96),np.float64(23259.93501404927),np.float64(11.629967507024636),,
2017-09-05,INTC,sell,np.float64(643.7488551918246),np.float64(35.02),np.float64(22544.084908817702),np.float64(11.27204245440885),,
2017-09-05,JNJ,buy,np.float64(174.77474008187647),np.float64(130.72),np.float64(22846.554023502893),np.float64(11.423277011751447),np.float64(0.9990013417750617),
2017-09-05,JPM,buy,np.float64(251.005867100669),np.float64(91.02),np.float64(22846.554023502893),np.float64(11.423277011751447),np.float64(0.9990013417750617),
2017-09-05,KO,buy,np.float64(499.3782300219212),np.float64(45.75),np.float64(22846.554023502893),np.float64(11.423277011751447),np.float64(0.9990013417750617),
2017-09-05,PEP,buy,np.float64(4.775665091699376),np.float64(115.85),np.float64(553.2608008733727),np.float64(0.27663040043668635),np.float64(0.9990013417750617),
2017-09-05,XOM,buy,np.float64(298.1022184695054),np.float64(76.64),np.float64(22846.554023502893),np.float64(11.423277011751447),np.float64(0.9990013417750617),
2017-09-11,JNJ,sell,np.float64(174.77474008187647),np.float64(131.37),np.float64(22960.157604556112),np.float64(11.480078802278056),,
2017-09-11,KO,sell,np.float64(499.3782300219212),np.float64(46.35),np.float64(23146.18096151605),np.float64(11.573090480758024),,
2017-09-11,PEP,sell,np.float64(197.40042865666547),np.float64(115.08),np.float64(22716.84132980906),np.float64(11.35842066490453),,
2017-09-11,XOM,sell,np.float64(298.1022184695054),np.float64(79.41),np.float64(23672.29716866342),np.float64(11.83614858433171),,
2017-09-11,AAPL,buy,np.float64(143.07540943411297),np.float64(160.5),np.float64(22963.60321417513),np.float64(11.481801607087565),np.float64(0.9990004997501248),
2017-09-11,AMD,buy,np.float64(1842.9858117315514),np.float64(12.46),np.float64(22963.60321417513),np.float64(11.481801607087565),np.float64(0.9990004997501248),
2017-09-11,AVGO,buy,np.float64(92.97005349868473),np.float64(247.0),np.float64(22963.60321417513),np.float64(11.481801607087565),np.float64(0.9990004997501248),
2017-09-11,JPM,buy,np.float64(6.137319111822146),np.float64(89.39),np.float64(548.6149554057816),np.float64(0.2743074777028908),np.float64(0.9990004997501248),
2017-09-11,QCOM,buy,np.float64(459.823852906991),np.float64(49.94),np.float64(22963.60321417513),np.float64(11.481801607087565),np.float64(0.9990004997501248),
2017-09-18,AAPL,sell,np.float64(143.07540943411297),np.float64(160.11),np.float64(22907.80380449583),np.float64(11.453901902247916),,
2017-09-18,AMD,sell,np.float64(1842.9858117315514),np.float64(12.77),np.float64(23534.92881581191),np.float64(11.767464407905955),,
2017-09-18,AVGO,sell,np.float64(92.97005349868473),np.float64(251.05),np.float64(23340.131930844804),np.float64(11.670065965422403),,
2017-09-18,JPM,sell,np.float64(257.1431862124912),np.float64(91.93),np.float64(23639.173108514315),np.float64(11.819586554257157),,
2017-09-18,QCOM,sell,np.float64(459.823852906991),np.float64(52.24),np.float64(24021.19807586121),np.float64(12.010599037930605),,
2017-09-18,CRM,buy,np.float64(247.3575589964213),np.float64(94.94),np.float64(23484.126651120238),np.float64(11.74206332556012),np.float64(0.9990009029474358),
2017-09-18,GOOGL,buy,np.float64(25.11644437077704),np.float64(935.01),np.float64(23484.126651120238),np.float64(11.74206332556012),np.float64(0.9990009029474358),
2017-09-18,KO,buy,np.float64(509.30658536370066),np.float64(46.11),np.float64(23484.126651120238),np.float64(11.74206332556012),np.float64(0.9990009029474358),
2017-09-18,ORCL,buy,np.float64(480.4444895892029),np.float64(48.88),np.float64(23484.126651120238),np.float64(11.74206332556012),np.float64(0.9990009029474358),
2017-09-18,PEP,buy,np.float64(203.9083672060453),np.float64(115.17),np.float64(23484.126651120238),np.float64(11.74206332556012),np.float64(0.9990009029474358),
2017-09-25,CRM,sell,np.float64(247.3575589964213),np.float64(94.87),np.float64(23466.811621990488),np.float64(11.733405810995244),,
2017-09-25,GOOGL,sell,np.float64(25.11644437077704),np.float64(939.45),np.float64(23595.64366412649),np.float64(11.797821832063246),,
2017-09-25,KO,sell,np.float64(509.30658536370066),np.float64(45.5),np.float64(23173.44963404838),np.float64(11.586724817024189),,
2017-09-25,ORCL,sell,np.float64(480.4444895892029),np.float64(48.52),np.float64(23311.166634868125),np.float64(11.655583317434063),,
2017-09-25,AAPL,buy,np.float64(155.0458433484643),np.float64(149.99),np.float64(23255.32604383616),np.float64(11.627663021918082),np.float64(0.999000499750125),
2017-09-25,ADBE,buy,np.float64(156.71760929871394),np.float64(148.39),np.float64(23255.32604383616),np.float64(11.627663021918082),np.float64(0.999000499750125),
2017-09-25,AVGO,buy,np.float64(98.04513699496674),np.float64(237.19),np.float64(23255.32604383616),np.float64(11.627663021918082),np.float64(0.999000499750125),
2017-09-25,PEP,buy,np.float64(3.8581493957023896),np.float64(112.04),np.float64(432.26705829449577),np.float64(0.2161335291472479),np.float64(0.999000499750125),
2017-09-25,TSLA,buy,np.float64(65.8511285398164),np.float64(353.15),np.float64(23255.32604383616),np.float64(11.627663021918082),np.float64(0.999000499750125),
2017-10-02,AAPL,sell,np.float64(155.0458433484643),np.float64(154.26),np.float64(23917.3717949341),np.float64(11.958685897467051),,
2017-10-02,ADBE,sell,np.float64(156.71760929871394),np.float64(149.79),np.float64(23474.73069685436),np.float64(11.737365348427181),,
2017-10-02,AVGO,sell,np.float64(98.04513699496674),np.float64(245.31),np.float64(24051.45255623529),np.float64(12.025726278117645),,
2017-10-02,TSLA,sell,np.float64(65.8511285398164),np.float64(342.52),np.float64(22555.328547457913),np.float64(11.277664273728957),,
2017-10-02,CRM,buy,np.float64(249.07308948626147),np.float64(93.72),np.float64(23343.129946652425),np.float64(11.671564973326213),np.float64(0.9990004997501251),
2017-10-02,JNJ,buy,np.float64(179.34180967004013),np.float64(130.16),np.float64(23343.129946652425),np.float64(11.671564973326213),np.float64(0.9990004997501251),
2017-10-02,KO,buy,np.float64(518.160487162096),np.float64(45.05),np.float64(23343.129946652425),np.float64(11.671564973326213),np.float64(0.9990004997501251),
2017-10-02,PEP,buy,np.float64(4.844512295089414),np.float64(109.9),np.float64(532.4119012303266),np.float64(0.26620595061516333),np.float64(0.9990004997501251),
2017-10-02,WMT,buy,np.float64(299.65506991851635),np.float64(77.9),np.float64(23343.129946652425),np.float64(11.671564973326213),np.float64(0.9990004997501251),
2017-10-09,CRM,sell,np.float64(249.07308948626147),np.float64(96.33),np.float64(23993.210710211566),np.float64(11.996605355105784),,
2017-10-09,JNJ,sell,np.float64(179.34180967004013),np.float64(133.66),np.float64(23970.826280497564),np.float64(11.985413140248783),,
2017-10-09,WMT,sell,np.float64(299.65506991851635),np.float64(79.5),np.float64(23822.57805852205),np.float64(11.911289029261026),,
2017-10-09,COST,buy,np.float64(151.3058236638044),np.float64(157.01),np.float64(23756.52737345393),np.float64(11.878263686726966),np.float64(0.999000499750125),
2017-10-09,KO,buy,np.float64(3.905765053857282),np.float64(45.55),np.float64(177.90759820319917),np.float64(0.08895379910159959),np.float64(0.999000499750125),
2017-10-09,ORCL,buy,np.float64(491.2433286487579),np.float64(48.36),np.float64(23756.52737345393),np.float64(11.878263686726966),np.float64(0.999000499750125),
2017-10-09,PEP,buy,np.float64(2.4177103805660503),np.float64(110.59),np.float64(267.3745909867995),np.float64(0.13368729549339975),np.float64(0.999000499750125),
2017-10-09,XOM,buy,np.float64(290.2801487469933),np.float64(81.84),np.float64(23756.52737345393),np.float64(11.878263686726966),np.float64(0.999000499750125),
2017-10-16,COST,sell,np.float64(151.3058236638044),np.float64(159.38),np.float64(24115.122175537144),np.float64(12.057561087768573),,
2017-10-16,KO,sell,np.float64(522.0662522159533),np.float64(46.13),np.float64(24082.91621472193),np.float64(12.041458107360965),,
2017-10-16,ORCL,sell,np.float64(491.2433286487579),np.float64(48.61),np.float64(23879.33820561612),np.float64(11.939669102808061),,
2017-10-16,PEP,sell,np.float64(215.02873927740316),np.float64(112.93),np.float64(24283.19552659714),np.float64(12.14159776329857),,
2017-10-16,CRM,buy,np.float64(248.29384608050822),np.float64(96.945),np.float64(24070.846908274867),np.float64(12.035423454137433),np.float64(0.999000983346846),
2017-10-16,CSCO,buy,np.float64(716.3942532224662),np.float64(33.6),np.float64(24070.846908274867),np.float64(12.035423454137433),np.float64(0.999000983346846),
2017-10-16,INTC,buy,np.float64(606.1658753028171),np.float64(39.71),np.float64(24070.846908274867),np.float64(12.035423454137433),np.float64(0.999000983346846),
2017-10-16,JPM,buy,np.float64(249.8530922594443),np.float64(96.34),np.float64(24070.846908274867),np.float64(12.035423454137433),np.float64(0.999000983346846),
2017-10-16,XOM,buy,np.float64(0.8962134272845975),np.float64(82.75),np.float64(74.16166110780044),np.float64(0.03708083055390022),np.float64(0.999000983346846),
2017-10-23,CRM,sell,np.float64(248.29384608050822),np.float64(99.07),np.float64(24598.471331195946),np.float64(12.299235665597973),,
2017-10-23,CSCO,sell,np.float64(716.3942532224662),np.float64(34.45),np.float64(24679.782023513962),np.float64(12.33989101175698),,
2017-10-23,INTC,sell,np.float64(606.1658753028171),np.float64(40.55),np.float64(24580.02624352923),np.float64(12.290013121764616),,
2017-10-23,JPM,sell,np.float64(249.8530922594443),np.float64(99.51),np.float64(24862.881210737305),np.float64(12.431440605368653),,
2017-10-23,XOM,sell,np.float64(291.17636217427787),np.float64(83.15),np.float64(24211.314514791207),np.float64(12.105657257395604),,
2017-10-23,AMZN,buy,np.float64(24.89224089344882),np.float64(986.73),np.float64(24561.920856792756),np.float64(12.280960428396378),np.float64(0.9990004997501248),
2017-10-23,AVGO,buy,np.float64(100.17913719223736),np.float64(245.18),np.float64(24561.920856792756),np.float64(12.280960428396378),np.float64(0.9990004997501248),
2017-10-23,NFLX,buy,np.float64(126.49699158877662),np.float64(194.17),np.float64(24561.920856792756),np.float64(12.280960428396378),np.float64(0.9990004997501248),
2017-10-23,PEP,buy,np.float64(220.01003992111032),np.float64(111.64),np.float64(24561.920856792756),np.float64(12.280960428396378),np.float64(0.9990004997501248),
2017-10-23,QCOM,buy,np.float64(469.6351980266302),np.float64(52.3),np.float64(24561.920856792756),np.float64(12.280960428396378),np.float64(0.9990004997501248),
2017-10-30,AMZN,sell,np.float64(24.89224089344882),np.float64(1095.01),np.float64(27257.252700735393),np.float64(13.628626350367696),,
2017-10-30,AVGO,sell,np.float64(100.17913719223736),np.float64(253.3),np.float64(25375.375450793726),np.float64(12.687687725396863),,
2017-10-30,NFLX,sell,np.float64(126.49699158877662),np.float64(199.62),np.float64(25251.32946095159),np.float64(12.625664730475796),,
2017-10-30,QCOM,sell,np.float64(469.6351980266302),np.float64(54.16),np.float64(25435.44232512229),np.float64(12.717721162561146),,
2017-10-30,AMD,buy,np.float64(2265.165206633912),np.float64(11.255),np.float64(25494.434400664682),np.float64(12.747217200332342),np.float64(0.9990004997501248),
2017-10-30,JNJ,buy,np.float64(180.78594809718254),np.float64(141.02),np.float64(25494.434400664682),np.float64(12.747217200332342),np.float64(0.9990004997501248),
2017-10-30,KO,buy,np.float64(554.2268347970584),np.float64(46.0),np.float64(25494.434400664682),np.float64(12.747217200332342),np.float64(0.9990004997501248),
2017-10-30,PEP,buy,np.float64(11.221407836985184),np.float64(110.36),np.float64(1238.394568889685),np.float64(0.6191972844448425),np.float64(0.9990004997501248),
2017-10-30,TSLA,buy,np.float64(79.87478664284943),np.float64(319.18),np.float64(25494.434400664682),np.float64(12.747217200332342),np.float64(0.9990004997501248),
2017-11-06,AMD,sell,np.float64(2265.165206633912),np.float64(12.04),np.float64(27272.5890878723),np.float64(13.63629454393615),,
2017-11-06,JNJ,buy,np.float64(2.0262029247022206),np.float64(140.01),np.float64(283.6886714875579),np.float64(0.14184433574377894),np.float64(0.9990004997501244),
2017-11-06,KO,buy,np.float64(3.291394600523817),np.float64(45.91),np.float64(151.10792611004842),np.float64(0.07555396305502421),np.float64(0.9990004997501244),
2017-11-06,PEP,buy,np.float64(1.5197197237563858),np.float64(109.97),np.float64(167.12357802148975),np.float64(0.08356178901074487),np.float64(0.9990004997501244),
2017-11-06,TSLA,buy,np.float64(3.4956999318197157),np.float64(307.0),np.float64(1073.1798790686528),np.float64(0.5365899395343264),np.float64(0.9990004997501244),
2017-11-06,XOM,buy,np.float64(306.96554710175855),np.float64(83.3),np.float64(25570.230073576484),np.float64(12.785115036788243),np.float64(0.9990004997501244),
2017-11-13,JNJ,sell,np.float64(182.81215102188477),np.float64(138.71),np.float64(25357.873468245638),np.float64(12.67893673412282),,
2017-11-13,KO,sell,np.float64(557.5182293975822),np.float64(46.6),np.float64(25980.349489927332),np.float64(12.990174744963666),,
2017-11-13,PEP,sell,np.float64(232.7511674818519),np.float64(112.69),np.float64(26228.72906352989),np.float64(13.114364531764945),,
2017-11-13,TSLA,sell,np.float64(83.37048657466914),np.float64(300.13),np.float64(25021.98413565545),np.float64(12.510992067827726),,
2017-11-13,XOM,sell,np.float64(306.96554710175855),np.float64(82.65),np.float64(25370.702467960346),np.float64(12.685351233980173),,
2017-11-13,AVGO,buy,np.float64(97.57561012048212),np.float64(262.5),np.float64(25613.597656626556),np.float64(12.806798828313278),np.float64(0.9990014211725745),
2017-11-13,CSCO,buy,np.float64(756.455926066939),np.float64(33.86),np.float64(25613.597656626556),np.float64(12.806798828313278),np.float64(0.9990014211725745),
2017-11-13,JPM,buy,np.float64(264.90430920081246),np.float64(96.69),np.float64(25613.597656626556),np.float64(12.806798828313278),np.float64(0.9990014211725745),
2017-11-13,NFLX,buy,np.float64(134.01840548674423),np.float64(191.12),np.float64(25613.597656626556),np.float64(12.806798828313278),np.float64(0.9990014211725745),
2017-11-13,ORCL,buy,np.float64(521.6618667337384),np.float64(49.1),np.float64(25613.597656626556),np.float64(12.806798828313278),np.float64(0.9990014211725745),
2017-11-20,AVGO,sell,np.float64(97.57561012048212),np.float64(272.62),np.float64(26601.062831045838),np.float64(13.300531415522919),,
2017-11-20,CSCO,sell,np.float64(756.455926066939),np.float64(35.93),np.float64(27179.46142358512),np.float64(13.58973071179256),,
2017-11-20,JPM,sell,np.float64(264.90430920081246),np.float64(98.45),np.float64(26079.82924081999),np.float64(13.039914620409995),,
2017-11-20,NFLX,sell,np.float64(134.01840548674423),np.float64(193.3),np.float64(25905.75778058766),np.float64(12.95287889029383),,
2017-11-20,ORCL,sell,np.float64(521.6618667337384),np.float64(49.04),np.float64(25582.297944622533),np.float64(12.791148972311266),,
2017-11-20,AAPL,buy,np.float64(154.11019608059712),np.float64(170.29),np.float64(26243.425290564883),np.float64(13.121712645282441),np.float64(0.999000499750125),
2017-11-20,INTC,buy,np.float64(586.7074735203418),np.float64(44.73),np.float64(26243.425290564883),np.float64(13.121712645282441),np.float64(0.999000499750125),
2017-11-20,JNJ,buy,np.float64(189.96326667075556),np.float64(138.15),np.float64(26243.425290564883),np.float64(13.121712645282441),np.float64(0.999000499750125),
2017-11-20,KO,buy,np.float64(574.5058075867969),np.float64(45.68),np.float64(26243.425290564883),np.float64(13.121712645282441),np.float64(0.999000499750125),
2017-11-20,XOM,buy,np.float64(327.1023967414294),np.float64(80.23),np.float64(26243.425290564883),np.float64(13.121712645282441),np.float64(0.999000499750125),
2017-11-27,AAPL,sell,np.float64(154.11019608059712),np.float64(175.05),np.float64(26976.989823908527),np.float64(13.488494911954264),,
2017-11-27,XOM,sell,np.float64(327.1023967414294),np.float64(81.32),np.float64(26599.966903013035),np.float64(13.299983451506519),,
2017-11-27,INTC,buy,np.float64(8.785829114541984),np.float64(44.42),np.float64(390.266529267955),np.float64(0.19513326463397748),np.float64(0.9990019837444539),
2017-11-27,JNJ,buy,np.float64(2.399999173490414),np.float64(137.51),np.float64(330.02388634666676),np.float64(0.16501194317333337),np.float64(0.9990019837444539),
2017-11-27,JPM,buy,np.float64(268.8554548429652),np.float64(98.29),np.float64(26425.802656515047),np.float64(13.212901328257523),np.float64(0.9990019837444539),
2017-11-27,KO,buy,np.float64(2.420942550589582),np.float64(45.85),np.float64(111.00021594453234),np.float64(0.05550010797226617),np.float64(0.9990019837444539),
2017-11-27,WMT,buy,np.float64(272.8528926847191),np.float64(96.85),np.float64(26425.802656515047),np.float64(13.212901328257523),np.float64(0.9990019837444539),
2017-12-04,INTC,sell,np.float64(595.4933026348838),np.float64(45.02),np.float64(26809.10848462247),np.float64(13.404554242311235),,
2017-12-04,JNJ,sell,np.float64(192.36326584424597),np.float64(140.62),np.float64(27050.12244301787),np.float64(13.525061221508935),,
2017-12-04,JPM,sell,np.float64(268.8554548429652),np.float64(107.82),np.float64(28987.995141168503),np.float64(14.493997570584252),,
2017-12-04,KO,sell,np.float64(576.9267501373864),np.float64(45.99),np.float64(26532.8612388184),np.float64(13.266430619409201),,
2017-12-04,WMT,sell,np.float64(272.8528926847191),np.float64(97.73),np.float64(26665.913202077598),np.float64(13.332956601038799),,
2017-12-04,AMAT,buy,np.float64(522.9480550043872),np.float64(52.06),np.float64(27224.6757435284),np.float64(13.6123378717642),np.float64(0.9990012826543508),
2017-12-04,META,buy,np.float64(154.43119713839926),np.float64(176.29),np.float64(27224.6757435284),np.float64(13.6123378717642),np.float64(0.9990012826543508),
2017-12-04,MU,buy,np.float64(649.4436007521088),np.float64(41.92),np.float64(27224.6757435284),np.float64(13.6123378717642),np.float64(0.9990012826543508),
2017-12-04,NFLX,buy,np.float64(143.7720518775264),np.float64(189.36),np.float64(27224.6757435284),np.float64(13.6123378717642),np.float64(0.9990012826543508),
2017-12-04,NVDA,buy,np.float64(136.08935637854736),np.float64(200.05),np.float64(27224.6757435284),np.float64(13.6123378717642),np.float64(0.9990012826543508),
2017-12-11,AMAT,sell,np.float64(522.9480550043872),np.float64(51.57),np.float64(26968.43119657625),np.float64(13.484215598288126),,
2017-12-11,META,sell,np.float64(154.43119713839926),np.float64(179.3),np.float64(27689.513646914987),np.float64(13.844756823457494),,
2017-12-11,MU,sell,np.float64(649.4436007521088),np.float64(43.46),np.float64(28224.81888868665),np.float64(14.112409444343324),,
2017-12-11,NFLX,sell,np.float64(143.7720518775264),np.float64(187.85),np.float64(27007.57994519333),np.float64(13.503789972596666),,
2017-12-11,NVDA,sell,np.float64(136.08935637854736),np.float64(192.06),np.float64(26137.321786063807),np.float64(13.068660893031904),,
2017-12-11,ADBE,buy,np.float64(156.40410402004306),np.float64(173.77),np.float64(27178.341155562885),np.float64(13.589170577781443),np.float64(0.9990004997501253),
2017-12-11,AMD,buy,np.float64(2726.0121520123253),np.float64(9.97),np.float64(27178.341155562885),np.float64(13.589170577781443),np.float64(0.9990004997501253),
2017-12-11,AVGO,buy,np.float64(104.79810733231622),np.float64(259.34),np.float64(27178.341155562885),np.float64(13.589170577781443),np.float64(0.9990004997501253),
2017-12-11,INTC,buy,np.float64(627.9653686590315),np.float64(43.28),np.float64(27178.341155562885),np.float64(13.589170577781443),np.float64(0.9990004997501253),
2017-12-11,KO,buy,np.float64(602.0899680009501),np.float64(45.14),np.float64(27178.341155562885),np.float64(13.589170577781443),np.float64(0.9990004997501253),
2017-12-18,ADBE,sell,np.float64(156.40410402004306),np.float64(178.42),np.float64(27905.62023925608),np.float64(13.95281011962804),,
2017-12-18,AMD,sell,np.float64(2726.0121520123253),np.float64(10.6),np.float64(28895.728811330646),np.float64(14.447864405665323),,
2017-12-18,AVGO,sell,np.float64(104.79810733231622),np.float64(264.08),np.float64(27675.084184318064),np.float64(13.837542092159032),,
2017-12-18,INTC,sell,np.float64(627.9653686590315),np.float64(45.15),np.float64(28352.63639495527),np.float64(14.176318197477634),,
2017-12-18,KO,sell,np.float64(602.0899680009501),np.float64(46.2),np.float64(27816.556521643895),np.float64(13.908278260821948),,
2017-12-18,JPM,buy,np.float64(262.5027630344913),np.float64(107.19),np.float64(28137.67116966712),np.float64(14.06883558483356),np.float64(0.999001150557152),
2017-12-18,MU,buy,np.float64(648.6323460043135),np.float64(43.38),np.float64(28137.67116966712),np.float64(14.06883558483356),np.float64(0.999001150557152),
2017-12-18,NVDA,buy,np.float64(145.64011992581325),np.float64(193.2),np.float64(28137.67116966712),np.float64(14.06883558483356),np.float64(0.999001150557152),
2017-12-18,ORCL,buy,np.float64(580.996720414353),np.float64(48.43),np.float64(28137.67116966712),np.float64(14.06883558483356),np.float64(0.999001150557152),
2017-12-18,XOM,buy,np.float64(338.27447907750803),np.float64(83.18),np.float64(28137.67116966712),np.float64(14.06883558483356),np.float64(0.999001150557152),
2017-12-26,JPM,sell,np.float64(262.5027630344913),np.float64(107.2),np.float64(28140.296197297466),np.float64(14.070148098648733),,
2017-12-26,MU,sell,np.float64(648.6323460043135),np.float64(43.19),np.float64(28014.4310239263),np.float64(14.00721551196315),,
2017-12-26,NVDA,sell,np.float64(145.64011992581325),np.float64(193.03),np.float64(28112.912349279733),np.float64(14.056456174639868),,
2017-12-26,XOM,sell,np.float64(338.27447907750803),np.float64(83.96),np.float64(28401.525263347572),np.float64(14.200762631673786),,
2017-12-26,COST,buy,np.float64(150.4386471463114),np.float64(186.19),np.float64(28010.17171217172),np.float64(14.00508585608586),np.float64(0.999000499750125),
2017-12-26,CRM,buy,np.float64(274.2062820574813),np.float64(102.15),np.float64(28010.17171217172),np.float64(14.00508585608586),np.float64(0.999000499750125),
2017-12-26,JNJ,buy,np.float64(199.3606527556706),np.float64(140.5),np.float64(28010.17171217172),np.float64(14.00508585608586),np.float64(0.999000499750125),
2017-12-26,ORCL,buy,np.float64(10.890123005267851),np.float64(47.37),np.float64(515.865126759538),np.float64(0.25793256337976905),np.float64(0.999000499750125),
2017-12-26,TSLA,buy,np.float64(86.49653124223117),np.float64(323.83),np.float64(28010.17171217172),np.float64(14.00508585608586),np.float64(0.999000499750125),
2018-01-02,COST,sell,np.float64(150.4386471463114),np.float64(187.23),np.float64(28166.627905203884),np.float64(14.083313952601943),,
2018-01-02,CRM,sell,np.float64(274.2062820574813),np.float64(102.88),np.float64(28210.342298073676),np.float64(14.105171149036838),,
2018-01-02,JNJ,sell,np.float64(199.3606527556706),np.float64(139.7),np.float64(27850.68318996718),np.float64(13.92534159498359),,
2018-01-02,ORCL,sell,np.float64(591.8868434196208),np.float64(47.57),np.float64(28156.057141471363),np.float64(14.078028570735682),,
2018-01-02,AAPL,buy,np.float64(163.64754032028546),np.float64(170.16),np.float64(27846.265460899773),np.float64(13.923132730449886),np.float64(0.9990004997501251),
2018-01-02,AMD,buy,np.float64(2672.3863206237784),np.float64(10.42),np.float64(27846.265460899773),np.float64(13.923132730449886),np.float64(0.9990004997501251),
2018-01-02,GOOGL,buy,np.float64(26.444194280165405),np.float64(1053.02),np.float64(27846.265460899773),np.float64(13.923132730449886),np.float64(0.9990004997501251),
2018-01-02,MU,buy,np.float64(670.3482296798212),np.float64(41.54),np.float64(27846.265460899773),np.float64(13.923132730449886),np.float64(0.9990004997501251),
2018-01-02,TSLA,buy,np.float64(2.8407728985759744),np.float64(312.0),np.float64(886.3211443557041),np.float64(0.44316057217785204),np.float64(0.9990004997501251),
2018-01-08,AAPL,sell,np.float64(163.64754032028546),np.float64(174.35),np.float64(28531.94865484177),np.float64(14.265974327420885),,
2018-01-08,AMD,sell,np.float64(2672.3863206237784),np.float64(12.01),np.float64(32095.359710691577),np.float64(16.047679855345788),,
2018-01-08,GOOGL,sell,np.float64(26.444194280165405),np.float64(1111.0),np.float64(29379.499845263766),np.float64(14.689749922631883),,
2018-01-08,MU,sell,np.float64(670.3482296798212),np.float64(45.31),np.float64(30373.4782867927),np.float64(15.18673914339635),,
2018-01-08,TSLA,sell,np.float64(89.33730414080715),np.float64(316.0),np.float64(28230.58810849506),np.float64(14.11529405424753),,
2018-01-08,COST,buy,np.float64(158.51199871853723),np.float64(187.32),np.float64(29692.46759995639),np.float64(14.846233799978195),np.float64(0.9990004997501251),
2018-01-08,INTC,buy,np.float64(670.7130697979758),np.float64(44.27),np.float64(29692.46759995639),np.float64(14.846233799978195),np.float64(0.9990004997501251),
2018-01-08,JNJ,buy,np.float64(209.54458433279035),np.float64(141.7),np.float64(29692.46759995639),np.float64(14.846233799978195),np.float64(0.9990004997501251),
2018-01-08,KO,buy,np.float64(645.4884260860085),np.float64(46.0),np.float64(29692.46759995639),np.float64(14.846233799978195),np.float64(0.9990004997501251),
2018-01-08,PEP,buy,np.float64(251.1840588778986),np.float64(118.21),np.float64(29692.46759995639),np.float64(14.846233799978195),np.float64(0.9990004997501251),
2018-01-16,COST,sell,np.float64(158.51199871853723),np.float64(192.35),np.float64(30489.782953510636),np.float64(15.244891476755319),,
2018-01-16,JNJ,sell,np.float64(209.54458433279035),np.float64(146.42),np.float64(30681.51803800716),np.float64(15.340759019003581),,
2018-01-16,KO,sell,np.float64(645.4884260860085),np.float64(46.17),np.float64(29802.200632391014),np.float64(14.901100316195507),,
2018-01-16,AVGO,buy,np.float64(112.73269512038107),np.float64(265.18),np.float64(29894.45609202265),np.float64(14.947228046011325),np.float64(0.9990004997501247),
2018-01-16,INTC,buy,np.float64(16.397172423241273),np.float64(43.55),np.float64(714.0968590321573),np.float64(0.3570484295160787),np.float64(0.9990004997501247),
2018-01-16,META,buy,np.float64(164.70774706348567),np.float64(181.5),np.float64(29894.45609202265),np.float64(14.947228046011325),np.float64(0.9990004997501247),
2018-01-16,MU,buy,np.float64(692.9637480765566),np.float64(43.14),np.float64(29894.45609202265),np.float64(14.947228046011325),np.float64(0.9990004997501247),
2018-01-16,PEP,buy,np.float64(4.139150607539194),np.float64(117.2),np.float64(485.1084512035936),np.float64(0.2425542256017968),np.float64(0.9990004997501247),
2018-01-22,AVGO,sell,np.float64(112.73269512038107),np.float64(265.65),np.float64(29947.440458729227),np.float64(14.973720229364613),,
2018-01-22,INTC,sell,np.float64(687.110242221217),np.float64(44.8),np.float64(30782.538851510522),np.float64(15.391269425755262),,
2018-01-22,PEP,sell,np.float64(255.3232094854378),np.float64(120.1),np.float64(30664.317459201076),np.float64(15.332158729600538),,
2018-01-22,COST,buy,np.float64(156.31490852539525),np.float64(192.5),np.float64(30090.619891138587),np.float64(15.045309945569294),np.float64(0.9990004997501254),
2018-01-22,JNJ,buy,np.float64(204.68417040431663),np.float64(147.01),np.float64(30090.619891138587),np.float64(15.045309945569294),np.float64(0.9990004997501254),
2018-01-22,META,buy,np.float64(1.8872981227332768),np.float64(180.8),np.float64(341.22350059017646),np.float64(0.17061175029508824),np.float64(0.9990004997501254),
2018-01-22,MU,buy,np.float64(16.24358306985402),np.float64(42.47),np.float64(689.8649729767002),np.float64(0.3449324864883501),np.float64(0.9990004997501254),
2018-01-22,XOM,buy,np.float64(345.1946758189582),np.float64(87.17),np.float64(30090.619891138587),np.float64(15.045309945569294),np.float64(0.9990004997501254),
2018-01-29,COST,sell,np.float64(156.31490852539525),np.float64(198.37),np.float64(31008.188404182656),np.float64(15.504094202091329),,
2018-01-29,META,sell,np.float64(166.59504518621895),np.float64(188.75),np.float64(31444.814778898828),np.float64(15.722407389449414),,
2018-01-29,MU,sell,np.float64(709.2073311464106),np.float64(43.25),np.float64(30673.21707208226),np.float64(15.336608536041132),,
2018-01-29,XOM,sell,np.float64(345.1946758189582),np.float64(88.59),np.float64(30580.79633080151),np.float64(15.290398165400756),,
2018-01-29,AAPL,buy,np.float64(180.06845297343807),np.float64(170.16),np.float64(30640.447957960223),np.float64(15.320223978980112),np.float64(0.9990004997501251),
2018-01-29,AVGO,buy,np.float64(123.41085853858637),np.float64(248.28),np.float64(30640.447957960223),np.float64(15.320223978980112),np.float64(0.9990004997501251),
2018-01-29,JNJ,buy,np.float64(7.052672144531589),np.float64(144.85),np.float64(1021.5795601354006),np.float64(0.5107897800677003),np.float64(0.9990004997501251),
2018-01-29,PEP,buy,np.float64(252.43407446004468),np.float64(121.38),np.float64(30640.447957960223),np.float64(15.320223978980112),np.float64(0.9990004997501251),
2018-01-29,TSLA,buy,np.float64(90.15874049716116),np.float64(339.85),np.float64(30640.447957960223),np.float64(15.320223978980112),np.float64(0.9990004997501251),
2018-02-05,AVGO,sell,np.float64(123.41085853858637),np.float64(234.68),np.float64(28962.06028183545),np.float64(14.481030140917724),,
2018-02-05,PEP,sell,np.float64(252.43407446004468),np.float64(118.57),np.float64(29931.108208727495),np.float64(14.965554104363749),,
2018-02-05,TSLA,sell,np.float64(90.15874049716116),np.float64(337.97),np.float64(30470.94952582556),np.float64(15.23547476291278),,
2018-02-05,AAPL,buy,np.float64(4.630907315876353),np.float64(159.1),np.float64(736.7773539559278),np.float64(0.3683886769779639),np.float64(0.9990004997501247),
2018-02-05,AMAT,buy,np.float64(587.37562321826),np.float64(49.98),np.float64(29357.033648448632),np.float64(14.678516824224317),np.float64(0.9990004997501247),
2018-02-05,GOOGL,buy,np.float64(26.67342078342795),np.float64(1100.61),np.float64(29357.033648448632),np.float64(14.678516824224317),np.float64(0.9990004997501247),
2018-02-05,INTC,buy,np.float64(633.3772092437677),np.float64(46.35),np.float64(29357.033648448632),np.float64(14.678516824224317),np.float64(0.9990004997501247),
2018-02-05,JNJ,buy,np.float64(3.4186576277598015),np.float64(136.58),np.float64(466.9202587994337),np.float64(0.23346012939971686),np.float64(0.9990004997501247),
2018-02-12,AAPL,sell,np.float64(184.69936028931443),np.float64(158.5),np.float64(29274.848605856336),np.float64(14.637424302928169),,
2018-02-12,AMAT,sell,np.float64(587.37562321826),np.float64(48.96),np.float64(28757.910512766008),np.float64(14.378955256383005),,
2018-02-12,GOOGL,sell,np.float64(26.67342078342795),np.float64(1056.67),np.float64(28185.003539224814),np.float64(14.092501769612408),,
2018-02-12,INTC,sell,np.float64(633.3772092437677),np.float64(44.15),np.float64(27963.60378811234),np.float64(13.98180189405617),,
2018-02-12,JNJ,sell,np.float64(215.15550017660803),np.float64(130.0),np.float64(27970.215022959044),np.float64(13.985107511479523),,
2018-02-12,AMD,buy,np.float64(2481.529582862265),np.float64(11.47),np.float64(28463.144315430185),np.float64(14.231572157715092),np.float64(0.9990015745256577),
2018-02-12,KO,buy,np.float64(653.4238823560648),np.float64(43.56),np.float64(28463.144315430185),np.float64(14.231572157715092),np.float64(0.9990015745256577),
2018-02-12,PEP,buy,np.float64(254.36232632198556),np.float64(111.9),np.float64(28463.144315430185),np.float64(14.231572157715092),np.float64(0.9990015745256577),
2018-02-12,TSLA,buy,np.float64(90.03620129513233),np.float64(316.13),np.float64(28463.144315430185),np.float64(14.231572157715092),np.float64(0.9990015745256577),
2018-02-12,XOM,buy,np.float64(369.4113473774197),np.float64(77.05),np.float64(28463.144315430185),np.float64(14.231572157715092),np.float64(0.9990015745256577),
2018-02-20,AMD,sell,np.float64(2481.529582862265),np.float64(11.72),np.float64(29083.52671114575),np.float64(14.541763355572876),,
2018-02-20,KO,sell,np.float64(653.4238823560648),np.float64(44.75),np.float64(29240.7187354339),np.float64(14.62035936771695),,
2018-02-20,TSLA,sell,np.float64(90.03620129513233),np.float64(334.47),np.float64(30114.408247182913),np.float64(15.057204123591458),,
2018-02-20,JNJ,buy,np.float64(217.90734400967375),np.float64(132.87),np.float64(28953.348798565352),np.float64(14.476674399282675),np.float64(0.9990004997501251),
2018-02-20,META,buy,np.float64(164.72292654358168),np.float64(175.77),np.float64(28953.348798565352),np.float64(14.476674399282675),np.float64(0.9990004997501251),
2018-02-20,PEP,buy,np.float64(6.826919688510634),np.float64(110.96),np.float64(757.5150086371399),np.float64(0.37875750431856997),np.float64(0.9990004997501251),
2018-02-20,QCOM,buy,np.float64(459.5040279093057),np.float64(63.01),np.float64(28953.348798565352),np.float64(14.476674399282675),np.float64(0.9990004997501251),
2018-02-20,XOM,buy,np.float64(9.581506904195654),np.float64(76.47),np.float64(732.6978329638417),np.float64(0.36634891648192086),np.float64(0.9990004997501251),
2018-02-26,JNJ,sell,np.float64(217.90734400967375),np.float64(131.71),np.float64(28700.57627951413),np.float64(14.350288139757065),,
2018-02-26,META,sell,np.float64(164.72292654358168),np.float64(184.58),np.float64(30404.557781414307),np.float64(15.202278890707154),,
2018-02-26,QCOM,sell,np.float64(3.5033292447949007),np.float64(64.55),np.float64(226.13990275151082),np.float64(0.11306995137575541),,
2018-02-26,XOM,sell,np.float64(378.99285428161534),np.float64(77.74),np.float64(29462.904491852776),np.float64(14.731452245926388),,
2018-02-26,COST,buy,np.float64(154.68414111005413),np.float64(190.1),np.float64(29405.455225021287),np.float64(14.702727612510644),np.float64(0.9990015278261447),
2018-02-26,KO,buy,np.float64(664.8305499665677),np.float64(44.23),np.float64(29405.455225021287),np.float64(14.702727612510644),np.float64(0.9990015278261447),
2018-02-26,PEP,buy,np.float64(6.102557850857624),np.float64(110.12),np.float64(672.0136705364416),np.float64(0.33600683526822084),np.float64(0.9990015278261447),
2018-02-26,WMT,buy,np.float64(316.4939750836432),np.float64(92.91),np.float64(29405.455225021287),np.float64(14.702727612510644),np.float64(0.9990015278261447),
2018-03-05,COST,sell,np.float64(154.68414111005413),np.float64(188.45),np.float64(29150.2263921897),np.float64(14.57511319609485),,
2018-03-05,KO,sell,np.float64(664.8305499665677),np.float64(43.57),np.float64(28966.667062043354),np.float64(14.483333531021678),,
2018-03-05,PEP,sell,np.float64(267.29180386135386),np.float64(108.46),np.float64(28990.46904680244),np.float64(14.49523452340122),,
2018-03-05,QCOM,sell,np.float64(456.0006986645108),np.float64(64.34),np.float64(29339.084952074627),np.float64(14.669542476037314),,
2018-03-05,GOOGL,buy,np.float64(26.835394380035556),np.float64(1078.13),np.float64(28932.043742947735),np.float64(14.466021871473869),np.float64(0.9990025303976989),
2018-03-05,JPM,buy,np.float64(258.2065483529472),np.float64(112.05),np.float64(28932.043742947735),np.float64(14.466021871473869),np.float64(0.9990025303976989),
2018-03-05,META,buy,np.float64(164.20002124260918),np.float64(176.2),np.float64(28932.043742947735),np.float64(14.466021871473869),np.float64(0.9990025303976989),
2018-03-05,TSLA,buy,np.float64(87.04246139458989),np.float64(332.39),np.float64(28932.043742947735),np.float64(14.466021871473869),np.float64(0.9990025303976989),
2018-03-05,WMT,buy,np.float64(12.221760521032516),np.float64(88.1),np.float64(1076.7371019029647),np.float64(0.5383685509514824),np.float64(0.9990025303976989),
2018-03-12,GOOGL,sell,np.float64(26.835394380035556),np.float64(1165.05),np.float64(31264.576222460422),np.float64(15.632288111230212),,
2018-03-12,JPM,sell,np.float64(258.2065483529472),np.float64(118.0),np.float64(30468.37270564777),np.float64(15.234186352823885),,
2018-03-12,META,sell,np.float64(164.20002124260918),np.float64(185.23),np.float64(30414.769934768497),np.float64(15.207384967384248),,
2018-03-12,COST,buy,np.float64(159.27008566807254),np.float64(188.27),np.float64(29985.77902872802),np.float64(14.992889514364009),np.float64(0.9990014250602177),
2018-03-12,QCOM,buy,np.float64(475.5872962526252),np.float64(63.05),np.float64(29985.77902872802),np.float64(14.992889514364009),np.float64(0.9990014250602177),
2018-03-12,TSLA,buy,np.float64(4.294811637077942),np.float64(328.61),np.float64(1411.3180520601825),np.float64(0.7056590260300912),np.float64(0.9990014250602177),
2018-03-12,WMT,buy,np.float64(9.670899839215899),np.float64(88.7),np.float64(857.8088157384503),np.float64(0.4289044078692252),np.float64(0.9990014250602177),
2018-03-12,XOM,buy,np.float64(400.5045950143985),np.float64(74.87),np.float64(29985.77902872802),np.float64(14.992889514364009),np.float64(0.9990014250602177),
2018-03-19,COST,sell,np.float64(159.27008566807254),np.float64(185.63),np.float64(29565.306002564306),np.float64(14.782653001282153),,
2018-03-19,TSLA,sell,np.float64(91.33727303166783),np.float64(316.5),np.float64(28908.246914522868),np.float64(14.454123457261435),,
2018-03-19,WMT,sell,np.float64(338.38663544389163),np.float64(88.9),np.float64(30082.571890961968),np.float64(15.041285945480984),,
2018-03-19,XOM,sell,np.float64(400.5045950143985),np.float64(75.0),np.float64(30037.84462607989),np.float64(15.018922313039944),,
2018-03-19,AMAT,buy,np.float64(500.07624209376695),np.float64(58.82),np.float64(29414.484559955374),np.float64(14.707242279977686),np.float64(0.999000499750125),
2018-03-19,JPM,buy,np.float64(255.55590408301802),np.float64(115.1),np.float64(29414.484559955374),np.float64(14.707242279977686),np.float64(0.999000499750125),
2018-03-19,KO,buy,np.float64(676.8174081904135),np.float64(43.46),np.float64(29414.484559955374),np.float64(14.707242279977686),np.float64(0.999000499750125),
2018-03-19,NFLX,buy,np.float64(93.14276301442487),np.float64(315.8),np.float64(29414.484559955374),np.float64(14.707242279977686),np.float64(0.999000499750125),
2018-03-19,QCOM,buy,np.float64(13.581932085470186),np.float64(60.19),np.float64(817.4964922244504),np.float64(0.4087482461122252),np.float64(0.999000499750125),
2018-03-26,AMAT,sell,np.float64(500.07624209376695),np.float64(57.21),np.float64(28609.361810184408),np.float64(14.304680905092203),,
2018-03-26,JPM,sell,np.float64(255.55590408301802),np.float64(109.19),np.float64(27904.149166824736),np.float64(13.952074583412369),,
2018-03-26,KO,sell,np.float64(676.8174081904135),np.float64(42.61),np.float64(28839.18976299352),np.float64(14.41959488149676),,
2018-03-26,NFLX,sell,np.float64(93.14276301442487),np.float64(309.36),np.float64(28814.64516614248),np.float64(14.40732258307124),,
2018-03-26,CRM,buy,np.float64(238.03350234159643),np.float64(118.24),np.float64(28145.08131687036),np.float64(14.07254065843518),np.float64(0.9990004997501248),
2018-03-26,GOOGL,buy,np.float64(26.78953104594552),np.float64(1050.6),np.float64(28145.08131687036),np.float64(14.07254065843518),np.float64(0.9990004997501248),
2018-03-26,META,buy,np.float64(175.08604240665855),np.float64(160.75),np.float64(28145.08131687036),np.float64(14.07254065843518),np.float64(0.9990004997501248),
2018-03-26,ORCL,buy,np.float64(617.8942111277796),np.float64(45.55),np.float64(28145.08131687036),np.float64(14.07254065843518),np.float64(0.9990004997501248),
2018-03-26,QCOM,buy,np.float64(26.98626507700521),np.float64(54.58),np.float64(1472.9103479029443),np.float64(0.7364551739514722),np.float64(0.9990004997501248),
2018-04-02,CRM,sell,np.float64(238.03350234159643),np.float64(115.87),np.float64(27580.94191632078),np.float64(13.79047095816039),,
2018-04-02,GOOGL,sell,np.float64(26.78953104594552),np.float64(1027.62),np.float64(27529.457893434534),np.float64(13.764728946717266),,
2018-04-02,META,sell,np.float64(175.08604240665855),np.float64(157.81),np.float64(27630.328352194785),np.float64(13.815164176097392),,
2018-04-02,ORCL,sell,np.float64(617.8942111277796),np.float64(45.65),np.float64(28206.87073798314),np.float64(14.10343536899157),,
2018-04-02,QCOM,sell,np.float64(516.1554934151006),np.float64(55.1),np.float64(28440.167687172045),np.float64(14.220083843586023),,
2018-04-02,AMAT,buy,np.float64(504.5233640564201),np.float64(55.2),np.float64(27849.689695914392),np.float64(13.924844847957196),np.float64(0.9990004997501251),
2018-04-02,AMD,buy,np.float64(2787.756726317757),np.float64(9.99),np.float64(27849.689695914392),np.float64(13.924844847957196),np.float64(0.9990004997501251),
2018-04-02,AMZN,buy,np.float64(19.645384303208473),np.float64(1417.62),np.float64(27849.689695914392),np.float64(13.924844847957196),np.float64(0.9990004997501251),
2018-04-02,MU,buy,np.float64(540.3509836227084),np.float64(51.54),np.float64(27849.689695914392),np.float64(13.924844847957196),np.float64(0.9990004997501251),
2018-04-02,TSLA,buy,np.float64(108.67747481430732),np.float64(256.26),np.float64(27849.689695914392),np.float64(13.924844847957196),np.float64(0.9990004997501251),
2018-04-09,AMD,sell,np.float64(2787.756726317757),np.float64(9.75),np.float64(27180.62808159813),np.float64(13.590314040799065),,
2018-04-09,AMZN,sell,np.float64(19.645384303208473),np.float64(1425.03),np.float64(27995.26199360117),np.float64(13.997630996800584),,
2018-04-09,TSLA,sell,np.float64(108.67747481430732),np.float64(300.37),np.float64(32643.45310997349),np.float64(16.321726554986746),,
2018-04-09,AMAT,buy,np.float64(28.088906101385128),np.float64(52.98),np.float64(1488.150245251384),np.float64(0.744075122625692),np.float64(0.9990004997501248),
2018-04-09,CSCO,buy,np.float64(688.4269055745458),np.float64(40.95),np.float64(28191.081783277652),np.float64(14.095540891638827),np.float64(0.9990004997501248),
2018-04-09,INTC,buy,np.float64(573.4556912790409),np.float64(49.16),np.float64(28191.081783277652),np.float64(14.095540891638827),np.float64(0.9990004997501248),
2018-04-09,MU,buy,np.float64(33.99495490801957),np.float64(49.13),np.float64(1670.1721346310017),np.float64(0.8350860673155008),np.float64(0.9990004997501248),
2018-04-09,NVDA,buy,np.float64(130.03266505201867),np.float64(216.8),np.float64(28191.081783277652),np.float64(14.095540891638827),np.float64(0.9990004997501248),
2018-04-16,AMAT,sell,np.float64(532.6122701578053),np.float64(56.44),np.float64(30060.636527706527),np.float64(15.030318263853264),,
2018-04-16,CSCO,sell,np.float64(688.4269055745458),np.float64(43.12),np.float64(29684.968168374413),np.float64(14.842484084187207),,
2018-04-16,INTC,sell,np.float64(573.4556912790409),np.float64(52.29),np.float64(29985.99809698105),np.float64(14.992999048490525),,
2018-04-16,MU,sell,np.float64(574.3459385307281),np.float64(52.25),np.float64(30009.575288230542),np.float64(15.004787644115272),,
2018-04-16,NVDA,sell,np.float64(130.03266505201867),np.float64(231.772),np.float64(30137.93084443647),np.float64(15.068965422218234),,
2018-04-16,JNJ,buy,np.float64(227.881142559785),np.float64(131.41),np.float64(29945.860943781347),np.float64(14.972930471890674),np.float64(0.9990004997501252),
2018-04-16,JPM,buy,np.float64(269.9284382889972),np.float64(110.94),np.float64(29945.860943781347),np.float64(14.972930471890674),np.float64(0.9990004997501252),
2018-04-16,KO,buy,np.float64(670.679976344487),np.float64(44.65),np.float64(29945.860943781347),np.float64(14.972930471890674),np.float64(0.9990004997501252),
2018-04-16,PEP,buy,np.float64(272.8552250002856),np.float64(109.75),np.float64(29945.860943781347),np.float64(14.972930471890674),np.float64(0.9990004997501252),
2018-04-16,WMT,buy,np.float64(347.399778930178),np.float64(86.2),np.float64(29945.860943781347),np.float64(14.972930471890674),np.float64(0.9990004997501252),
2018-04-23,JPM,sell,np.float64(269.9284382889972),np.float64(111.57),np.float64(30115.915859903416),np.float64(15.057957929951709),,
2018-04-23,KO,sell,np.float64(670.679976344487),np.float64(43.75),np.float64(29342.248965071307),np.float64(14.671124482535653),,
2018-04-23,WMT,sell,np.float64(347.399778930178),np.float64(86.89),np.float64(30185.566791243167),np.float64(15.092783395621584),,
2018-04-23,AAPL,buy,np.float64(175.4935168758023),np.float64(166.8348),np.float64(29278.425789271103),np.float64(14.639212894635552),np.float64(0.9990004997501247),
2018-04-23,AMAT,buy,np.float64(568.1821422330895),np.float64(51.53),np.float64(29278.425789271103),np.float64(14.639212894635552),np.float64(0.9990004997501247),
2018-04-23,JNJ,buy,np.float64(3.103448385077777),np.float64(126.88),np.float64(393.7655310986683),np.float64(0.19688276554933415),np.float64(0.9990004997501247),
2018-04-23,PEP,buy,np.float64(12.921402098057218),np.float64(102.55),np.float64(1325.0897851557677),np.float64(0.6625448925778838),np.float64(0.9990004997501247),
2018-04-23,QCOM,buy,np.float64(568.513122121769),np.float64(51.5),np.float64(29278.425789271103),np.float64(14.639212894635552),np.float64(0.9990004997501247),
2018-04-30,JNJ,sell,np.float64(230.98459094486276),np.float64(128.86),np.float64(29764.674389155018),np.float64(14.88233719457751),,
2018-04-30,PEP,sell,np.float64(285.77662709834283),np.float64(101.85),np.float64(29106.349469966215),np.float64(14.553174734983108),,
2018-04-30,QCOM,sell,np.float64(568.513122121769),np.float64(51.25),np.float64(29136.297508740663),np.float64(14.568148754370332),,
2018-04-30,AAPL,buy,np.float64(2.8744475152849334),np.float64(162.1302),np.float64(466.0347505426493),np.float64(0.23301737527132466),np.float64(0.9990004997501252),
2018-04-30,AMAT,buy,np.float64(15.794381982258692),np.float64(49.52),np.float64(782.1377957614504),np.float64(0.39106889788072524),np.float64(0.9990004997501252),
2018-04-30,GOOGL,buy,np.float64(27.929076352564653),np.float64(1034.42),np.float64(28890.39516061993),np.float64(14.445197580309966),np.float64(0.9990004997501252),
2018-04-30,MU,buy,np.float64(613.9055495244354),np.float64(47.06),np.float64(28890.39516061993),np.float64(14.445197580309966),np.float64(0.9990004997501252),
2018-04-30,NFLX,buy,np.float64(92.87425711453992),np.float64(311.07),np.float64(28890.39516061993),np.float64(14.445197580309966),np.float64(0.9990004997501252),
2018-05-07,AAPL,sell,np.float64(178.36796439108724),np.float64(185.18),np.float64(33030.179645941535),np.float64(16.51508982297077),,
2018-05-07,AMAT,sell,np.float64(583.9765242153481),np.float64(52.74),np.float64(30798.921887117463),np.float64(15.399460943558733),,
2018-05-07,GOOGL,sell,np.float64(27.929076352564653),np.float64(1053.89),np.float64(29434.174277204365),np.float64(14.717087138602183),,
2018-05-07,MU,sell,np.float64(613.9055495244354),np.float64(48.26),np.float64(29627.08182004925),np.float64(14.813540910024626),,
2018-05-07,NFLX,sell,np.float64(92.87425711453992),np.float64(321.9947),np.float64(29905.01855731915),np.float64(14.952509278659575),,
2018-05-07,COST,buy,np.float64(155.93284009699917),np.float64(195.78),np.float64(30528.531434190496),np.float64(15.264265717095249),np.float64(0.999000499750125),
2018-05-07,JNJ,buy,np.float64(245.92018232794018),np.float64(124.14),np.float64(30528.531434190496),np.float64(15.264265717095249),np.float64(0.999000499750125),
2018-05-07,KO,buy,np.float64(721.0328633488543),np.float64(42.34),np.float64(30528.531434190496),np.float64(15.264265717095249),np.float64(0.999000499750125),
2018-05-07,PEP,buy,np.float64(308.4313137420741),np.float64(98.98),np.float64(30528.531434190496),np.float64(15.264265717095249),np.float64(0.999000499750125),
2018-05-07,XOM,buy,np.float64(392.7004300770581),np.float64(77.74),np.float64(30528.531434190496),np.float64(15.264265717095249),np.float64(0.999000499750125),
2018-05-14,JNJ,sell,np.float64(245.92018232794018),np.float64(127.35),np.float64(31317.93521946318),np.float64(15.65896760973159),,
2018-05-14,XOM,sell,np.float64(392.7004300770581),np.float64(81.7),np.float64(32083.62513729565),np.float64(16.041812568647824),,
2018-05-14,COST,buy,np.float64(2.223086666599868),np.float64(195.96),np.float64(435.6360631869102),np.float64(0.21781803159345509),np.float64(0.9990037177012048),
2018-05-14,CSCO,buy,np.float64(676.7604898263533),np.float64(45.75),np.float64(30961.79240955566),np.float64(15.48089620477783),np.float64(0.9990037177012048),
2018-05-14,KO,buy,np.float64(12.508977913315658),np.float64(42.25),np.float64(528.5043168375865),np.float64(0.2642521584187933),np.float64(0.9990037177012048),
2018-05-14,PEP,buy,np.float64(8.815190995591824),np.float64(97.69),np.float64(861.1560083593652),np.float64(0.4305780041796826),np.float64(0.9990037177012048),
2018-05-14,WMT,buy,np.float64(369.07608069562116),np.float64(83.89),np.float64(30961.79240955566),np.float64(15.48089620477783),np.float64(0.9990037177012048),
2018-05-21,COST,sell,np.float64(158.15592676359904),np.float64(199.6),np.float64(31567.922982014366),np.float64(15.783961491007183),,
2018-05-21,KO,sell,np.float64(733.54184126217),np.float64(42.31),np.float64(31036.155303802414),np.float64(15.518077651901207),,
2018-05-21,PEP,sell,np.float64(317.24650473766593),np.float64(98.22),np.float64(31159.951695333548),np.float64(15.579975847666775),,
2018-05-21,WMT,sell,np.float64(369.07608069562116),np.float64(84.14),np.float64(31054.061429729565),np.float64(15.527030714864782),,
2018-05-21,AMAT,buy,np.float64(607.8027523171768),np.float64(50.706),np.float64(30819.246358994766),np.float64(15.409623179497384),np.float64(0.999000499750125),
2018-05-21,AVGO,buy,np.float64(128.70310848991383),np.float64(239.46),np.float64(30819.246358994766),np.float64(15.409623179497384),np.float64(0.999000499750125),
2018-05-21,CSCO,buy,np.float64(32.567262850005925),np.float64(43.49),np.float64(1416.3502613467579),np.float64(0.7081751306733789),np.float64(0.999000499750125),
2018-05-21,GOOGL,buy,np.float64(28.562786245592925),np.float64(1079.0),np.float64(30819.246358994766),np.float64(15.409623179497384),np.float64(0.999000499750125),
2018-05-21,TSLA,buy,np.float64(109.5483821810499),np.float64(281.33),np.float64(30819.246358994766),np.float64(15.409623179497384),np.float64(0.999000499750125),
2018-05-29,AMAT,sell,np.float64(607.8027523171768),np.float64(51.1),np.float64(31058.720643407734),np.float64(15.529360321703868),,
2018-05-29,AVGO,sell,np.float64(128.70310848991383),np.float64(248.64),np.float64(32000.740894932173),np.float64(16.000370447466086),,
2018-05-29,CSCO,sell,np.float64(709.3277526763592),np.float64(42.7646),np.float64(30334.11761210343),np.float64(15.167058806051715),,
2018-05-29,GOOGL,sell,np.float64(28.562786245592925),np.float64(1076.0),np.float64(30733.558000257988),np.float64(15.366779000128995),,
2018-05-29,TSLA,sell,np.float64(109.5483821810499),np.float64(278.51),np.float64(30510.31992124421),np.float64(15.255159960622105),,
2018-05-29,COST,buy,np.float64(156.08722533621935),np.float64(198.1),np.float64(30920.87933910505),np.float64(15.460439669552525),np.float64(0.9990008922952651),
2018-05-29,JNJ,buy,np.float64(256.6048077934029),np.float64(120.5),np.float64(30920.87933910505),np.float64(15.460439669552525),np.float64(0.9990008922952651),
2018-05-29,KO,buy,np.float64(734.1139444231968),np.float64(42.12),np.float64(30920.87933910505),np.float64(15.460439669552525),np.float64(0.9990008922952651),
2018-05-29,WMT,buy,np.float64(377.26792751470293),np.float64(81.96),np.float64(30920.87933910505),np.float64(15.460439669552525),np.float64(0.9990008922952651),
2018-05-29,XOM,buy,np.float64(395.6606441344216),np.float64(78.15),np.float64(30920.87933910505),np.float64(15.460439669552525),np.float64(0.9990008922952651),
2018-06-04,KO,sell,np.float64(734.1139444231968),np.float64(43.36),np.float64(31831.180630189814),np.float64(15.915590315094907),,
2018-06-04,XOM,sell,np.float64(395.6606441344216),np.float64(82.05),np.float64(32463.95585122929),np.float64(16.231977925614647),,
2018-06-04,COST,buy,np.float64(3.9163928633992064),np.float64(197.32),np.float64(772.7826398059314),np.float64(0.38639131990296566),np.float64(0.9990004997501252),
2018-06-04,JNJ,buy,np.float64(2.5037837019580604),np.float64(121.85),np.float64(305.0860440835896),np.float64(0.15254302204179482),np.float64(0.9990004997501252),
2018-06-04,JPM,buy,np.float64(289.3947169805956),np.float64(108.99),np.float64(31541.130203715114),np.float64(15.770565101857558),np.float64(0.9990004997501252),
2018-06-04,MU,buy,np.float64(549.2099983234392),np.float64(57.43),np.float64(31541.130203715114),np.float64(15.770565101857558),np.float64(0.9990004997501252),
2018-06-04,WMT,buy,np.float64(0.8472381451550592),np.float64(83.5),np.float64(70.74438512044745),np.float64(0.035372192560223725),np.float64(0.9990004997501252),
2018-06-11,COST,sell,np.float64(160.00361819961856),np.float64(203.76),np.float64(32602.337244354276),np.float64(16.301168622177137),,
2018-06-11,JNJ,sell,np.float64(259.108591495361),np.float64(124.27),np.float64(32199.42466512851),np.float64(16.099712332564255),,
2018-06-11,JPM,sell,np.float64(289.3947169805956),np.float64(111.12),np.float64(32157.540950883784),np.float64(16.078770475441893),,
2018-06-11,MU,sell,np.float64(549.2099983234392),np.float64(61.71),np.float64(33891.748996539434),np.float64(16.945874498269717),,
2018-06-11,WMT,sell,np.float64(378.115165659858),np.float64(84.41),np.float64(31916.70113334861),np.float64(15.958350566674307),,
2018-06-11,AMAT,buy,np.float64(635.176041329958),np.float64(51.2),np.float64(32521.013316093853),np.float64(16.26050665804693),np.float64(0.9990004997501251),
2018-06-11,CSCO,buy,np.float64(745.5528041286991),np.float64(43.62),np.float64(32521.013316093853),np.float64(16.26050665804693),np.float64(0.9990004997501251),
2018-06-11,GOOGL,buy,np.float64(28.704974064022675),np.float64(1132.94),np.float64(32521.013316093853),np.float64(16.26050665804693),np.float64(0.9990004997501251),
2018-06-11,INTC,buy,np.float64(593.4491481039024),np.float64(54.8),np.float64(32521.013316093853),np.float64(16.26050665804693),np.float64(0.9990004997501251),
2018-06-11,META,buy,np.float64(172.2420068645403),np.float64(188.81),np.float64(32521.013316093853),np.float64(16.26050665804693),np.float64(0.9990004997501251),
2018-06-18,AMAT,sell,np.float64(635.176041329958),np.float64(48.88),np.float64(31047.40490020835),np.float64(15.523702450104174),,
2018-06-18,CSCO,sell,np.float64(745.5528041286991),np.float64(43.87),np.float64(32707.40151712603),np.float64(16.353700758563015),,
2018-06-18,GOOGL,sell,np.float64(28.704974064022675),np.float64(1152.69),np.float64(33087.9365538583),np.float64(16.54396827692915),,
2018-06-18,INTC,sell,np.float64(593.4491481039024),np.float64(54.3),np.float64(32224.2887420419),np.float64(16.11214437102095),,
2018-06-18,META,sell,np.float64(172.2420068645403),np.float64(194.8),np.float64(33552.742937212446),np.float64(16.776371468606225),,
2018-06-18,JNJ,buy,np.float64(267.1774297262549),np.float64(121.61),np.float64(32491.447229009857),np.float64(16.24572361450493),np.float64(0.9990004997501251),
2018-06-18,JPM,buy,np.float64(302.92231240919125),np.float64(107.26),np.float64(32491.447229009857),np.float64(16.24572361450493),np.float64(0.9990004997501251),
2018-06-18,MU,buy,np.float64(564.0876255036434),np.float64(57.6),np.float64(32491.447229009857),np.float64(16.24572361450493),np.float64(0.9990004997501251),
2018-06-18,ORCL,buy,np.float64(709.1105898954573),np.float64(45.82),np.float64(32491.447229009857),np.float64(16.24572361450493),np.float64(0.9990004997501251),
2018-06-18,XOM,buy,np.float64(404.1224779727594),np.float64(80.4),np.float64(32491.447229009857),np.float64(16.24572361450493),np.float64(0.9990004997501251),
2018-06-25,JNJ,sell,np.float64(267.1774297262549),np.float64(122.82),np.float64(32814.73191897863),np.float64(16.407365959489315),,
2018-06-25,JPM,sell,np.float64(302.92231240919125),np.float64(105.66),np.float64(32006.771529155147),np.float64(16.003385764577573),,
2018-06-25,MU,sell,np.float64(564.0876255036434),np.float64(55.54),np.float64(31329.426720472355),np.float64(15.664713360236178),,
2018-06-25,XOM,sell,np.float64(404.1224779727594),np.float64(80.78),np.float64(32645.013770639503),np.float64(16.32250688531975),,
2018-06-25,ADBE,buy,np.float64(132.86052904825556),np.float64(240.15),np.float64(31906.456050938574),np.float64(15.953228025469286),np.float64(0.9990004997501248),
2018-06-25,INTC,buy,np.float64(623.5383242317486),np.float64(51.17),np.float64(31906.456050938574),np.float64(15.953228025469286),np.float64(0.9990004997501248),
2018-06-25,NVDA,buy,np.float64(129.3592379928586),np.float64(246.65),np.float64(31906.456050938574),np.float64(15.953228025469286),np.float64(0.9990004997501248),
2018-06-25,ORCL,buy,np.float64(23.9014954634191),np.float64(43.57),np.float64(1041.3881573411702),np.float64(0.5206940786705851),np.float64(0.9990004997501248),
2018-06-25,TSLA,buy,np.float64(96.6510846084411),np.float64(330.12),np.float64(31906.456050938574),np.float64(15.953228025469286),np.float64(0.9990004997501248),
2018-07-02,ADBE,sell,np.float64(132.86052904825556),np.float64(241.05),np.float64(32026.030527082003),np.float64(16.013015263541),,
2018-07-02,ORCL,sell,np.float64(733.0120853588764),np.float64(43.96),np.float64(32223.211272376207),np.float64(16.111605636188106),,
2018-07-02,TSLA,sell,np.float64(96.6510846084411),np.float64(360.07),np.float64(34801.15603496139),np.float64(17.400578017480694),,
2018-07-02,AVGO,buy,np.float64(133.0963450159275),np.float64(240.09),np.float64(31955.101474874034),np.float64(15.977550737437017),np.float64(0.999000499750125),
2018-07-02,INTC,buy,np.float64(28.166839620000538),np.float64(49.08),np.float64(1382.4284885496263),np.float64(0.6912142442748131),np.float64(0.999000499750125),
2018-07-02,MU,buy,np.float64(620.2465348383935),np.float64(51.52),np.float64(31955.101474874034),np.float64(15.977550737437017),np.float64(0.999000499750125),
2018-07-02,NVDA,buy,np.float64(7.277816326464811),np.float64(234.09),np.float64(1703.6640238621476),np.float64(0.8518320119310738),np.float64(0.999000499750125),
2018-07-02,QCOM,buy,np.float64(576.8068858280511),np.float64(55.4),np.float64(31955.101474874034),np.float64(15.977550737437017),np.float64(0.999000499750125),
2018-07-09,AVGO,sell,np.float64(133.0963450159275),np.float64(249.0),np.float64(33140.98990896595),np.float64(16.570494954482978),,
2018-07-09,INTC,sell,np.float64(651.7051638517491),np.float64(51.64),np.float64(33654.054661304326),np.float64(16.827027330652164),,
2018-07-09,MU,sell,np.float64(620.2465348383935),np.float64(53.8),np.float64(33369.263574305565),np.float64(16.68463178715278),,
2018-07-09,NVDA,sell,np.float64(136.6370543193234),np.float64(250.3297),np.float64(34204.31281663993),np.float64(17.102156408319967),,
2018-07-09,QCOM,sell,np.float64(576.8068858280511),np.float64(58.06),np.float64(33489.40779117665),np.float64(16.744703895588327),,
2018-07-09,COST,buy,np.float64(159.31052119581122),np.float64(210.52),np.float64(33538.05092214218),np.float64(16.76902546107109),np.float64(0.9990004997501251),
2018-07-09,CSCO,buy,np.float64(784.5158110442616),np.float64(42.75),np.float64(33538.05092214218),np.float64(16.76902546107109),np.float64(0.9990004997501251),
2018-07-09,JPM,buy,np.float64(320.29463205178286),np.float64(104.71),np.float64(33538.05092214218),np.float64(16.76902546107109),np.float64(0.9990004997501251),
2018-07-09,TSLA,buy,np.float64(107.49719837860887),np.float64(311.99),np.float64(33538.05092214218),np.float64(16.76902546107109),np.float64(0.9990004997501251),
2018-07-09,WMT,buy,np.float64(394.5653049663786),np.float64(85.0),np.float64(33538.05092214218),np.float64(16.76902546107109),np.float64(0.9990004997501251),
2018-07-16,COST,sell,np.float64(159.31052119581122),np.float64(216.64),np.float64(34513.03131186054),np.float64(17.256515655930272),,
2018-07-16,JPM,sell,np.float64(320.29463205178286),np.float64(107.05),np.float64(34287.54036114335),np.float64(17.143770180571675),,
2018-07-16,TSLA,sell,np.float64(107.49719837860887),np.float64(311.71),np.float64(33507.95170659617),np.float64(16.753975853298087),,
2018-07-16,WMT,sell,np.float64(394.5653049663786),np.float64(87.62),np.float64(34571.812021154095),np.float64(17.285906010577047),,
2018-07-16,AVGO,buy,np.float64(168.3526199623777),np.float64(201.6),np.float64(33939.888184415344),np.float64(16.969944092207673),np.float64(0.9990004997501247),
2018-07-16,CSCO,buy,np.float64(23.40001744724707),np.float64(42.05),np.float64(983.9707336567392),np.float64(0.49198536682836963),np.float64(0.9990004997501247),
2018-07-16,JNJ,buy,np.float64(269.3641919398043),np.float64(126.0),np.float64(33939.888184415344),np.float64(16.969944092207673),np.float64(0.9990004997501247),
2018-07-16,KO,buy,np.float64(758.7723716614206),np.float64(44.73),np.float64(33939.888184415344),np.float64(16.969944092207673),np.float64(0.9990004997501247),
2018-07-16,NFLX,buy,np.float64(85.06664039404316),np.float64(398.98),np.float64(33939.888184415344),np.float64(16.969944092207673),np.float64(0.9990004997501247),
2018-07-23,AVGO,sell,np.float64(168.3526199623777),np.float64(210.41),np.float64(35423.07476628389),np.float64(17.711537383141945),,
2018-07-23,CSCO,sell,np.float64(807.9158284915086),np.float64(41.92),np.float64(33867.83153036404),np.float64(16.93391576518202),,
2018-07-23,JNJ,sell,np.float64(269.3641919398043),np.float64(125.75),np.float64(33872.54713643039),np.float64(16.936273568215196),,
2018-07-23,KO,sell,np.float64(758.7723716614206),np.float64(45.28),np.float64(34357.212988829124),np.float64(17.178606494414563),,
2018-07-23,GOOGL,buy,np.float64(28.085569902763368),np.float64(1195.66),np.float64(33580.79250993805),np.float64(16.790396254969025),np.float64(0.9990004997501247),
2018-07-23,MU,buy,np.float64(627.5610635383676),np.float64(53.51),np.float64(33580.79250993805),np.float64(16.790396254969025),np.float64(0.9990004997501247),
2018-07-23,NFLX,buy,np.float64(8.520352185323256),np.float64(359.1453),np.float64(3060.044441703577),np.float64(1.5300222208517884),np.float64(0.9990004997501247),
2018-07-23,TSLA,buy,np.float64(111.25361950019233),np.float64(301.84),np.float64(33580.79250993805),np.float64(16.790396254969025),np.float64(0.9990004997501247),
2018-07-23,XOM,buy,np.float64(409.77172068258756),np.float64(81.95),np.float64(33580.79250993805),np.float64(16.790396254969025),np.float64(0.9990004997501247),
2018-07-30,GOOGL,sell,np.float64(28.085569902763368),np.float64(1245.05),np.float64(34967.93880743553),np.float64(17.483969403717765),,
2018-07-30,MU,sell,np.float64(627.5610635383676),np.float64(54.19),np.float64(34007.53403314414),np.float64(17.00376701657207),,
2018-07-30,NFLX,sell,np.float64(93.58699257936642),np.float64(351.93),np.float64(32936.07029845643),np.float64(16.468035149228214),,
2018-07-30,XOM,sell,np.float64(409.77172068258756),np.float64(82.13),np.float64(33654.551419660915),np.float64(16.827275709830456),,
2018-07-30,CRM,buy,np.float64(234.5236710730876),np.float64(143.54),np.float64(33663.527745830994),np.float64(16.8317638729155),np.float64(0.9990004997501251),
2018-07-30,INTC,buy,np.float64(706.7715252116521),np.float64(47.63),np.float64(33663.527745830994),np.float64(16.8317638729155),np.float64(0.9990004997501251),
2018-07-30,META,buy,np.float64(192.03381486497997),np.float64(175.3),np.float64(33663.527745830994),np.float64(16.8317638729155),np.float64(0.9990004997501251),
2018-07-30,PEP,buy,np.float64(295.8650707139303),np.float64(113.78),np.float64(33663.527745830994),np.float64(16.8317638729155),np.float64(0.9990004997501251),
2018-07-30,TSLA,buy,np.float64(2.624147448418575),np.float64(295.9),np.float64(776.4852299870563),np.float64(0.38824261499352813),np.float64(0.9990004997501251),
2018-08-06,INTC,sell,np.float64(706.7715252116521),np.float64(48.77),np.float64(34469.24728457228),np.float64(17.23462364228614),,
2018-08-06,META,sell,np.float64(192.03381486497997),np.float64(178.97),np.float64(34368.291846385466),np.float64(17.184145923192734),,
2018-08-06,PEP,sell,np.float64(295.8650707139303),np.float64(117.25),np.float64(34690.17954120833),np.float64(17.345089770604165),,
2018-08-06,TSLA,sell,np.float64(113.8777669486109),np.float64(345.46),np.float64(39340.21337006712),np.float64(19.67010668503356),,
2018-08-06,ADBE,buy,np.float64(139.2309092062334),np.float64(252.74),np.float64(35189.21999278343),np.float64(17.594609996391714),np.float64(0.9990012403342347),
2018-08-06,CRM,buy,np.float64(15.47434901086091),np.float64(140.89),np.float64(2180.1810321401936),np.float64(1.0900905160700969),np.float64(0.9990012403342347),
2018-08-06,GOOGL,buy,np.float64(28.34160484595278),np.float64(1241.61),np.float64(35189.21999278343),np.float64(17.594609996391714),np.float64(0.9990012403342347),
2018-08-06,NFLX,buy,np.float64(102.63278317398533),np.float64(342.8653),np.float64(35189.21999278343),np.float64(17.594609996391714),np.float64(0.9990012403342347),
2018-08-06,XOM,buy,np.float64(438.49495318110195),np.float64(80.25),np.float64(35189.21999278343),np.float64(17.594609996391714),np.float64(0.9990012403342347),
2018-08-13,ADBE,sell,np.float64(139.2309092062334),np.float64(254.16),np.float64(35386.92788385628),np.float64(17.69346394192814),,
2018-08-13,CRM,sell,np.float64(249.99802008394852),np.float64(145.63),np.float64(36407.21166482542),np.float64(18.203605832412713),,
2018-08-13,GOOGL,sell,np.float64(28.34160484595278),np.float64(1251.2),np.float64(35461.01598325612),np.float64(17.73050799162806),,
2018-08-13,NFLX,sell,np.float64(102.63278317398533),np.float64(339.89),np.float64(34883.856673005874),np.float64(17.441928336502937),,
2018-08-13,XOM,sell,np.float64(438.49495318110195),np.float64(79.45),np.float64(34838.42403023855),np.float64(17.419212015119275),,
2018-08-13,AVGO,buy,np.float64(167.40839443606635),np.float64(211.65),np.float64(35431.98668239344),np.float64(17.71599334119672),np.float64(0.9990015130360277),
2018-08-13,COST,buy,np.float64(160.30397087451226),np.float64(221.03),np.float64(35431.98668239344),np.float64(17.71599334119672),np.float64(0.9990015130360277),
2018-08-13,KO,buy,np.float64(769.4242493462203),np.float64(46.05),np.float64(35431.98668239344),np.float64(17.71599334119672),np.float64(0.9990015130360277),
2018-08-13,MU,buy,np.float64(686.5333594728434),np.float64(51.61),np.float64(35431.98668239344),np.float64(17.71599334119672),np.float64(0.9990015130360277),
2018-08-13,PEP,buy,np.float64(314.08551265307545),np.float64(112.81),np.float64(35431.98668239344),np.float64(17.71599334119672),np.float64(0.9990015130360277),
2018-08-20,AVGO,sell,np.float64(167.40839443606635),np.float64(209.48),np.float64(35068.71046646718),np.float64(17.53435523323359),,
2018-08-20,COST,sell,np.float64(160.30397087451226),np.float64(226.0),np.float64(36228.69741763977),np.float64(18.114348708819886),,
2018-08-20,KO,sell,np.float64(769.4242493462203),np.float64(46.68),np.float64(35916.72395948156),np.float64(17.958361979740783),,
2018-08-20,PEP,sell,np.float64(314.08551265307545),np.float64(114.99),np.float64(36116.69309997714),np.float64(18.05834654998857),,
2018-08-20,AMAT,buy,np.float64(802.2681350169078),np.float64(43.8),np.float64(35139.344313740556),np.float64(17.56967215687028),np.float64(0.9990004997501246),
2018-08-20,MU,buy,np.float64(55.48920871851348),np.float64(47.4),np.float64(2630.188493257539),np.float64(1.3150942466287696),np.float64(0.9990004997501246),
2018-08-20,NFLX,buy,np.float64(111.68110956566412),np.float64(314.64),np.float64(35139.344313740556),np.float64(17.56967215687028),np.float64(0.9990004997501246),
2018-08-20,NVDA,buy,np.float64(144.49931866823158),np.float64(243.18),np.float64(35139.344313740556),np.float64(17.56967215687028),np.float64(0.9990004997501246),
2018-08-20,TSLA,buy,np.float64(120.46253923501278),np.float64(291.7035),np.float64(35139.344313740556),np.float64(17.56967215687028),np.float64(0.9990004997501246),
2018-08-27,AMAT,sell,np.float64(802.2681350169078),np.float64(42.96),np.float64(34465.43908032636),np.float64(17.23271954016318),,
2018-08-27,MU,sell,np.float64(742.0225681913569),np.float64(51.35),np.float64(38102.858876626175),np.float64(19.051429438313086),,
2018-08-27,NFLX,sell,np.float64(111.68110956566412),np.float64(367.1453),np.float64(41003.19447581862),np.float64(20.501597237909312),,
2018-08-27,NVDA,sell,np.float64(144.49931866823158),np.float64(273.42),np.float64(39509.00371026788),np.float64(19.75450185513394),,
2018-08-27,TSLA,sell,np.float64(120.46253923501278),np.float64(318.0),np.float64(38307.087476734065),np.float64(19.153543738367034),,
2018-08-27,AAPL,buy,np.float64(176.24376248897576),np.float64(217.15),np.float64(38271.333024481086),np.float64(19.135666512240544),np.float64(0.9990009183747233),
2018-08-27,JPM,buy,np.float64(332.15876605173656),np.float64(115.22),np.float64(38271.333024481086),np.float64(19.135666512240544),np.float64(0.9990009183747233),
2018-08-27,KO,buy,np.float64(831.0821503687532),np.float64(46.05),np.float64(38271.333024481086),np.float64(19.135666512240544),np.float64(0.9990009183747233),
2018-08-27,PEP,buy,np.float64(339.9478861652255),np.float64(112.58),np.float64(38271.333024481086),np.float64(19.135666512240544),np.float64(0.9990009183747233),
2018-08-27,WMT,buy,np.float64(401.75659274072103),np.float64(95.26),np.float64(38271.333024481086),np.float64(19.135666512240544),np.float64(0.9990009183747233),
2018-09-04,AAPL,sell,np.float64(176.24376248897576),np.float64(228.41),np.float64(40255.837790106954),np.float64(20.127918895053476),,
2018-09-04,JPM,sell,np.float64(332.15876605173656),np.float64(114.35),np.float64(37982.35489801608),np.float64(18.99117744900804),,
2018-09-04,PEP,sell,np.float64(339.9478861652255),np.float64(111.82),np.float64(38012.972630995515),np.float64(19.006486315497757),,
2018-09-04,WMT,sell,np.float64(401.75659274072103),np.float64(95.76),np.float64(38472.21132085145),np.float64(19.236105660425725),,
2018-09-04,GOOGL,buy,np.float64(31.34475456479514),np.float64(1222.52),np.float64(38319.58935055335),np.float64(19.159794675276675),np.float64(0.9990004997501247),
2018-09-04,JNJ,buy,np.float64(284.50211114821707),np.float64(134.69),np.float64(38319.58935055335),np.float64(19.159794675276675),np.float64(0.9990004997501247),
2018-09-04,KO,buy,np.float64(28.932134173618774),np.float64(44.6),np.float64(1290.3731841433973),np.float64(0.6451865920716987),np.float64(0.9990004997501247),
2018-09-04,ORCL,buy,np.float64(792.3819137831546),np.float64(48.36),np.float64(38319.58935055335),np.float64(19.159794675276675),np.float64(0.9990004997501247),
2018-09-04,TSLA,buy,np.float64(129.04825672039252),np.float64(296.94),np.float64(38319.58935055335),np.float64(19.159794675276675),np.float64(0.9990004997501247),
2018-09-10,JNJ,sell,np.float64(284.50211114821707),np.float64(137.53),np.float64(39127.5753462143),np.float64(19.56378767310715),,
2018-09-10,KO,sell,np.float64(860.014284542372),np.float64(45.91),np.float64(39483.2558033403),np.float64(19.74162790167015),,
2018-09-10,ORCL,sell,np.float64(792.3819137831546),np.float64(48.0),np.float64(38034.33186159142),np.float64(19.01716593079571),,
2018-09-10,AMAT,buy,np.float64(941.8374818784714),np.float64(40.1),np.float64(37767.6830233267),np.float64(18.883841511663352),np.float64(0.9990004997501251),
2018-09-10,GOOGL,buy,np.float64(0.5795681270880926),np.float64(1184.2),np.float64(686.3245760977193),np.float64(0.3431622880488596),np.float64(0.9990004997501251),
2018-09-10,META,buy,np.float64(230.98087593007585),np.float64(163.51),np.float64(37767.6830233267),np.float64(18.883841511663352),np.float64(0.9990004997501251),
2018-09-10,MU,buy,np.float64(834.6449286923029),np.float64(45.25),np.float64(37767.6830233267),np.float64(18.883841511663352),np.float64(0.9990004997501251),
2018-09-10,TSLA,buy,np.float64(9.29225827231158),np.float64(273.26),np.float64(2539.2024954918625),np.float64(1.2696012477459313),np.float64(0.9990004997501251),
2018-09-17,GOOGL,sell,np.float64(31.92432269188323),np.float64(1177.77),np.float64(37599.509536819314),np.float64(18.799754768409656),,
2018-09-17,META,sell,np.float64(230.98087593007585),np.float64(161.92),np.float64(37400.42343059788),np.float64(18.70021171529894),,
2018-09-17,MU,sell,np.float64(834.6449286923029),np.float64(43.64),np.float64(36423.9046881321),np.float64(18.21195234406605),,
2018-09-17,TSLA,sell,np.float64(138.3405149927041),np.float64(290.04),np.float64(40124.2829684839),np.float64(20.062141484241952),,
2018-09-17,AMAT,buy,np.float64(24.67282932035217),np.float64(38.95),np.float64(961.0067020277172),np.float64(0.4805033510138586),np.float64(0.9990004997501251),
2018-09-17,COST,buy,np.float64(160.68063908567638),np.float64(234.06),np.float64(37608.91038439341),np.float64(18.804455192196706),np.float64(0.9990004997501251),
2018-09-17,INTC,buy,np.float64(830.4020840007378),np.float64(45.29),np.float64(37608.91038439341),np.float64(18.804455192196706),np.float64(0.9990004997501251),
2018-09-17,JPM,buy,np.float64(330.5115597538748),np.float64(113.79),np.float64(37608.91038439341),np.float64(18.804455192196706),np.float64(0.9990004997501251),
2018-09-17,WMT,buy,np.float64(396.9278140833078),np.float64(94.75),np.float64(37608.91038439341),np.float64(18.804455192196706),np.float64(0.9990004997501251),
2018-09-24,AMAT,sell,np.float64(966.5103111988236),np.float64(39.24),np.float64(37925.86461144184),np.float64(18.96293230572092),,
2018-09-24,COST,sell,np.float64(160.68063908567638),np.float64(234.19),np.float64(37629.79886747455),np.float64(18.814899433737274),,
2018-09-24,INTC,sell,np.float64(830.4020840007378),np.float64(46.31),np.float64(38455.92051007417),np.float64(19.227960255037083),,
2018-09-24,JPM,sell,np.float64(330.5115597538748),np.float64(117.76),np.float64(38921.0412766163),np.float64(19.46052063830815),,
2018-09-24,WMT,sell,np.float64(396.9278140833078),np.float64(95.42),np.float64(37874.85201982923),np.float64(18.937426009914617),,
2018-09-24,AAPL,buy,np.float64(175.8457243212281),np.float64(216.8),np.float64(38123.35303284225),np.float64(19.061676516421127),np.float64(0.9990004997501248),
2018-09-24,ADBE,buy,np.float64(146.6282808955471),np.float64(260.0),np.float64(38123.35303284225),np.float64(19.061676516421127),np.float64(0.9990004997501248),
2018-09-24,AMD,buy,np.float64(1224.6499528699728),np.float64(31.13),np.float64(38123.35303284225),np.float64(19.061676516421127),np.float64(0.9990004997501248),
2018-09-24,AMZN,buy,np.float64(20.024978087311233),np.float64(1903.79),np.float64(38123.35303284225),np.float64(19.061676516421127),np.float64(0.9990004997501248),
2018-09-24,NVDA,buy,np.float64(145.3979902091619),np.float64(262.2),np.float64(38123.35303284225),np.float64(19.061676516421127),np.float64(0.9990004997501248),
2018-10-01,AAPL,sell,np.float64(175.8457243212281),np.float64(227.95),np.float64(40084.032859023944),np.float64(20.04201642951197),,
2018-10-01,ADBE,sell,np.float64(146.6282808955471),np.float64(271.76),np.float64(39847.70161617388),np.float64(19.92385080808694),,
2018-10-01,AMD,sell,np.float64(1224.6499528699728),np.float64(30.62),np.float64(37498.781556878566),np.float64(18.749390778439285),,
2018-10-01,AMZN,sell,np.float64(20.024978087311233),np.float64(2021.99),np.float64(40490.30544276244),np.float64(20.24515272138122),,
2018-10-01,NVDA,sell,np.float64(145.3979902091619),np.float64(284.16),np.float64(41316.29289783545),np.float64(20.658146448917723),,
2018-10-01,JNJ,buy,np.float64(287.9183810604288),np.float64(138.26),np.float64(39807.59536541488),np.float64(19.90379768270744),np.float64(0.9990004997501252),
2018-10-01,JPM,buy,np.float64(351.129887672355),np.float64(113.37),np.float64(39807.59536541488),np.float64(19.90379768270744),np.float64(0.9990004997501252),
2018-10-01,PEP,buy,np.float64(354.9495797183672),np.float64(112.15),np.float64(39807.59536541488),np.float64(19.90379768270744),np.float64(0.9990004997501252),
2018-10-01,QCOM,buy,np.float64(549.3733834586653),np.float64(72.46),np.float64(39807.59536541488),np.float64(19.90379768270744),np.float64(0.9990004997501252),
2018-10-01,TSLA,buy,np.float64(130.18803468428848),np.float64(305.77),np.float64(39807.59536541488),np.float64(19.90379768270744),np.float64(0.9990004997501252),
2018-10-08,JNJ,sell,np.float64(287.9183810604288),np.float64(138.88),np.float64(39986.10476167235),np.float64(19.993052380836176),,
2018-10-08,JPM,sell,np.float64(351.129887672355),np.float64(114.25),np.float64(40116.58966656656),np.float64(20.058294833283277),,
2018-10-08,QCOM,sell,np.float64(549.3733834586653),np.float64(70.78),np.float64(38884.64808120433),np.float64(19.442324040602166),,
2018-10-08,TSLA,sell,np.float64(130.18803468428848),np.float64(264.52),np.float64(34437.338934687985),np.float64(17.218669467343993),,
2018-10-08,AMD,buy,np.float64(1428.4304344533232),np.float64(26.78),np.float64(38253.36703466),np.float64(19.126683517329997),np.float64(0.9990014130660847),
2018-10-08,AMZN,buy,np.float64(20.412682515827107),np.float64(1874.0),np.float64(38253.36703466),np.float64(19.126683517329997),np.float64(0.9990014130660847),
2018-10-08,COST,buy,np.float64(174.40214750916385),np.float64(219.34),np.float64(38253.36703466),np.float64(19.126683517329997),np.float64(0.9990014130660847),
2018-10-08,ORCL,buy,np.float64(776.4028218928353),np.float64(49.27),np.float64(38253.36703466),np.float64(19.126683517329997),np.float64(0.9990014130660847),
2018-10-08,PEP,buy,np.float64(5.064204836635424),np.float64(106.36),np.float64(538.6288264245437),np.float64(0.26931441321227184),np.float64(0.9990014130660847),
2018-10-15,AMD,sell,np.float64(1428.4304344533232),np.float64(26.38),np.float64(37681.994860878665),np.float64(18.840997430439334),,
2018-10-15,AMZN,sell,np.float64(20.412682515827107),np.float64(1795.0),np.float64(36640.76511590966),np.float64(18.32038255795483),,
2018-10-15,COST,sell,np.float64(174.40214750916385),np.float64(226.25),np.float64(39458.485873948324),np.float64(19.729242936974163),,
2018-10-15,ORCL,sell,np.float64(776.4028218928353),np.float64(46.96),np.float64(36459.87651608755),np.float64(18.229938258043774),,
2018-10-15,PEP,sell,np.float64(360.01378455500264),np.float64(105.2),np.float64(37873.45013518628),np.float64(18.93672506759314),,
2018-10-15,AMAT,buy,np.float64(1124.8444662352981),np.float64(33.44),np.float64(37614.79895090836),np.float64(18.807399475454183),np.float64(0.9990008913393595),
2018-10-15,CSCO,buy,np.float64(826.3356535788304),np.float64(45.52),np.float64(37614.79895090836),np.float64(18.807399475454183),np.float64(0.9990008913393595),
2018-10-15,JPM,buy,np.float64(350.88431857190636),np.float64(107.2),np.float64(37614.79895090836),np.float64(18.807399475454183),np.float64(0.9990008913393595),
2018-10-15,NVDA,buy,np.float64(152.90568679231043),np.float64(246.0),np.float64(37614.79895090836),np.float64(18.807399475454183),np.float64(0.9990008913393595),
2018-10-15,QCOM,buy,np.float64(585.6266378780689),np.float64(64.23),np.float64(37614.79895090836),np.float64(18.807399475454183),np.float64(0.9990008913393595),
2018-10-22,AMAT,sell,np.float64(1124.8444662352981),np.float64(34.39),np.float64(38683.4011938319),np.float64(19.341700596915953),,
2018-10-22,CSCO,sell,np.float64(826.3356535788304),np.float64(45.77),np.float64(37821.38286430307),np.float64(18.910691432151538),,
2018-10-22,JPM,sell,np.float64(350.88431857190636),np.float64(108.17),np.float64(37955.15673992311),np.float64(18.977578369961556),,
2018-10-22,QCOM,sell,np.float64(585.6266378780689),np.float64(65.69),np.float64(38469.813842210344),np.float64(19.23490692110517),,
2018-10-22,AMD,buy,np.float64(1538.0669026946312),np.float64(24.46),np.float64(37621.11643991068),np.float64(18.81055821995534),np.float64(0.9990004997501247),
2018-10-22,AVGO,buy,np.float64(163.17278122792627),np.float64(230.56),np.float64(37621.11643991068),np.float64(18.81055821995534),np.float64(0.9990004997501247),
2018-10-22,CRM,buy,np.float64(265.105464307735),np.float64(141.91),np.float64(37621.11643991068),np.float64(18.81055821995534),np.float64(0.9990004997501247),
2018-10-22,MU,buy,np.float64(927.5423185382317),np.float64(40.56),np.float64(37621.11643991068),np.float64(18.81055821995534),np.float64(0.9990004997501247),
2018-10-22,NVDA,buy,np.float64(9.911948947809668),np.float64(231.28),np.float64(2292.43555264942),np.float64(1.1462177763247101),np.float64(0.9990004997501247),
2018-10-29,AVGO,sell,np.float64(163.17278122792627),np.float64(216.19),np.float64(35276.32357366538),np.float64(17.63816178683269),,
2018-10-29,CRM,sell,np.float64(265.105464307735),np.float64(138.1),np.float64(36611.06462089821),np.float64(18.305532310449102),,
2018-10-29,MU,sell,np.float64(5.405431990187257),np.float64(36.14),np.float64(195.35231212536746),np.float64(0.09767615606268373),,
2018-10-29,AMD,buy,np.float64(291.73605769252674),np.float64(18.21),np.float64(5312.513610580912),np.float64(2.6562568052904565),np.float64(0.9990004997501251),
2018-10-29,NFLX,buy,np.float64(109.0634793535107),np.float64(305.26),np.float64(33292.71770745268),np.float64(16.64635885372634),np.float64(0.9990004997501251),
2018-10-29,NVDA,buy,np.float64(0.5526975050472382),np.float64(203.99),np.float64(112.74476405458614),np.float64(0.05637238202729307),np.float64(0.9990004997501251),
2018-10-29,XOM,buy,np.float64(426.4470053471587),np.float64(78.07),np.float64(33292.71770745268),np.float64(16.64635885372634),np.float64(0.9990004997501251),
2018-11-05,AMD,sell,np.float64(1829.8029603871578),np.float64(20.12),np.float64(36815.63556298961),np.float64(18.407817781494806),,
2018-11-05,MU,sell,np.float64(922.1368865480445),np.float64(40.1),np.float64(36977.68915057658),np.float64(18.48884457528829),,
2018-11-05,NFLX,sell,np.float64(109.0634793535107),np.float64(311.1),np.float64(33929.64842687718),np.float64(16.96482421343859),,
2018-11-05,NVDA,sell,np.float64(163.37033324516733),np.float64(214.39),np.float64(35024.96574443142),np.float64(17.51248287221571),,
2018-11-05,XOM,sell,np.float64(426.4470053471587),np.float64(82.5),np.float64(35181.87794114059),np.float64(17.590938970570296),,
2018-11-05,AAPL,buy,np.float64(174.04482123728343),np.float64(204.26),np.float64(35550.39518592751),np.float64(17.775197592963757),np.float64(0.9990004997501248),
2018-11-05,ADBE,buy,np.float64(148.1266466080313),np.float64(240.0),np.float64(35550.39518592751),np.float64(17.775197592963757),np.float64(0.9990004997501248),
2018-11-05,GOOGL,buy,np.float64(33.14629444950492),np.float64(1072.53),np.float64(35550.39518592751),np.float64(17.775197592963757),np.float64(0.9990004997501248),
2018-11-05,MSFT,buy,np.float64(334.21448891536625),np.float64(106.37),np.float64(35550.39518592751),np.float64(17.775197592963757),np.float64(0.9990004997501248),
2018-11-05,PEP,buy,np.float64(318.29523848086234),np.float64(111.69),np.float64(35550.39518592751),np.float64(17.775197592963757),np.float64(0.9990004997501248),
2018-11-12,AAPL,sell,np.float64(174.04482123728343),np.float64(199.0),np.float64(34634.9194262194),np.float64(17.3174597131097),,
2018-11-12,ADBE,sell,np.float64(148.1266466080313),np.float64(244.14),np.float64(36163.63950288476),np.float64(18.08181975144238),,
2018-11-12,GOOGL,sell,np.float64(33.14629444950492),np.float64(1073.13),np.float64(35570.28296259722),np.float64(17.785141481298613),,
2018-11-12,MSFT,sell,np.float64(334.21448891536625),np.float64(109.42),np.float64(36569.74937711938),np.float64(18.28487468855969),,
2018-11-12,PEP,sell,np.float64(318.29523848086234),np.float64(117.0),np.float64(37240.542902260895),np.float64(18.62027145113045),,
2018-11-12,AMAT,buy,np.float64(1068.0464530468198),np.float64(33.73),np.float64(36025.20686126923),np.float64(18.012603430634616),np.float64(0.9990008518989532),
2018-11-12,META,buy,np.float64(249.343901310003),np.float64(144.48),np.float64(36025.20686126923),np.float64(18.012603430634616),np.float64(0.9990008518989532),
2018-11-12,MU,buy,np.float64(942.0817693846556),np.float64(38.24),np.float64(36025.20686126923),np.float64(18.012603430634616),np.float64(0.9990008518989532),
2018-11-12,NVDA,buy,np.float64(178.36026765654634),np.float64(201.98),np.float64(36025.20686126923),np.float64(18.012603430634616),np.float64(0.9990008518989532),
2018-11-12,QCOM,buy,np.float64(639.0847411968996),np.float64(56.37),np.float64(36025.20686126923),np.float64(18.012603430634616),np.float64(0.9990008518989532),
2018-11-19,AMAT,sell,np.float64(1068.0464530468198),np.float64(35.24),np.float64(37637.957005369935),np.float64(18.818978502684967),,
2018-11-19,META,sell,np.float64(249.343901310003),np.float64(137.61),np.float64(34312.214259269516),np.float64(17.15610712963476),,
2018-11-19,MU,sell,np.float64(942.0817693846556),np.float64(39.2),np.float64(36929.6053598785),np.float64(18.46480267993925),,
2018-11-19,QCOM,sell,np.float64(639.0847411968996),np.float64(55.85),np.float64(35692.88279584684),np.float64(17.84644139792342),,
2018-11-19,AAPL,buy,np.float64(182.3749728724639),np.float64(190.0),np.float64(34651.24484576814),np.float64(17.32562242288407),np.float64(0.9990004997501245),
2018-11-19,AMZN,buy,np.float64(21.972748965300244),np.float64(1577.01),np.float64(34651.24484576814),np.float64(17.32562242288407),np.float64(0.9990004997501245),
2018-11-19,NFLX,buy,np.float64(122.10171199044412),np.float64(283.79),np.float64(34651.24484576814),np.float64(17.32562242288407),np.float64(0.9990004997501245),
2018-11-19,NVDA,buy,np.float64(35.992209828026716),np.float64(161.79),np.float64(5823.179628076442),np.float64(2.911589814038221),np.float64(0.9990004997501245),
2018-11-19,WMT,buy,np.float64(353.8007437795399),np.float64(97.94),np.float64(34651.24484576814),np.float64(17.32562242288407),np.float64(0.9990004997501245),
2018-11-26,AMZN,sell,np.float64(21.972748965300244),np.float64(1539.0),np.float64(33816.060657597074),np.float64(16.90803032879854),,
2018-11-26,WMT,sell,np.float64(353.8007437795399),np.float64(95.88),np.float64(33922.415313582285),np.float64(16.961207656791142),,
2018-11-26,AAPL,buy,np.float64(5.24418935259891),np.float64(174.24),np.float64(913.747552796834),np.float64(0.45687377639841703),np.float64(0.9990004997501246),
2018-11-26,META,buy,np.float64(245.55640369465405),np.float64(133.0),np.float64(32659.00169138899),np.float64(16.329500845694493),np.float64(0.9990004997501246),
2018-11-26,MU,buy,np.float64(865.1391176526885),np.float64(37.75),np.float64(32659.00169138899),np.float64(16.329500845694493),np.float64(0.9990004997501246),
2018-11-26,NFLX,buy,np.float64(3.3667178448926878),np.float64(260.55),np.float64(877.1983344867898),np.float64(0.4385991672433949),np.float64(0.9990004997501246),
2018-11-26,NVDA,buy,np.float64(3.7482292178156986),np.float64(149.89),np.float64(561.822077458395),np.float64(0.28091103872919754),np.float64(0.9990004997501246),
2018-12-03,AAPL,sell,np.float64(187.6191622250628),np.float64(184.46),np.float64(34608.23066403509),np.float64(17.304115332017545),,
2018-12-03,META,sell,np.float64(245.55640369465405),np.float64(143.0),np.float64(35114.56572833553),np.float64(17.557282864167767),,
2018-12-03,MU,sell,np.float64(865.1391176526885),np.float64(40.2),np.float64(34778.59252963808),np.float64(17.38929626481904),,
2018-12-03,NFLX,sell,np.float64(125.4684298353368),np.float64(293.19),np.float64(36786.0889434224),np.float64(18.3930444717112),,
2018-12-03,NVDA,sell,np.float64(218.10070670238875),np.float64(172.6),np.float64(37644.1819768323),np.float64(18.82209098841615),,
2018-12-03,JNJ,buy,np.float64(245.6381071337172),np.float64(145.57),np.float64(35757.53925545521),np.float64(17.878769627727603),np.float64(0.9990005971947944),
2018-12-03,JPM,buy,np.float64(317.9861205465114),np.float64(112.45),np.float64(35757.53925545521),np.float64(17.878769627727603),np.float64(0.9990005971947944),
2018-12-03,KO,buy,np.float64(717.0150241719513),np.float64(49.87),np.float64(35757.53925545521),np.float64(17.878769627727603),np.float64(0.9990005971947944),
2018-12-03,ORCL,buy,np.float64(723.2511985326702),np.float64(49.44),np.float64(35757.53925545521),np.float64(17.878769627727603),np.float64(0.9990005971947944),
2018-12-03,WMT,buy,np.float64(364.798400892218),np.float64(98.02),np.float64(35757.53925545521),np.float64(17.878769627727603),np.float64(0.9990005971947944),
2018-12-10,JNJ,sell,np.float64(245.6381071337172),np.float64(145.39),np.float64(35713.32439617114),np.float64(17.85666219808557),,
2018-12-10,KO,sell,np.float64(717.0150241719513),np.float64(49.45),np.float64(35456.39294530299),np.float64(17.728196472651497),,
2018-12-10,ORCL,sell,np.float64(723.2511985326702),np.float64(46.01),np.float64(33276.787644488155),np.float64(16.638393822244076),,
2018-12-10,WMT,sell,np.float64(364.798400892218),np.float64(93.56),np.float64(34130.53838747592),np.float64(17.06526919373796),,
2018-12-10,AAPL,buy,np.float64(207.64062903036472),np.float64(165.0),np.float64(34260.70379001018),np.float64(17.130351895005088),np.float64(0.99900118291228),
2018-12-10,AMAT,buy,np.float64(1018.4513611774726),np.float64(33.64),np.float64(34260.70379001018),np.float64(17.130351895005088),np.float64(0.99900118291228),
2018-12-10,JPM,buy,np.float64(15.412412912683626),np.float64(102.86),np.float64(1585.3207921986377),np.float64(0.7926603960993189),np.float64(0.99900118291228),
2018-12-10,MU,buy,np.float64(983.6550040198157),np.float64(34.83),np.float64(34260.70379001018),np.float64(17.130351895005088),np.float64(0.99900118291228),
2018-12-10,NFLX,buy,np.float64(129.68206135739499),np.float64(264.19),np.float64(34260.70379001018),np.float64(17.130351895005088),np.float64(0.99900118291228),
2018-12-17,AAPL,sell,np.float64(207.64062903036472),np.float64(165.45),np.float64(34354.14207307384),np.float64(17.17707103653692),,
2018-12-17,MU,sell,np.float64(983.6550040198157),np.float64(34.16),np.float64(33601.654937316904),np.float64(16.80082746865845),,
2018-12-17,NFLX,sell,np.float64(129.68206135739499),np.float64(266.51),np.float64(34561.56617235934),np.float64(17.280783086179667),,
2018-12-17,AMAT,buy,np.float64(20.2772636627954),np.float64(32.52),np.float64(659.4166143141064),np.float64(0.3297083071570532),np.float64(0.9990004997501251),
2018-12-17,COST,buy,np.float64(163.27826298279123),np.float64(206.68),np.float64(33746.351393283294),np.float64(16.873175696641646),np.float64(0.9990004997501251),
2018-12-17,JNJ,buy,np.float64(262.98590549628506),np.float64(128.32),np.float64(33746.351393283294),np.float64(16.873175696641646),np.float64(0.9990004997501251),
2018-12-17,JPM,buy,np.float64(5.176167770556482),np.float64(99.77),np.float64(516.4262584684202),np.float64(0.2582131292342101),np.float64(0.9990004997501251),
2018-12-17,XOM,buy,np.float64(448.39690929156643),np.float64(75.26),np.float64(33746.351393283294),np.float64(16.873175696641646),np.float64(0.9990004997501251),
2018-12-24,AMAT,sell,np.float64(1038.728624840268),np.float64(30.0),np.float64(31161.85874520804),np.float64(15.58092937260402),,
2018-12-24,COST,sell,np.float64(163.27826298279123),np.float64(193.9),np.float64(31659.65519236322),np.float64(15.82982759618161),,
2018-12-24,JNJ,sell,np.float64(262.98590549628506),np.float64(127.3),np.float64(33478.10576967709),np.float64(16.739052884838543),,
2018-12-24,JPM,sell,np.float64(338.57470122975155),np.float64(92.89),np.float64(31450.203997231623),np.float64(15.725101998615813),,
2018-12-24,AMD,buy,np.float64(1907.7054446903983),np.float64(16.52),np.float64(31515.29394628538),np.float64(15.75764697314269),np.float64(0.9990004997501248),
2018-12-24,AMZN,buy,np.float64(23.414037107195675),np.float64(1346.0),np.float64(31515.29394628538),np.float64(15.75764697314269),np.float64(0.9990004997501248),
2018-12-24,META,buy,np.float64(256.0137607334312),np.float64(123.1),np.float64(31515.29394628538),np.float64(15.75764697314269),np.float64(0.9990004997501248),
2018-12-24,MU,buy,np.float64(1055.4351623002472),np.float64(29.86),np.float64(31515.29394628538),np.float64(15.75764697314269),np.float64(0.9990004997501248),
2018-12-24,XOM,buy,np.float64(23.34323222109056),np.float64(66.87),np.float64(1560.9619386243257),np.float64(0.7804809693121629),np.float64(0.9990004997501248),
2018-12-31,AMD,sell,np.float64(1907.7054446903983),np.float64(18.15),np.float64(34624.853821130724),np.float64(17.312426910565364),,
2018-12-31,AMZN,sell,np.float64(23.414037107195675),np.float64(1510.8),np.float64(35373.92726155122),np.float64(17.68696363077561),,
2018-12-31,META,sell,np.float64(256.0137607334312),np.float64(134.45),np.float64(34421.05013060982),np.float64(17.21052506530491),,
2018-12-31,MU,sell,np.float64(1055.4351623002472),np.float64(31.99),np.float64(33763.370841984906),np.float64(16.881685420992454),,
2018-12-31,JNJ,buy,np.float64(265.629834917398),np.float64(128.18),np.float64(34048.43223971208),np.float64(17.02421611985604),np.float64(0.9990004997501248),
2018-12-31,KO,buy,np.float64(716.9600387389361),np.float64(47.49),np.float64(34048.43223971208),np.float64(17.02421611985604),np.float64(0.9990004997501248),
2018-12-31,MSFT,buy,np.float64(336.14801302904607),np.float64(101.29),np.float64(34048.43223971208),np.float64(17.02421611985604),np.float64(0.9990004997501248),
2018-12-31,ORCL,buy,np.float64(753.4505917174614),np.float64(45.19),np.float64(34048.43223971208),np.float64(17.02421611985604),np.float64(0.9990004997501248),
2018-12-31,XOM,buy,np.float64(27.098345308043946),np.float64(68.32),np.float64(1851.3589514455623),np.float64(0.9256794757227812),np.float64(0.9990004997501248),
2019-01-07,MSFT,sell,np.float64(336.14801302904607),np.float64(101.64),np.float64(34166.08404427224),np.float64(17.08304202213612),,
2019-01-07,ORCL,sell,np.float64(753.4505917174614),np.float64(46.93),np.float64(35359.436269300466),np.float64(17.679718134650233),,
2019-01-07,XOM,sell,np.float64(498.83848682070095),np.float64(71.25),np.float64(35542.242185974945),np.float64(17.77112109298747),,
2019-01-07,AAPL,buy,np.float64(232.55265363845308),np.float64(148.7),np.float64(34580.57959603797),np.float64(17.290289798018986),np.float64(0.9990004997501251),
2019-01-07,AVGO,buy,np.float64(148.00162463530052),np.float64(233.65),np.float64(34580.57959603797),np.float64(17.290289798018986),np.float64(0.9990004997501251),
2019-01-07,JNJ,buy,np.float64(5.579637692269805),np.float64(127.63),np.float64(712.1291586643952),np.float64(0.3560645793321976),np.float64(0.9990004997501251),
2019-01-07,KO,buy,np.float64(10.697483664016262),np.float64(47.57),np.float64(508.8792978972536),np.float64(0.2544396489486268),np.float64(0.9990004997501251),
2019-01-07,PEP,buy,np.float64(314.34032902497927),np.float64(110.01),np.float64(34580.57959603797),np.float64(17.290289798018986),np.float64(0.9990004997501251),
2019-01-14,AAPL,sell,np.float64(232.55265363845308),np.float64(150.85),np.float64(35080.567801360645),np.float64(17.540283900680322),,
2019-01-14,AVGO,sell,np.float64(148.00162463530052),np.float64(248.11),np.float64(36720.68308826441),np.float64(18.360341544132208),,
2019-01-14,JNJ,sell,np.float64(271.2094726096678),np.float64(128.74),np.float64(34915.50750376863),np.float64(17.457753751884315),,
2019-01-14,GOOGL,buy,np.float64(33.19446106439082),np.float64(1053.34),np.float64(34965.05361756543),np.float64(17.482526808782715),np.float64(0.9990004997501247),
2019-01-14,JPM,buy,np.float64(353.64674438722994),np.float64(98.87),np.float64(34965.05361756543),np.float64(17.482526808782715),np.float64(0.9990004997501247),
2019-01-14,KO,buy,np.float64(13.070906235802331),np.float64(47.25),np.float64(617.6003196416601),np.float64(0.3088001598208301),np.float64(0.9990004997501247),
2019-01-14,PEP,buy,np.float64(10.174629525968365),np.float64(107.85),np.float64(1097.333794375688),np.float64(0.548666897187844),np.float64(0.9990004997501247),
2019-01-14,XOM,buy,np.float64(491.0132511945714),np.float64(71.21),np.float64(34965.05361756543),np.float64(17.482526808782715),np.float64(0.9990004997501247),
2019-01-22,GOOGL,sell,np.float64(33.19446106439082),np.float64(1095.54),np.float64(36365.85987448272),np.float64(18.182929937241358),,
2019-01-22,JPM,sell,np.float64(353.64674438722994),np.float64(103.08),np.float64(36453.90641143566),np.float64(18.22695320571783),,
2019-01-22,PEP,sell,np.float64(324.51495855094765),np.float64(109.86),np.float64(35651.21334640711),np.float64(17.825606673203556),,
2019-01-22,XOM,sell,np.float64(491.0132511945714),np.float64(72.39),np.float64(35544.44925397503),np.float64(17.772224626987516),,
2019-01-22,JNJ,buy,np.float64(279.51469015087304),np.float64(128.2),np.float64(35833.78327734192),np.float64(17.91689163867096),np.float64(0.9990004997501251),
2019-01-22,KO,buy,np.float64(11.244283433440815),np.float64(47.7),np.float64(536.352319775127),np.float64(0.2681761598875635),np.float64(0.9990004997501251),
2019-01-22,MU,buy,np.float64(1016.5612277260119),np.float64(35.25),np.float64(35833.78327734192),np.float64(17.91689163867096),np.float64(0.9990004997501251),
2019-01-22,QCOM,buy,np.float64(651.8789026258308),np.float64(54.97),np.float64(35833.78327734192),np.float64(17.91689163867096),np.float64(0.9990004997501251),
2019-01-22,TSLA,buy,np.float64(117.55719203904574),np.float64(304.82),np.float64(35833.78327734192),np.float64(17.91689163867096),np.float64(0.9990004997501251),
2019-01-28,JNJ,sell,np.float64(279.51469015087304),np.float64(127.81),np.float64(35724.772548183086),np.float64(17.862386274091545),,
2019-01-28,KO,sell,np.float64(751.9727120721956),np.float64(47.22),np.float64(35508.15146404907),np.float64(17.754075732024535),,
2019-01-28,MU,sell,np.float64(1016.5612277260119),np.float64(36.95),np.float64(37561.93736447614),np.float64(18.780968682238072),,
2019-01-28,COST,buy,np.float64(168.5404847265447),np.float64(208.68),np.float64(35171.028352735346),np.float64(17.585514176367674),np.float64(0.9990004997501252),
2019-01-28,INTC,buy,np.float64(762.432871292767),np.float64(46.13),np.float64(35171.028352735346),np.float64(17.585514176367674),np.float64(0.9990004997501252),
2019-01-28,NFLX,buy,np.float64(105.08224784205362),np.float64(334.7),np.float64(35171.028352735346),np.float64(17.585514176367674),np.float64(0.9990004997501252),
2019-01-28,QCOM,buy,np.float64(47.71995480737291),np.float64(50.32),np.float64(2401.2681259070046),np.float64(1.2006340629535024),np.float64(0.9990004997501252),
2019-01-28,TSLA,buy,np.float64(2.6348287919980784),np.float64(292.91),np.float64(771.7677014641572),np.float64(0.3858838507320786),np.float64(0.9990004997501252),
2019-02-04,COST,sell,np.float64(168.5404847265447),np.float64(210.7),np.float64(35511.48013188296),np.float64(17.75574006594148),,
2019-02-04,INTC,sell,np.float64(762.432871292767),np.float64(48.62),np.float64(37069.48620225433),np.float64(18.534743101127166),,
2019-02-04,NFLX,sell,np.float64(105.08224784205362),np.float64(342.6),np.float64(36001.17811068757),np.float64(18.000589055343784),,
2019-02-04,TSLA,sell,np.float64(120.19202083104382),np.float64(312.98),np.float64(37617.69867970009),np.float64(18.80884933985005),,
2019-02-04,AMZN,buy,np.float64(22.279237938192434),np.float64(1623.0),np.float64(36159.20317368632),np.float64(18.07960158684316),np.float64(0.9990004997501254),
2019-02-04,MSFT,buy,np.float64(351.3331050688527),np.float64(102.92),np.float64(36159.20317368632),np.float64(18.07960158684316),np.float64(0.9990004997501254),
2019-02-04,NVDA,buy,np.float64(248.73910142179486),np.float64(145.37),np.float64(36159.20317368632),np.float64(18.07960158684316),np.float64(0.9990004997501254),
2019-02-04,QCOM,buy,np.float64(28.503392678436285),np.float64(49.71),np.float64(1416.9036500450677),np.float64(0.7084518250225339),np.float64(0.9990004997501254),
2019-02-04,WMT,buy,np.float64(385.2461450424709),np.float64(93.86),np.float64(36159.20317368632),np.float64(18.07960158684316),np.float64(0.9990004997501254),
2019-02-11,MSFT,sell,np.float64(351.3331050688527),np.float64(106.2),np.float64(37311.57575831216),np.float64(18.65578787915608),,
2019-02-11,NVDA,sell,np.float64(248.73910142179486),np.float64(146.39),np.float64(36412.91705713655),np.float64(18.206458528568273),,
2019-02-11,QCOM,sell,np.float64(728.10225011164),np.float64(50.55),np.float64(36805.568743143405),np.float64(18.402784371571702),,
2019-02-11,WMT,sell,np.float64(385.2461450424709),np.float64(95.65),np.float64(36848.79377331235),np.float64(18.424396886656172),,
2019-02-11,AMD,buy,np.float64(1586.67690841216),np.float64(23.05),np.float64(36572.90273890029),np.float64(18.286451369450145),np.float64(0.9990004997501248),
2019-02-11,AMZN,buy,np.float64(0.587102383273228),np.float64(1600.98),np.float64(939.9391735727726),np.float64(0.4699695867863863),np.float64(0.9990004997501248),
2019-02-11,JNJ,buy,np.float64(276.41828084725483),np.float64(132.31),np.float64(36572.90273890029),np.float64(18.286451369450145),np.float64(0.9990004997501248),
2019-02-11,JPM,buy,np.float64(359.3682100707506),np.float64(101.77),np.float64(36572.90273890029),np.float64(18.286451369450145),np.float64(0.9990004997501248),
2019-02-11,XOM,buy,np.float64(495.0311686369828),np.float64(73.88),np.float64(36572.90273890029),np.float64(18.286451369450145),np.float64(0.9990004997501248),
2019-02-19,AMD,sell,np.float64(1586.67690841216),np.float64(23.625),np.float64(37485.241961237276),np.float64(18.74262098061864),,
2019-02-19,AMZN,sell,np.float64(22.86634032146566),np.float64(1601.0),np.float64(36609.01085466652),np.float64(18.30450542733326),,
2019-02-19,JNJ,sell,np.float64(276.41828084725483),np.float64(136.14),np.float64(37631.58475454527),np.float64(18.815792377272636),,
2019-02-19,JPM,sell,np.float64(359.3682100707506),np.float64(104.91),np.float64(37701.31891852244),np.float64(18.85065945926122),,
2019-02-19,XOM,sell,np.float64(495.0311686369828),np.float64(77.56),np.float64(38394.617439484384),np.float64(19.197308719742193),,
2019-02-19,AAPL,buy,np.float64(221.12314656588583),np.float64(169.71),np.float64(37526.80920369649),np.float64(18.763404601848244),np.float64(0.9990004997501248),
2019-02-19,AMAT,buy,np.float64(962.2258770178587),np.float64(39.0),np.float64(37526.80920369649),np.float64(18.763404601848244),np.float64(0.9990004997501248),
2019-02-19,KO,buy,np.float64(828.0408032589693),np.float64(45.32),np.float64(37526.80920369649),np.float64(18.763404601848244),np.float64(0.9990004997501248),
2019-02-19,META,buy,np.float64(233.81189535013388),np.float64(160.5),np.float64(37526.80920369649),np.float64(18.763404601848244),np.float64(0.9990004997501248),
2019-02-19,ORCL,buy,np.float64(728.958997740802),np.float64(51.48),np.float64(37526.80920369649),np.float64(18.763404601848244),np.float64(0.9990004997501248),
2019-02-25,AAPL,sell,np.float64(221.12314656588583),np.float64(174.15),np.float64(38508.59597444902),np.float64(19.254297987224508),,
2019-02-25,AMAT,sell,np.float64(3.462111415342269),np.float64(39.92),np.float64(138.2074877004634),np.float64(0.0691037438502317),,
2019-02-25,META,sell,np.float64(233.81189535013388),np.float64(163.07),np.float64(38127.70577474633),np.float64(19.063852887373166),,
2019-02-25,ORCL,sell,np.float64(728.958997740802),np.float64(52.75),np.float64(38452.587130827305),np.float64(19.226293565413652),,
2019-02-25,AVGO,buy,np.float64(136.1764609044908),np.float64(280.78),np.float64(38235.626692762926),np.float64(19.117813346381464),np.float64(0.9990013330102395),
2019-02-25,GOOGL,buy,np.float64(34.08022487388957),np.float64(1121.93),np.float64(38235.626692762926),np.float64(19.117813346381464),np.float64(0.9990013330102395),
2019-02-25,KO,buy,np.float64(13.129577554407486),np.float64(45.5),np.float64(597.3957787255406),np.float64(0.2986978893627703),np.float64(0.9990013330102395),
2019-02-25,TSLA,buy,np.float64(128.34623440892526),np.float64(297.91),np.float64(38235.626692762926),np.float64(19.117813346381464),np.float64(0.9990013330102395),
2019-03-04,GOOGL,sell,np.float64(34.08022487388957),np.float64(1154.56),np.float64(39347.66443039794),np.float64(19.67383221519897),,
2019-03-04,KO,sell,np.float64(841.1703808133767),np.float64(45.53),np.float64(38298.48743843304),np.float64(19.14924371921652),,
2019-03-04,TSLA,sell,np.float64(128.34623440892526),np.float64(298.12),np.float64(38262.5794019888),np.float64(19.1312897009944),,
2019-03-04,AMAT,buy,np.float64(20.021857976917655),np.float64(38.97),np.float64(780.251805360481),np.float64(0.3901259026802405),np.float64(0.9990004997501246),
2019-03-04,AVGO,buy,np.float64(2.5266707717408754),np.float64(275.0),np.float64(694.8344622287407),np.float64(0.34741723111437034),np.float64(0.9990004997501246),
2019-03-04,JPM,buy,np.float64(363.1903488288304),np.float64(104.92),np.float64(38105.931399120884),np.float64(19.052965699560442),np.float64(0.9990004997501246),
2019-03-04,MU,buy,np.float64(909.8837487851214),np.float64(41.88),np.float64(38105.931399120884),np.float64(19.052965699560442),np.float64(0.9990004997501246),
2019-03-04,WMT,buy,np.float64(388.3604912262626),np.float64(98.12),np.float64(38105.931399120884),np.float64(19.052965699560442),np.float64(0.9990004997501246),
2019-03-11,AMAT,sell,np.float64(978.7856235794341),np.float64(37.95),np.float64(37144.91441483953),np.float64(18.572457207419763),,
2019-03-11,JPM,sell,np.float64(363.1903488288304),np.float64(103.98),np.float64(37764.532471221784),np.float64(18.882266235610892),,
2019-03-11,WMT,sell,np.float64(388.3604912262626),np.float64(98.02),np.float64(38067.09534999826),np.float64(19.033547674999127),,
2019-03-11,ADBE,buy,np.float64(144.49266565660852),np.float64(255.98),np.float64(36987.232554778646),np.float64(18.49361627738932),np.float64(0.9990004997501251),
2019-03-11,AMD,buy,np.float64(1669.8524855430542),np.float64(22.15),np.float64(36987.232554778646),np.float64(18.49361627738932),np.float64(0.9990004997501251),
2019-03-11,AVGO,buy,np.float64(1.067925237856297),np.float64(264.89),np.float64(282.8827162557545),np.float64(0.14144135812787725),np.float64(0.9990004997501251),
2019-03-11,CRM,buy,np.float64(237.24972774072253),np.float64(155.9),np.float64(36987.232554778646),np.float64(18.49361627738932),np.float64(0.9990004997501251),
2019-03-11,MU,buy,np.float64(41.60991450200305),np.float64(38.91),np.float64(1619.0417732729386),np.float64(0.8095208866364693),np.float64(0.9990004997501251),
2019-03-18,ADBE,sell,np.float64(144.49266565660852),np.float64(257.11),np.float64(37150.50926697062),np.float64(18.57525463348531),,
2019-03-18,AMD,sell,np.float64(1669.8524855430542),np.float64(23.3),np.float64(38907.56291315316),np.float64(19.453781456576582),,
2019-03-18,AVGO,sell,np.float64(139.77105691408795),np.float64(290.23),np.float64(40565.75384817575),np.float64(20.282876924087876),,
2019-03-18,CRM,sell,np.float64(237.24972774072253),np.float64(161.4),np.float64(38292.10605735262),np.float64(19.14605302867631),,
2019-03-18,MU,sell,np.float64(951.4936632871245),np.float64(39.6),np.float64(37679.14906617013),np.float64(18.839574533085067),,
2019-03-18,JNJ,buy,np.float64(279.65491616291627),np.float64(137.6),np.float64(38480.51646401727),np.float64(19.24025823200864),np.float64(0.9990004997501252),
2019-03-18,META,buy,np.float64(235.25412034002125),np.float64(163.57),np.float64(38480.51646401727),np.float64(19.24025823200864),np.float64(0.9990004997501252),
2019-03-18,ORCL,buy,np.float64(727.8327305469505),np.float64(52.87),np.float64(38480.51646401727),np.float64(19.24025823200864),np.float64(0.9990004997501252),
2019-03-18,PEP,buy,np.float64(331.2431476630565),np.float64(116.17),np.float64(38480.51646401727),np.float64(19.24025823200864),np.float64(0.9990004997501252),
2019-03-18,TSLA,buy,np.float64(139.42216110151185),np.float64(276.0),np.float64(38480.51646401727),np.float64(19.24025823200864),np.float64(0.9990004997501252),
2019-03-25,JNJ,sell,np.float64(0.7203678016200934),np.float64(136.9),np.float64(98.61835204179079),np.float64(0.04930917602089539),,
2019-03-25,META,sell,np.float64(235.25412034002125),np.float64(163.0),np.float64(38346.42161542346),np.float64(19.17321080771173),,
2019-03-25,ORCL,sell,np.float64(727.8327305469505),np.float64(52.56),np.float64(38254.888317547724),np.float64(19.127444158773862),,
2019-03-25,PEP,sell,np.float64(331.2431476630565),np.float64(120.26),np.float64(39835.300937959175),np.float64(19.917650468979588),,
2019-03-25,CSCO,buy,np.float64(723.8704480933369),np.float64(52.7),np.float64(38147.972614518854),np.float64(19.07398630725943),np.float64(0.999000499750125),
2019-03-25,INTC,buy,np.float64(720.1807176612961),np.float64(52.97),np.float64(38147.972614518854),np.float64(19.07398630725943),np.float64(0.999000499750125),
2019-03-25,JPM,buy,np.float64(383.12717298904147),np.float64(99.57),np.float64(38147.972614518854),np.float64(19.07398630725943),np.float64(0.999000499750125),
2019-03-25,TSLA,buy,np.float64(7.603998262246242),np.float64(259.71),np.float64(1974.8343886879713),np.float64(0.9874171943439857),np.float64(0.999000499750125),
2019-04-01,CSCO,sell,np.float64(723.8704480933369),np.float64(54.475),np.float64(39432.842659884525),np.float64(19.716421329942264),,
2019-04-01,INTC,sell,np.float64(720.1807176612961),np.float64(54.34),np.float64(39134.62019771483),np.float64(19.567310098857416),,
2019-04-01,JNJ,sell,np.float64(278.93454836129615),np.float64(139.99),np.float64(39048.04742509785),np.float64(19.524023712548924),,
2019-04-01,JPM,sell,np.float64(383.12717298904147),np.float64(102.18),np.float64(39147.93453602026),np.float64(19.57396726801013),,
2019-04-01,TSLA,sell,np.float64(147.0261593637581),np.float64(282.62),np.float64(41552.53315938531),np.float64(20.776266579692656),,
2019-04-01,AMD,buy,np.float64(1499.7559508596476),np.float64(26.42),np.float64(39623.55222171189),np.float64(19.811776110855945),np.float64(0.9990004997501248),
2019-04-01,CRM,buy,np.float64(247.49251856159833),np.float64(160.1),np.float64(39623.55222171189),np.float64(19.811776110855945),np.float64(0.9990004997501248),
2019-04-01,GOOGL,buy,np.float64(33.366077960920805),np.float64(1187.54),np.float64(39623.55222171189),np.float64(19.811776110855945),np.float64(0.9990004997501248),
2019-04-01,NFLX,buy,np.float64(110.37201175964316),np.float64(359.0),np.float64(39623.55222171189),np.float64(19.811776110855945),np.float64(0.9990004997501248),
2019-04-01,WMT,buy,np.float64(404.4457713760528),np.float64(97.97),np.float64(39623.55222171189),np.float64(19.811776110855945),np.float64(0.9990004997501248),
2019-04-08,AMD,sell,np.float64(1499.7559508596476),np.float64(28.69),np.float64(43027.99823016329),np.float64(21.513999115081646),,
2019-04-08,CRM,sell,np.float64(247.49251856159833),np.float64(158.4),np.float64(39202.81494015718),np.float64(19.60140747007859),,
2019-04-08,GOOGL,sell,np.float64(33.366077960920805),np.float64(1211.11),np.float64(40409.99067925079),np.float64(20.204995339625395),,
2019-04-08,NFLX,sell,np.float64(110.37201175964316),np.float64(365.11),np.float64(40297.925213563314),np.float64(20.14896260678166),,
2019-04-08,WMT,sell,np.float64(404.4457713760528),np.float64(98.37),np.float64(39785.33053026231),np.float64(19.892665265131157),,
2019-04-08,ADBE,buy,np.float64(151.72418103474502),np.float64(266.96),np.float64(40504.287369035526),np.float64(20.252143684517765),np.float64(0.9990004997501248),
2019-04-08,JNJ,buy,np.float64(297.7161879385191),np.float64(136.05),np.float64(40504.287369035526),np.float64(20.252143684517765),np.float64(0.9990004997501248),
2019-04-08,KO,buy,np.float64(870.1243258654249),np.float64(46.55),np.float64(40504.287369035526),np.float64(20.252143684517765),np.float64(0.9990004997501248),
2019-04-08,ORCL,buy,np.float64(753.8486389174675),np.float64(53.73),np.float64(40504.287369035526),np.float64(20.252143684517765),np.float64(0.9990004997501248),
2019-04-08,PEP,buy,np.float64(332.76608091550713),np.float64(121.72),np.float64(40504.287369035526),np.float64(20.252143684517765),np.float64(0.9990004997501248),
2019-04-15,ADBE,sell,np.float64(151.72418103474502),np.float64(271.86),np.float64(41247.735856105784),np.float64(20.623867928052892),,
2019-04-15,JNJ,sell,np.float64(297.7161879385191),np.float64(136.0),np.float64(40489.4015596386),np.float64(20.2447007798193),,
2019-04-15,KO,sell,np.float64(870.1243258654249),np.float64(46.88),np.float64(40791.42839657112),np.float64(20.39571419828556),,
2019-04-15,ORCL,sell,np.float64(753.8486389174675),np.float64(54.5),np.float64(41084.75082100198),np.float64(20.54237541050099),,
2019-04-15,PEP,sell,np.float64(332.76608091550713),np.float64(122.44),np.float64(40743.878947294696),np.float64(20.37193947364735),,
2019-04-15,COST,buy,np.float64(168.6130905386619),np.float64(242.37),np.float64(40866.754753855486),np.float64(20.433377376927744),np.float64(0.9990009418028271),
2019-04-15,MU,buy,np.float64(968.4065107548693),np.float64(42.2),np.float64(40866.754753855486),np.float64(20.433377376927744),np.float64(0.9990009418028271),
2019-04-15,NFLX,buy,np.float64(116.52577558055228),np.float64(350.71),np.float64(40866.754753855486),np.float64(20.433377376927744),np.float64(0.9990009418028271),
2019-04-15,QCOM,buy,np.float64(715.2039683908905),np.float64(57.14),np.float64(40866.754753855486),np.float64(20.433377376927744),np.float64(0.9990009418028271),
2019-04-15,XOM,buy,np.float64(505.2139294579736),np.float64(80.89),np.float64(40866.754753855486),np.float64(20.433377376927744),np.float64(0.9990009418028271),
2019-04-22,COST,sell,np.float64(168.6130905386619),np.float64(245.19),np.float64(41342.24366917451),np.float64(20.671121834587254),,
2019-04-22,MU,sell,np.float64(968.4065107548693),np.float64(43.14),np.float64(41777.05687396506),np.float64(20.888528436982533),,
2019-04-22,QCOM,sell,np.float64(715.2039683908905),np.float64(79.83),np.float64(57094.732796644785),np.float64(28.547366398322392),,
2019-04-22,ADBE,buy,np.float64(165.493173738698),np.float64(269.82),np.float64(44653.368138175494),np.float64(22.326684069087747),np.float64(0.999000499750125),
2019-04-22,CRM,buy,np.float64(287.25228779784817),np.float64(155.45),np.float64(44653.368138175494),np.float64(22.326684069087747),np.float64(0.999000499750125),
2019-04-22,JNJ,buy,np.float64(325.9369937093102),np.float64(137.0),np.float64(44653.368138175494),np.float64(22.326684069087747),np.float64(0.999000499750125),
2019-04-22,NFLX,buy,np.float64(7.7312761652481825),np.float64(359.7),np.float64(2780.9400366397713),np.float64(1.3904700183198857),np.float64(0.999000499750125),
2019-04-22,XOM,buy,np.float64(40.7089889734825),np.float64(81.87),np.float64(3332.8449272590124),np.float64(1.6664224636295062),np.float64(0.999000499750125),
2019-04-29,ADBE,sell,np.float64(165.493173738698),np.float64(286.46),np.float64(47407.174549187424),np.float64(23.703587274593712),,
2019-04-29,CRM,sell,np.float64(287.25228779784817),np.float64(166.71),np.float64(47887.82889877927),np.float64(23.943914449389634),,
2019-04-29,JNJ,sell,np.float64(325.9369937093102),np.float64(140.35),np.float64(45745.25706710168),np.float64(22.87262853355084),,
2019-04-29,NFLX,sell,np.float64(124.25705174580045),np.float64(373.68),np.float64(46432.37509637071),np.float64(23.216187548185356),,
2019-04-29,XOM,sell,np.float64(545.9229184314561),np.float64(80.12),np.float64(43739.344224728266),np.float64(21.869672112364132),,
2019-04-29,AVGO,buy,np.float64(148.42621989753692),np.float64(311.24),np.float64(46196.1766809094),np.float64(23.098088340454698),np.float64(0.999000499750125),
2019-04-29,INTC,buy,np.float64(885.4931317023078),np.float64(52.17),np.float64(46196.1766809094),np.float64(23.098088340454698),np.float64(0.999000499750125),
2019-04-29,NVDA,buy,np.float64(258.93266454183845),np.float64(178.41),np.float64(46196.1766809094),np.float64(23.098088340454698),np.float64(0.999000499750125),
2019-04-29,TSLA,buy,np.float64(195.8627010977249),np.float64(235.86),np.float64(46196.1766809094),np.float64(23.098088340454698),np.float64(0.999000499750125),
2019-04-29,WMT,buy,np.float64(453.4371484188202),np.float64(101.88),np.float64(46196.1766809094),np.float64(23.098088340454698),np.float64(0.999000499750125),
2019-05-06,AVGO,sell,np.float64(148.42621989753692),np.float64(306.79),np.float64(45535.680002365356),np.float64(22.767840001182677),,
2019-05-06,INTC,sell,np.float64(885.4931317023078),np.float64(50.25),np.float64(44496.02986804097),np.float64(22.248014934020485),,
2019-05-06,NVDA,sell,np.float64(258.93266454183845),np.float64(175.5),np.float64(45442.68262709265),np.float64(22.721341313546326),,
2019-05-06,TSLA,sell,np.float64(195.8627010977249),np.float64(250.02),np.float64(48969.592528453184),np.float64(24.484796264226592),,
2019-05-06,WMT,sell,np.float64(453.4371484188202),np.float64(100.75),np.float64(45683.79270319614),np.float64(22.84189635159807),,
2019-05-06,CRM,buy,np.float64(290.2238758023207),np.float64(158.62),np.float64(46035.31117976412),np.float64(23.01765558988206),np.float64(0.9990011047475735),
2019-05-06,CSCO,buy,np.float64(854.7217077564819),np.float64(53.86),np.float64(46035.31117976412),np.float64(23.01765558988206),np.float64(0.9990011047475735),
2019-05-06,GOOGL,buy,np.float64(39.279275750651976),np.float64(1172.0),np.float64(46035.31117976412),np.float64(23.01765558988206),np.float64(0.9990011047475735),
2019-05-06,ORCL,buy,np.float64(854.0874059325439),np.float64(53.9),np.float64(46035.31117976412),np.float64(23.01765558988206),np.float64(0.9990011047475735),
2019-05-06,XOM,buy,np.float64(598.4829846563198),np.float64(76.92),np.float64(46035.31117976412),np.float64(23.01765558988206),np.float64(0.9990011047475735),
2019-05-13,CRM,sell,np.float64(290.2238758023207),np.float64(154.92),np.float64(44961.482839295524),np.float64(22.480741419647764),,
2019-05-13,CSCO,sell,np.float64(854.7217077564819),np.float64(51.83),np.float64(44300.226113018456),np.float64(22.150113056509227),,
2019-05-13,GOOGL,sell,np.float64(39.279275750651976),np.float64(1145.24),np.float64(44984.19776067667),np.float64(22.492098880338332),,
2019-05-13,ORCL,sell,np.float64(854.0874059325439),np.float64(53.72),np.float64(45881.57544669626),np.float64(22.94078772334813),,
2019-05-13,XOM,sell,np.float64(598.4829846563198),np.float64(75.65),np.float64(45275.2377892506),np.float64(22.637618894625298),,
2019-05-13,AAPL,buy,np.float64(240.47504113865403),np.float64(187.71),np.float64(45139.56997213675),np.float64(22.569784986068374),np.float64(0.9990016515121521),
2019-05-13,AMAT,buy,np.float64(1149.7598057090358),np.float64(39.26),np.float64(45139.56997213675),np.float64(22.569784986068374),np.float64(0.9990016515121521),
2019-05-13,INTC,buy,np.float64(995.799028725717),np.float64(45.33),np.float64(45139.56997213675),np.float64(22.569784986068374),np.float64(0.9990016515121521),
2019-05-13,MU,buy,np.float64(1208.2326009672577),np.float64(37.36),np.float64(45139.56997213675),np.float64(22.569784986068374),np.float64(0.9990016515121521),
2019-05-13,NVDA,buy,np.float64(276.0829967714786),np.float64(163.5),np.float64(45139.56997213675),np.float64(22.569784986068374),np.float64(0.9990016515121521),
2019-05-20,AAPL,sell,np.float64(0.6430786579573508),np.float64(183.52),np.float64(118.01779530833302),np.float64(0.05900889765416651),,
2019-05-20,AMAT,sell,np.float64(1149.7598057090358),np.float64(41.8),np.float64(48059.959878637696),np.float64(24.02997993931885),,
2019-05-20,INTC,sell,np.float64(995.799028725717),np.float64(43.96),np.float64(43775.32530278252),np.float64(21.88766265139126),,
2019-05-20,AVGO,buy,np.float64(158.16535895210754),np.float64(278.0),np.float64(43969.96978868589),np.float64(21.984984894342947),np.float64(0.9990004997501251),
2019-05-20,MU,buy,np.float64(58.2978994361764),np.float64(34.75),np.float64(2025.8520054071298),np.float64(1.012926002703565),np.float64(0.9990004997501251),
2019-05-20,NVDA,buy,np.float64(12.426116320207086),np.float64(152.55),np.float64(1895.604044647591),np.float64(0.9478020223237955),np.float64(0.9990004997501251),
2019-05-20,TSLA,buy,np.float64(216.81444668977264),np.float64(202.8),np.float64(43969.96978868589),np.float64(21.984984894342947),np.float64(0.9990004997501251),
2019-05-28,AAPL,sell,np.float64(239.8319624806967),np.float64(178.91),np.float64(42908.33640742144),np.float64(21.454168203710722),,
2019-05-28,MU,sell,np.float64(1266.530500403434),np.float64(34.15),np.float64(43252.01658877727),np.float64(21.626008294388633),,
2019-05-28,NVDA,sell,np.float64(0.1809894317669374),np.float64(145.86),np.float64(26.399118517525494),np.float64(0.013199559258762747),,
2019-05-28,AMAT,buy,np.float64(1055.3505549907093),np.float64(39.81),np.float64(42013.50559418014),np.float64(21.00675279709007),np.float64(0.9990004997501248),
2019-05-28,AVGO,buy,np.float64(5.7433825228251),np.float64(256.57),np.float64(1473.5796538812358),np.float64(0.7367898269406179),np.float64(0.9990004997501248),
2019-05-28,QCOM,buy,np.float64(630.4547658190297),np.float64(66.64),np.float64(42013.50559418014),np.float64(21.00675279709007),np.float64(0.9990004997501248),
2019-05-28,TSLA,buy,np.float64(3.1381673232225267),np.float64(191.2),np.float64(600.0175922001471),np.float64(0.3000087961000735),np.float64(0.9990004997501248),
2019-06-03,AMAT,sell,np.float64(1055.3505549907093),np.float64(38.97),np.float64(41127.01112798794),np.float64(20.56350556399397),,
2019-06-03,AVGO,sell,np.float64(163.90874147493264),np.float64(252.55),np.float64(41395.15265949424),np.float64(20.697576329747122),,
2019-06-03,QCOM,sell,np.float64(630.4547658190297),np.float64(67.09),np.float64(42297.2102387987),np.float64(21.148605119399353),,
2019-06-03,JNJ,buy,np.float64(311.25608493903087),np.float64(131.5),np.float64(40930.17516948256),np.float64(20.46508758474128),np.float64(0.9990006843865643),
2019-06-03,NVDA,buy,np.float64(13.116472219230092),np.float64(135.91),np.float64(1782.6597393155616),np.float64(0.8913298696577808),np.float64(0.9990006843865643),
2019-06-03,ORCL,buy,np.float64(809.536692434386),np.float64(50.56),np.float64(40930.17516948256),np.float64(20.46508758474128),np.float64(0.9990006843865643),
2019-06-03,TSLA,buy,np.float64(0.903138526506351),np.float64(185.51),np.float64(167.54122805219316),np.float64(0.08377061402609658),np.float64(0.9990006843865643),
2019-06-03,XOM,buy,np.float64(575.751514551731),np.float64(71.09),np.float64(40930.17516948256),np.float64(20.46508758474128),np.float64(0.9990006843865643),
2019-06-10,JNJ,sell,np.float64(311.25608493903087),np.float64(138.6),np.float64(43140.09337254968),np.float64(21.57004668627484),,
2019-06-10,NVDA,sell,np.float64(301.44459587914884),np.float64(147.76),np.float64(44541.45348710303),np.float64(22.270726743551513),,
2019-06-10,ORCL,sell,np.float64(809.536692434386),np.float64(53.74),np.float64(43504.501851423905),np.float64(21.75225092571195),,
2019-06-10,TSLA,sell,np.float64(220.8557525395015),np.float64(210.25),np.float64(46434.921971430194),np.float64(23.217460985715096),,
2019-06-10,XOM,sell,np.float64(575.751514551731),np.float64(75.19),np.float64(43290.75637914465),np.float64(21.645378189572327),,
2019-06-10,ADBE,buy,np.float64(157.08657252135598),np.float64(280.98),np.float64(44138.18514705061),np.float64(22.069092573525303),np.float64(0.999000499750125),
2019-06-10,AMZN,buy,np.float64(24.225129059852144),np.float64(1822.0),np.float64(44138.18514705061),np.float64(22.069092573525303),np.float64(0.999000499750125),
2019-06-10,GOOGL,buy,np.float64(40.98253031295321),np.float64(1077.0),np.float64(44138.18514705061),np.float64(22.069092573525303),np.float64(0.999000499750125),
2019-06-10,JPM,buy,np.float64(398.538917806326),np.float64(110.75),np.float64(44138.18514705061),np.float64(22.069092573525303),np.float64(0.999000499750125),
2019-06-10,META,buy,np.float64(252.57902802317943),np.float64(174.75),np.float64(44138.18514705061),np.float64(22.069092573525303),np.float64(0.999000499750125),
2019-06-17,ADBE,sell,np.float64(157.08657252135598),np.float64(274.63),np.float64(43140.68541153999),np.float64(21.570342705769995),,
2019-06-17,AMZN,sell,np.float64(24.225129059852144),np.float64(1876.5),np.float64(45458.454680812545),np.float64(22.729227340406272),,
2019-06-17,GOOGL,sell,np.float64(40.98253031295321),np.float64(1089.1),np.float64(44634.07376383734),np.float64(22.31703688191867),,
2019-06-17,JPM,sell,np.float64(398.538917806326),np.float64(109.7),np.float64(43719.71928335397),np.float64(21.859859641676984),,
2019-06-17,META,sell,np.float64(252.57902802317943),np.float64(185.01),np.float64(46729.645974568426),np.float64(23.364822987284214),,
2019-06-17,AMD,buy,np.float64(1477.4149310439338),np.float64(30.25),np.float64(44691.801664079),np.float64(22.3459008320395),np.float64(0.9990004997501248),
2019-06-17,AVGO,buy,np.float64(168.75019507657078),np.float64(264.84),np.float64(44691.801664079),np.float64(22.3459008320395),np.float64(0.9990004997501248),
2019-06-17,CRM,buy,np.float64(297.548612943269),np.float64(150.2),np.float64(44691.801664079),np.float64(22.3459008320395),np.float64(0.9990004997501248),
2019-06-17,MU,buy,np.float64(1373.441968779318),np.float64(32.54),np.float64(44691.801664079),np.float64(22.3459008320395),np.float64(0.9990004997501248),
2019-06-17,NFLX,buy,np.float64(130.4146653362485),np.float64(342.69),np.float64(44691.801664079),np.float64(22.3459008320395),np.float64(0.9990004997501248),
2019-06-24,AVGO,sell,np.float64(168.75019507657078),np.float64(275.52),np.float64(46494.05374749678),np.float64(23.24702687374839),,
2019-06-24,CRM,sell,np.float64(297.548612943269),np.float64(157.39),np.float64(46831.1761911411),np.float64(23.415588095570552),,
2019-06-24,MU,sell,np.float64(1373.441968779318),np.float64(33.2),np.float64(45598.27336347336),np.float64(22.79913668173668),,
2019-06-24,NFLX,sell,np.float64(130.4146653362485),np.float64(370.27),np.float64(48288.63813405273),np.float64(24.144319067026366),,
2019-06-24,AMD,buy,np.float64(98.04735715623256),np.float64(29.32),np.float64(2874.7485118207387),np.float64(1.4373742559103695),np.float64(0.9990016906435806),
2019-06-24,JNJ,buy,np.float64(324.0367203989674),np.float64(142.42),np.float64(46149.30971922093),np.float64(23.074654859610465),np.float64(0.9990016906435806),
2019-06-24,JPM,buy,np.float64(422.30334662537456),np.float64(109.28),np.float64(46149.30971922093),np.float64(23.074654859610465),np.float64(0.9990016906435806),
2019-06-24,KO,buy,np.float64(891.9464576579229),np.float64(51.74),np.float64(46149.30971922093),np.float64(23.074654859610465),np.float64(0.9990016906435806),
2019-06-24,PEP,buy,np.float64(342.73531169120633),np.float64(134.65),np.float64(46149.30971922093),np.float64(23.074654859610465),np.float64(0.9990016906435806),
2019-07-01,AMD,sell,np.float64(1575.4622882001663),np.float64(31.79),np.float64(50083.94614188329),np.float64(25.041973070941644),,
2019-07-01,JPM,sell,np.float64(422.30334662537456),np.float64(113.23),np.float64(47817.40793839116),np.float64(23.90870396919558),,
2019-07-01,CSCO,buy,np.float64(846.592000259818),np.float64(55.26),np.float64(46782.67393435754),np.float64(23.39133696717877),np.float64(0.9990004997501252),
2019-07-01,GOOGL,buy,np.float64(42.48953165585041),np.float64(1101.04),np.float64(46782.67393435754),np.float64(23.39133696717877),np.float64(0.9990004997501252),
2019-07-01,JNJ,buy,np.float64(9.972417824535995),np.float64(140.2),np.float64(1398.1329789999463),np.float64(0.6990664894999732),np.float64(0.9990004997501252),
2019-07-01,KO,buy,np.float64(24.457253115086406),np.float64(51.1),np.float64(1249.7656341809154),np.float64(0.6248828170904577),np.float64(0.9990004997501252),
2019-07-01,PEP,buy,np.float64(12.048300405426026),np.float64(131.99),np.float64(1590.2551705121814),np.float64(0.7951275852560907),np.float64(0.9990004997501252),
2019-07-08,CSCO,sell,np.float64(846.592000259818),np.float64(56.25),np.float64(47620.80001461476),np.float64(23.81040000730738),,
2019-07-08,GOOGL,sell,np.float64(42.48953165585041),np.float64(1125.87),np.float64(47837.689005372304),np.float64(23.918844502686152),,
2019-07-08,KO,sell,np.float64(916.4037107730093),np.float64(52.2),np.float64(47836.273702351085),np.float64(23.918136851175543),,
2019-07-08,PEP,sell,np.float64(354.78361209663234),np.float64(133.1),np.float64(47221.69877006176),np.float64(23.610849385030882),,
2019-07-08,AMAT,buy,np.float64(1099.9543310815636),np.float64(43.16),np.float64(47474.02892948028),np.float64(23.737014464740138),np.float64(0.9990012757965149),
2019-07-08,AVGO,buy,np.float64(169.55010331957243),np.float64(280.0),np.float64(47474.02892948028),np.float64(23.737014464740138),np.float64(0.9990012757965149),
2019-07-08,JNJ,buy,np.float64(5.182609879675676),np.float64(140.1),np.float64(726.0836441425621),np.float64(0.36304182207128105),np.float64(0.9990012757965149),
2019-07-08,NVDA,buy,np.float64(300.79217467832655),np.float64(157.83),np.float64(47474.02892948028),np.float64(23.737014464740138),np.float64(0.9990012757965149),
2019-07-08,XOM,buy,np.float64(623.509704878911),np.float64(76.14),np.float64(47474.02892948028),np.float64(23.737014464740138),np.float64(0.9990012757965149),
2019-07-15,AMAT,sell,np.float64(1099.9543310815636),np.float64(46.85),np.float64(51532.860411171256),np.float64(25.76643020558563),,
2019-07-15,AVGO,sell,np.float64(169.55010331957243),np.float64(291.1035),np.float64(49356.62850168915),np.float64(24.678314250844576),,
2019-07-15,NVDA,sell,np.float64(300.79217467832655),np.float64(168.46),np.float64(50671.44974631089),np.float64(25.335724873155446),,
2019-07-15,XOM,sell,np.float64(623.509704878911),np.float64(77.63),np.float64(48403.05838974985),np.float64(24.201529194874926),,
2019-07-15,AAPL,buy,np.float64(240.79726981602613),np.float64(204.06),np.float64(49137.090878658295),np.float64(24.56854543932915),np.float64(0.9990004997501252),
2019-07-15,JNJ,buy,np.float64(23.729113557198996),np.float64(135.52),np.float64(3215.769469271608),np.float64(1.607884734635804),np.float64(0.9990004997501252),
2019-07-15,KO,buy,np.float64(939.8831461105259),np.float64(52.28),np.float64(49137.090878658295),np.float64(24.56854543932915),np.float64(0.9990004997501252),
2019-07-15,NFLX,buy,np.float64(131.7560220911093),np.float64(372.94),np.float64(49137.090878658295),np.float64(24.56854543932915),np.float64(0.9990004997501252),
2019-07-15,PEP,buy,np.float64(367.7925963971429),np.float64(133.6),np.float64(49137.090878658295),np.float64(24.56854543932915),np.float64(0.9990004997501252),
2019-07-22,AAPL,sell,np.float64(240.79726981602613),np.float64(203.65),np.float64(49038.363998033725),np.float64(24.519181999016862),,
2019-07-22,JNJ,sell,np.float64(3.317799356091284),np.float64(130.0),np.float64(431.3139162918669),np.float64(0.21565695814593347),,
2019-07-22,KO,sell,np.float64(939.8831461105259),np.float64(51.52),np.float64(48422.7796876143),np.float64(24.211389843807147),,
2019-07-22,PEP,sell,np.float64(9.539871287500098),np.float64(130.49),np.float64(1244.8578043058878),np.float64(0.6224289021529439),,
2019-07-22,NFLX,buy,np.float64(18.060517649917454),np.float64(312.0),np.float64(5634.881506774245),np.float64(2.817440753387123),np.float64(0.999000499750125),
2019-07-22,ORCL,buy,np.float64(806.8706472697913),np.float64(57.88),np.float64(46701.673063975526),np.float64(23.350836531987763),np.float64(0.999000499750125),
2019-07-22,XOM,buy,np.float64(620.7027254648528),np.float64(75.24),np.float64(46701.673063975526),np.float64(23.350836531987763),np.float64(0.999000499750125),
2019-07-29,JNJ,sell,np.float64(359.6030623042869),np.float64(131.0),np.float64(47108.00116186158),np.float64(23.554000580930794),,
2019-07-29,NFLX,sell,np.float64(149.81653974102673),np.float64(335.98),np.float64(50335.36102219016),np.float64(25.16768051109508),,
2019-07-29,ORCL,sell,np.float64(806.8706472697913),np.float64(58.79),np.float64(47435.925352991035),np.float64(23.717962676495517),,
2019-07-29,PEP,sell,np.float64(358.2527251096428),np.float64(131.5),np.float64(47110.23335191803),np.float64(23.555116675959017),,
2019-07-29,AMZN,buy,np.float64(24.68698366892027),np.float64(1930.0),np.float64(47645.87848101612),np.float64(23.822939240508063),np.float64(0.9990004997501252),
2019-07-29,COST,buy,np.float64(169.55225252131996),np.float64(281.01),np.float64(47645.87848101612),np.float64(23.822939240508063),np.float64(0.9990004997501252),
2019-07-29,TSLA,buy,np.float64(209.8105530010838),np.float64(227.09),np.float64(47645.87848101612),np.float64(23.822939240508063),np.float64(0.9990004997501252),
2019-07-29,WMT,buy,np.float64(422.242808233039),np.float64(112.84),np.float64(47645.87848101612),np.float64(23.822939240508063),np.float64(0.9990004997501252),
2019-07-29,XOM,buy,np.float64(16.21412113774639),np.float64(74.88),np.float64(1214.1133907944495),np.float64(0.6070566953972247),np.float64(0.9990004997501252),
2019-08-05,COST,sell,np.float64(169.55225252131996),np.float64(270.09),np.float64(45794.367883483304),np.float64(22.897183941741652),,
2019-08-05,TSLA,sell,np.float64(209.8105530010838),np.float64(229.6),np.float64(48172.50296904884),np.float64(24.086251484524418),,
2019-08-05,WMT,sell,np.float64(422.242808233039),np.float64(107.91),np.float64(45564.22143642724),np.float64(22.78211071821362),,
2019-08-05,XOM,sell,np.float64(636.9168466025992),np.float64(70.78),np.float64(45080.974402531974),np.float64(22.540487201265986),,
2019-08-05,AMD,buy,np.float64(1614.1915043357756),np.float64(28.26),np.float64(45617.05191252902),np.float64(22.80852595626451),np.float64(0.999000499750125),
2019-08-05,AMZN,buy,np.float64(1.10683374641974),np.float64(1770.22),np.float64(1959.3392345871523),np.float64(0.9796696172935762),np.float64(0.999000499750125),
2019-08-05,AVGO,buy,np.float64(167.74058434465536),np.float64(271.95),np.float64(45617.05191252902),np.float64(22.80852595626451),np.float64(0.999000499750125),
2019-08-05,CRM,buy,np.float64(322.7469358463918),np.float64(141.34),np.float64(45617.05191252902),np.float64(22.80852595626451),np.float64(0.999000499750125),
2019-08-05,NVDA,buy,np.float64(296.59981737665163),np.float64(153.8),np.float64(45617.05191252902),np.float64(22.80852595626451),np.float64(0.999000499750125),
2019-08-12,AMD,sell,np.float64(1614.1915043357756),np.float64(34.16),np.float64(55140.781788110085),np.float64(27.570390894055045),,
2019-08-12,AMZN,sell,np.float64(25.79381741534001),np.float64(1795.99),np.float64(46325.4381397765),np.float64(23.16271906988825),,
2019-08-12,AVGO,sell,np.float64(167.74058434465536),np.float64(273.38),np.float64(45856.92094814188),np.float64(22.928460474070942),,
2019-08-12,CRM,sell,np.float64(322.7469358463918),np.float64(141.5),np.float64(45668.69142226444),np.float64(22.834345711132222),,
2019-08-12,INTC,buy,np.float64(1039.601192230247),np.float64(45.76),np.float64(47572.1505564561),np.float64(23.78607527822805),np.float64(0.999000499750125),
2019-08-12,JPM,buy,np.float64(438.6955971639257),np.float64(108.44),np.float64(47572.1505564561),np.float64(23.78607527822805),np.float64(0.999000499750125),
2019-08-12,MU,buy,np.float64(1158.8830829830963),np.float64(41.05),np.float64(47572.1505564561),np.float64(23.78607527822805),np.float64(0.999000499750125),
2019-08-12,NVDA,buy,np.float64(16.50667206642905),np.float64(152.08),np.float64(2510.3346878625302),np.float64(1.2551673439312652),np.float64(0.999000499750125),
2019-08-12,ORCL,buy,np.float64(886.2174097700466),np.float64(53.68),np.float64(47572.1505564561),np.float64(23.78607527822805),np.float64(0.999000499750125),
2019-08-19,INTC,sell,np.float64(1039.601192230247),np.float64(47.46),np.float64(49339.47258324753),np.float64(24.669736291623767),,
2019-08-19,JPM,sell,np.float64(438.6955971639257),np.float64(109.63),np.float64(48094.19831708117),np.float64(24.047099158540586),,
2019-08-19,MU,sell,np.float64(1158.8830829830963),np.float64(44.67),np.float64(51767.307316854916),np.float64(25.88365365842746),,
2019-08-19,NVDA,sell,np.float64(313.1064894430807),np.float64(164.12),np.float64(51387.03704739841),np.float64(25.693518523699204),,
2019-08-19,ORCL,sell,np.float64(886.2174097700466),np.float64(54.22),np.float64(48050.707957731924),np.float64(24.02535397886596),,
2019-08-19,ADBE,buy,np.float64(170.52739856949378),np.float64(291.32),np.float64(49678.04175126493),np.float64(24.839020875632464),np.float64(0.9990004997501251),
2019-08-19,AMD,buy,np.float64(1552.438804727029),np.float64(32.0),np.float64(49678.04175126493),np.float64(24.839020875632464),np.float64(0.9990004997501251),
2019-08-19,CSCO,buy,np.float64(1037.1198695462408),np.float64(47.9),np.float64(49678.04175126493),np.float64(24.839020875632464),np.float64(0.9990004997501251),
2019-08-19,TSLA,buy,np.float64(221.56925093111337),np.float64(224.21),np.float64(49678.04175126493),np.float64(24.839020875632464),np.float64(0.9990004997501251),
2019-08-19,XOM,buy,np.float64(720.2847868821941),np.float64(68.97),np.float64(49678.04175126493),np.float64(24.839020875632464),np.float64(0.9990004997501251),
2019-08-26,ADBE,sell,np.float64(170.52739856949378),np.float64(284.86),np.float64(48576.434756506),np.float64(24.288217378253),,
2019-08-26,CSCO,sell,np.float64(1037.1198695462408),np.float64(47.05),np.float64(48796.48986215063),np.float64(24.398244931075315),,
2019-08-26,TSLA,sell,np.float64(221.56925093111337),np.float64(213.6),np.float64(47327.19199888581),np.float64(23.663595999442908),,
2019-08-26,XOM,sell,np.float64(720.2847868821941),np.float64(68.12),np.float64(49065.79968241507),np.float64(24.532899841207534),,
2019-08-26,AMD,buy,np.float64(35.31037373077566),np.float64(30.34),np.float64(1071.3167389917335),np.float64(0.5356583694958668),np.float64(0.9990004997501247),
2019-08-26,INTC,buy,np.float64(1050.3106202488361),np.float64(45.82),np.float64(48125.23261980167),np.float64(24.062616309900832),np.float64(0.9990004997501247),
2019-08-26,JNJ,buy,np.float64(377.6897866881311),np.float64(127.42),np.float64(48125.23261980167),np.float64(24.062616309900832),np.float64(0.9990004997501247),
2019-08-26,NFLX,buy,np.float64(163.00376852662805),np.float64(295.24),np.float64(48125.23261980167),np.float64(24.062616309900832),np.float64(0.9990004997501247),
2019-08-26,ORCL,buy,np.float64(923.0002420368559),np.float64(52.14),np.float64(48125.23261980167),np.float64(24.062616309900832),np.float64(0.9990004997501247),
2019-09-03,AMD,sell,np.float64(1587.7491784578046),np.float64(30.83),np.float64(48950.30717185412),np.float64(24.47515358592706),,
2019-09-03,INTC,sell,np.float64(1050.3106202488361),np.float64(47.12),np.float64(49490.63642612516),np.float64(24.74531821306258),,
2019-09-03,NFLX,sell,np.float64(163.00376852662805),np.float64(290.82),np.float64(47404.755962913965),np.float64(23.702377981456983),,
2019-09-03,ADBE,buy,np.float64(170.19162152013612),np.float64(284.25),np.float64(48376.968417098695),np.float64(24.188484208549347),np.float64(0.999000499750125),
2019-09-03,CSCO,buy,np.float64(1037.4644738815932),np.float64(46.63),np.float64(48376.968417098695),np.float64(24.188484208549347),np.float64(0.999000499750125),
2019-09-03,JNJ,buy,np.float64(0.6623093718587253),np.float64(127.99),np.float64(84.76897650419825),np.float64(0.042384488252099124),np.float64(0.999000499750125),
2019-09-03,ORCL,buy,np.float64(9.323306121268326),np.float64(51.94),np.float64(484.2525199386768),np.float64(0.2421262599693384),np.float64(0.999000499750125),
2019-09-03,XOM,buy,np.float64(712.5787069833362),np.float64(67.89),np.float64(48376.968417098695),np.float64(24.188484208549347),np.float64(0.999000499750125),
2019-09-09,CSCO,sell,np.float64(1037.4644738815932),np.float64(48.97),np.float64(50804.63528598162),np.float64(25.40231764299081),,
2019-09-09,ORCL,sell,np.float64(932.3235481581241),np.float64(53.62),np.float64(49991.18865223861),np.float64(24.995594326119306),,
2019-09-09,XOM,sell,np.float64(712.5787069833362),np.float64(71.16),np.float64(50707.10078893421),np.float64(25.353550394467103),,
2019-09-09,ADBE,buy,np.float64(3.4021381333066736),np.float64(286.52),np.float64(974.7806179550281),np.float64(0.48739030897751406),np.float64(0.999000499750125),
2019-09-09,CRM,buy,np.float64(327.63645708804853),np.float64(151.66),np.float64(49689.34508197344),np.float64(24.84467254098672),np.float64(0.999000499750125),
2019-09-09,JNJ,buy,np.float64(10.224075407480408),np.float64(128.0),np.float64(1308.6816521574922),np.float64(0.6543408260787461),np.float64(0.999000499750125),
2019-09-09,KO,buy,np.float64(902.9501196070042),np.float64(55.03),np.float64(49689.34508197344),np.float64(24.84467254098672),np.float64(0.999000499750125),
2019-09-09,NFLX,buy,np.float64(168.5470136086749),np.float64(294.81),np.float64(49689.34508197344),np.float64(24.84467254098672),np.float64(0.999000499750125),
2019-09-16,CRM,sell,np.float64(327.63645708804853),np.float64(151.65),np.float64(49686.06871740256),np.float64(24.84303435870128),,
2019-09-16,JNJ,sell,np.float64(388.57617146747026),np.float64(130.11),np.float64(50557.64566963256),np.float64(25.278822834816282),,
2019-09-16,NFLX,sell,np.float64(168.5470136086749),np.float64(294.23),np.float64(49591.58781408041),np.float64(24.795793907040206),,
2019-09-16,ADBE,buy,np.float64(5.032972550088088),np.float64(276.62),np.float64(1392.220866805367),np.float64(0.6961104334026835),np.float64(0.9990017015077913),
2019-09-16,COST,buy,np.float64(169.88604763708787),np.float64(290.57),np.float64(49363.78886190862),np.float64(24.681894430954312),np.float64(0.9990017015077913),
2019-09-16,KO,buy,np.float64(10.40580174977679),np.float64(54.1),np.float64(562.9538746629244),np.float64(0.2814769373314622),np.float64(0.9990017015077913),
2019-09-16,MSFT,buy,np.float64(363.42331489294423),np.float64(135.83),np.float64(49363.78886190862),np.float64(24.681894430954312),np.float64(0.9990017015077913),
2019-09-16,PEP,buy,np.float64(361.93114496596985),np.float64(136.39),np.float64(49363.78886190862),np.float64(24.681894430954312),np.float64(0.9990017015077913),
2019-09-23,ADBE,sell,np.float64(178.62673220353088),np.float64(275.93),np.float64(49288.47421692028),np.float64(24.64423710846014),,
2019-09-23,COST,sell,np.float64(169.88604763708787),np.float64(286.35),np.float64(48646.869740880116),np.float64(24.32343487044006),,
2019-09-23,KO,sell,np.float64(913.355921356781),np.float64(53.91),np.float64(49239.01772034406),np.float64(24.619508860172033),,
2019-09-23,MSFT,sell,np.float64(363.42331489294423),np.float64(139.23),np.float64(50599.42813254462),np.float64(25.299714066272312),,
2019-09-23,PEP,sell,np.float64(361.93114496596985),np.float64(134.96),np.float64(48846.227324607295),np.float64(24.42311366230365),,
2019-09-23,AMZN,buy,np.float64(27.72915254547501),np.float64(1777.0),np.float64(49274.70407330909),np.float64(24.637352036654544),np.float64(0.999000499750125),
2019-09-23,INTC,buy,np.float64(969.4020081312038),np.float64(50.83),np.float64(49274.70407330909),np.float64(24.637352036654544),np.float64(0.999000499750125),
2019-09-23,NFLX,buy,np.float64(183.62445386837499),np.float64(268.345),np.float64(49274.70407330909),np.float64(24.637352036654544),np.float64(0.999000499750125),
2019-09-23,NVDA,buy,np.float64(285.3196530012107),np.float64(172.7),np.float64(49274.70407330909),np.float64(24.637352036654544),np.float64(0.999000499750125),
2019-09-23,QCOM,buy,np.float64(642.6855885393124),np.float64(76.67),np.float64(49274.70407330909),np.float64(24.637352036654544),np.float64(0.999000499750125),
2019-09-30,INTC,sell,np.float64(969.4020081312038),np.float64(51.19),np.float64(49623.688796236325),np.float64(24.811844398118165),,
2019-09-30,NFLX,sell,np.float64(183.62445386837499),np.float64(264.0),np.float64(48476.855821250996),np.float64(24.2384279106255),,
2019-09-30,NVDA,sell,np.float64(285.3196530012107),np.float64(172.81),np.float64(49306.089235139225),np.float64(24.653044617569613),,
2019-09-30,QCOM,sell,np.float64(642.6855885393124),np.float64(76.89),np.float64(49416.094902787736),np.float64(24.708047451393867),,
2019-09-30,AMZN,buy,np.float64(0.6097990051298952),np.float64(1726.99),np.float64(1053.1167838692777),np.float64(0.5265583919346388),np.float64(0.9990004997501247),
2019-09-30,AVGO,buy,np.float64(177.28424490098703),np.float64(275.79),np.float64(48893.22190124322),np.float64(24.446610950621608),np.float64(0.9990004997501247),
2019-09-30,CRM,buy,np.float64(330.47125313445906),np.float64(147.95),np.float64(48893.22190124322),np.float64(24.446610950621608),np.float64(0.9990004997501247),
2019-09-30,META,buy,np.float64(274.68102191709676),np.float64(178.0),np.float64(48893.22190124322),np.float64(24.446610950621608),np.float64(0.9990004997501247),
2019-09-30,MU,buy,np.float64(1137.0516721219353),np.float64(43.0),np.float64(48893.22190124322),np.float64(24.446610950621608),np.float64(0.9990004997501247),
2019-10-07,AMZN,sell,np.float64(28.338951550604904),np.float64(1731.63),np.float64(49072.578673573975),np.float64(24.53628933678699),,
2019-10-07,AVGO,sell,np.float64(177.28424490098703),np.float64(280.01),np.float64(49641.361414725376),np.float64(24.820680707362687),,
2019-10-07,CRM,sell,np.float64(330.47125313445906),np.float64(147.28),np.float64(48671.80616164313),np.float64(24.335903080821566),,
2019-10-07,META,sell,np.float64(274.68102191709676),np.float64(180.0),np.float64(49442.583945077415),np.float64(24.721291972538708),,
2019-10-07,MU,sell,np.float64(1137.0516721219353),np.float64(44.3),np.float64(50371.38907500173),np.float64(25.185694537500865),,
2019-10-07,CSCO,buy,np.float64(1040.4577336795542),np.float64(47.47),np.float64(49390.52861776844),np.float64(24.69526430888422),np.float64(0.999000499750125),
2019-10-07,GOOGL,buy,np.float64(40.920073419857864),np.float64(1207.0),np.float64(49390.52861776844),np.float64(24.69526430888422),np.float64(0.999000499750125),
2019-10-07,JPM,buy,np.float64(432.6430327414895),np.float64(114.16),np.float64(49390.52861776844),np.float64(24.69526430888422),np.float64(0.999000499750125),
2019-10-07,TSLA,buy,np.float64(214.9283229667904),np.float64(229.8),np.float64(49390.52861776844),np.float64(24.69526430888422),np.float64(0.999000499750125),
2019-10-07,XOM,buy,np.float64(718.9305475657706),np.float64(68.7),np.float64(49390.52861776844),np.float64(24.69526430888422),np.float64(0.999000499750125),
2019-10-14,GOOGL,sell,np.float64(40.920073419857864),np.float64(1213.89),np.float64(49672.467923631266),np.float64(24.836233961815633),,
2019-10-14,JPM,sell,np.float64(432.6430327414895),np.float64(115.85),np.float64(50121.69534310156),np.float64(25.06084767155078),,
2019-10-14,TSLA,sell,np.float64(214.9283229667904),np.float64(247.9),np.float64(53280.73126346734),np.float64(26.640365631733673),,
2019-10-14,XOM,sell,np.float64(718.9305475657706),np.float64(68.6),np.float64(49318.635563011856),np.float64(24.65931778150593),,
2019-10-14,AMZN,buy,np.float64(28.98660266979111),np.float64(1728.91),np.float64(50115.22722182855),np.float64(25.057613610914277),np.float64(0.999000499750125),
2019-10-14,CSCO,buy,np.float64(37.17140326523331),np.float64(46.55),np.float64(1730.3288219966105),np.float64(0.8651644109983052),np.float64(0.999000499750125),
2019-10-14,JNJ,buy,np.float64(381.51056045849987),np.float64(131.36),np.float64(50115.22722182855),np.float64(25.057613610914277),np.float64(0.999000499750125),
2019-10-14,KO,buy,np.float64(936.9083421542073),np.float64(53.49),np.float64(50115.22722182855),np.float64(25.057613610914277),np.float64(0.999000499750125),
2019-10-14,PEP,buy,np.float64(363.575357093939),np.float64(137.84),np.float64(50115.22722182855),np.float64(25.057613610914277),np.float64(0.999000499750125),
2019-10-21,AMZN,sell,np.float64(28.98660266979111),np.float64(1769.66),np.float64(51296.43128062254),np.float64(25.64821564031127),,
2019-10-21,CSCO,sell,np.float64(1077.6291369447874),np.float64(47.14),np.float64(50799.43751557728),np.float64(25.39971875778864),,
2019-10-21,KO,sell,np.float64(936.9083421542073),np.float64(54.42),np.float64(50986.55198003196),np.float64(25.49327599001598),,
2019-10-21,PEP,sell,np.float64(363.575357093939),np.float64(136.34),np.float64(49569.86418618764),np.float64(24.78493209309382),,
2019-10-21,ADBE,buy,np.float64(189.35333609574107),np.float64(265.63),np.float64(50297.9266671117),np.float64(25.14896333355585),np.float64(0.9990004997501251),
2019-10-21,CRM,buy,np.float64(349.0487624365836),np.float64(144.1),np.float64(50297.9266671117),np.float64(25.14896333355585),np.float64(0.9990004997501251),
2019-10-21,JNJ,buy,np.float64(9.777160834032157),np.float64(128.67),np.float64(1258.0272845149175),np.float64(0.6290136422574587),np.float64(0.9990004997501251),
2019-10-21,ORCL,buy,np.float64(913.5111999112187),np.float64(55.06),np.float64(50297.9266671117),np.float64(25.14896333355585),np.float64(0.9990004997501251),
2019-10-21,XOM,buy,np.float64(741.6385530390992),np.float64(67.82),np.float64(50297.9266671117),np.float64(25.14896333355585),np.float64(0.9990004997501251),
2019-10-28,ADBE,sell,np.float64(189.35333609574107),np.float64(271.58),np.float64(51424.579016881355),np.float64(25.712289508440676),,
2019-10-28,CRM,sell,np.float64(349.0487624365836),np.float64(151.2),np.float64(52776.17288041144),np.float64(26.38808644020572),,
2019-10-28,JNJ,sell,np.float64(391.287721292532),np.float64(128.61),np.float64(50323.513835432546),np.float64(25.161756917716275),,
2019-10-28,XOM,sell,np.float64(741.6385530390992),np.float64(69.46),np.float64(51514.213894095825),np.float64(25.757106947047912),,
2019-10-28,COST,buy,np.float64(172.7644594580119),np.float64(295.7),np.float64(51086.45066173412),np.float64(25.54322533086706),np.float64(0.9990004997501248),
2019-10-28,KO,buy,np.float64(950.6224536980669),np.float64(53.74),np.float64(51086.45066173412),np.float64(25.54322533086706),np.float64(0.9990004997501248),
2019-10-28,ORCL,buy,np.float64(27.354948813501885),np.float64(54.35),np.float64(1486.7414680138274),np.float64(0.7433707340069138),np.float64(0.9990004997501248),
2019-10-28,PEP,buy,np.float64(374.1226705363172),np.float64(136.55),np.float64(51086.45066173412),np.float64(25.54322533086706),np.float64(0.9990004997501248),
2019-10-28,WMT,buy,np.float64(428.3979091130744),np.float64(119.25),np.float64(51086.45066173412),np.float64(25.54322533086706),np.float64(0.9990004997501248),
2019-11-04,COST,sell,np.float64(0.03520355572190675),np.float64(297.16),np.float64(10.46108861832181),np.float64(0.005230544309160905),,
2019-11-04,ORCL,sell,np.float64(940.8661487247206),np.float64(55.26),np.float64(51992.263378528056),np.float64(25.99613168926403),,
2019-11-04,KO,buy,np.float64(0.6042530717539994),np.float64(53.96),np.float64(32.60549575184581),np.float64(0.016302747875922903),np.float64(0.9990015766064253),
2019-11-04,PEP,buy,np.float64(1.0825756134850362),np.float64(136.8),np.float64(148.09634392475297),np.float64(0.0740481719623765),np.float64(0.9990015766064253),
2019-11-04,TSLA,buy,np.float64(162.88747897919626),np.float64(314.8),np.float64(51276.97838265099),np.float64(25.638489191325494),np.float64(0.9990015766064253),
2019-11-04,WMT,buy,np.float64(5.112401072451606),np.float64(118.4),np.float64(605.3082869782702),np.float64(0.3026541434891351),np.float64(0.9990015766064253),
2019-11-11,COST,sell,np.float64(172.72925590229002),np.float64(301.55),np.float64(52086.50711733556),np.float64(26.043253558667782),,
2019-11-11,TSLA,sell,np.float64(162.88747897919626),np.float64(343.95),np.float64(56025.14839489455),np.float64(28.01257419744728),,
2019-11-11,WMT,sell,np.float64(433.510310185526),np.float64(118.7),np.float64(51457.67381902194),np.float64(25.72883690951097),,
2019-11-11,AMZN,buy,np.float64(29.134020897698406),np.float64(1778.0),np.float64(51800.28915610776),np.float64(25.900144578053883),np.float64(0.999000499750125),
2019-11-11,KO,buy,np.float64(39.601536556463245),np.float64(52.33),np.float64(2072.3484079997215),np.float64(1.0361742039998607),np.float64(0.999000499750125),
2019-11-11,META,buy,np.float64(272.90600682844826),np.float64(189.81),np.float64(51800.28915610776),np.float64(25.900144578053883),np.float64(0.999000499750125),
2019-11-11,MU,buy,np.float64(1108.7390658413476),np.float64(46.72),np.float64(51800.28915610776),np.float64(25.900144578053883),np.float64(0.999000499750125),
2019-11-11,PEP,buy,np.float64(14.55779801841754),np.float64(133.03),np.float64(1936.6238703900854),np.float64(0.9683119351950427),np.float64(0.999000499750125),
2019-11-18,KO,sell,np.float64(990.8282433262841),np.float64(52.68),np.float64(52196.831858428646),np.float64(26.098415929214323),,
2019-11-18,META,sell,np.float64(272.90600682844826),np.float64(194.54),np.float64(53091.13456840632),np.float64(26.54556728420316),,
2019-11-18,MU,sell,np.float64(1108.7390658413476),np.float64(47.95),np.float64(53164.03820709262),np.float64(26.582019103546312),,
2019-11-18,PEP,sell,np.float64(389.7630441682198),np.float64(134.0),np.float64(52228.24791854145),np.float64(26.114123959270724),,
2019-11-18,AMZN,buy,np.float64(0.9316547107990256),np.float64(1738.3),np.float64(1619.4953837819462),np.float64(0.8097476918909731),np.float64(0.9990004997501251),
2019-11-18,CSCO,buy,np.float64(1160.7946987751068),np.float64(44.98),np.float64(52212.545550904295),np.float64(26.106272775452148),np.float64(0.9990004997501251),
2019-11-18,QCOM,buy,np.float64(574.9647125966776),np.float64(90.81),np.float64(52212.545550904295),np.float64(26.106272775452148),np.float64(0.9990004997501251),
2019-11-18,WMT,buy,np.float64(440.7981895390823),np.float64(118.45),np.float64(52212.545550904295),np.float64(26.106272775452148),np.float64(0.9990004997501251),
2019-11-18,XOM,buy,np.float64(760.0079410611978),np.float64(68.7),np.float64(52212.545550904295),np.float64(26.106272775452148),np.float64(0.9990004997501251),
2019-11-25,AMZN,sell,np.float64(30.065675608497433),np.float64(1753.25),np.float64(52712.64576059813),np.float64(26.356322880299064),,
2019-11-25,CSCO,sell,np.float64(1160.7946987751068),np.float64(45.0),np.float64(52235.761444879805),np.float64(26.117880722439903),,
2019-11-25,WMT,sell,np.float64(440.7981895390823),np.float64(120.0),np.float64(52895.782744689874),np.float64(26.447891372344937),,
2019-11-25,XOM,sell,np.float64(760.0079410611978),np.float64(69.37),np.float64(52721.750871415294),np.float64(26.360875435707648),,
2019-11-25,AMAT,buy,np.float64(917.0440463858047),np.float64(56.62),np.float64(51923.03390636426),np.float64(25.96151695318213),np.float64(0.999000499750125),
2019-11-25,GOOGL,buy,np.float64(40.05603343956017),np.float64(1296.26),np.float64(51923.03390636426),np.float64(25.96151695318213),np.float64(0.999000499750125),
2019-11-25,MU,buy,np.float64(1126.3130999211337),np.float64(46.1),np.float64(51923.03390636426),np.float64(25.96151695318213),np.float64(0.999000499750125),
2019-11-25,QCOM,buy,np.float64(31.05578924509896),np.float64(85.76),np.float64(2663.344485659687),np.float64(1.3316722428298435),np.float64(0.999000499750125),
2019-11-25,TSLA,buy,np.float64(150.79877412396684),np.float64(344.32),np.float64(51923.03390636426),np.float64(25.96151695318213),np.float64(0.999000499750125),
2019-12-02,AMAT,sell,np.float64(917.0440463858047),np.float64(58.14),np.float64(53316.940856870686),np.float64(26.658470428435344),,
2019-12-02,GOOGL,sell,np.float64(40.05603343956017),np.float64(1302.56),np.float64(52175.38691703349),np.float64(26.087693458516743),,
2019-12-02,MU,sell,np.float64(1126.3130999211337),np.float64(47.57),np.float64(53578.71416324833),np.float64(26.789357081624168),,
2019-12-02,COST,buy,np.float64(173.06305379308372),np.float64(299.75),np.float64(51875.65037447685),np.float64(25.937825187238424),np.float64(0.9990004997501247),
2019-12-02,QCOM,buy,np.float64(12.299557007207731),np.float64(83.98),np.float64(1032.9167974653053),np.float64(0.5164583987326526),np.float64(0.9990004997501247),
2019-12-02,TSLA,buy,np.float64(6.837226685162689),np.float64(329.4),np.float64(2252.1824700925895),np.float64(1.1260912350462948),np.float64(0.9990004997501247),
2019-12-02,WMT,buy,np.float64(435.3810354551141),np.float64(119.15),np.float64(51875.65037447685),np.float64(25.937825187238424),np.float64(0.9990004997501247),
2019-12-02,XOM,buy,np.float64(757.3087645909029),np.float64(68.5),np.float64(51875.65037447685),np.float64(25.937825187238424),np.float64(0.9990004997501247),
2019-12-09,QCOM,sell,np.float64(618.3200588489842),np.float64(84.0),np.float64(51938.884943314675),np.float64(25.969442471657338),,
2019-12-09,TSLA,sell,np.float64(157.6360008091295),np.float64(336.59),np.float64(53058.7015123449),np.float64(26.52935075617245),,
2019-12-09,WMT,sell,np.float64(435.3810354551141),np.float64(119.57),np.float64(52058.51040936799),np.float64(26.029255204683995),,
2019-12-09,XOM,sell,np.float64(757.3087645909029),np.float64(69.08),np.float64(52314.88945793957),np.float64(26.157444728969786),,
2019-12-09,AMZN,buy,np.float64(29.79198369213903),np.float64(1750.66),np.float64(52155.634170480116),np.float64(26.07781708524006),np.float64(0.9990019612907132),
2019-12-09,COST,buy,np.float64(3.9084297336817477),np.float64(295.0),np.float64(1152.9867714361155),np.float64(0.5764933857180577),np.float64(0.9990019612907132),
2019-12-09,CRM,buy,np.float64(331.399378386581),np.float64(157.38),np.float64(52155.634170480116),np.float64(26.07781708524006),np.float64(0.9990019612907132),
2019-12-09,CSCO,buy,np.float64(1188.326137399866),np.float64(43.89),np.float64(52155.634170480116),np.float64(26.07781708524006),np.float64(0.9990019612907132),
2019-12-09,ORCL,buy,np.float64(951.050951321665),np.float64(54.84),np.float64(52155.634170480116),np.float64(26.07781708524006),np.float64(0.9990019612907132),
2019-12-16,AMZN,sell,np.float64(29.79198369213903),np.float64(1767.0),np.float64(52642.435184009664),np.float64(26.32121759200483),,
2019-12-16,CRM,sell,np.float64(331.399378386581),np.float64(160.85),np.float64(53305.59001348155),np.float64(26.652795006740778),,
2019-12-16,CSCO,sell,np.float64(1188.326137399866),np.float64(45.8),np.float64(54425.337092913855),np.float64(27.21266854645693),,
2019-12-16,COST,buy,np.float64(3.3263239048690894),np.float64(293.03),np.float64(974.7126938437892),np.float64(0.4873563469218946),np.float64(0.999000499750125),
2019-12-16,KO,buy,np.float64(964.9147070181521),np.float64(54.7),np.float64(52780.83447389292),np.float64(26.390417236946462),np.float64(0.999000499750125),
2019-12-16,META,buy,np.float64(270.2966890658725),np.float64(195.27),np.float64(52780.83447389292),np.float64(26.390417236946462),np.float64(0.999000499750125),
2019-12-16,NFLX,buy,np.float64(175.439037639664),np.float64(300.85),np.float64(52780.83447389292),np.float64(26.390417236946462),np.float64(0.999000499750125),
2019-12-16,ORCL,buy,np.float64(16.40455885735176),np.float64(54.61),np.float64(895.8529591999795),np.float64(0.44792647959998977),np.float64(0.999000499750125),
2019-12-23,KO,sell,np.float64(964.9147070181521),np.float64(55.0),np.float64(53070.30888599836),np.float64(26.535154442999183),,
2019-12-23,META,sell,np.float64(270.2966890658725),np.float64(206.7),np.float64(55870.325629915846),np.float64(27.935162814957923),,
2019-12-23,NFLX,sell,np.float64(175.439037639664),np.float64(337.76),np.float64(59256.28935317291),np.float64(29.62814467658646),,
2019-12-23,COST,buy,np.float64(5.023224529827364),np.float64(294.91),np.float64(1481.399146091388),np.float64(0.740699573045694),np.float64(0.9990004997501252),
2019-12-23,GOOGL,buy,np.float64(40.184496170609336),np.float64(1358.73),np.float64(54599.880481892025),np.float64(27.299940240946015),np.float64(0.9990004997501252),
2019-12-23,ORCL,buy,np.float64(51.216596642764614),np.float64(53.65),np.float64(2747.7704098843215),np.float64(1.3738852049421608),np.float64(0.9990004997501252),
2019-12-23,PEP,buy,np.float64(396.54209079738564),np.float64(137.69),np.float64(54599.880481892025),np.float64(27.299940240946015),np.float64(0.9990004997501252),
2019-12-23,WMT,buy,np.float64(454.43096530913044),np.float64(120.15),np.float64(54599.880481892025),np.float64(27.299940240946015),np.float64(0.9990004997501252),
2019-12-30,COST,sell,np.float64(0.35203276865013383),np.float64(294.2),np.float64(103.56804053686938),np.float64(0.05178402026843469),,
2019-12-30,GOOGL,sell,np.float64(0.07727440593688545),np.float64(1356.81),np.float64(104.84668671922554),np.float64(0.052423343359612774),,
2019-12-30,ORCL,sell,np.float64(1018.6721068217814),np.float64(53.4),np.float64(54397.09050428313),np.float64(27.198545252141564),,
2019-12-30,PEP,sell,np.float64(396.54209079738564),np.float64(136.7),np.float64(54207.30381200261),np.float64(27.103651906001307),,
2019-12-30,WMT,sell,np.float64(0.19156996250917693),np.float64(119.8),np.float64(22.950081508599396),np.float64(0.011475040754299698),,
2019-12-30,AVGO,buy,np.float64(171.75372449862505),np.float64(316.52),np.float64(54363.4888783048),np.float64(27.1817444391524),np.float64(0.9990004997501247),
2019-12-30,NFLX,buy,np.float64(165.19839819589401),np.float64(329.08),np.float64(54363.4888783048),np.float64(27.1817444391524),np.float64(0.9990004997501247),
2020-01-06,AVGO,sell,np.float64(171.75372449862505),np.float64(310.845),np.float64(53388.78649177511),np.float64(26.694393245887554),,
2020-01-06,COST,sell,np.float64(0.44868118789572803),np.float64(290.55),np.float64(130.36431914310378),np.float64(0.06518215957155189),,
2020-01-06,GOOGL,sell,np.float64(40.10722176467245),np.float64(1351.63),np.float64(54210.12415378423),np.float64(27.105062076892114),,
2020-01-06,JNJ,buy,np.float64(372.4533575154717),np.float64(143.8),np.float64(53558.79281072483),np.float64(26.779396405362416),np.float64(0.9990004997501248),
2020-01-06,NFLX,buy,np.float64(0.7218328050800394),np.float64(323.12),np.float64(233.23861597746236),np.float64(0.11661930798873119),np.float64(0.9990004997501248),
2020-01-06,PEP,buy,np.float64(395.8521272041746),np.float64(135.3),np.float64(53558.79281072483),np.float64(26.779396405362416),np.float64(0.9990004997501248),
2020-01-06,WMT,buy,np.float64(2.3058442478857413),np.float64(117.43),np.float64(270.7752900292226),np.float64(0.1353876450146113),np.float64(0.9990004997501248),
2020-01-13,COST,sell,np.float64(184.52031800491608),np.float64(296.92),np.float64(54787.77282201969),np.float64(27.393886411009845),,
2020-01-13,JNJ,sell,np.float64(372.4533575154717),np.float64(145.48),np.float64(54184.51445135081),np.float64(27.092257225675407),,
2020-01-13,NFLX,sell,np.float64(165.92023100097404),np.float64(331.8),np.float64(55052.33264612319),np.float64(27.526166323061595),,
2020-01-13,AVGO,buy,np.float64(180.11367252153457),np.float64(300.02),np.float64(54037.7040299108),np.float64(27.0188520149554),np.float64(0.9990004997501251),
2020-01-13,JPM,buy,np.float64(396.7817316242808),np.float64(136.19),np.float64(54037.7040299108),np.float64(27.0188520149554),np.float64(0.9990004997501251),
2020-01-13,PEP,buy,np.float64(5.8632748115185365),np.float64(134.65),np.float64(789.489953370971),np.float64(0.39474497668548547),np.float64(0.9990004997501251),
2020-01-13,WMT,buy,np.float64(8.232301321491109),np.float64(116.38),np.float64(958.0752277951352),np.float64(0.4790376138975676),np.float64(0.9990004997501251),
2020-01-13,XOM,buy,np.float64(780.891676732815),np.float64(69.2),np.float64(54037.7040299108),np.float64(27.0188520149554),np.float64(0.9990004997501251),
2020-01-21,AVGO,sell,np.float64(180.11367252153457),np.float64(307.8),np.float64(55438.98840212834),np.float64(27.719494201064173),,
2020-01-21,PEP,sell,np.float64(401.71540201569314),np.float64(140.61),np.float64(56485.20267742662),np.float64(28.24260133871331),,
2020-01-21,AMZN,buy,np.float64(29.24847502850069),np.float64(1865.0),np.float64(54548.405928153785),np.float64(27.274202964076892),np.float64(0.9990004997501248),
2020-01-21,JPM,buy,np.float64(1.2269658775361851),np.float64(137.19),np.float64(168.32744873918924),np.float64(0.08416372436959461),np.float64(0.9990004997501248),
2020-01-21,ORCL,buy,np.float64(992.1499805047979),np.float64(54.98),np.float64(54548.405928153785),np.float64(27.274202964076892),np.float64(0.9990004997501248),
2020-01-21,WMT,buy,np.float64(11.718123369246763),np.float64(114.59),np.float64(1342.7797568819867),np.float64(0.6713898784409934),np.float64(0.9990004997501248),
2020-01-21,XOM,buy,np.float64(17.613392229820786),np.float64(68.38),np.float64(1204.4037606751453),np.float64(0.6022018803375727),np.float64(0.9990004997501248),
2020-01-27,AMZN,sell,np.float64(29.24847502850069),np.float64(1820.0),np.float64(53232.22455187125),np.float64(26.616112275935627),,
2020-01-27,WMT,sell,np.float64(9.79804269803797),np.float64(113.13),np.float64(1108.4525704290354),np.float64(0.5542262852145177),,
2020-01-27,JPM,buy,np.float64(7.276890089120665),np.float64(130.27),np.float64(947.9604719097491),np.float64(0.4739802359548746),np.float64(0.9990004997501237),
2020-01-27,META,buy,np.float64(247.51164154757706),np.float64(213.1),np.float64(52744.73081378867),np.float64(26.372365406894335),np.float64(0.9990004997501237),
2020-01-27,ORCL,buy,np.float64(0.6568450248756995),np.float64(53.18),np.float64(34.9310184228897),np.float64(0.017465509211444852),np.float64(0.9990004997501237),
2020-01-27,XOM,buy,np.float64(8.540833045198063),np.float64(65.42),np.float64(558.7412978168574),np.float64(0.27937064890842866),np.float64(0.9990004997501237),
2020-02-03,JPM,sell,np.float64(405.28558759093767),np.float64(132.66),np.float64(53765.18604981379),np.float64(26.882593024906896),,
2020-02-03,ORCL,sell,np.float64(992.8068255296736),np.float64(52.73),np.float64(52350.70391017968),np.float64(26.17535195508984),,
2020-02-03,WMT,sell,np.float64(466.69762158720687),np.float64(114.9),np.float64(53623.55672037007),np.float64(26.811778360185034),,
2020-02-03,CSCO,buy,np.float64(1117.974967928934),np.float64(46.4),np.float64(51874.03851190253),np.float64(25.937019255951267),np.float64(0.9990004997501248),
2020-02-03,INTC,buy,np.float64(804.810154555931),np.float64(64.455),np.float64(51874.03851190253),np.float64(25.937019255951267),np.float64(0.9990004997501248),
2020-02-03,META,buy,np.float64(7.720206250087864),np.float64(203.44),np.float64(1570.5987595178751),np.float64(0.7852993797589376),np.float64(0.9990004997501248),
2020-02-03,MU,buy,np.float64(974.096322530961),np.float64(53.2535),np.float64(51874.03851190253),np.float64(25.937019255951267),np.float64(0.9990004997501248),
2020-02-03,XOM,buy,np.float64(38.89007442597164),np.float64(61.38),np.float64(2387.0727682661395),np.float64(1.1935363841330697),np.float64(0.9990004997501248),
2020-02-10,CSCO,sell,np.float64(1117.974967928934),np.float64(47.99),np.float64(53651.61871090954),np.float64(26.825809355454773),,
2020-02-10,INTC,sell,np.float64(804.810154555931),np.float64(65.56),np.float64(52763.35373268684),np.float64(26.38167686634342),,
2020-02-10,META,sell,np.float64(255.23184779766493),np.float64(211.52),np.float64(53986.64044616209),np.float64(26.993320223081046),,
2020-02-10,MU,sell,np.float64(974.096322530961),np.float64(56.3),np.float64(54841.6229584931),np.float64(27.42081147924655),,
2020-02-10,JNJ,buy,np.float64(352.24201073533214),np.float64(151.68),np.float64(53428.068188335186),np.float64(26.714034094167594),np.float64(0.9990028143749919),
2020-02-10,KO,buy,np.float64(900.6754583333645),np.float64(59.32),np.float64(53428.068188335186),np.float64(26.714034094167594),np.float64(0.9990028143749919),
2020-02-10,PEP,buy,np.float64(366.1212100893249),np.float64(145.93),np.float64(53428.068188335186),np.float64(26.714034094167594),np.float64(0.9990028143749919),
2020-02-10,WMT,buy,np.float64(461.58158262060635),np.float64(115.75),np.float64(53428.068188335186),np.float64(26.714034094167594),np.float64(0.9990028143749919),
2020-02-10,XOM,buy,np.float64(38.30817711367444),np.float64(60.48),np.float64(2316.87855183503),np.float64(1.158439275917515),np.float64(0.9990028143749919),
2020-02-18,KO,sell,np.float64(900.6754583333645),np.float64(59.81),np.float64(53869.39916291853),np.float64(26.934699581459267),,
2020-02-18,PEP,sell,np.float64(0.9492956532584478),np.float64(147.11),np.float64(139.65088355085027),np.float64(0.06982544177542513),,
2020-02-18,WMT,sell,np.float64(8.12973546360676),np.float64(118.47),np.float64(963.1297603734929),np.float64(0.4815648801867465),,
2020-02-18,XOM,sell,np.float64(884.2441535474799),np.float64(60.15),np.float64(53187.28583588091),np.float64(26.593642917940457),,
2020-02-18,CSCO,buy,np.float64(1146.2355134377149),np.float64(46.82),np.float64(53666.746739153816),np.float64(26.833373369576908),np.float64(0.9990004997501248),
2020-02-18,JNJ,buy,np.float64(4.770829743336922),np.float64(150.47),np.float64(717.8667514799066),np.float64(0.3589333757399533),np.float64(0.9990004997501248),
2020-02-18,JPM,buy,np.float64(390.75831323106024),np.float64(137.34),np.float64(53666.746739153816),np.float64(26.833373369576908),np.float64(0.9990004997501248),
2020-02-24,CSCO,sell,np.float64(1146.2355134377149),np.float64(45.0),np.float64(51580.59810469717),np.float64(25.790299052348587),,
2020-02-24,JNJ,sell,np.float64(357.0128404786691),np.float64(146.5),np.float64(52302.381130125024),np.float64(26.151190565062514),,
2020-02-24,JPM,sell,np.float64(390.75831323106024),np.float64(131.44),np.float64(51361.272691090555),np.float64(25.680636345545278),,
2020-02-24,PEP,sell,np.float64(365.17191443606646),np.float64(145.86),np.float64(53263.97543964466),np.float64(26.63198771982233),,
2020-02-24,WMT,sell,np.float64(453.4518471569996),np.float64(117.46),np.float64(53262.45396706117),np.float64(26.631226983530585),,
2020-02-24,AAPL,buy,np.float64(176.17441577966792),np.float64(297.26),np.float64(52369.60683466408),np.float64(26.18480341733204),np.float64(0.9990011464116498),
2020-02-24,AMAT,buy,np.float64(856.6924069141842),np.float64(61.13),np.float64(52369.60683466408),np.float64(26.18480341733204),np.float64(0.9990011464116498),
2020-02-24,AVGO,buy,np.float64(178.0068213278861),np.float64(294.2),np.float64(52369.60683466408),np.float64(26.18480341733204),np.float64(0.9990011464116498),
2020-02-24,INTC,buy,np.float64(849.9696792856124),np.float64(61.6135),np.float64(52369.60683466408),np.float64(26.18480341733204),np.float64(0.9990011464116498),
2020-02-24,XOM,buy,np.float64(908.8789801225978),np.float64(57.62),np.float64(52369.60683466408),np.float64(26.18480341733204),np.float64(0.9990011464116498),
2020-03-02,AAPL,sell,np.float64(176.17441577966792),np.float64(282.28),np.float64(49730.51408628466),np.float64(24.865257043142332),,
2020-03-02,AMAT,sell,np.float64(856.6924069141842),np.float64(58.7),np.float64(50287.844285862615),np.float64(25.14392214293131),,
2020-03-02,AVGO,sell,np.float64(178.0068213278861),np.float64(276.76),np.float64(49265.16787070575),np.float64(24.632583935352876),,
2020-03-02,XOM,sell,np.float64(908.8789801225978),np.float64(52.59),np.float64(47797.94556464742),np.float64(23.898972782323714),,
2020-03-02,COST,buy,np.float64(165.91285227834214),np.float64(294.44),np.float64(48851.38022483506),np.float64(24.42569011241753),np.float64(0.999000499750125),
2020-03-02,CSCO,buy,np.float64(1216.721798875095),np.float64(40.15),np.float64(48851.38022483506),np.float64(24.42569011241753),np.float64(0.999000499750125),
2020-03-02,INTC,buy,np.float64(26.509552390086238),np.float64(55.79),np.float64(1478.9679278429112),np.float64(0.7394839639214557),np.float64(0.999000499750125),
2020-03-02,JPM,buy,np.float64(418.8577572222847),np.float64(116.63),np.float64(48851.38022483506),np.float64(24.42569011241753),np.float64(0.999000499750125),
2020-03-02,TSLA,buy,np.float64(68.68287296464733),np.float64(711.26),np.float64(48851.38022483506),np.float64(24.42569011241753),np.float64(0.999000499750125),
2020-03-09,COST,sell,np.float64(165.91285227834214),np.float64(295.73),np.float64(49065.407804274124),np.float64(24.53270390213706),,
2020-03-09,CSCO,sell,np.float64(1216.721798875095),np.float64(36.9),np.float64(44897.034378491),np.float64(22.4485171892455),,
2020-03-09,INTC,sell,np.float64(876.4792316756987),np.float64(51.92),np.float64(45506.801708602274),np.float64(22.753400854301137),,
2020-03-09,TSLA,sell,np.float64(68.68287296464733),np.float64(606.26),np.float64(41639.67856354709),np.float64(20.819839281773543),,
2020-03-09,CRM,buy,np.float64(291.8082647032919),np.float64(151.7),np.float64(44267.31375548938),np.float64(22.133656877744688),np.float64(0.9990004997501252),
2020-03-09,JPM,buy,np.float64(39.95701584041326),np.float64(96.57),np.float64(3858.6490197087082),np.float64(1.929324509854354),np.float64(0.9990004997501252),
2020-03-09,META,buy,np.float64(260.9793288261371),np.float64(169.62),np.float64(44267.31375548938),np.float64(22.133656877744688),np.float64(0.9990004997501252),
2020-03-09,ORCL,buy,np.float64(984.8123193657258),np.float64(44.95),np.float64(44267.31375548938),np.float64(22.133656877744688),np.float64(0.9990004997501252),
2020-03-09,XOM,buy,np.float64(1061.311765895214),np.float64(41.71),np.float64(44267.31375548938),np.float64(22.133656877744688),np.float64(0.9990004997501252),
2020-03-16,CRM,sell,np.float64(291.8082647032919),np.float64(134.01),np.float64(39105.22555288814),np.float64(19.55261277644407),,
2020-03-16,JPM,sell,np.float64(458.81477306269795),np.float64(85.2),np.float64(39091.01866494187),np.float64(19.545509332470935),,
2020-03-16,META,sell,np.float64(260.9793288261371),np.float64(152.32),np.float64(39752.3713667972),np.float64(19.8761856833986),,
2020-03-16,ORCL,sell,np.float64(984.8123193657258),np.float64(42.51),np.float64(41864.371696237),np.float64(20.9321858481185),,
2020-03-16,AVGO,buy,np.float64(188.41952928007677),np.float64(208.18),np.float64(39225.17760552638),np.float64(19.61258880276319),np.float64(0.999000499750125),
2020-03-16,KO,buy,np.float64(928.6263637671965),np.float64(42.24),np.float64(39225.17760552638),np.float64(19.61258880276319),np.float64(0.999000499750125),
2020-03-16,MU,buy,np.float64(1050.2055583808938),np.float64(37.35),np.float64(39225.17760552638),np.float64(19.61258880276319),np.float64(0.999000499750125),
2020-03-16,TSLA,buy,np.float64(83.54675754963503),np.float64(469.4997),np.float64(39225.17760552638),np.float64(19.61258880276319),np.float64(0.999000499750125),
2020-03-16,XOM,buy,np.float64(80.01580633831884),np.float64(34.4),np.float64(2752.543738038168),np.float64(1.376271869019084),np.float64(0.999000499750125),
2020-03-23,AVGO,sell,np.float64(188.41952928007677),np.float64(192.8835),np.float64(36343.018275893686),np.float64(18.171509137946842),,
2020-03-23,MU,sell,np.float64(1050.2055583808938),np.float64(36.99),np.float64(38847.10360450926),np.float64(19.423551802254632),,
2020-03-23,TSLA,sell,np.float64(83.54675754963503),np.float64(433.6),np.float64(36225.87407352175),np.float64(18.112937036760876),,
2020-03-23,XOM,sell,np.float64(1141.327572233533),np.float64(32.53),np.float64(37127.385924756825),np.float64(18.56369296237841),,
2020-03-23,AMAT,buy,np.float64(957.3498333914349),np.float64(38.64),np.float64(36991.997562245044),np.float64(18.495998781122523),np.float64(0.9990025514895335),
2020-03-23,JPM,buy,np.float64(447.4116783048505),np.float64(82.68),np.float64(36991.997562245044),np.float64(18.495998781122523),np.float64(0.9990025514895335),
2020-03-23,KO,buy,np.float64(26.80892591500162),np.float64(38.755),np.float64(1038.9799238358878),np.float64(0.5194899619179439),np.float64(0.9990025514895335),
2020-03-23,PEP,buy,np.float64(348.98110907778346),np.float64(106.0),np.float64(36991.997562245044),np.float64(18.495998781122523),np.float64(0.9990025514895335),
2020-03-23,QCOM,buy,np.float64(601.0072715230714),np.float64(61.55),np.float64(36991.997562245044),np.float64(18.495998781122523),np.float64(0.9990025514895335),
2020-03-30,AMAT,sell,np.float64(957.3498333914349),np.float64(45.4),np.float64(43463.682435971146),np.float64(21.731841217985572),,
2020-03-30,JPM,sell,np.float64(447.4116783048505),np.float64(90.65),np.float64(40557.8686383347),np.float64(20.27893431916735),,
2020-03-30,KO,sell,np.float64(955.4352896821981),np.float64(43.04),np.float64(41121.93486792181),np.float64(20.560967433960904),,
2020-03-30,PEP,sell,np.float64(348.98110907778346),np.float64(121.61),np.float64(42439.59267494924),np.float64(21.219796337474623),,
2020-03-30,QCOM,sell,np.float64(601.0072715230714),np.float64(67.19),np.float64(40381.67857363517),np.float64(20.190839286817585),,
2020-03-30,AMZN,buy,np.float64(21.609491880617075),np.float64(1922.83),np.float64(41551.37927280693),np.float64(20.775689636403467),np.float64(0.9990004997501248),
2020-03-30,COST,buy,np.float64(144.53156378589492),np.float64(287.49),np.float64(41551.37927280693),np.float64(20.775689636403467),np.float64(0.9990004997501248),
2020-03-30,GOOGL,buy,np.float64(36.6854245592659),np.float64(1132.64),np.float64(41551.37927280693),np.float64(20.775689636403467),np.float64(0.9990004997501248),
2020-03-30,JNJ,buy,np.float64(323.4577243718428),np.float64(128.46),np.float64(41551.37927280693),np.float64(20.775689636403467),np.float64(0.9990004997501248),
2020-03-30,WMT,buy,np.float64(371.4587812695059),np.float64(111.86),np.float64(41551.37927280693),np.float64(20.775689636403467),np.float64(0.9990004997501248),
2020-04-06,AMZN,sell,np.float64(21.609491880617075),np.float64(1936.0),np.float64(41835.97628087466),np.float64(20.91798814043733),,
2020-04-06,COST,sell,np.float64(144.53156378589492),np.float64(293.0),np.float64(42347.74818926721),np.float64(21.173874094633604),,
2020-04-06,GOOGL,sell,np.float64(36.6854245592659),np.float64(1133.0),np.float64(41564.58602564826),np.float64(20.78229301282413),,
2020-04-06,JNJ,sell,np.float64(323.4577243718428),np.float64(137.01),np.float64(44316.94281618618),np.float64(22.15847140809309),,
2020-04-06,WMT,sell,np.float64(371.4587812695059),np.float64(119.05),np.float64(44222.167910134674),np.float64(22.111083955067336),,
2020-04-06,AMAT,buy,np.float64(954.8315829217413),np.float64(44.84),np.float64(42814.64817821088),np.float64(21.40732408910544),np.float64(0.999000499750125),
2020-04-06,AMD,buy,np.float64(966.4706135036317),np.float64(44.3),np.float64(42814.64817821088),np.float64(21.40732408910544),np.float64(0.999000499750125),
2020-04-06,CRM,buy,np.float64(308.01905164180494),np.float64(139.0),np.float64(42814.64817821088),np.float64(21.40732408910544),np.float64(0.999000499750125),
2020-04-06,JPM,buy,np.float64(481.1175208249341),np.float64(88.99),np.float64(42814.64817821088),np.float64(21.40732408910544),np.float64(0.999000499750125),
2020-04-06,MU,buy,np.float64(987.650477006018),np.float64(43.35),np.float64(42814.64817821088),np.float64(21.40732408910544),np.float64(0.999000499750125),
2020-04-13,AMAT,sell,np.float64(954.8315829217413),np.float64(49.3),np.float64(47073.19703804184),np.float64(23.53659851902092),,
2020-04-13,AMD,sell,np.float64(966.4706135036317),np.float64(48.47),np.float64(46844.83063652103),np.float64(23.422415318260516),,
2020-04-13,CRM,sell,np.float64(308.01905164180494),np.float64(154.12),np.float64(47471.89623903498),np.float64(23.735948119517488),,
2020-04-13,JPM,sell,np.float64(481.1175208249341),np.float64(103.11),np.float64(49608.02757225896),np.float64(24.80401378612948),,
2020-04-13,MU,sell,np.float64(987.650477006018),np.float64(44.9),np.float64(44345.50641757021),np.float64(22.172753208785103),,
2020-04-13,COST,buy,np.float64(157.48424680718475),np.float64(298.58),np.float64(47021.64641168922),np.float64(23.51082320584461),np.float64(0.9990004997501248),
2020-04-13,CSCO,buy,np.float64(1145.7516182185482),np.float64(41.04),np.float64(47021.64641168922),np.float64(23.51082320584461),np.float64(0.9990004997501248),
2020-04-13,NFLX,buy,np.float64(126.63716681934022),np.float64(371.31),np.float64(47021.64641168922),np.float64(23.51082320584461),np.float64(0.9990004997501248),
2020-04-13,NVDA,buy,np.float64(180.50536050552483),np.float64(260.5),np.float64(47021.64641168922),np.float64(23.51082320584461),np.float64(0.9990004997501248),
2020-04-13,WMT,buy,np.float64(387.7114644763293),np.float64(121.28),np.float64(47021.64641168922),np.float64(23.51082320584461),np.float64(0.9990004997501248),
2020-04-20,COST,sell,np.float64(157.48424680718475),np.float64(317.95),np.float64(50072.116272344385),np.float64(25.036058136172194),,
2020-04-20,CSCO,sell,np.float64(1145.7516182185482),np.float64(41.92),np.float64(48029.90783572154),np.float64(24.01495391786077),,
2020-04-20,NFLX,sell,np.float64(126.63716681934022),np.float64(435.17),np.float64(55108.695884772285),np.float64(27.554347942386144),,
2020-04-20,NVDA,sell,np.float64(180.50536050552483),np.float64(287.24),np.float64(51848.35975160696),np.float64(25.92417987580348),,
2020-04-20,WMT,sell,np.float64(387.7114644763293),np.float64(132.2),np.float64(51255.45560377073),np.float64(25.627727801885367),,
2020-04-20,JPM,buy,np.float64(553.8192903776117),np.float64(92.47),np.float64(51211.66978121775),np.float64(25.605834890608875),np.float64(0.999000499750125),
2020-04-20,KO,buy,np.float64(1071.5980284833176),np.float64(47.79),np.float64(51211.66978121775),np.float64(25.605834890608875),np.float64(0.999000499750125),
2020-04-20,META,buy,np.float64(288.66281371522325),np.float64(177.41),np.float64(51211.66978121775),np.float64(25.605834890608875),np.float64(0.999000499750125),
2020-04-20,MU,buy,np.float64(1150.3070480956367),np.float64(44.52),np.float64(51211.66978121775),np.float64(25.605834890608875),np.float64(0.999000499750125),
2020-04-20,XOM,buy,np.float64(1256.7280927906197),np.float64(40.75),np.float64(51211.66978121775),np.float64(25.605834890608875),np.float64(0.999000499750125),
2020-04-27,META,sell,np.float64(288.66281371522325),np.float64(192.657),np.float64(55612.91170193377),np.float64(27.806455850966888),,
2020-04-27,XOM,sell,np.float64(1256.7280927906197),np.float64(43.59),np.float64(54780.77756474312),np.float64(27.39038878237156),,
2020-04-27,CRM,buy,np.float64(337.0231467219335),np.float64(155.54),np.float64(52420.58024112953),np.float64(26.210290120564764),np.float64(0.9990004997501247),
2020-04-27,JPM,buy,np.float64(16.895011779634974),np.float64(91.94),np.float64(1553.3273830196395),np.float64(0.7766636915098197),np.float64(0.9990004997501247),
2020-04-27,KO,buy,np.float64(69.05086534282003),np.float64(46.0),np.float64(3176.3398057697214),np.float64(1.5881699028848608),np.float64(0.9990004997501247),
2020-04-27,MU,buy,np.float64(15.835077742086558),np.float64(44.9965),np.float64(712.5230756217977),np.float64(0.35626153781089887),np.float64(0.9990004997501247),
2020-04-27,ORCL,buy,np.float64(982.3946821800887),np.float64(53.36),np.float64(52420.58024112953),np.float64(26.210290120564764),np.float64(0.9990004997501247),
2020-05-04,CRM,sell,np.float64(337.0231467219335),np.float64(155.59),np.float64(52437.43139846563),np.float64(26.218715699232817),,
2020-05-04,JPM,sell,np.float64(570.7143021572466),np.float64(92.02),np.float64(52517.13008450983),np.float64(26.258565042254915),,
2020-05-04,KO,sell,np.float64(1140.6488938261377),np.float64(45.32),np.float64(51694.20786820056),np.float64(25.84710393410028),,
2020-05-04,MU,sell,np.float64(1166.1421258377231),np.float64(44.19),np.float64(51531.82054076898),np.float64(25.76591027038449),,
2020-05-04,ORCL,sell,np.float64(982.3946821800887),np.float64(51.71),np.float64(50799.62901553239),np.float64(25.399814507766195),,
2020-05-04,AMAT,buy,np.float64(1111.3460829637745),np.float64(46.56),np.float64(51744.27362279334),np.float64(25.872136811396672),np.float64(0.9990004997501251),
2020-05-04,AMD,buy,np.float64(1038.7287689007999),np.float64(49.815),np.float64(51744.27362279334),np.float64(25.872136811396672),np.float64(0.9990004997501251),
2020-05-04,AMZN,buy,np.float64(22.932428767669162),np.float64(2256.38),np.float64(51744.27362279334),np.float64(25.872136811396672),np.float64(0.9990004997501251),
2020-05-04,JNJ,buy,np.float64(347.813898116511),np.float64(148.77),np.float64(51744.27362279334),np.float64(25.872136811396672),np.float64(0.9990004997501251),
2020-05-04,WMT,buy,np.float64(417.83166685072143),np.float64(123.84),np.float64(51744.27362279334),np.float64(25.872136811396672),np.float64(0.9990004997501251),
2020-05-11,AMAT,sell,np.float64(1111.3460829637745),np.float64(54.1265),np.float64(60153.273759538744),np.float64(30.076636879769374),,
2020-05-11,AMD,sell,np.float64(1038.7287689007999),np.float64(52.9),np.float64(54948.751874852314),np.float64(27.474375937426156),,
2020-05-11,AMZN,sell,np.float64(22.932428767669162),np.float64(2374.7),np.float64(54457.63859458396),np.float64(27.22881929729198),,
2020-05-11,COST,buy,np.float64(178.34265254980028),np.float64(305.64),np.float64(54508.64832532095),np.float64(27.254324162660478),np.float64(0.9990011638722569),
2020-05-11,JNJ,buy,np.float64(19.718747247661025),np.float64(148.45),np.float64(2927.248028915279),np.float64(1.4636240144576396),np.float64(0.9990011638722569),
2020-05-11,JPM,buy,np.float64(598.272948362649),np.float64(91.11),np.float64(54508.64832532095),np.float64(27.254324162660478),np.float64(0.9990011638722569),
2020-05-11,KO,buy,np.float64(1193.0104689280138),np.float64(45.69),np.float64(54508.64832532095),np.float64(27.254324162660478),np.float64(0.9990011638722569),
2020-05-11,WMT,buy,np.float64(25.70939467734104),np.float64(123.01),np.float64(3162.5126392597217),np.float64(1.5812563196298608),np.float64(0.9990011638722569),
2020-05-18,COST,sell,np.float64(178.34265254980028),np.float64(301.7206),np.float64(53809.65213291727),np.float64(26.904826066458636),,
2020-05-18,JNJ,sell,np.float64(367.532645364172),np.float64(152.56),np.float64(56070.780376758084),np.float64(28.035390188379044),,
2020-05-18,WMT,sell,np.float64(443.54106152806247),np.float64(127.5),np.float64(56551.48534482797),np.float64(28.275742672413983),,
2020-05-18,JPM,buy,np.float64(17.25488871928505),np.float64(88.69),np.float64(1530.336080513391),np.float64(0.7651680402566955),np.float64(0.9990004997501246),
2020-05-18,KO,buy,np.float64(25.007682954527727),np.float64(44.82),np.float64(1120.8443500219328),np.float64(0.5604221750109664),np.float64(0.9990004997501246),
2020-05-18,MU,buy,np.float64(1190.0093729033765),np.float64(45.83),np.float64(54538.129560161746),np.float64(27.269064780080875),np.float64(0.9990004997501246),
2020-05-18,QCOM,buy,np.float64(705.8124700422123),np.float64(77.27),np.float64(54538.129560161746),np.float64(27.269064780080875),np.float64(0.9990004997501246),
2020-05-18,XOM,buy,np.float64(1228.3390178843138),np.float64(44.3999),np.float64(54538.129560161746),np.float64(27.269064780080875),np.float64(0.9990004997501246),
2020-05-26,JPM,sell,np.float64(615.5278370819341),np.float64(92.89),np.float64(57176.38078654086),np.float64(28.58819039327043),,
2020-05-26,KO,sell,np.float64(1218.0181518825416),np.float64(46.92),np.float64(57149.41168632885),np.float64(28.574705843164427),,
2020-05-26,MU,sell,np.float64(1190.0093729033765),np.float64(46.22),np.float64(55002.23321559406),np.float64(27.50111660779703),,
2020-05-26,QCOM,sell,np.float64(705.8124700422123),np.float64(80.19),np.float64(56599.101972685006),np.float64(28.299550986342503),,
2020-05-26,XOM,sell,np.float64(1228.3390178843138),np.float64(45.74),np.float64(56184.22667802851),np.float64(28.092113339014258),,
2020-05-26,JNJ,buy,np.float64(385.56588545047225),np.float64(146.19),np.float64(56365.876794004536),np.float64(28.182938397002268),np.float64(0.9990004997501247),
2020-05-26,NFLX,buy,np.float64(131.76678307035215),np.float64(427.77),np.float64(56365.876794004536),np.float64(28.182938397002268),np.float64(0.9990004997501247),
2020-05-26,ORCL,buy,np.float64(1050.622121043887),np.float64(53.65),np.float64(56365.876794004536),np.float64(28.182938397002268),np.float64(0.9990004997501247),
2020-05-26,PEP,buy,np.float64(427.2084037744773),np.float64(131.94),np.float64(56365.876794004536),np.float64(28.182938397002268),np.float64(0.9990004997501247),
2020-05-26,WMT,buy,np.float64(453.320546839348),np.float64(124.34),np.float64(56365.876794004536),np.float64(28.182938397002268),np.float64(0.9990004997501247),
2020-06-01,JNJ,sell,np.float64(385.56588545047225),np.float64(147.29),np.float64(56789.99926800006),np.float64(28.39499963400003),,
2020-06-01,ORCL,sell,np.float64(1050.622121043887),np.float64(53.2),np.float64(55893.096839534795),np.float64(27.9465484197674),,
2020-06-01,PEP,sell,np.float64(427.2084037744773),np.float64(131.6),np.float64(56220.62593672121),np.float64(28.110312968360606),,
2020-06-01,AMD,buy,np.float64(1049.5951324784464),np.float64(53.31),np.float64(55953.91651242598),np.float64(27.976958256212992),np.float64(0.9990004997501246),
2020-06-01,AMZN,buy,np.float64(22.8569920393897),np.float64(2448.0),np.float64(55953.91651242598),np.float64(27.976958256212992),np.float64(0.9990004997501246),
2020-06-01,META,buy,np.float64(249.13805829478596),np.float64(224.59),np.float64(55953.91651242598),np.float64(27.976958256212992),np.float64(0.9990004997501246),
2020-06-01,NFLX,buy,np.float64(1.9606882522096578),np.float64(418.83),np.float64(821.195060672971),np.float64(0.4105975303364855),np.float64(0.9990004997501246),
2020-06-01,WMT,buy,np.float64(0.4209181295938336),np.float64(123.44),np.float64(51.958133917062824),np.float64(0.025979066958531413),np.float64(0.9990004997501246),
2020-06-08,AMZN,sell,np.float64(22.8569920393897),np.float64(2500.2),np.float64(57147.05149688212),np.float64(28.57352574844106),,
2020-06-08,META,sell,np.float64(249.13805829478596),np.float64(229.03),np.float64(57060.08949125483),np.float64(28.530044745627418),,
2020-06-08,AMD,buy,np.float64(1.740256300925001),np.float64(53.3),np.float64(92.75566083930255),np.float64(0.046377830419651274),np.float64(0.9990004997501253),
2020-06-08,COST,buy,np.float64(180.19783930699424),np.float64(310.66),np.float64(55980.26075911083),np.float64(27.990130379555417),np.float64(0.9990004997501253),
2020-06-08,JNJ,buy,np.float64(383.7155443081146),np.float64(145.89),np.float64(55980.26075911083),np.float64(27.990130379555417),np.float64(0.9990004997501253),
2020-06-08,NFLX,buy,np.float64(0.6321058750767443),np.float64(417.06),np.float64(263.626076259507),np.float64(0.1318130381297535),np.float64(0.9990004997501253),
2020-06-08,WMT,buy,np.float64(14.852715059887613),np.float64(119.58),np.float64(1776.0876668613607),np.float64(0.8880438334306804),np.float64(0.9990004997501253),
2020-06-15,AMD,sell,np.float64(1051.3353887793714),np.float64(52.58),np.float64(55279.21474201935),np.float64(27.639607371009674),,
2020-06-15,COST,sell,np.float64(180.19783930699424),np.float64(297.05),np.float64(53527.76816614264),np.float64(26.76388408307132),,
2020-06-15,JNJ,sell,np.float64(383.7155443081146),np.float64(140.76),np.float64(54011.80001681021),np.float64(27.005900008405103),,
2020-06-15,NFLX,sell,np.float64(134.35957719763854),np.float64(421.4),np.float64(56619.12583108488),np.float64(28.30956291554244),,
2020-06-15,WMT,sell,np.float64(468.59418002882944),np.float64(118.4),np.float64(55481.550915413405),np.float64(27.740775457706704),,
2020-06-15,INTC,buy,np.float64(925.8205885819428),np.float64(59.33),np.float64(54928.935520566665),np.float64(27.464467760283334),np.float64(0.9990004997501247),
2020-06-15,JPM,buy,np.float64(569.6840439801563),np.float64(96.42),np.float64(54928.935520566665),np.float64(27.464467760283334),np.float64(0.9990004997501247),
2020-06-15,KO,buy,np.float64(1232.4194642263105),np.float64(44.57),np.float64(54928.935520566665),np.float64(27.464467760283334),np.float64(0.9990004997501247),
2020-06-15,MU,buy,np.float64(1159.8170506876409),np.float64(47.36),np.float64(54928.935520566665),np.float64(27.464467760283334),np.float64(0.9990004997501247),
2020-06-15,XOM,buy,np.float64(1211.222392956266),np.float64(45.35),np.float64(54928.935520566665),np.float64(27.464467760283334),np.float64(0.9990004997501247),
2020-06-22,INTC,sell,np.float64(925.8205885819428),np.float64(59.56),np.float64(55141.874255940515),np.float64(27.570937127970257),,
2020-06-22,KO,sell,np.float64(1232.4194642263105),np.float64(46.03),np.float64(56728.26793833708),np.float64(28.364133969168538),,
2020-06-22,MU,sell,np.float64(1159.8170506876409),np.float64(51.22),np.float64(59405.829336220966),np.float64(29.702914668110484),,
2020-06-22,COST,buy,np.float64(188.012424681066),np.float64(299.7),np.float64(56347.323676915476),np.float64(28.17366183845774),np.float64(0.9990004997501247),
2020-06-22,CSCO,buy,np.float64(1249.9406316973266),np.float64(45.08),np.float64(56347.323676915476),np.float64(28.17366183845774),np.float64(0.9990004997501247),
2020-06-22,JNJ,buy,np.float64(392.7463837521118),np.float64(143.47),np.float64(56347.323676915476),np.float64(28.17366183845774),np.float64(0.9990004997501247),
2020-06-22,JPM,buy,np.float64(10.292282633205547),np.float64(97.25),np.float64(1000.9244860792394),np.float64(0.5004622430396197),np.float64(0.9990004997501247),
2020-06-22,XOM,buy,np.float64(23.24109514840386),np.float64(45.69),np.float64(1061.8856373305723),np.float64(0.5309428186652861),np.float64(0.9990004997501247),
2020-06-29,COST,sell,np.float64(188.012424681066),np.float64(297.44),np.float64(55922.41559713627),np.float64(27.961207798568136),,
2020-06-29,CSCO,sell,np.float64(1249.9406316973266),np.float64(46.34),np.float64(57922.24887285412),np.float64(28.96112443642706),,
2020-06-29,JPM,sell,np.float64(579.9763266133618),np.float64(93.4),np.float64(54169.788905688),np.float64(27.084894452844),,
2020-06-29,XOM,sell,np.float64(1234.46348810467),np.float64(43.81),np.float64(54081.845413865594),np.float64(27.040922706932797),,
2020-06-29,AMD,buy,np.float64(1101.9321410292914),np.float64(50.15),np.float64(55261.89687261896),np.float64(27.63094843630948),np.float64(0.9990004997501251),
2020-06-29,GOOGL,buy,np.float64(40.6235918025045),np.float64(1360.34),np.float64(55261.89687261896),np.float64(27.63094843630948),np.float64(0.9990004997501251),
2020-06-29,JNJ,buy,np.float64(5.9588149987868615),np.float64(138.74),np.float64(826.7259929316892),np.float64(0.4133629964658446),np.float64(0.9990004997501251),
2020-06-29,KO,buy,np.float64(1255.3815736624026),np.float64(44.02),np.float64(55261.89687261896),np.float64(27.63094843630948),np.float64(0.9990004997501251),
2020-06-29,META,buy,np.float64(263.46553932118695),np.float64(209.75),np.float64(55261.89687261896),np.float64(27.63094843630948),np.float64(0.9990004997501251),
2020-07-06,AMD,sell,np.float64(1101.9321410292914),np.float64(52.9),np.float64(58292.210260449516),np.float64(29.146105130224758),,
2020-07-06,GOOGL,sell,np.float64(40.6235918025045),np.float64(1488.15),np.float64(60453.99814089708),np.float64(30.22699907044854),,
2020-07-06,JNJ,sell,np.float64(398.70519875089866),np.float64(142.16),np.float64(56679.931054427754),np.float64(28.339965527213877),,
2020-07-06,KO,sell,np.float64(1255.3815736624026),np.float64(45.14),np.float64(56667.92423512085),np.float64(28.333962117560425),,
2020-07-06,META,sell,np.float64(12.197770530447853),np.float64(233.76),np.float64(2851.35083919749),np.float64(1.425675419598745),,
2020-07-06,AAPL,buy,np.float64(158.58823414159656),np.float64(370.0),np.float64(58677.64663239072),np.float64(29.338823316195363),np.float64(0.9990004997501251),
2020-07-06,JPM,buy,np.float64(621.3877648246396),np.float64(94.43),np.float64(58677.64663239072),np.float64(29.338823316195363),np.float64(0.9990004997501251),
2020-07-06,WMT,buy,np.float64(489.79671646402943),np.float64(119.8),np.float64(58677.64663239072),np.float64(29.338823316195363),np.float64(0.9990004997501251),
2020-07-06,XOM,buy,np.float64(1313.5806275440054),np.float64(44.67),np.float64(58677.64663239072),np.float64(29.338823316195363),np.float64(0.9990004997501251),
2020-07-13,AAPL,sell,np.float64(158.58823414159656),np.float64(389.06),np.float64(61700.338375129555),np.float64(30.850169187564777),,
2020-07-13,JPM,sell,np.float64(621.3877648246396),np.float64(98.7303),np.float64(61349.80043746611),np.float64(30.674900218733057),,
2020-07-13,META,sell,np.float64(251.2677687907391),np.float64(247.005),np.float64(62064.39523015651),np.float64(31.032197615078253),,
2020-07-13,WMT,sell,np.float64(489.79671646402943),np.float64(131.33),np.float64(64325.00277322099),np.float64(32.162501386610494),,
2020-07-13,INTC,buy,np.float64(1021.3619245581775),np.float64(59.84),np.float64(61118.29756556135),np.float64(30.559148782780674),np.float64(0.999000499750125),
2020-07-13,JNJ,buy,np.float64(425.58524869828943),np.float64(143.61),np.float64(61118.29756556135),np.float64(30.559148782780674),np.float64(0.999000499750125),
2020-07-13,KO,buy,np.float64(1342.3742052616153),np.float64(45.53),np.float64(61118.29756556135),np.float64(30.559148782780674),np.float64(0.999000499750125),
2020-07-13,PEP,buy,np.float64(446.86917866170467),np.float64(136.77),np.float64(61118.29756556135),np.float64(30.559148782780674),np.float64(0.999000499750125),
2020-07-13,XOM,buy,np.float64(109.74945729063575),np.float64(42.98),np.float64(4717.031674351524),np.float64(2.358515837175762),np.float64(0.999000499750125),
2020-07-20,INTC,sell,np.float64(1021.3619245581775),np.float64(60.08),np.float64(61363.424427455306),np.float64(30.681712213727653),,
2020-07-20,JNJ,sell,np.float64(425.58524869828943),np.float64(150.23),np.float64(63935.67191194402),np.float64(31.96783595597201),,
2020-07-20,KO,sell,np.float64(1342.3742052616153),np.float64(46.76),np.float64(62769.41783803313),np.float64(31.384708919016564),,
2020-07-20,PEP,sell,np.float64(446.86917866170467),np.float64(134.6136),np.float64(60154.66886869524),np.float64(30.07733443434762),,
2020-07-20,XOM,sell,np.float64(1423.3300848346412),np.float64(43.21),np.float64(61502.09296570485),np.float64(30.751046482852423),,
2020-07-20,ADBE,buy,np.float64(142.56817284295542),np.float64(434.06),np.float64(61883.141104213224),np.float64(30.94157055210661),np.float64(0.9990004997501251),
2020-07-20,AMZN,buy,np.float64(20.626338612163597),np.float64(3000.2),np.float64(61883.141104213224),np.float64(30.94157055210661),np.float64(0.9990004997501251),
2020-07-20,CRM,buy,np.float64(329.340825461486),np.float64(187.9),np.float64(61883.141104213224),np.float64(30.94157055210661),np.float64(0.9990004997501251),
2020-07-20,MSFT,buy,np.float64(301.86898099616207),np.float64(205.0),np.float64(61883.141104213224),np.float64(30.94157055210661),np.float64(0.9990004997501251),
2020-07-20,NFLX,buy,np.float64(126.51416998040075),np.float64(489.14),np.float64(61883.141104213224),np.float64(30.94157055210661),np.float64(0.9990004997501251),
2020-07-27,ADBE,sell,np.float64(142.56817284295542),np.float64(431.77),np.float64(61556.65998840286),np.float64(30.77832999420143),,
2020-07-27,AMZN,sell,np.float64(20.626338612163597),np.float64(3062.0),np.float64(63157.848830444935),np.float64(31.578924415222467),,
2020-07-27,CRM,sell,np.float64(329.340825461486),np.float64(189.9),np.float64(62541.8227551362),np.float64(31.2709113775681),,
2020-07-27,MSFT,sell,np.float64(301.86898099616207),np.float64(201.47),np.float64(60817.54360129677),np.float64(30.408771800648385),,
2020-07-27,NFLX,sell,np.float64(126.51416998040075),np.float64(484.51),np.float64(61297.380497203965),np.float64(30.648690248601984),,
2020-07-27,AAPL,buy,np.float64(164.9034462838203),np.float64(374.84),np.float64(61812.40780502719),np.float64(30.906203902513596),np.float64(0.999000499750125),
2020-07-27,INTC,buy,np.float64(1211.29546943028),np.float64(51.03),np.float64(61812.40780502719),np.float64(30.906203902513596),np.float64(0.999000499750125),
2020-07-27,META,buy,np.float64(267.0543843645865),np.float64(231.46),np.float64(61812.40780502719),np.float64(30.906203902513596),np.float64(0.999000499750125),
2020-07-27,QCOM,buy,np.float64(686.6328729487317),np.float64(90.0225),np.float64(61812.40780502719),np.float64(30.906203902513596),np.float64(0.999000499750125),
2020-07-27,TSLA,buy,np.float64(43.07484864461825),np.float64(1435.0),np.float64(61812.40780502719),np.float64(30.906203902513596),np.float64(0.999000499750125),
2020-08-03,AAPL,sell,np.float64(164.9034462838203),np.float64(432.8),np.float64(71370.21155163743),np.float64(35.68510577581872),,
2020-08-03,META,sell,np.float64(267.0543843645865),np.float64(252.65),np.float64(67471.29020971278),np.float64(33.73564510485639),,
2020-08-03,QCOM,sell,np.float64(686.6328729487317),np.float64(107.41),np.float64(73751.23688342326),np.float64(36.87561844171163),,
2020-08-03,TSLA,sell,np.float64(43.07484864461825),np.float64(1449.2),np.float64(62424.07065578077),np.float64(31.212035327890387),,
2020-08-03,COST,buy,np.float64(204.65582585314007),np.float64(325.55),np.float64(66625.70410648975),np.float64(33.312852053244875),np.float64(0.9990004997501248),
2020-08-03,INTC,buy,np.float64(170.7588291187461),np.float64(48.25),np.float64(8239.1135049795),np.float64(4.11955675248975),np.float64(0.9990004997501248),
2020-08-03,JNJ,buy,np.float64(455.1246950371593),np.float64(146.39),np.float64(66625.70410648975),np.float64(33.312852053244875),np.float64(0.9990004997501248),
2020-08-03,KO,buy,np.float64(1413.3581694206566),np.float64(47.14),np.float64(66625.70410648975),np.float64(33.312852053244875),np.float64(0.9990004997501248),
2020-08-03,WMT,buy,np.float64(512.8604734546205),np.float64(129.91),np.float64(66625.70410648975),np.float64(33.312852053244875),np.float64(0.9990004997501248),
2020-08-10,COST,sell,np.float64(204.65582585314007),np.float64(340.71),np.float64(69728.28642642335),np.float64(34.864143213211676),,
2020-08-10,INTC,sell,np.float64(1382.054298549026),np.float64(48.2),np.float64(66615.01719006305),np.float64(33.30750859503153),,
2020-08-10,JNJ,sell,np.float64(455.1246950371593),np.float64(148.86),np.float64(67749.86210323154),np.float64(33.874931051615775),,
2020-08-10,KO,sell,np.float64(1413.3581694206566),np.float64(48.06),np.float64(67925.99362235676),np.float64(33.962996811178385),,
2020-08-10,AMAT,buy,np.float64(1064.9846613893435),np.float64(63.65),np.float64(67786.27369743171),np.float64(33.893136848715855),np.float64(0.9990013362481461),
2020-08-10,MU,buy,np.float64(1387.6412220559203),np.float64(48.85),np.float64(67786.27369743171),np.float64(33.893136848715855),np.float64(0.9990013362481461),
2020-08-10,ORCL,buy,np.float64(1226.0132699842957),np.float64(55.29),np.float64(67786.27369743171),np.float64(33.893136848715855),np.float64(0.9990013362481461),
2020-08-10,PEP,buy,np.float64(497.25846315604247),np.float64(136.32),np.float64(67786.27369743171),np.float64(33.893136848715855),np.float64(0.9990013362481461),
2020-08-10,WMT,buy,np.float64(8.123704915073201),np.float64(130.24),np.float64(1058.0313281391338),np.float64(0.5290156640695669),np.float64(0.9990013362481461),
2020-08-17,AMAT,sell,np.float64(1064.9846613893435),np.float64(68.1),np.float64(72525.45544061429),np.float64(36.26272772030714),,
2020-08-17,PEP,sell,np.float64(497.25846315604247),np.float64(137.5),np.float64(68373.03868395583),np.float64(34.18651934197792),,
2020-08-17,WMT,sell,np.float64(520.9841783696937),np.float64(134.35),np.float64(69994.22436396834),np.float64(34.99711218198417),,
2020-08-17,COST,buy,np.float64(201.96995846820946),np.float64(337.65),np.float64(68195.15647679091),np.float64(34.09757823839546),np.float64(0.9990011655299893),
2020-08-17,CRM,buy,np.float64(349.11004646662695),np.float64(195.34),np.float64(68195.15647679091),np.float64(34.09757823839546),np.float64(0.9990011655299893),
2020-08-17,CSCO,buy,np.float64(1602.7063801831002),np.float64(42.55),np.float64(68195.15647679091),np.float64(34.09757823839546),np.float64(0.9990011655299893),
2020-08-17,MU,buy,np.float64(99.47805840364241),np.float64(45.9),np.float64(4566.0428807271865),np.float64(2.2830214403635933),np.float64(0.9990011655299893),
2020-08-17,ORCL,buy,np.float64(33.424533459438656),np.float64(54.2),np.float64(1811.6097135015752),np.float64(0.9058048567507876),np.float64(0.9990011655299893),
2020-08-24,COST,sell,np.float64(201.96995846820946),np.float64(345.11),np.float64(69701.85236696377),np.float64(34.85092618348188),,
2020-08-24,CRM,sell,np.float64(349.11004646662695),np.float64(208.88),np.float64(72922.10650594904),np.float64(36.461053252974516),,
2020-08-24,CSCO,sell,np.float64(1602.7063801831002),np.float64(42.07),np.float64(67425.85741430303),np.float64(33.71292870715151),,
2020-08-24,ORCL,sell,np.float64(1259.4378034437343),np.float64(55.76),np.float64(70226.25192002262),np.float64(35.11312596001131),,
2020-08-24,AMAT,buy,np.float64(1086.0366888994406),np.float64(63.36),np.float64(68811.28460866856),np.float64(34.40564230433428),np.float64(0.999000499750125),
2020-08-24,JPM,buy,np.float64(698.9465171017629),np.float64(98.45),np.float64(68811.28460866856),np.float64(34.40564230433428),np.float64(0.999000499750125),
2020-08-24,KO,buy,np.float64(1450.796639440619),np.float64(47.43),np.float64(68811.28460866856),np.float64(34.40564230433428),np.float64(0.999000499750125),
2020-08-24,MU,buy,np.float64(110.1761078932536),np.float64(43.12),np.float64(4750.793772357095),np.float64(2.3753968861785477),np.float64(0.999000499750125),
2020-08-24,PEP,buy,np.float64(504.25974357810753),np.float64(136.46),np.float64(68811.28460866856),np.float64(34.40564230433428),np.float64(0.999000499750125),
2020-08-31,AMAT,sell,np.float64(1086.0366888994406),np.float64(62.44),np.float64(67812.13085488106),np.float64(33.90606542744053),,
2020-08-31,JPM,sell,np.float64(698.9465171017629),np.float64(102.12),np.float64(71376.41832643203),np.float64(35.688209163216015),,
2020-08-31,KO,sell,np.float64(1450.796639440619),np.float64(49.8),np.float64(72249.67264414282),np.float64(36.12483632207141),,
2020-08-31,MU,sell,np.float64(1597.2953883528162),np.float64(45.35),np.float64(72437.34586180022),np.float64(36.21867293090011),,
2020-08-31,COST,buy,np.float64(203.99312850132628),np.float64(346.85),np.float64(70755.01662068503),np.float64(35.37750831034251),np.float64(0.9990004997501251),
2020-08-31,CSCO,buy,np.float64(1680.641724956889),np.float64(42.1),np.float64(70755.01662068503),np.float64(35.37750831034251),np.float64(0.9990004997501251),
2020-08-31,JNJ,buy,np.float64(462.45108902408515),np.float64(153.0),np.float64(70755.01662068503),np.float64(35.37750831034251),np.float64(0.9990004997501251),
2020-08-31,PEP,buy,np.float64(4.103987250066276),np.float64(139.32),np.float64(571.7675036792335),np.float64(0.2858837518396168),np.float64(0.9990004997501251),
2020-08-31,XOM,buy,np.float64(1741.0191097609504),np.float64(40.64),np.float64(70755.01662068503),np.float64(35.37750831034251),np.float64(0.9990004997501251),
2020-09-08,COST,sell,np.float64(203.99312850132628),np.float64(343.84),np.float64(70140.99730389603),np.float64(35.070498651948014),,
2020-09-08,CSCO,sell,np.float64(1680.641724956889),np.float64(40.05),np.float64(67309.7010845234),np.float64(33.654850542261705),,
2020-09-08,JNJ,sell,np.float64(4.068999189461392),np.float64(150.25),np.float64(611.3671282165742),np.float64(0.3056835641082871),,
2020-09-08,PEP,sell,np.float64(508.3637308281738),np.float64(138.31),np.float64(70311.78761084472),np.float64(35.155893805422366),,
2020-09-08,XOM,sell,np.float64(1741.0191097609504),np.float64(38.25),np.float64(66593.98094835636),np.float64(33.29699047417818),,
2020-09-08,ADBE,buy,np.float64(145.80191519497714),np.float64(471.8946),np.float64(68803.13645016766),np.float64(34.40156822508383),np.float64(0.9990014427001449),
2020-09-08,CRM,buy,np.float64(286.0064284088195),np.float64(240.565),np.float64(68803.13645016766),np.float64(34.40156822508383),np.float64(0.9990014427001449),
2020-09-08,MSFT,buy,np.float64(333.1871014535964),np.float64(206.5),np.float64(68803.13645016766),np.float64(34.40156822508383),np.float64(0.9990014427001449),
2020-09-08,ORCL,buy,np.float64(1243.0557624239866),np.float64(55.35),np.float64(68803.13645016766),np.float64(34.40156822508383),np.float64(0.9990014427001449),
2020-09-14,ADBE,sell,np.float64(145.80191519497714),np.float64(484.99),np.float64(70712.47085041196),np.float64(35.35623542520598),,
2020-09-14,CRM,sell,np.float64(286.0064284088195),np.float64(246.31),np.float64(70446.24338137633),np.float64(35.22312169068817),,
2020-09-14,JNJ,sell,np.float64(458.38208983462374),np.float64(148.12),np.float64(67895.55514630447),np.float64(33.94777757315224),,
2020-09-14,MSFT,sell,np.float64(333.1871014535964),np.float64(204.24),np.float64(68050.13360088253),np.float64(34.025066800441266),,
2020-09-14,ORCL,sell,np.float64(1243.0557624239866),np.float64(60.86),np.float64(75652.37370112383),np.float64(37.82618685056191),,
2020-09-14,AMAT,buy,np.float64(1253.4383645515288),np.float64(56.23),np.float64(70480.83923873246),np.float64(35.24041961936623),np.float64(0.9990004997501251),
2020-09-14,AMZN,buy,np.float64(22.21312140647866),np.float64(3172.9372),np.float64(70480.83923873246),np.float64(35.24041961936623),np.float64(0.9990004997501251),
2020-09-14,GOOGL,buy,np.float64(46.01636972298153),np.float64(1531.6471),np.float64(70480.83923873246),np.float64(35.24041961936623),np.float64(0.9990004997501251),
2020-09-14,META,buy,np.float64(260.12489108223826),np.float64(270.95),np.float64(70480.83923873246),np.float64(35.24041961936623),np.float64(0.9990004997501251),
2020-09-14,NFLX,buy,np.float64(146.64566443080284),np.float64(480.62),np.float64(70480.83923873246),np.float64(35.24041961936623),np.float64(0.9990004997501251),
2020-09-21,AMAT,sell,np.float64(1253.4383645515288),np.float64(55.21),np.float64(69202.33210688991),np.float64(34.601166053444956),,
2020-09-21,NFLX,sell,np.float64(146.64566443080284),np.float64(467.6923),np.float64(68585.04808267037),np.float64(34.292524041335184),,
2020-09-21,AAPL,buy,np.float64(635.7119484540174),np.float64(104.54),np.float64(66457.32709138298),np.float64(33.22866354569149),np.float64(0.9990004997501255),
2020-09-21,AMZN,buy,np.float64(0.6741510048974722),np.float64(2906.5),np.float64(1959.4198957345027),np.float64(0.9797099478672514),np.float64(0.9990004997501255),
2020-09-21,GOOGL,buy,np.float64(0.4506900583077823),np.float64(1431.62),np.float64(645.2169012745873),np.float64(0.32260845063729365),np.float64(0.9990004997501255),
2020-09-21,META,buy,np.float64(8.606167443064523),np.float64(247.54),np.float64(2130.370688856192),np.float64(1.0651853444280959),np.float64(0.9990004997501255),
2020-09-21,PEP,buy,np.float64(509.7593548468434),np.float64(130.37),np.float64(66457.32709138298),np.float64(33.22866354569149),np.float64(0.9990004997501255),
2020-09-28,AAPL,sell,np.float64(635.7119484540174),np.float64(114.98),np.float64(73094.15983324291),np.float64(36.547079916621456),,
2020-09-28,AMZN,sell,np.float64(22.88727241137613),np.float64(3148.85),np.float64(72068.58773256173),np.float64(36.03429386628087),,
2020-09-28,GOOGL,sell,np.float64(46.467059781289315),np.float64(1471.99),np.float64(68399.04732746007),np.float64(34.199523663730034),,
2020-09-28,META,sell,np.float64(268.7310585253028),np.float64(259.4),np.float64(69708.83658146353),np.float64(34.854418290731765),,
2020-09-28,PEP,sell,np.float64(509.7593548468434),np.float64(136.04),np.float64(69347.66263336457),np.float64(34.67383131668228),,
2020-09-28,CSCO,buy,np.float64(1797.5040287537763),np.float64(39.195),np.float64(70453.17040700426),np.float64(35.22658520350213),np.float64(0.9990004997501252),
2020-09-28,JNJ,buy,np.float64(480.1551857629951),np.float64(146.73),np.float64(70453.17040700426),np.float64(35.22658520350213),np.float64(0.9990004997501252),
2020-09-28,JPM,buy,np.float64(741.1442289817406),np.float64(95.06),np.float64(70453.17040700426),np.float64(35.22658520350213),np.float64(0.9990004997501252),
2020-09-28,KO,buy,np.float64(1429.070393651202),np.float64(49.3),np.float64(70453.17040700426),np.float64(35.22658520350213),np.float64(0.9990004997501252),
2020-09-28,XOM,buy,np.float64(2004.9280138589716),np.float64(35.14),np.float64(70453.17040700426),np.float64(35.22658520350213),np.float64(0.9990004997501252),
2020-10-05,CSCO,sell,np.float64(1797.5040287537763),np.float64(38.48),np.float64(69167.95502644531),np.float64(34.583977513222656),,
2020-10-05,JNJ,sell,np.float64(2.09076377185888),np.float64(147.0),np.float64(307.34227446325536),np.float64(0.15367113723162767),,
2020-10-05,JPM,sell,np.float64(741.1442289817406),np.float64(98.32),np.float64(72869.30059348473),np.float64(36.43465029674237),,
2020-10-05,KO,sell,np.float64(1429.070393651202),np.float64(49.43),np.float64(70638.94955817892),np.float64(35.31947477908946),,
2020-10-05,MSFT,buy,np.float64(338.7966656174081),np.float64(207.22),np.float64(70205.44504923931),np.float64(35.10272252461966),np.float64(0.9990035643528941),
2020-10-05,MU,buy,np.float64(1494.0507565277571),np.float64(46.99),np.float64(70205.44504923931),np.float64(35.10272252461966),np.float64(0.9990035643528941),
2020-10-05,ORCL,buy,np.float64(1181.1144860235415),np.float64(59.44),np.float64(70205.44504923931),np.float64(35.10272252461966),np.float64(0.9990035643528941),
2020-10-05,XOM,buy,np.float64(104.07592182267375),np.float64(33.32),np.float64(3467.809715131489),np.float64(1.7339048575657445),np.float64(0.9990035643528941),
2020-10-12,MSFT,sell,np.float64(338.7966656174081),np.float64(218.79),np.float64(74125.32247043271),np.float64(37.06266123521636),,
2020-10-12,MU,sell,np.float64(1494.0507565277571),np.float64(50.58),np.float64(75569.08726517395),np.float64(37.784543632586974),,
2020-10-12,ORCL,sell,np.float64(1181.1144860235415),np.float64(61.24),np.float64(72331.45112408168),np.float64(36.16572556204084),,
2020-10-12,XOM,sell,np.float64(2109.003935681645),np.float64(34.54),np.float64(72844.99593844402),np.float64(36.42249796922201),,
2020-10-12,JNJ,buy,np.float64(6.92718716358713),np.float64(151.6),np.float64(1050.1615739998088),np.float64(0.5250807869999043),np.float64(0.9990009797122845),
2020-10-12,KO,buy,np.float64(1444.7742798132413),np.float64(50.84),np.float64(73452.32438570519),np.float64(36.72616219285259),np.float64(0.9990009797122845),
2020-10-12,META,buy,np.float64(271.84427973984157),np.float64(270.2),np.float64(73452.32438570519),np.float64(36.72616219285259),np.float64(0.9990009797122845),
2020-10-12,PEP,buy,np.float64(520.4954959304506),np.float64(141.12),np.float64(73452.32438570519),np.float64(36.72616219285259),np.float64(0.9990009797122845),
2020-10-12,WMT,buy,np.float64(513.5807886009312),np.float64(143.02),np.float64(73452.32438570519),np.float64(36.72616219285259),np.float64(0.9990009797122845),
2020-10-19,META,sell,np.float64(271.84427973984157),np.float64(265.53),np.float64(72182.81159932012),np.float64(36.09140579966006),,
2020-10-19,PEP,sell,np.float64(520.4954959304506),np.float64(141.34),np.float64(73566.83339480989),np.float64(36.783416697404945),,
2020-10-19,WMT,sell,np.float64(513.5807886009312),np.float64(145.1),np.float64(74520.57242599511),np.float64(37.260286212997556),,
2020-10-19,CRM,buy,np.float64(280.43091505352896),np.float64(259.76),np.float64(72844.73449430468),np.float64(36.42236724715234),np.float64(0.9990004997501248),
2020-10-19,JNJ,buy,np.float64(5.930994346997132),np.float64(148.53),np.float64(880.930590359484),np.float64(0.440465295179742),np.float64(0.9990004997501248),
2020-10-19,KO,buy,np.float64(12.690849680195136),np.float64(50.03),np.float64(634.9232095001627),np.float64(0.31746160475008134),np.float64(0.9990004997501248),
2020-10-19,ORCL,buy,np.float64(1206.2383589055253),np.float64(60.39),np.float64(72844.73449430468),np.float64(36.42236724715234),np.float64(0.9990004997501248),
2020-10-19,XOM,buy,np.float64(2136.209222706882),np.float64(34.1),np.float64(72844.73449430468),np.float64(36.42236724715234),np.float64(0.9990004997501248),
2020-10-26,CRM,sell,np.float64(280.43091505352896),np.float64(245.3),np.float64(68789.70346263066),np.float64(34.39485173131533),,
2020-10-26,JNJ,sell,np.float64(490.92260350172046),np.float64(144.61),np.float64(70992.3176923838),np.float64(35.4961588461919),,
2020-10-26,KO,sell,np.float64(1457.4651294934365),np.float64(50.34),np.float64(73368.7946186996),np.float64(36.6843973093498),,
2020-10-26,ORCL,sell,np.float64(1206.2383589055253),np.float64(58.1),np.float64(70082.44865241103),np.float64(35.041224326205516),,
2020-10-26,XOM,sell,np.float64(2136.209222706882),np.float64(33.61),np.float64(71797.9919751783),np.float64(35.89899598758915),,
2020-10-26,AAPL,buy,np.float64(622.1847251501041),np.float64(114.01),np.float64(70935.28051436337),np.float64(35.467640257181685),np.float64(0.9990004997501251),
2020-10-26,AMAT,buy,np.float64(1175.8852965497451),np.float64(60.325),np.float64(70935.28051436337),np.float64(35.467640257181685),np.float64(0.9990004997501251),
2020-10-26,CSCO,buy,np.float64(1847.2729300615463),np.float64(38.4),np.float64(70935.28051436337),np.float64(35.467640257181685),np.float64(0.9990004997501251),
2020-10-26,INTC,buy,np.float64(1482.4510034349712),np.float64(47.85),np.float64(70935.28051436337),np.float64(35.467640257181685),np.float64(0.9990004997501251),
2020-10-26,NFLX,buy,np.float64(145.65766019376463),np.float64(487.0),np.float64(70935.28051436337),np.float64(35.467640257181685),np.float64(0.9990004997501251),
2020-11-02,AAPL,sell,np.float64(622.1847251501041),np.float64(109.11),np.float64(67886.57536112786),np.float64(33.943287680563934),,
2020-11-02,AMAT,sell,np.float64(1175.8852965497451),np.float64(59.95),np.float64(70494.32352815723),np.float64(35.24716176407861),,
2020-11-02,NFLX,sell,np.float64(145.65766019376463),np.float64(478.87),np.float64(69751.08373698806),np.float64(34.87554186849403),,
2020-11-02,ADBE,buy,np.float64(151.35003194017045),np.float64(451.0),np.float64(68258.86440501688),np.float64(34.12943220250844),np.float64(0.9990004997501247),
2020-11-02,AMD,buy,np.float64(899.9191088334461),np.float64(75.85),np.float64(68258.86440501688),np.float64(34.12943220250844),np.float64(0.9990004997501247),
2020-11-02,CSCO,buy,np.float64(40.698437793027345),np.float64(36.19),np.float64(1472.8764637296595),np.float64(0.7364382318648297),np.float64(0.9990004997501247),
2020-11-02,INTC,buy,np.float64(37.243882981559025),np.float64(44.96),np.float64(1674.4849788508939),np.float64(0.837242489425447),np.float64(0.9990004997501247),
2020-11-02,META,buy,np.float64(257.97000908925503),np.float64(264.6),np.float64(68258.86440501688),np.float64(34.12943220250844),np.float64(0.9990004997501247),
2020-11-09,ADBE,sell,np.float64(151.35003194017045),np.float64(494.6963),np.float64(74872.30080568415),np.float64(37.436150402842074),,
2020-11-09,AMD,sell,np.float64(899.9191088334461),np.float64(84.24),np.float64(75809.1857281295),np.float64(37.904592864064746),,
2020-11-09,CSCO,sell,np.float64(1887.9713678545736),np.float64(39.92),np.float64(75367.81700475459),np.float64(37.68390850237729),,
2020-11-09,INTC,sell,np.float64(1519.6948864165302),np.float64(46.64),np.float64(70878.56950246697),np.float64(35.43928475123349),,
2020-11-09,META,sell,np.float64(257.97000908925503),np.float64(289.87),np.float64(74777.76653470236),np.float64(37.38888326735118),,
2020-11-09,JNJ,buy,np.float64(501.0414261536467),np.float64(148.425),np.float64(74367.07367685501),np.float64(37.18353683842751),np.float64(0.9990011730965441),
2020-11-09,KO,buy,np.float64(1416.7855529978092),np.float64(52.49),np.float64(74367.07367685501),np.float64(37.18353683842751),np.float64(0.9990011730965441),
2020-11-09,ORCL,buy,np.float64(1278.0043594578967),np.float64(58.19),np.float64(74367.07367685501),np.float64(37.18353683842751),np.float64(0.9990011730965441),
2020-11-09,PEP,buy,np.float64(523.7117864567255),np.float64(142.0),np.float64(74367.07367685501),np.float64(37.18353683842751),np.float64(0.9990011730965441),
2020-11-09,XOM,buy,np.float64(2041.9295353337454),np.float64(36.42),np.float64(74367.07367685501),np.float64(37.18353683842751),np.float64(0.9990011730965441),
2020-11-16,JNJ,sell,np.float64(501.0414261536467),np.float64(150.92),np.float64(75617.17203510835),np.float64(37.80858601755418),,
2020-11-16,KO,sell,np.float64(1416.7855529978092),np.float64(54.5),np.float64(77214.8126383806),np.float64(38.6074063191903),,
2020-11-16,ORCL,sell,np.float64(1278.0043594578967),np.float64(57.02),np.float64(72871.80857628927),np.float64(36.435904288144634),,
2020-11-16,PEP,sell,np.float64(523.7117864567255),np.float64(145.0),np.float64(75938.20903622519),np.float64(37.969104518112594),,
2020-11-16,XOM,sell,np.float64(2041.9295353337454),np.float64(37.59),np.float64(76756.1312331955),np.float64(38.37806561659775),,
2020-11-16,ADBE,buy,np.float64(164.97426987402403),np.float64(460.43),np.float64(75959.10307809689),np.float64(37.979551539048444),np.float64(0.9990028349808889),
2020-11-16,AMZN,buy,np.float64(24.556803012445652),np.float64(3093.2),np.float64(75959.10307809689),np.float64(37.979551539048444),np.float64(0.9990028349808889),
2020-11-16,META,buy,np.float64(276.1647085188034),np.float64(275.05),np.float64(75959.10307809689),np.float64(37.979551539048444),np.float64(0.9990028349808889),
2020-11-16,NFLX,buy,np.float64(158.24813141270184),np.float64(480.0),np.float64(75959.10307809689),np.float64(37.979551539048444),np.float64(0.9990028349808889),
2020-11-16,NVDA,buy,np.float64(144.1622757223323),np.float64(526.9),np.float64(75959.10307809689),np.float64(37.979551539048444),np.float64(0.9990028349808889),
2020-11-23,ADBE,sell,np.float64(164.97426987402403),np.float64(464.6334),np.float64(76652.55592408536),np.float64(38.32627796204268),,
2020-11-23,AMZN,sell,np.float64(24.556803012445652),np.float64(3116.6986),np.float64(76536.15356936515),np.float64(38.26807678468258),,
2020-11-23,META,sell,np.float64(276.1647085188034),np.float64(270.89),np.float64(74810.25789065866),np.float64(37.40512894532933),,
2020-11-23,NFLX,sell,np.float64(158.24813141270184),np.float64(490.46),np.float64(77614.37853267374),np.float64(38.80718926633687),,
2020-11-23,NVDA,sell,np.float64(144.1622757223323),np.float64(526.8452),np.float64(75951.20298538731),np.float64(37.975601492693656),,
2020-11-23,JNJ,buy,np.float64(522.1329703995605),np.float64(146.01),np.float64(76236.63500803981),np.float64(38.118317504019906),np.float64(0.999000499750125),
2020-11-23,KO,buy,np.float64(1439.785363702357),np.float64(52.95),np.float64(76236.63500803981),np.float64(38.118317504019906),np.float64(0.999000499750125),
2020-11-23,MSFT,buy,np.float64(361.39670541853434),np.float64(210.95),np.float64(76236.63500803981),np.float64(38.118317504019906),np.float64(0.999000499750125),
2020-11-23,ORCL,buy,np.float64(1365.0247987115454),np.float64(55.85),np.float64(76236.63500803981),np.float64(38.118317504019906),np.float64(0.999000499750125),
2020-11-23,PEP,buy,np.float64(531.9700998397866),np.float64(143.31),np.float64(76236.63500803981),np.float64(38.118317504019906),np.float64(0.999000499750125),
2020-11-30,MSFT,sell,np.float64(361.39670541853434),np.float64(214.1),np.float64(77375.0346301082),np.float64(38.6875173150541),,
2020-11-30,ORCL,sell,np.float64(1365.0247987115454),np.float64(57.61),np.float64(78639.07865377213),np.float64(39.319539326886066),,
2020-11-30,PEP,sell,np.float64(531.9700998397866),np.float64(144.46),np.float64(76848.40062285558),np.float64(38.42420031142779),,
2020-11-30,CRM,buy,np.float64(312.34756564067254),np.float64(245.48),np.float64(76675.08041347229),np.float64(38.33754020673614),np.float64(0.9990017634251059),
2020-11-30,JNJ,buy,np.float64(10.004967984397856),np.float64(144.23),np.float64(1443.0165323897027),np.float64(0.7215082661948513),np.float64(0.9990017634251059),
2020-11-30,KO,buy,np.float64(33.62501408553943),np.float64(52.09),np.float64(1751.526983715749),np.float64(0.8757634918578746),np.float64(0.9990017634251059),
2020-11-30,QCOM,buy,np.float64(530.1482782798273),np.float64(144.6295),np.float64(76675.08041347229),np.float64(38.33754020673614),np.float64(0.9990017634251059),
2020-11-30,WMT,buy,np.float64(505.77229824190164),np.float64(151.6),np.float64(76675.08041347229),np.float64(38.33754020673614),np.float64(0.9990017634251059),
2020-12-07,JNJ,sell,np.float64(532.1379383839583),np.float64(149.35),np.float64(79474.80109764416),np.float64(39.73740054882208),,
2020-12-07,KO,sell,np.float64(1473.4103777878966),np.float64(53.76),np.float64(79210.54190987731),np.float64(39.60527095493866),,
2020-12-07,QCOM,sell,np.float64(530.1482782798273),np.float64(158.55),np.float64(84055.00952126662),np.float64(42.02750476063331),,
2020-12-07,AMZN,buy,np.float64(24.649771675679645),np.float64(3156.48),np.float64(77806.51129884929),np.float64(38.90325564942464),np.float64(0.9990012081941694),
2020-12-07,COST,buy,np.float64(207.8887201722),np.float64(374.27),np.float64(77806.51129884929),np.float64(38.90325564942464),np.float64(0.9990012081941694),
2020-12-07,CRM,buy,np.float64(29.056471090257393),np.float64(228.11),np.float64(6628.071620398614),np.float64(3.3140358101993073),np.float64(0.9990012081941694),
2020-12-07,MSFT,buy,np.float64(362.95429070695195),np.float64(214.37),np.float64(77806.51129884929),np.float64(38.90325564942464),np.float64(0.9990012081941694),
2020-12-07,WMT,buy,np.float64(18.823603244185996),np.float64(148.46),np.float64(2794.5521376318534),np.float64(1.3972760688159267),np.float64(0.9990012081941694),
2020-12-14,AMZN,sell,np.float64(24.649771675679645),np.float64(3143.0),np.float64(77474.23237666112),np.float64(38.73711618833056),,
2020-12-14,COST,sell,np.float64(207.8887201722),np.float64(376.56),np.float64(78282.57646804364),np.float64(39.14128823402182),,
2020-12-14,CRM,sell,np.float64(341.40403673092993),np.float64(223.09),np.float64(76163.82655430316),np.float64(38.08191327715158),,
2020-12-14,MSFT,sell,np.float64(362.95429070695195),np.float64(213.1),np.float64(77345.55934965146),np.float64(38.67277967482573),,
2020-12-14,WMT,sell,np.float64(524.5959014860877),np.float64(147.7),np.float64(77482.81464949514),np.float64(38.74140732474757),,
2020-12-14,GOOGL,buy,np.float64(43.67100319455547),np.float64(1770.72),np.float64(77329.11877666326),np.float64(38.66455938833163),np.float64(0.9990008655338374),
2020-12-14,INTC,buy,np.float64(1552.1701882108243),np.float64(49.82),np.float64(77329.11877666326),np.float64(38.66455938833163),np.float64(0.9990008655338374),
2020-12-14,MU,buy,np.float64(1083.0408792249757),np.float64(71.4),np.float64(77329.11877666326),np.float64(38.66455938833163),np.float64(0.9990008655338374),
2020-12-14,NVDA,buy,np.float64(147.71137174037662),np.float64(523.515),np.float64(77329.11877666326),np.float64(38.66455938833163),np.float64(0.9990008655338374),
2020-12-14,QCOM,buy,np.float64(533.6723172992633),np.float64(144.9),np.float64(77329.11877666326),np.float64(38.66455938833163),np.float64(0.9990008655338374),
2020-12-21,MU,sell,np.float64(1083.0408792249757),np.float64(70.0),np.float64(75812.8615457483),np.float64(37.906430772874145),,
2020-12-21,NVDA,sell,np.float64(147.71137174037662),np.float64(522.99),np.float64(77251.57030649958),np.float64(38.62578515324979),,
2020-12-21,QCOM,sell,np.float64(533.6723172992633),np.float64(145.005),np.float64(77385.15436997967),np.float64(38.69257718498984),,
2020-12-21,AMAT,buy,np.float64(892.5963948512169),np.float64(84.385),np.float64(75321.74677951995),np.float64(37.66087338975998),np.float64(0.9990004997501248),
2020-12-21,COST,buy,np.float64(206.31007910246777),np.float64(365.09),np.float64(75321.74677951995),np.float64(37.66087338975998),np.float64(0.9990004997501248),
2020-12-21,GOOGL,buy,np.float64(0.44287281262335143),np.float64(1709.13),np.float64(756.9272102389486),np.float64(0.37846360511947436),np.float64(0.9990004997501248),
2020-12-21,INTC,buy,np.float64(75.49836473264406),np.float64(46.32),np.float64(3497.0842544160732),np.float64(1.7485421272080366),np.float64(0.9990004997501248),
2020-12-21,WMT,buy,np.float64(517.6752355980752),np.float64(145.5),np.float64(75321.74677951995),np.float64(37.66087338975998),np.float64(0.9990004997501248),
2020-12-28,AMAT,sell,np.float64(892.5963948512169),np.float64(86.3665),np.float64(77090.42653591764),np.float64(38.54521326795882),,
2020-12-28,COST,sell,np.float64(206.31007910246777),np.float64(365.5),np.float64(75406.33391195197),np.float64(37.70316695597598),,
2020-12-28,GOOGL,sell,np.float64(44.11387600717882),np.float64(1744.91),np.float64(76974.7433836864),np.float64(38.487371691843194),,
2020-12-28,INTC,sell,np.float64(13.56758332912188),np.float64(47.19),np.float64(640.2542573012615),np.float64(0.32012712865063075),,
2020-12-28,AMD,buy,np.float64(818.8237748523022),np.float64(92.93),np.float64(76093.29339702445),np.float64(38.04664669851223),np.float64(0.9990004997501248),
2020-12-28,NFLX,buy,np.float64(147.3448354995342),np.float64(516.43),np.float64(76093.29339702445),np.float64(38.04664669851223),np.float64(0.9990004997501248),
2020-12-28,WMT,buy,np.float64(11.121085379581693),np.float64(144.04),np.float64(1601.881138074947),np.float64(0.8009405690374736),np.float64(0.9990004997501248),
2020-12-28,XOM,buy,np.float64(1822.5938538209448),np.float64(41.75),np.float64(76093.29339702445),np.float64(38.04664669851223),np.float64(0.9990004997501248),
2021-01-04,AMD,sell,np.float64(818.8237748523022),np.float64(92.11),np.float64(75421.85790164556),np.float64(37.71092895082278),,
2021-01-04,INTC,sell,np.float64(1614.1009696143467),np.float64(49.89),np.float64(80527.49737405976),np.float64(40.26374868702988),,
2021-01-04,NFLX,sell,np.float64(147.3448354995342),np.float64(539.0),np.float64(79418.86633424895),np.float64(39.70943316712447),,
2021-01-04,CRM,buy,np.float64(347.5510447877398),np.float64(222.64),np.float64(77378.76461154238),np.float64(38.68938230577119),np.float64(0.9990004997501252),
2021-01-04,MSFT,buy,np.float64(347.7228446121529),np.float64(222.53),np.float64(77378.76461154238),np.float64(38.68938230577119),np.float64(0.9990004997501252),
2021-01-04,ORCL,buy,np.float64(1196.1472346814405),np.float64(64.69),np.float64(77378.76461154238),np.float64(38.68938230577119),np.float64(0.9990004997501252),
2021-01-04,WMT,buy,np.float64(7.540202149849766),np.float64(144.4151),np.float64(1088.919047490769),np.float64(0.5444595237453844),np.float64(0.9990004997501252),
2021-01-04,XOM,buy,np.float64(46.025527901680015),np.float64(41.45),np.float64(1907.7581315246368),np.float64(0.9538790657623184),np.float64(0.9990004997501252),
2021-01-11,CRM,sell,np.float64(347.5510447877398),np.float64(219.63),np.float64(76332.6359667313),np.float64(38.166317983365644),,
2021-01-11,MSFT,sell,np.float64(347.7228446121529),np.float64(218.47),np.float64(75967.00986241705),np.float64(37.98350493120853),,
2021-01-11,WMT,sell,np.float64(536.3365231275067),np.float64(146.0),np.float64(78305.13237661598),np.float64(39.152566188307986),,
2021-01-11,XOM,sell,np.float64(1868.619381722625),np.float64(45.04),np.float64(84162.61695278702),np.float64(42.08130847639351),,
2021-01-11,COST,buy,np.float64(211.60234402931633),np.float64(368.58),np.float64(77992.3919623254),np.float64(38.9961959811627),np.float64(0.9990009551187948),
2021-01-11,KO,buy,np.float64(1540.7426306267366),np.float64(50.62),np.float64(77992.3919623254),np.float64(38.9961959811627),np.float64(0.9990009551187948),
2021-01-11,NFLX,buy,np.float64(153.57670124906548),np.float64(507.84),np.float64(77992.3919623254),np.float64(38.9961959811627),np.float64(0.9990009551187948),
2021-01-11,ORCL,buy,np.float64(44.005545504759645),np.float64(62.95),np.float64(2770.1490895246197),np.float64(1.3850745447623098),np.float64(0.9990009551187948),
2021-01-11,PEP,buy,np.float64(541.5010203591294),np.float64(144.03),np.float64(77992.3919623254),np.float64(38.9961959811627),np.float64(0.9990009551187948),
2021-01-19,COST,sell,np.float64(211.60234402931633),np.float64(362.355),np.float64(76675.16737074291),np.float64(38.337583685371456),,
2021-01-19,NFLX,sell,np.float64(153.57670124906548),np.float64(501.0),np.float64(76941.9273257818),np.float64(38.4709636628909),,
2021-01-19,ORCL,sell,np.float64(1240.1527801862),np.float64(62.1),np.float64(77013.48764956303),np.float64(38.506743824781516),,
2021-01-19,PEP,sell,np.float64(541.5010203591294),np.float64(142.375),np.float64(77096.20777363105),np.float64(38.548103886815525),,
2021-01-19,ADBE,buy,np.float64(165.85638903925437),np.float64(461.17),np.float64(76487.99093323294),np.float64(38.24399546661647),np.float64(0.999000499750125),
2021-01-19,AMD,buy,np.float64(854.0418817913459),np.float64(89.56),np.float64(76487.99093323294),np.float64(38.24399546661647),np.float64(0.999000499750125),
2021-01-19,GOOGL,buy,np.float64(43.88295521126388),np.float64(1743.0),np.float64(76487.99093323294),np.float64(38.24399546661647),np.float64(0.999000499750125),
2021-01-19,KO,buy,np.float64(30.103680409708407),np.float64(48.74),np.float64(1467.2533831691878),np.float64(0.7336266915845939),np.float64(0.999000499750125),
2021-01-19,META,buy,np.float64(297.73449176034626),np.float64(256.9),np.float64(76487.99093323294),np.float64(38.24399546661647),np.float64(0.999000499750125),
2021-01-25,ADBE,sell,np.float64(165.85638903925437),np.float64(474.51),np.float64(78700.5151630166),np.float64(39.350257581508295),,
2021-01-25,AMD,sell,np.float64(854.0418817913459),np.float64(94.14),np.float64(80399.5027518373),np.float64(40.19975137591865),,
2021-01-25,GOOGL,sell,np.float64(43.88295521126388),np.float64(1912.74),np.float64(83936.68375079287),np.float64(41.96834187539644),,
2021-01-25,KO,sell,np.float64(1570.846311036445),np.float64(48.42),np.float64(76060.37838038467),np.float64(38.03018919019234),,
2021-01-25,META,sell,np.float64(297.73449176034626),np.float64(278.14),np.float64(82811.87153822271),np.float64(41.40593576911136),,
2021-01-25,INTC,buy,np.float64(1424.2896186119851),np.float64(56.38),np.float64(80301.44869734373),np.float64(40.150724348671865),np.float64(0.9990004997501251),
2021-01-25,JPM,buy,np.float64(607.6997782453741),np.float64(132.14),np.float64(80301.44869734373),np.float64(40.150724348671865),np.float64(0.9990004997501251),
2021-01-25,ORCL,buy,np.float64(1329.9345594127813),np.float64(60.38),np.float64(80301.44869734373),np.float64(40.150724348671865),np.float64(0.9990004997501251),
2021-01-25,PEP,buy,np.float64(581.6260805508163),np.float64(138.0637),np.float64(80301.44869734373),np.float64(40.150724348671865),np.float64(0.9990004997501251),
2021-01-25,WMT,buy,np.float64(553.2307867540043),np.float64(145.15),np.float64(80301.44869734373),np.float64(40.150724348671865),np.float64(0.9990004997501251),
2021-02-01,INTC,sell,np.float64(1424.2896186119851),np.float64(55.95),np.float64(79689.00416134058),np.float64(39.84450208067029),,
2021-02-01,JPM,sell,np.float64(607.6997782453741),np.float64(129.5),np.float64(78697.12128277594),np.float64(39.34856064138798),,
2021-02-01,ORCL,sell,np.float64(1329.9345594127813),np.float64(60.92),np.float64(81019.61335942664),np.float64(40.50980667971332),,
2021-02-01,PEP,sell,np.float64(581.6260805508163),np.float64(136.98),np.float64(79671.1405138508),np.float64(39.8355702569254),,
2021-02-01,WMT,sell,np.float64(553.2307867540043),np.float64(140.91),np.float64(77955.75016150674),np.float64(38.97787508075337),,
2021-02-01,AAPL,buy,np.float64(593.100254604154),np.float64(133.75),np.float64(79327.1590533056),np.float64(39.6635795266528),np.float64(0.9990004997501248),
2021-02-01,AMAT,buy,np.float64(799.2982997128912),np.float64(99.246),np.float64(79327.1590533056),np.float64(39.6635795266528),np.float64(0.9990004997501248),
2021-02-01,AMD,buy,np.float64(913.5916048981412),np.float64(86.83),np.float64(79327.1590533056),np.float64(39.6635795266528),np.float64(0.9990004997501248),
2021-02-01,META,buy,np.float64(305.66876947173864),np.float64(259.52),np.float64(79327.1590533056),np.float64(39.6635795266528),np.float64(0.9990004997501248),
2021-02-01,TSLA,buy,np.float64(97.4188054050837),np.float64(814.29),np.float64(79327.1590533056),np.float64(39.6635795266528),np.float64(0.9990004997501248),
2021-02-08,AAPL,sell,np.float64(593.100254604154),np.float64(136.03),np.float64(80679.42763380306),np.float64(40.33971381690153),,
2021-02-08,AMAT,sell,np.float64(799.2982997128912),np.float64(101.85),np.float64(81408.53182575796),np.float64(40.70426591287898),,
2021-02-08,AMD,sell,np.float64(913.5916048981412),np.float64(88.31),np.float64(80679.27462855485),np.float64(40.339637314277425),,
2021-02-08,META,sell,np.float64(305.66876947173864),np.float64(268.75),np.float64(82148.48179552976),np.float64(41.07424089776488),,
2021-02-08,TSLA,sell,np.float64(97.4188054050837),np.float64(869.67),np.float64(84722.21249663914),np.float64(42.36110624831957),,
2021-02-08,COST,buy,np.float64(229.6042964681882),np.float64(356.57),np.float64(81870.00399166187),np.float64(40.93500199583094),np.float64(0.9990006480380664),
2021-02-08,JNJ,buy,np.float64(493.4288086690975),np.float64(165.9206),np.float64(81870.00399166187),np.float64(40.93500199583094),np.float64(0.9990006480380664),
2021-02-08,PEP,buy,np.float64(579.4055484194046),np.float64(141.3),np.float64(81870.00399166187),np.float64(40.93500199583094),np.float64(0.9990006480380664),
2021-02-08,QCOM,buy,np.float64(556.5601902900195),np.float64(147.1),np.float64(81870.00399166187),np.float64(40.93500199583094),np.float64(0.9990006480380664),
2021-02-08,WMT,buy,np.float64(565.3615357479584),np.float64(144.81),np.float64(81870.00399166187),np.float64(40.93500199583094),np.float64(0.9990006480380664),
2021-02-16,JNJ,sell,np.float64(493.4288086690975),np.float64(166.58),np.float64(82195.37094809827),np.float64(41.097685474049136),,
2021-02-16,QCOM,sell,np.float64(556.5601902900195),np.float64(149.0),np.float64(82927.4683532129),np.float64(41.46373417660645),,
2021-02-16,WMT,sell,np.float64(565.3615357479584),np.float64(145.94),np.float64(82508.86252705705),np.float64(41.254431263528524),,
2021-02-16,AMZN,buy,np.float64(24.969422695882464),np.float64(3254.05),np.float64(81251.74992353634),np.float64(40.62587496176817),np.float64(0.9990004997501248),
2021-02-16,COST,buy,np.float64(0.7487516872388836),np.float64(353.0788),np.float64(264.36834722828036),np.float64(0.13218417361414017),np.float64(0.9990004997501248),
2021-02-16,CSCO,buy,np.float64(1719.249892584349),np.float64(47.26),np.float64(81251.74992353634),np.float64(40.62587496176817),np.float64(0.9990004997501248),
2021-02-16,ORCL,buy,np.float64(1287.4623660836055),np.float64(63.11),np.float64(81251.74992353634),np.float64(40.62587496176817),np.float64(0.9990004997501248),
2021-02-16,PEP,buy,np.float64(25.00418594369471),np.float64(134.5605),np.float64(3364.575762676532),np.float64(1.682287881338266),np.float64(0.9990004997501248),
2021-02-22,AMZN,sell,np.float64(24.969422695882464),np.float64(3208.13),np.float64(80105.15403334142),np.float64(40.05257701667071),,
2021-02-22,COST,sell,np.float64(230.3530481554271),np.float64(352.75),np.float64(81257.03773682691),np.float64(40.62851886841346),,
2021-02-22,ORCL,sell,np.float64(12.80655561001495),np.float64(62.73),np.float64(803.3552334162378),np.float64(0.4016776167081189),,
2021-02-22,PEP,sell,np.float64(604.4097343630992),np.float64(132.04),np.float64(79806.26132530361),np.float64(39.903130662651805),,
2021-02-22,AAPL,buy,np.float64(624.0078102618314),np.float64(128.01),np.float64(79879.23979161703),np.float64(39.93961989580852),np.float64(0.9990004997501251),
2021-02-22,ADBE,buy,np.float64(169.78243451712513),np.float64(470.48),np.float64(79879.23979161703),np.float64(39.93961989580852),np.float64(0.9990004997501251),
2021-02-22,CSCO,buy,np.float64(46.19646878228433),np.float64(45.29),np.float64(2092.238071149657),np.float64(1.0461190355748287),np.float64(0.9990004997501251),
2021-02-22,WMT,buy,np.float64(579.927688337571),np.float64(137.74),np.float64(79879.23979161703),np.float64(39.93961989580852),np.float64(0.9990004997501251),
2021-03-01,AAPL,sell,np.float64(624.0078102618314),np.float64(123.75),np.float64(77220.96651990165),np.float64(38.610483259950826),,
2021-03-01,ADBE,sell,np.float64(169.78243451712513),np.float64(465.68),np.float64(79064.28410593483),np.float64(39.532142052967416),,
2021-03-01,CSCO,sell,np.float64(1765.4463613666333),np.float64(45.22),np.float64(79833.48446099916),np.float64(39.91674223049958),,
2021-03-01,ORCL,sell,np.float64(1274.6558104735905),np.float64(64.95),np.float64(82788.8948902597),np.float64(41.394447445129856),,
2021-03-01,COST,buy,np.float64(235.56546535118147),np.float64(335.21),np.float64(78963.89964036953),np.float64(39.48194982018477),np.float64(0.9990004997501247),
2021-03-01,CRM,buy,np.float64(359.0900392922671),np.float64(219.9),np.float64(78963.89964036953),np.float64(39.48194982018477),np.float64(0.9990004997501247),
2021-03-01,NVDA,buy,np.float64(142.27729664931448),np.float64(555.0),np.float64(78963.89964036953),np.float64(39.48194982018477),np.float64(0.9990004997501247),
2021-03-01,TSLA,buy,np.float64(114.42219304222448),np.float64(690.11),np.float64(78963.89964036953),np.float64(39.48194982018477),np.float64(0.9990004997501247),
2021-03-01,WMT,buy,np.float64(20.77278583195009),np.float64(131.58),np.float64(2733.2831597679933),np.float64(1.3666415798839966),np.float64(0.9990004997501247),
2021-03-08,COST,sell,np.float64(4.094560810107185),np.float64(318.91),np.float64(1305.7963879512827),np.float64(0.6528981939756413),,
2021-03-08,CRM,sell,np.float64(359.0900392922671),np.float64(213.62),np.float64(76708.81419361409),np.float64(38.354407096807044),,
2021-03-08,WMT,sell,np.float64(600.700474169521),np.float64(129.33),np.float64(77688.59232434416),np.float64(38.844296162172085),,
2021-03-08,ADBE,buy,np.float64(167.69284307752986),np.float64(439.76),np.float64(73744.60467177453),np.float64(36.87230233588727),np.float64(0.9990004997501251),
2021-03-08,AMD,buy,np.float64(945.0801572699543),np.float64(78.03),np.float64(73744.60467177453),np.float64(36.87230233588727),np.float64(0.9990004997501251),
2021-03-08,NVDA,buy,np.float64(5.94644502972909),np.float64(498.0),np.float64(2961.329624805087),np.float64(1.4806648124025434),np.float64(0.9990004997501251),
2021-03-08,TSLA,buy,np.float64(8.487284235025552),np.float64(600.55),np.float64(5097.038547344595),np.float64(2.5485192736722975),np.float64(0.9990004997501251),
2021-03-15,ADBE,sell,np.float64(167.69284307752986),np.float64(444.4),np.float64(74522.69946365427),np.float64(37.26134973182713),,
2021-03-15,AMD,sell,np.float64(945.0801572699543),np.float64(81.91),np.float64(77411.51568198195),np.float64(38.70575784099098),,
2021-03-15,COST,sell,np.float64(231.47090454107428),np.float64(333.6),np.float64(77218.69375490239),np.float64(38.609346877451195),,
2021-03-15,NVDA,sell,np.float64(148.22374167904357),np.float64(514.59),np.float64(76274.45523061903),np.float64(38.13722761530951),,
2021-03-15,TSLA,sell,np.float64(122.90947727725003),np.float64(694.11),np.float64(85312.69727291202),np.float64(42.65634863645601),,
2021-03-15,GOOGL,buy,np.float64(38.178776812602145),np.float64(2044.975),np.float64(78074.64411235107),np.float64(39.03732205617554),np.float64(0.9990005300804013),
2021-03-15,KO,buy,np.float64(1546.0325566802194),np.float64(50.5),np.float64(78074.64411235107),np.float64(39.03732205617554),np.float64(0.9990005300804013),
2021-03-15,MU,buy,np.float64(889.5367906158264),np.float64(87.77),np.float64(78074.64411235107),np.float64(39.03732205617554),np.float64(0.9990005300804013),
2021-03-15,ORCL,buy,np.float64(1166.1634669507255),np.float64(66.95),np.float64(78074.64411235107),np.float64(39.03732205617554),np.float64(0.9990005300804013),
2021-03-15,PEP,buy,np.float64(584.5660685261386),np.float64(133.56),np.float64(78074.64411235107),np.float64(39.03732205617554),np.float64(0.9990005300804013),
2021-03-22,GOOGL,sell,np.float64(38.178776812602145),np.float64(2027.63),np.float64(77412.4332285365),np.float64(38.70621661426825),,
2021-03-22,KO,sell,np.float64(1546.0325566802194),np.float64(50.32),np.float64(77796.35825214864),np.float64(38.89817912607432),,
2021-03-22,MU,sell,np.float64(889.5367906158264),np.float64(91.83),np.float64(81686.16348225133),np.float64(40.843081741125665),,
2021-03-22,ORCL,sell,np.float64(1166.1634669507255),np.float64(66.21),np.float64(77211.68314680753),np.float64(38.605841573403765),,
2021-03-22,PEP,sell,np.float64(584.5660685261386),np.float64(135.63),np.float64(79284.69587420017),np.float64(39.64234793710009),,
2021-03-22,AMD,buy,np.float64(982.6181753902455),np.float64(79.99),np.float64(78599.62784946573),np.float64(39.29981392473287),np.float64(0.9990004997501252),
2021-03-22,MSFT,buy,np.float64(341.3368126523895),np.float64(230.27),np.float64(78599.62784946573),np.float64(39.29981392473287),np.float64(0.9990004997501252),
2021-03-22,TSLA,buy,np.float64(114.81270227357356),np.float64(684.59),np.float64(78599.62784946573),np.float64(39.29981392473287),np.float64(0.9990004997501252),
2021-03-22,WMT,buy,np.float64(599.997159156227),np.float64(131.0),np.float64(78599.62784946573),np.float64(39.29981392473287),np.float64(0.9990004997501252),
2021-03-22,XOM,buy,np.float64(1391.1438557427564),np.float64(56.5),np.float64(78599.62784946573),np.float64(39.29981392473287),np.float64(0.9990004997501252),
2021-03-29,MSFT,sell,np.float64(341.3368126523895),np.float64(236.59),np.float64(80756.87650542882),np.float64(40.37843825271441),,
2021-03-29,WMT,sell,np.float64(599.997159156227),np.float64(135.0),np.float64(80999.61648609064),np.float64(40.49980824304532),,
2021-03-29,XOM,sell,np.float64(1391.1438557427564),np.float64(57.34),np.float64(79768.18868828965),np.float64(39.88409434414483),,
2021-03-29,AMD,buy,np.float64(24.494930713317697),np.float64(77.03),np.float64(1886.8445128468622),np.float64(0.9434222564234311),np.float64(0.9990004997501248),
2021-03-29,AMZN,buy,np.float64(25.365343299472034),np.float64(3055.4394),np.float64(77502.26931173286),np.float64(38.75113465586643),np.float64(0.9990004997501248),
2021-03-29,CRM,buy,np.float64(370.80651314163373),np.float64(209.01),np.float64(77502.26931173286),np.float64(38.75113465586643),np.float64(0.9990004997501248),
2021-03-29,META,buy,np.float64(271.21454826334286),np.float64(285.76),np.float64(77502.26931173286),np.float64(38.75113465586643),np.float64(0.9990004997501248),
2021-03-29,TSLA,buy,np.float64(11.190996770959847),np.float64(615.64),np.float64(6889.62525207372),np.float64(3.44481262603686),np.float64(0.9990004997501248),
2021-04-05,AMD,sell,np.float64(1007.1131061035632),np.float64(81.74),np.float64(82321.42529290525),np.float64(41.16071264645262),,
2021-04-05,AMZN,sell,np.float64(25.365343299472034),np.float64(3173.0),np.float64(80484.23428922477),np.float64(40.242117144612386),,
2021-04-05,CRM,sell,np.float64(370.80651314163373),np.float64(219.61),np.float64(81432.81835103419),np.float64(40.7164091755171),,
2021-04-05,META,sell,np.float64(271.21454826334286),np.float64(300.89),np.float64(81605.74542695723),np.float64(40.80287271347862),,
2021-04-05,TSLA,sell,np.float64(126.0036990445334),np.float64(707.71),np.float64(89174.07785080675),np.float64(44.58703892540338),,
2021-04-05,JNJ,buy,np.float64(506.7263386887866),np.float64(163.64),np.float64(82920.69806303304),np.float64(41.46034903151652),np.float64(0.9990004997501248),
2021-04-05,JPM,buy,np.float64(537.051153257986),np.float64(154.4),np.float64(82920.69806303304),np.float64(41.46034903151652),np.float64(0.9990004997501248),
2021-04-05,KO,buy,np.float64(1583.9674892651965),np.float64(52.35),np.float64(82920.69806303304),np.float64(41.46034903151652),np.float64(0.9990004997501248),
2021-04-05,PEP,buy,np.float64(584.5660772860982),np.float64(141.85),np.float64(82920.69806303304),np.float64(41.46034903151652),np.float64(0.9990004997501248),
2021-04-05,WMT,buy,np.float64(606.5001321169766),np.float64(136.72),np.float64(82920.69806303304),np.float64(41.46034903151652),np.float64(0.9990004997501248),
2021-04-12,JPM,sell,np.float64(537.051153257986),np.float64(155.58),np.float64(83554.41842387748),np.float64(41.77720921193874),,
2021-04-12,KO,sell,np.float64(17.368125974458916),np.float64(53.33),np.float64(926.242158217894),np.float64(0.463121079108947),,
2021-04-12,WMT,sell,np.float64(606.5001321169766),np.float64(140.07),np.float64(84952.4735056249),np.float64(42.476236752812454),,
2021-04-12,CSCO,buy,np.float64(1602.9045333732759),np.float64(52.07),np.float64(83463.23905274647),np.float64(41.73161952637324),np.float64(0.9990004997501245),
2021-04-12,JNJ,buy,np.float64(11.895716092825367),np.float64(161.09),np.float64(1916.2809053932383),np.float64(0.9581404526966192),np.float64(0.9990004997501245),
2021-04-12,PEP,buy,np.float64(2.960806026556117),np.float64(142.2),np.float64(421.0266169762798),np.float64(0.2105133084881399),np.float64(0.9990004997501245),
2021-04-12,XOM,buy,np.float64(1470.5883015196277),np.float64(56.755),np.float64(83463.23905274647),np.float64(41.73161952637324),np.float64(0.9990004997501245),
2021-04-19,CSCO,sell,np.float64(1602.9045333732759),np.float64(52.525),np.float64(84192.56061543131),np.float64(42.09628030771566),,
2021-04-19,JNJ,sell,np.float64(518.622054781612),np.float64(162.5),np.float64(84276.08390201195),np.float64(42.138041951005974),,
2021-04-19,KO,sell,np.float64(1566.5993632907375),np.float64(54.0),np.float64(84596.36561769983),np.float64(42.298182808849916),,
2021-04-19,PEP,sell,np.float64(587.5268833126544),np.float64(144.49),np.float64(84891.75936984543),np.float64(42.445879684922716),,
2021-04-19,XOM,sell,np.float64(1470.5883015196277),np.float64(56.8),np.float64(83529.41552631486),np.float64(41.76470776315743),,
2021-04-19,AMAT,buy,np.float64(631.3086983237602),np.float64(133.3943),np.float64(84212.98189680916),np.float64(42.10649094840458),np.float64(0.9990004997501251),
2021-04-19,INTC,buy,np.float64(1301.5916831036964),np.float64(64.7),np.float64(84212.98189680916),np.float64(42.10649094840458),np.float64(0.9990004997501251),
2021-04-19,JPM,buy,np.float64(548.9048487603256),np.float64(153.42),np.float64(84212.98189680916),np.float64(42.10649094840458),np.float64(0.9990004997501251),
2021-04-19,META,buy,np.float64(276.1018006039506),np.float64(305.007),np.float64(84212.98189680916),np.float64(42.10649094840458),np.float64(0.9990004997501251),
2021-04-19,MU,buy,np.float64(928.8367274781796),np.float64(90.665),np.float64(84212.98189680916),np.float64(42.10649094840458),np.float64(0.9990004997501251),
2021-04-26,AMAT,sell,np.float64(631.3086983237602),np.float64(134.83),np.float64(85119.35179499259),np.float64(42.5596758974963),,
2021-04-26,JPM,sell,np.float64(548.9048487603256),np.float64(150.78),np.float64(82763.87309608191),np.float64(41.381936548040954),,
2021-04-26,META,sell,np.float64(276.1018006039506),np.float64(303.3396),np.float64(83752.60975448214),np.float64(41.87630487724107),,
2021-04-26,INTC,buy,np.float64(82.00280417689156),np.float64(59.1),np.float64(4846.365726854291),np.float64(2.4231828634271455),np.float64(0.9990004997501246),
2021-04-26,MU,buy,np.float64(16.85339564269894),np.float64(86.47),np.float64(1457.3131212241772),np.float64(0.7286565606120886),np.float64(0.9990004997501246),
2021-04-26,NFLX,buy,np.float64(161.2075707881919),np.float64(506.76),np.float64(81693.54857262413),np.float64(40.84677428631207),np.float64(0.9990004997501246),
2021-04-26,NVDA,buy,np.float64(134.49671794292368),np.float64(607.4018),np.float64(81693.54857262413),np.float64(40.84677428631207),np.float64(0.9990004997501246),
2021-04-26,ORCL,buy,np.float64(1089.6831875766857),np.float64(74.97),np.float64(81693.54857262413),np.float64(40.84677428631207),np.float64(0.9990004997501246),
2021-05-03,MU,sell,np.float64(945.6901231208785),np.float64(86.97),np.float64(82246.6700078228),np.float64(41.1233350039114),,
2021-05-03,NFLX,sell,np.float64(161.2075707881919),np.float64(512.65),np.float64(82643.06116456658),np.float64(41.32153058228329),,
2021-05-03,NVDA,sell,np.float64(134.49671794292368),np.float64(605.0),np.float64(81370.51435546883),np.float64(40.685257177734414),,
2021-05-03,ORCL,sell,np.float64(1089.6831875766857),np.float64(76.28),np.float64(83121.03354834959),np.float64(41.56051677417479),,
2021-05-03,AAPL,buy,np.float64(619.5394026233737),np.float64(132.04),np.float64(81803.98272239025),np.float64(40.90199136119513),np.float64(0.9990004997501247),
2021-05-03,CSCO,buy,np.float64(1597.4220410542912),np.float64(51.21),np.float64(81803.98272239025),np.float64(40.90199136119513),np.float64(0.9990004997501247),
2021-05-03,INTC,buy,np.float64(31.736781884122568),np.float64(57.855),np.float64(1836.131515905911),np.float64(0.9180657579529555),np.float64(0.9990004997501247),
2021-05-03,JNJ,buy,np.float64(500.0243442688891),np.float64(163.6),np.float64(81803.98272239025),np.float64(40.90199136119513),np.float64(0.9990004997501247),
2021-05-03,MSFT,buy,np.float64(322.82550403468923),np.float64(253.4),np.float64(81803.98272239025),np.float64(40.90199136119513),np.float64(0.9990004997501247),
2021-05-10,AAPL,sell,np.float64(619.5394026233737),np.float64(129.41),np.float64(80174.59409349078),np.float64(40.08729704674539),,
2021-05-10,CSCO,sell,np.float64(1597.4220410542912),np.float64(53.97),np.float64(86212.8675557001),np.float64(43.10643377785005),,
2021-05-10,INTC,sell,np.float64(1415.3312691647104),np.float64(57.1465),np.float64(80881.22837332112),np.float64(40.44061418666056),,
2021-05-10,JNJ,sell,np.float64(500.0243442688891),np.float64(169.9),np.float64(84954.13609128426),np.float64(42.477068045642135),,
2021-05-10,MSFT,sell,np.float64(322.82550403468923),np.float64(250.87),np.float64(80987.2341971825),np.float64(40.49361709859125),,
2021-05-10,ADBE,buy,np.float64(169.59628712756685),np.float64(487.54),np.float64(82684.97382617394),np.float64(41.34248691308697),np.float64(0.9990012582741069),
2021-05-10,AMD,buy,np.float64(1057.3526064728126),np.float64(78.2),np.float64(82684.97382617394),np.float64(41.34248691308697),np.float64(0.9990012582741069),
2021-05-10,AMZN,buy,np.float64(25.191015448272545),np.float64(3282.32),np.float64(82684.97382617394),np.float64(41.34248691308697),np.float64(0.9990012582741069),
2021-05-10,CRM,buy,np.float64(383.69253462293824),np.float64(215.498),np.float64(82684.97382617394),np.float64(41.34248691308697),np.float64(0.9990012582741069),
2021-05-10,TSLA,buy,np.float64(124.35700680730027),np.float64(664.9),np.float64(82684.97382617394),np.float64(41.34248691308697),np.float64(0.9990012582741069),
2021-05-17,ADBE,sell,np.float64(169.59628712756685),np.float64(487.03),np.float64(82598.47971973888),np.float64(41.299239859869445),,
2021-05-17,AMZN,sell,np.float64(25.191015448272545),np.float64(3245.93),np.float64(81768.27277401129),np.float64(40.88413638700565),,
2021-05-17,CRM,sell,np.float64(383.69253462293824),np.float64(216.59),np.float64(83103.9660739822),np.float64(41.5519830369911),,
2021-05-17,AMAT,buy,np.float64(651.0145663729759),np.float64(122.0),np.float64(79423.77709750306),np.float64(39.71188854875153),np.float64(0.999000499750125),
2021-05-17,AMD,buy,np.float64(13.889181643991789),np.float64(74.215),np.float64(1030.7856157088506),np.float64(0.5153928078544253),np.float64(0.999000499750125),
2021-05-17,MU,buy,np.float64(1004.1567368038822),np.float64(79.095),np.float64(79423.77709750306),np.float64(39.71188854875153),np.float64(0.999000499750125),
2021-05-17,QCOM,buy,np.float64(614.3071938858617),np.float64(129.29),np.float64(79423.77709750306),np.float64(39.71188854875153),np.float64(0.999000499750125),
2021-05-17,TSLA,buy,np.float64(13.762856310684697),np.float64(575.5531),np.float64(7921.2546144691405),np.float64(3.9606273072345703),np.float64(0.999000499750125),
2021-05-24,AMAT,sell,np.float64(651.0145663729759),np.float64(130.19),np.float64(84755.58639609773),np.float64(42.37779319804886),,
2021-05-24,AMD,sell,np.float64(1071.2417881168044),np.float64(77.26),np.float64(82764.14054990432),np.float64(41.38207027495216),,
2021-05-24,MU,sell,np.float64(1004.1567368038822),np.float64(81.4175),np.float64(81755.93111873008),np.float64(40.87796555936504),,
2021-05-24,QCOM,sell,np.float64(614.3071938858617),np.float64(131.8),np.float64(80965.68815415658),np.float64(40.48284407707829),,
2021-05-24,TSLA,sell,np.float64(138.11986311798495),np.float64(581.6),np.float64(80330.51238942005),np.float64(40.165256194710025),,
2021-05-24,AAPL,buy,np.float64(650.9983206619125),np.float64(126.01),np.float64(82032.29838660761),np.float64(41.016149193303804),np.float64(0.9990004997501247),
2021-05-24,COST,buy,np.float64(213.4382404278314),np.float64(384.3374),np.float64(82032.29838660761),np.float64(41.016149193303804),np.float64(0.9990004997501247),
2021-05-24,CSCO,buy,np.float64(1548.9482323755212),np.float64(52.96),np.float64(82032.29838660761),np.float64(41.016149193303804),np.float64(0.9990004997501247),
2021-05-24,MSFT,buy,np.float64(331.06240646773455),np.float64(247.785),np.float64(82032.29838660761),np.float64(41.016149193303804),np.float64(0.9990004997501247),
2021-05-24,XOM,buy,np.float64(1388.495233354902),np.float64(59.08),np.float64(82032.29838660761),np.float64(41.016149193303804),np.float64(0.9990004997501247),
2021-06-01,AAPL,sell,np.float64(650.9983206619125),np.float64(125.08),np.float64(81426.86994839202),np.float64(40.71343497419601),,
2021-06-01,CSCO,sell,np.float64(1548.9482323755212),np.float64(52.96),np.float64(82032.29838660761),np.float64(41.016149193303804),,
2021-06-01,MSFT,sell,np.float64(331.06240646773455),np.float64(251.23),np.float64(83172.80837688895),np.float64(41.586404188444476),,
2021-06-01,XOM,sell,np.float64(8.281467738816389),np.float64(59.45),np.float64(492.33325707263435),np.float64(0.24616662853631718),,
2021-06-01,COST,buy,np.float64(2.532663467297152),np.float64(379.925),np.float64(962.2221678128705),np.float64(0.48111108390643526),np.float64(0.9990004997501246),
2021-06-01,JNJ,buy,np.float64(481.7613615272488),np.float64(170.15),np.float64(81971.69566386139),np.float64(40.9858478319307),np.float64(0.9990004997501246),
2021-06-01,PEP,buy,np.float64(550.9591051476099),np.float64(148.78),np.float64(81971.69566386139),np.float64(40.9858478319307),np.float64(0.9990004997501246),
2021-06-01,WMT,buy,np.float64(576.4130206304858),np.float64(142.21),np.float64(81971.69566386139),np.float64(40.9858478319307),np.float64(0.9990004997501246),
2021-06-07,COST,sell,np.float64(215.97090389512854),np.float64(385.47),np.float64(83250.30432445521),np.float64(41.62515216222761),,
2021-06-07,PEP,sell,np.float64(550.9591051476099),np.float64(147.76),np.float64(81409.71737661083),np.float64(40.704858688305414),,
2021-06-07,XOM,sell,np.float64(1380.2137656160855),np.float64(61.33),np.float64(84648.51024523453),np.float64(42.32425512261727),,
2021-06-07,AMZN,buy,np.float64(25.72311534085906),np.float64(3197.33),np.float64(82245.2883727889),np.float64(41.12264418639445),np.float64(0.9990016841901401),
2021-06-07,JNJ,buy,np.float64(14.173132870934392),np.float64(166.0),np.float64(2352.740056575109),np.float64(1.1763700282875547),np.float64(0.9990016841901401),
2021-06-07,NFLX,buy,np.float64(166.85426767227682),np.float64(492.9169),np.float64(82245.2883727889),np.float64(41.12264418639445),np.float64(0.9990016841901401),
2021-06-07,TSLA,buy,np.float64(138.9689323242325),np.float64(591.825),np.float64(82245.2883727889),np.float64(41.12264418639445),np.float64(0.9990016841901401),
2021-06-07,WMT,buy,np.float64(3.967062931923978),np.float64(141.85),np.float64(562.7278768934162),np.float64(0.28136393844670815),np.float64(0.9990016841901401),
2021-06-14,AMZN,sell,np.float64(25.72311534085906),np.float64(3346.83),np.float64(86090.89411624732),np.float64(43.04544705812366),,
2021-06-14,NFLX,sell,np.float64(166.85426767227682),np.float64(489.68),np.float64(81705.19779376051),np.float64(40.85259889688026),,
2021-06-14,TSLA,sell,np.float64(138.9689323242325),np.float64(612.23),np.float64(85080.94943686486),np.float64(42.54047471843243),,
2021-06-14,COST,buy,np.float64(218.4065693125224),np.float64(380.79),np.float64(83167.03752851542),np.float64(41.58351876425771),np.float64(0.9990004997501248),
2021-06-14,JNJ,buy,np.float64(10.13588847486768),np.float64(164.5),np.float64(1667.3536541157334),np.float64(0.8336768270578667),np.float64(0.9990004997501248),
2021-06-14,JPM,buy,np.float64(519.3071341149886),np.float64(160.15),np.float64(83167.03752851542),np.float64(41.58351876425771),np.float64(0.9990004997501248),
2021-06-14,MU,buy,np.float64(1046.1262582203196),np.float64(79.5),np.float64(83167.03752851542),np.float64(41.58351876425771),np.float64(0.9990004997501248),
2021-06-14,WMT,buy,np.float64(10.330124467443976),np.float64(140.93),np.float64(1455.8244411968797),np.float64(0.7279122205984399),np.float64(0.9990004997501248),
2021-06-21,COST,sell,np.float64(218.4065693125224),np.float64(382.25),np.float64(83485.91111971169),np.float64(41.742955559855844),,
2021-06-21,JNJ,sell,np.float64(506.0703828730509),np.float64(162.77),np.float64(82373.0762202465),np.float64(41.18653811012325),,
2021-06-21,MU,sell,np.float64(1046.1262582203196),np.float64(76.85),np.float64(80394.80294423156),np.float64(40.19740147211578),,
2021-06-21,CSCO,buy,np.float64(1540.7399546175636),np.float64(52.365),np.float64(80680.84772354872),np.float64(40.34042386177436),np.float64(0.9990004997501248),
2021-06-21,JPM,buy,np.float64(22.40354029669458),np.float64(149.08),np.float64(3339.919787431228),np.float64(1.6699598937156142),np.float64(0.9990004997501248),
2021-06-21,KO,buy,np.float64(1488.027438648999),np.float64(54.22),np.float64(80680.84772354872),np.float64(40.34042386177436),np.float64(0.9990004997501248),
2021-06-21,ORCL,buy,np.float64(1053.1372891730678),np.float64(76.61),np.float64(80680.84772354872),np.float64(40.34042386177436),np.float64(0.9990004997501248),
2021-06-21,WMT,buy,np.float64(4.608555220334824),np.float64(135.66),np.float64(625.1966011906222),np.float64(0.31259830059531113),np.float64(0.9990004997501248),
2021-06-28,CSCO,sell,np.float64(1540.7399546175636),np.float64(53.16),np.float64(81905.73598746967),np.float64(40.952867993734834),,
2021-06-28,JPM,sell,np.float64(541.7106744116832),np.float64(153.7),np.float64(83260.93065707569),np.float64(41.630465328537845),,
2021-06-28,ORCL,sell,np.float64(1053.1372891730678),np.float64(78.49),np.float64(82660.74582719408),np.float64(41.330372913597046),,
2021-06-28,WMT,sell,np.float64(595.3187632501886),np.float64(138.04),np.float64(82177.80207905603),np.float64(41.08890103952801),,
2021-06-28,AMZN,buy,np.float64(24.02342960521817),np.float64(3416.0),np.float64(82064.03553142527),np.float64(41.03201776571263),np.float64(0.9990004997501248),
2021-06-28,CRM,buy,np.float64(336.03880075109646),np.float64(244.21),np.float64(82064.03553142527),np.float64(41.03201776571263),np.float64(0.9990004997501248),
2021-06-28,JNJ,buy,np.float64(499.0515417868236),np.float64(164.44),np.float64(82064.03553142527),np.float64(41.03201776571263),np.float64(0.9990004997501248),
2021-06-28,KO,buy,np.float64(26.16096093439283),np.float64(54.25),np.float64(1419.232130690811),np.float64(0.7096160653454054),np.float64(0.9990004997501248),
2021-06-28,PEP,buy,np.float64(559.1716784643314),np.float64(146.76),np.float64(82064.03553142527),np.float64(41.03201776571263),np.float64(0.9990004997501248),
2021-07-06,AMZN,sell,np.float64(24.02342960521817),np.float64(3530.11),np.float64(84805.34908367672),np.float64(42.40267454183836),,
2021-07-06,CRM,sell,np.float64(336.03880075109646),np.float64(249.0),np.float64(83673.66138702302),np.float64(41.83683069351151),,
2021-07-06,JNJ,sell,np.float64(499.0515417868236),np.float64(167.91),np.float64(83795.74438142554),np.float64(41.89787219071277),,
2021-07-06,PEP,sell,np.float64(559.1716784643314),np.float64(149.07),np.float64(83355.72210867789),np.float64(41.67786105433895),,
2021-07-06,COST,buy,np.float64(208.5655941037001),np.float64(399.84),np.float64(83392.86714642345),np.float64(41.69643357321173),np.float64(0.9990004997501246),
2021-07-06,KO,buy,np.float64(31.923423402877585),np.float64(53.99),np.float64(1723.545629521361),np.float64(0.8617728147606805),np.float64(0.9990004997501246),
2021-07-06,MU,buy,np.float64(1032.2176896450483),np.float64(80.79),np.float64(83392.86714642345),np.float64(41.69643357321173),np.float64(0.9990004997501246),
2021-07-06,WMT,buy,np.float64(596.0891146992384),np.float64(139.9),np.float64(83392.86714642345),np.float64(41.69643357321173),np.float64(0.9990004997501246),
2021-07-06,XOM,buy,np.float64(1328.969994365314),np.float64(62.75),np.float64(83392.86714642345),np.float64(41.69643357321173),np.float64(0.9990004997501246),
2021-07-12,COST,sell,np.float64(208.5655941037001),np.float64(414.04),np.float64(86354.498582696),np.float64(43.177249291348005),,
2021-07-12,KO,sell,np.float64(1546.1118229862693),np.float64(54.32),np.float64(83984.79422461415),np.float64(41.992397112307074),,
2021-07-12,MU,sell,np.float64(1032.2176896450483),np.float64(78.75),np.float64(81287.14305954755),np.float64(40.64357152977378),,
2021-07-12,WMT,sell,np.float64(596.0891146992384),np.float64(140.69),np.float64(83863.77754703585),np.float64(41.931888773517926),,
2021-07-12,AMAT,buy,np.float64(610.8846263436545),np.float64(135.99),np.float64(83074.20033647359),np.float64(41.5371001682368),np.float64(0.999000499750125),
2021-07-12,AMD,buy,np.float64(910.7016042147949),np.float64(91.22),np.float64(83074.20033647359),np.float64(41.5371001682368),np.float64(0.999000499750125),
2021-07-12,META,buy,np.float64(236.53038077693066),np.float64(351.22),np.float64(83074.20033647359),np.float64(41.5371001682368),np.float64(0.999000499750125),
2021-07-12,TSLA,buy,np.float64(125.45182775063965),np.float64(662.2),np.float64(83074.20033647359),np.float64(41.5371001682368),np.float64(0.999000499750125),
2021-07-12,XOM,buy,np.float64(47.30369936877529),np.float64(60.42),np.float64(2858.089515861403),np.float64(1.4290447579307015),np.float64(0.999000499750125),
2021-07-19,META,sell,np.float64(236.53038077693066),np.float64(337.57),np.float64(79845.56063886848),np.float64(39.922780319434246),,
2021-07-19,TSLA,sell,np.float64(125.45182775063965),np.float64(629.89),np.float64(79020.8517818504),np.float64(39.510425890925205),,
2021-07-19,AMAT,buy,np.float64(11.070040476452224),np.float64(125.19),np.float64(1385.8583672470538),np.float64(0.692929183623527),np.float64(0.9990004997501247),
2021-07-19,AMD,buy,np.float64(5.446509215829874),np.float64(84.99),np.float64(462.8988182533809),np.float64(0.23144940912669046),np.float64(0.9990004997501247),
2021-07-19,AMZN,buy,np.float64(22.019619176933222),np.float64(3532.58),np.float64(77786.06631205077),np.float64(38.89303315602538),np.float64(0.9990004997501247),
2021-07-19,NVDA,buy,np.float64(108.5472799877908),np.float64(716.61),np.float64(77786.06631205077),np.float64(38.89303315602538),np.float64(0.9990004997501247),
2021-07-19,XOM,buy,np.float64(23.126089004415086),np.float64(55.64),np.float64(1286.7355922056554),np.float64(0.6433677961028277),np.float64(0.9990004997501247),
2021-07-26,AMAT,sell,np.float64(621.9546668201068),np.float64(138.23),np.float64(85972.79359454336),np.float64(42.98639679727168),,
2021-07-26,AMD,sell,np.float64(916.1481134306248),np.float64(92.01),np.float64(84294.7879167518),np.float64(42.1473939583759),,
2021-07-26,AMZN,sell,np.float64(22.019619176933222),np.float64(3673.17),np.float64(80881.8045721358),np.float64(40.4409022860679),,
2021-07-26,NVDA,sell,np.float64(434.1891199511632),np.float64(193.11),np.float64(83846.26095376913),np.float64(41.923130476884566),,
2021-07-26,XOM,sell,np.float64(1399.3997827385044),np.float64(57.16),np.float64(79989.69158133291),np.float64(39.99484579066645),,
2021-07-26,INTC,buy,np.float64(1570.0456757011523),np.float64(52.81),np.float64(82914.11213377786),np.float64(41.45705606688893),np.float64(0.999000499750125),
2021-07-26,JPM,buy,np.float64(552.061469696903),np.float64(150.19),np.float64(82914.11213377786),np.float64(41.45705606688893),np.float64(0.999000499750125),
2021-07-26,NFLX,buy,np.float64(161.1923327768923),np.float64(514.38),np.float64(82914.11213377786),np.float64(41.45705606688893),np.float64(0.999000499750125),
2021-07-26,PEP,buy,np.float64(528.8227063829189),np.float64(156.79),np.float64(82914.11213377786),np.float64(41.45705606688893),np.float64(0.999000499750125),
2021-07-26,WMT,buy,np.float64(582.4256261153263),np.float64(142.36),np.float64(82914.11213377786),np.float64(41.45705606688893),np.float64(0.999000499750125),
2021-08-02,INTC,sell,np.float64(1570.0456757011523),np.float64(53.99),np.float64(84766.76603110522),np.float64(42.38338301555261),,
2021-08-02,JPM,sell,np.float64(552.061469696903),np.float64(152.03),np.float64(83929.90523802018),np.float64(41.96495261901009),,
2021-08-02,NFLX,sell,np.float64(161.1923327768923),np.float64(519.0),np.float64(83658.82071120711),np.float64(41.82941035560356),,
2021-08-02,PEP,sell,np.float64(528.8227063829189),np.float64(157.0),np.float64(83025.16490211827),np.float64(41.51258245105913),,
2021-08-02,WMT,sell,np.float64(582.4256261153263),np.float64(142.83),np.float64(83187.85217805205),np.float64(41.59392608902603),,
2021-08-02,AAPL,buy,np.float64(571.3994940299358),np.float64(146.36),np.float64(83630.02994622142),np.float64(41.815014973110706),np.float64(0.9990004997501248),
2021-08-02,AMZN,buy,np.float64(24.941108212168267),np.float64(3353.1),np.float64(83630.02994622142),np.float64(41.815014973110706),np.float64(0.9990004997501248),
2021-08-02,CRM,buy,np.float64(345.13651911279527),np.float64(242.31),np.float64(83630.02994622142),np.float64(41.815014973110706),np.float64(0.9990004997501248),
2021-08-02,META,buy,np.float64(233.53820146948175),np.float64(358.1),np.float64(83630.02994622142),np.float64(41.815014973110706),np.float64(0.9990004997501248),
2021-08-02,MSFT,buy,np.float64(292.0450829243659),np.float64(286.36),np.float64(83630.02994622142),np.float64(41.815014973110706),np.float64(0.9990004997501248),
2021-08-09,AAPL,sell,np.float64(571.3994940299358),np.float64(146.2),np.float64(83538.6060271766),np.float64(41.7693030135883),,
2021-08-09,AMZN,sell,np.float64(24.941108212168267),np.float64(3343.61),np.float64(83393.33882928794),np.float64(41.69666941464397),,
2021-08-09,CRM,sell,np.float64(345.13651911279527),np.float64(251.42),np.float64(86774.22363533899),np.float64(43.38711181766949),,
2021-08-09,META,sell,np.float64(233.53820146948175),np.float64(363.7623),np.float64(84952.39330440205),np.float64(42.476196652201025),,
2021-08-09,MSFT,sell,np.float64(292.0450829243659),np.float64(289.75),np.float64(84620.06277733501),np.float64(42.31003138866751),,
2021-08-09,CSCO,buy,np.float64(1515.5184612994126),np.float64(55.82),np.float64(84596.24050973321),np.float64(42.2981202548666),np.float64(0.9990006481249247),
2021-08-09,JNJ,buy,np.float64(486.96891843042374),np.float64(173.72),np.float64(84596.24050973321),np.float64(42.2981202548666),np.float64(0.9990006481249247),
2021-08-09,KO,buy,np.float64(1489.5015496035426),np.float64(56.795),np.float64(84596.24050973321),np.float64(42.2981202548666),np.float64(0.9990006481249247),
2021-08-09,PEP,buy,np.float64(547.0527710148294),np.float64(154.64),np.float64(84596.24050973321),np.float64(42.2981202548666),np.float64(0.9990006481249247),
2021-08-09,QCOM,buy,np.float64(576.3079263555638),np.float64(146.79),np.float64(84596.24050973321),np.float64(42.2981202548666),np.float64(0.9990006481249247),
2021-08-16,CSCO,sell,np.float64(1515.5184612994126),np.float64(56.3),np.float64(85323.68937115693),np.float64(42.661844685578465),,
2021-08-16,JNJ,sell,np.float64(486.96891843042374),np.float64(176.55),np.float64(85974.36254889132),np.float64(42.98718127444566),,
2021-08-16,KO,sell,np.float64(1489.5015496035426),np.float64(57.2),np.float64(85199.48863732263),np.float64(42.599744318661315),,
2021-08-16,PEP,sell,np.float64(547.0527710148294),np.float64(156.93),np.float64(85848.99135535718),np.float64(42.92449567767859),,
2021-08-16,QCOM,sell,np.float64(576.3079263555638),np.float64(148.4),np.float64(85524.09627116568),np.float64(42.76204813558284),,
2021-08-16,AMAT,buy,np.float64(660.5261292394973),np.float64(129.425),np.float64(85488.59427682195),np.float64(42.74429713841098),np.float64(0.999000499750125),
2021-08-16,AMZN,buy,np.float64(26.039778945117867),np.float64(3283.0),np.float64(85488.59427682195),np.float64(42.74429713841098),np.float64(0.999000499750125),
2021-08-16,INTC,buy,np.float64(1606.0228118884456),np.float64(53.23),np.float64(85488.59427682195),np.float64(42.74429713841098),np.float64(0.999000499750125),
2021-08-16,MU,buy,np.float64(1217.7862432595718),np.float64(70.2),np.float64(85488.59427682195),np.float64(42.74429713841098),np.float64(0.999000499750125),
2021-08-16,NFLX,buy,np.float64(165.91994852267283),np.float64(515.24),np.float64(85488.59427682195),np.float64(42.74429713841098),np.float64(0.999000499750125),
2021-08-23,AMAT,sell,np.float64(660.5261292394973),np.float64(128.31),np.float64(84752.1076427199),np.float64(42.37605382135995),,
2021-08-23,AMZN,sell,np.float64(26.039778945117867),np.float64(3211.9),np.float64(83637.16599382408),np.float64(41.81858299691204),,
2021-08-23,INTC,sell,np.float64(1606.0228118884456),np.float64(52.59),np.float64(84460.73967721337),np.float64(42.230369838606684),,
2021-08-23,MU,sell,np.float64(1217.7862432595718),np.float64(70.84),np.float64(86267.97747250808),np.float64(43.13398873625404),,
2021-08-23,NFLX,sell,np.float64(165.91994852267283),np.float64(545.98),np.float64(90588.97349440891),np.float64(45.29448674720446),,
2021-08-23,AMD,buy,np.float64(815.3805443041034),np.float64(105.295),np.float64(85855.49441250057),np.float64(42.92774720625029),np.float64(0.9990004997501251),
2021-08-23,JPM,buy,np.float64(552.7296363387662),np.float64(155.33),np.float64(85855.49441250057),np.float64(42.92774720625029),np.float64(0.9990004997501251),
2021-08-23,QCOM,buy,np.float64(601.850611889035),np.float64(142.6525),np.float64(85855.49441250057),np.float64(42.92774720625029),np.float64(0.9990004997501251),
2021-08-23,TSLA,buy,np.float64(125.25566628905227),np.float64(685.442),np.float64(85855.49441250057),np.float64(42.92774720625029),np.float64(0.9990004997501251),
2021-08-23,XOM,buy,np.float64(1591.3900725208632),np.float64(53.95),np.float64(85855.49441250057),np.float64(42.92774720625029),np.float64(0.9990004997501251),
2021-08-30,AMD,sell,np.float64(815.3805443041034),np.float64(112.61),np.float64(91820.00309408508),np.float64(45.91000154704254),,
2021-08-30,JPM,sell,np.float64(552.7296363387662),np.float64(163.21),np.float64(90211.00394685005),np.float64(45.10550197342503),,
2021-08-30,QCOM,sell,np.float64(601.850611889035),np.float64(145.59),np.float64(87623.43058492462),np.float64(43.81171529246231),,
2021-08-30,TSLA,sell,np.float64(125.25566628905227),np.float64(714.715),np.float64(89522.10353178),np.float64(44.76105176589),,
2021-08-30,XOM,sell,np.float64(1591.3900725208632),np.float64(56.24),np.float64(89499.77767857334),np.float64(44.749888839286676),,
2021-08-30,COST,buy,np.float64(198.75304484898163),np.float64(451.04),np.float64(89645.57334868467),np.float64(44.82278667434234),np.float64(0.9990004997501251),
2021-08-30,JNJ,buy,np.float64(518.8122770338832),np.float64(172.79),np.float64(89645.57334868467),np.float64(44.82278667434234),np.float64(0.9990004997501251),
2021-08-30,KO,buy,np.float64(1609.724786293494),np.float64(55.69),np.float64(89645.57334868467),np.float64(44.82278667434234),np.float64(0.9990004997501251),
2021-08-30,PEP,buy,np.float64(577.6876746274305),np.float64(155.18),np.float64(89645.57334868467),np.float64(44.82278667434234),np.float64(0.9990004997501251),
2021-08-30,WMT,buy,np.float64(612.249510645299),np.float64(146.42),np.float64(89645.57334868467),np.float64(44.82278667434234),np.float64(0.9990004997501251),
2021-09-07,COST,sell,np.float64(198.75304484898163),np.float64(462.5),np.float64(91923.283242654),np.float64(45.961641621327),,
2021-09-07,JNJ,sell,np.float64(518.8122770338832),np.float64(174.35),np.float64(90454.92050085754),np.float64(45.22746025042877),,
2021-09-07,KO,sell,np.float64(1609.724786293494),np.float64(56.6),np.float64(91110.42290421177),np.float64(45.55521145210589),,
2021-09-07,PEP,sell,np.float64(577.6876746274305),np.float64(156.48),np.float64(90396.56732570032),np.float64(45.19828366285016),,
2021-09-07,WMT,sell,np.float64(612.249510645299),np.float64(148.97),np.float64(91206.8096008302),np.float64(45.6034048004151),,
2021-09-07,AMD,buy,np.float64(828.0802926674377),np.float64(109.955),np.float64(91051.5685802481),np.float64(45.52578429012405),np.float64(0.9990011807751055),
2021-09-07,GOOGL,buy,np.float64(31.65150523005541),np.float64(2876.69),np.float64(91051.5685802481),np.float64(45.52578429012405),np.float64(0.9990011807751055),
2021-09-07,INTC,buy,np.float64(1699.67460482076),np.float64(53.57),np.float64(91051.5685802481),np.float64(45.52578429012405),np.float64(0.9990011807751055),
2021-09-07,JPM,buy,np.float64(569.1078728686049),np.float64(159.99),np.float64(91051.5685802481),np.float64(45.52578429012405),np.float64(0.9990011807751055),
2021-09-07,XOM,buy,np.float64(1665.4759206191347),np.float64(54.67),np.float64(91051.5685802481),np.float64(45.52578429012405),np.float64(0.9990011807751055),
2021-09-13,AMD,sell,np.float64(828.0802926674377),np.float64(105.26),np.float64(87163.7316061745),np.float64(43.58186580308725),,
2021-09-13,GOOGL,sell,np.float64(31.65150523005541),np.float64(2838.99),np.float64(89858.306833075),np.float64(44.929153416537496),,
2021-09-13,INTC,sell,np.float64(1699.67460482076),np.float64(54.61),np.float64(92819.2301692617),np.float64(46.40961508463085),,
2021-09-13,JPM,sell,np.float64(569.1078728686049),np.float64(158.53),np.float64(90220.67108585994),np.float64(45.110335542929974),,
2021-09-13,XOM,sell,np.float64(1665.4759206191347),np.float64(54.65),np.float64(91018.2590618357),np.float64(45.50912953091785),,
2021-09-13,AAPL,buy,np.float64(598.3261554601822),np.float64(150.63),np.float64(90125.86879696725),np.float64(45.06293439848363),np.float64(0.9990004997501247),
2021-09-13,CRM,buy,np.float64(350.68431438508657),np.float64(257.0),np.float64(90125.86879696725),np.float64(45.06293439848363),np.float64(0.9990004997501247),
2021-09-13,CSCO,buy,np.float64(1549.619477251844),np.float64(58.16),np.float64(90125.86879696725),np.float64(45.06293439848363),np.float64(0.9990004997501247),
2021-09-13,JNJ,buy,np.float64(536.7190852606435),np.float64(167.92),np.float64(90125.86879696725),np.float64(45.06293439848363),np.float64(0.9990004997501247),
2021-09-13,KO,buy,np.float64(1616.8975385175322),np.float64(55.74),np.float64(90125.86879696725),np.float64(45.06293439848363),np.float64(0.9990004997501247),
2021-09-20,CRM,sell,np.float64(350.68431438508657),np.float64(256.59),np.float64(89982.08822806935),np.float64(44.99104411403467),,
2021-09-20,JNJ,sell,np.float64(536.7190852606435),np.float64(163.48),np.float64(87742.83605841),np.float64(43.871418029205),,
2021-09-20,KO,sell,np.float64(1616.8975385175322),np.float64(54.11),np.float64(87490.32580918366),np.float64(43.74516290459183),,
2021-09-20,AAPL,buy,np.float64(12.650347776116822),np.float64(143.8),np.float64(1819.1200102055993),np.float64(0.9095600051027997),np.float64(0.9990017761172139),
2021-09-20,CSCO,buy,np.float64(8.730062500432027),np.float64(56.38),np.float64(492.2009237743577),np.float64(0.24610046188717885),np.float64(0.9990017761172139),
2021-09-20,META,buy,np.float64(244.28760000030192),np.float64(359.3),np.float64(87772.53468010848),np.float64(43.88626734005424),np.float64(0.9990017761172139),
2021-09-20,ORCL,buy,np.float64(1032.2537302141418),np.float64(85.03),np.float64(87772.53468010848),np.float64(43.88626734005424),np.float64(0.9990017761172139),
2021-09-20,QCOM,buy,np.float64(667.6240562874304),np.float64(131.47),np.float64(87772.53468010848),np.float64(43.88626734005424),np.float64(0.9990017761172139),
2021-09-27,AAPL,sell,np.float64(610.9765032362991),np.float64(145.47),np.float64(88878.75192578443),np.float64(44.439375962892214),,
2021-09-27,CSCO,sell,np.float64(1558.349539752276),np.float64(56.46),np.float64(87984.4150144135),np.float64(43.99220750720676),,
2021-09-27,ORCL,sell,np.float64(1032.2537302141418),np.float64(89.78),np.float64(92675.73989862564),np.float64(46.337869949312825),,
2021-09-27,QCOM,sell,np.float64(667.6240562874304),np.float64(132.43),np.float64(88413.45377414442),np.float64(44.206726887072215),,
2021-09-27,ADBE,buy,np.float64(143.86560595597237),np.float64(615.8),np.float64(88592.44014768778),np.float64(44.29622007384389),np.float64(0.999000499750125),
2021-09-27,JNJ,buy,np.float64(540.1978057785841),np.float64(164.0),np.float64(88592.44014768778),np.float64(44.29622007384389),np.float64(0.999000499750125),
2021-09-27,KO,buy,np.float64(1645.170661981203),np.float64(53.85),np.float64(88592.44014768778),np.float64(44.29622007384389),np.float64(0.999000499750125),
2021-09-27,META,buy,np.float64(9.21892639710952),np.float64(349.805),np.float64(3224.8265483408954),np.float64(1.6124132741704478),np.float64(0.999000499750125),
2021-09-27,WMT,buy,np.float64(620.0912728192608),np.float64(142.87),np.float64(88592.44014768778),np.float64(44.29622007384389),np.float64(0.999000499750125),
2021-10-04,JNJ,sell,np.float64(540.1978057785841),np.float64(159.99),np.float64(86426.24694651568),np.float64(43.21312347325784),,
2021-10-04,KO,sell,np.float64(1645.170661981203),np.float64(53.06),np.float64(87292.75532472263),np.float64(43.64637766236132),,
2021-10-04,META,sell,np.float64(253.50652639741145),np.float64(335.53),np.float64(85059.04480212346),np.float64(42.52952240106173),,
2021-10-04,ADBE,buy,np.float64(4.566115297608875),np.float64(574.5901),np.float64(2623.6446454646134),np.float64(1.3118223227323067),np.float64(0.999000499750125),
2021-10-04,AMAT,buy,np.float64(667.4351802959065),np.float64(127.66),np.float64(85204.77511657543),np.float64(42.60238755828772),np.float64(0.999000499750125),
2021-10-04,COST,buy,np.float64(190.04499959088065),np.float64(448.34),np.float64(85204.77511657543),np.float64(42.60238755828772),np.float64(0.999000499750125),
2021-10-04,NVDA,buy,np.float64(415.5519660387019),np.float64(205.04),np.float64(85204.77511657543),np.float64(42.60238755828772),np.float64(0.999000499750125),
2021-10-04,WMT,buy,np.float64(2.052872970011734),np.float64(137.09),np.float64(281.4283554589086),np.float64(0.1407141777294543),np.float64(0.999000499750125),
2021-10-11,ADBE,sell,np.float64(148.43172125358126),np.float64(574.5),np.float64(85274.02386018244),np.float64(42.63701193009122),,
2021-10-11,COST,sell,np.float64(190.04499959088065),np.float64(450.04),np.float64(85527.85161587993),np.float64(42.76392580793997),,
2021-10-11,NVDA,sell,np.float64(415.5519660387019),np.float64(205.75),np.float64(85499.81701246291),np.float64(42.749908506231456),,
2021-10-11,WMT,sell,np.float64(622.1441457892726),np.float64(139.52),np.float64(86801.55122051931),np.float64(43.40077561025966),,
2021-10-11,AMAT,buy,np.float64(11.948006328951015),np.float64(125.7),np.float64(1501.8643955491427),np.float64(0.7509321977745714),np.float64(0.9990004997501252),
2021-10-11,CRM,buy,np.float64(313.9105595846598),np.float64(271.78),np.float64(85314.61188391883),np.float64(42.657305941959414),np.float64(0.9990004997501252),
2021-10-11,META,buy,np.float64(260.4032411565626),np.float64(327.625),np.float64(85314.61188391883),np.float64(42.657305941959414),np.float64(0.9990004997501252),
2021-10-11,MU,buy,np.float64(1220.5237751633595),np.float64(69.9),np.float64(85314.61188391883),np.float64(42.657305941959414),np.float64(0.9990004997501252),
2021-10-11,QCOM,buy,np.float64(676.8046637096412),np.float64(126.055),np.float64(85314.61188391883),np.float64(42.657305941959414),np.float64(0.9990004997501252),
2021-10-18,AMAT,sell,np.float64(679.3831866248576),np.float64(130.36),np.float64(88564.39220841644),np.float64(44.28219610420822),,
2021-10-18,CRM,sell,np.float64(313.9105595846598),np.float64(290.78),np.float64(91278.91251602737),np.float64(45.63945625801369),,
2021-10-18,QCOM,sell,np.float64(676.8046637096412),np.float64(129.32),np.float64(87524.3791109308),np.float64(43.7621895554654),,
2021-10-18,JNJ,buy,np.float64(542.127963629329),np.float64(160.25),np.float64(86876.00617159998),np.float64(43.43800308579999),np.float64(0.999000499750125),
2021-10-18,JPM,buy,np.float64(521.8404983877942),np.float64(166.48),np.float64(86876.00617159998),np.float64(43.43800308579999),np.float64(0.999000499750125),
2021-10-18,META,buy,np.float64(3.957977902137945),np.float64(328.95),np.float64(1301.976830908277),np.float64(0.6509884154541384),np.float64(0.999000499750125),
2021-10-18,MU,buy,np.float64(77.15944520018604),np.float64(67.01),np.float64(5170.454422864467),np.float64(2.5852272114322337),np.float64(0.999000499750125),
2021-10-18,NFLX,buy,np.float64(137.44028820060112),np.float64(632.1),np.float64(86876.00617159998),np.float64(43.43800308579999),np.float64(0.999000499750125),
2021-10-25,JNJ,sell,np.float64(542.127963629329),np.float64(163.72),np.float64(88757.19020539374),np.float64(44.37859510269687),,
2021-10-25,JPM,sell,np.float64(521.8404983877942),np.float64(172.71),np.float64(90127.07247655594),np.float64(45.06353623827797),,
2021-10-25,META,sell,np.float64(264.36121905870056),np.float64(320.3),np.float64(84674.89846450179),np.float64(42.3374492322509),,
2021-10-25,MU,sell,np.float64(1297.6832203635454),np.float64(69.62),np.float64(90344.70580171004),np.float64(45.17235290085502),,
2021-10-25,NFLX,sell,np.float64(137.44028820060112),np.float64(663.74),np.float64(91224.61689026699),np.float64(45.61230844513349),,
2021-10-25,AMZN,buy,np.float64(26.667680828042307),np.float64(3335.0),np.float64(88936.7155615211),np.float64(44.46835778076055),np.float64(0.999000499750125),
2021-10-25,CSCO,buy,np.float64(1613.8035848579405),np.float64(55.11),np.float64(88936.7155615211),np.float64(44.46835778076055),np.float64(0.999000499750125),
2021-10-25,GOOGL,buy,np.float64(32.328867888593635),np.float64(2751.0),np.float64(88936.7155615211),np.float64(44.46835778076055),np.float64(0.999000499750125),
2021-10-25,INTC,buy,np.float64(1784.9817473461333),np.float64(49.825),np.float64(88936.7155615211),np.float64(44.46835778076055),np.float64(0.999000499750125),
2021-10-25,KO,buy,np.float64(1635.4673696491557),np.float64(54.38),np.float64(88936.7155615211),np.float64(44.46835778076055),np.float64(0.999000499750125),
2021-11-01,AMZN,sell,np.float64(26.667680828042307),np.float64(3361.8),np.float64(89651.40940771264),np.float64(44.82570470385632),,
2021-11-01,CSCO,sell,np.float64(1613.8035848579405),np.float64(55.8691),np.float64(90161.75386278676),np.float64(45.080876931393384),,
2021-11-01,GOOGL,sell,np.float64(32.328867888593635),np.float64(2960.92),np.float64(95723.19150869467),np.float64(47.861595754347334),,
2021-11-01,INTC,sell,np.float64(1784.9817473461333),np.float64(49.4),np.float64(88178.09831889898),np.float64(44.08904915944949),,
2021-11-01,KO,sell,np.float64(1635.4673696491557),np.float64(56.39),np.float64(92224.00497451589),np.float64(46.112002487257946),,
2021-11-01,JNJ,buy,np.float64(558.3264862341722),np.float64(163.16),np.float64(91096.54949396754),np.float64(45.54827474698377),np.float64(0.999000499750125),
2021-11-01,JPM,buy,np.float64(529.5079603229921),np.float64(172.04),np.float64(91096.54949396754),np.float64(45.54827474698377),np.float64(0.999000499750125),
2021-11-01,ORCL,buy,np.float64(948.9223905621619),np.float64(96.0),np.float64(91096.54949396754),np.float64(45.54827474698377),np.float64(0.999000499750125),
2021-11-01,PEP,buy,np.float64(565.1150713025282),np.float64(161.2),np.float64(91096.54949396754),np.float64(45.54827474698377),np.float64(0.999000499750125),
2021-11-01,WMT,buy,np.float64(607.3913154685127),np.float64(149.98),np.float64(91096.54949396754),np.float64(45.54827474698377),np.float64(0.999000499750125),
2021-11-08,JNJ,sell,np.float64(0.8617855464775571),np.float64(163.68),np.float64(141.05705824744655),np.float64(0.07052852912372327),,
2021-11-08,JPM,sell,np.float64(529.5079603229921),np.float64(169.05),np.float64(89513.32069260182),np.float64(44.75666034630091),,
2021-11-08,PEP,sell,np.float64(565.1150713025282),np.float64(165.81),np.float64(93701.72997267221),np.float64(46.850864986336106),,
2021-11-08,KO,buy,np.float64(1606.2488455764637),np.float64(56.75),np.float64(91154.62198646432),np.float64(45.57731099323216),np.float64(0.9990004997501246),
2021-11-08,NFLX,buy,np.float64(140.1753402120044),np.float64(650.29),np.float64(91154.62198646432),np.float64(45.57731099323216),np.float64(0.9990004997501246),
2021-11-08,ORCL,buy,np.float64(9.029962974021409),np.float64(95.25),np.float64(860.1039732755391),np.float64(0.43005198663776956),np.float64(0.9990004997501246),
2021-11-08,WMT,buy,np.float64(0.023267885977359883),np.float64(150.22),np.float64(3.4953018315190016),np.float64(0.001747650915759501),np.float64(0.9990004997501246),
2021-11-15,JNJ,sell,np.float64(557.4647006876946),np.float64(165.0),np.float64(91981.67561346962),np.float64(45.99083780673481),,
2021-11-15,KO,sell,np.float64(1606.2488455764637),np.float64(56.53),np.float64(90801.2472404375),np.float64(45.40062362021875),,
2021-11-15,NFLX,sell,np.float64(140.1753402120044),np.float64(681.235),np.float64(95492.34788932481),np.float64(47.74617394466241),,
2021-11-15,AAPL,buy,np.float64(608.7396704127506),np.float64(150.37),np.float64(91536.18423996531),np.float64(45.768092119982654),np.float64(0.9990004997501252),
2021-11-15,ORCL,buy,np.float64(18.662594392687968),np.float64(93.82),np.float64(1750.924605921985),np.float64(0.8754623029609925),np.float64(0.9990004997501252),
2021-11-15,PEP,buy,np.float64(563.2649328654563),np.float64(162.51),np.float64(91536.18423996531),np.float64(45.768092119982654),np.float64(0.9990004997501252),
2021-11-15,TSLA,buy,np.float64(89.95035940367846),np.float64(1017.63),np.float64(91536.18423996531),np.float64(45.768092119982654),np.float64(0.9990004997501252),
2021-11-15,WMT,buy,np.float64(11.054048024111749),np.float64(148.15),np.float64(1637.6572147721556),np.float64(0.8188286073860779),np.float64(0.9990004997501252),
2021-11-22,AAPL,sell,np.float64(608.7396704127506),np.float64(161.68),np.float64(98421.02991233351),np.float64(49.210514956166755),,
2021-11-22,ORCL,sell,np.float64(976.6149479288713),np.float64(93.73),np.float64(91538.1190693731),np.float64(45.769059534686555),,
2021-11-22,PEP,sell,np.float64(563.2649328654563),np.float64(163.2028),np.float64(91926.4141854545),np.float64(45.96320709272725),,
2021-11-22,TSLA,sell,np.float64(89.95035940367846),np.float64(1162.31),np.float64(104550.20223848951),np.float64(52.27510111924476),,
2021-11-22,CSCO,buy,np.float64(1777.6647462883102),np.float64(53.35),np.float64(94838.41421448135),np.float64(47.41920710724068),np.float64(0.999000499750125),
2021-11-22,JPM,buy,np.float64(577.7193848348036),np.float64(164.16),np.float64(94838.41421448135),np.float64(47.41920710724068),np.float64(0.999000499750125),
2021-11-22,KO,buy,np.float64(1721.2053396457595),np.float64(55.1),np.float64(94838.41421448135),np.float64(47.41920710724068),np.float64(0.999000499750125),
2021-11-22,WMT,buy,np.float64(46.93583277472077),np.float64(142.66),np.float64(6695.865903641666),np.float64(3.347932951820833),np.float64(0.999000499750125),
2021-11-22,XOM,buy,np.float64(1572.2548775610303),np.float64(60.32),np.float64(94838.41421448135),np.float64(47.41920710724068),np.float64(0.999000499750125),
2021-11-29,CSCO,sell,np.float64(1777.6647462883102),np.float64(55.14),np.float64(98020.43411033743),np.float64(49.01021705516872),,
2021-11-29,JPM,sell,np.float64(577.7193848348036),np.float64(163.31),np.float64(94347.35273737178),np.float64(47.17367636868589),,
2021-11-29,KO,sell,np.float64(1721.2053396457595),np.float64(54.045),np.float64(93022.54258115508),np.float64(46.51127129057754),,
2021-11-29,WMT,sell,np.float64(665.4044641533226),np.float64(145.0),np.float64(96483.64730223178),np.float64(48.241823651115894),,
2021-11-29,XOM,sell,np.float64(1572.2548775610303),np.float64(62.57),np.float64(98375.98768899367),np.float64(49.18799384449684),,
2021-11-29,AMAT,buy,np.float64(653.7711445944667),np.float64(146.77),np.float64(95953.99089212989),np.float64(47.97699544606495),np.float64(0.9990004997501251),
2021-11-29,AMZN,buy,np.float64(27.0472411487617),np.float64(3547.6443),np.float64(95953.99089212989),np.float64(47.97699544606495),np.float64(0.9990004997501251),
2021-11-29,AVGO,buy,np.float64(172.51706381181208),np.float64(556.2),np.float64(95953.99089212989),np.float64(47.97699544606495),np.float64(0.9990004997501251),
2021-11-29,CRM,buy,np.float64(331.4243951786747),np.float64(289.52),np.float64(95953.99089212989),np.float64(47.97699544606495),np.float64(0.9990004997501251),
2021-11-29,GOOGL,buy,np.float64(33.31735794865621),np.float64(2880.0),np.float64(95953.99089212989),np.float64(47.97699544606495),np.float64(0.9990004997501251),
2021-12-06,AMAT,sell,np.float64(653.7711445944667),np.float64(145.7815),np.float64(95307.73811569824),np.float64(47.65386905784912),,
2021-12-06,AMZN,sell,np.float64(27.0472411487617),np.float64(3393.0),np.float64(91771.28921774845),np.float64(45.88564460887422),,
2021-12-06,AVGO,sell,np.float64(172.51706381181208),np.float64(564.6474),np.float64(97411.31153697376),np.float64(48.705655768486885),,
2021-12-06,GOOGL,sell,np.float64(33.31735794865621),np.float64(2860.81),np.float64(95314.63079309517),np.float64(47.65731539654759),,
2021-12-06,ADBE,buy,np.float64(150.3614124530006),np.float64(617.47),np.float64(92843.6613473543),np.float64(46.42183067367715),np.float64(0.999000499750125),
2021-12-06,CRM,buy,np.float64(31.435802858320947),np.float64(256.1),np.float64(8050.709112015996),np.float64(4.025354556007998),np.float64(0.999000499750125),
2021-12-06,META,buy,np.float64(301.3132812363428),np.float64(308.13),np.float64(92843.6613473543),np.float64(46.42183067367715),np.float64(0.999000499750125),
2021-12-06,NFLX,buy,np.float64(153.2048338267591),np.float64(606.01),np.float64(92843.6613473543),np.float64(46.42183067367715),np.float64(0.999000499750125),
2021-12-06,WMT,buy,np.float64(674.9321121500021),np.float64(137.56),np.float64(92843.6613473543),np.float64(46.42183067367715),np.float64(0.999000499750125),
2021-12-13,ADBE,sell,np.float64(150.3614124530006),np.float64(652.77),np.float64(98151.41920694521),np.float64(49.0757096034726),,
2021-12-13,CRM,sell,np.float64(362.8601980369956),np.float64(265.8),np.float64(96448.24063823343),np.float64(48.224120319116714),,
2021-12-13,META,sell,np.float64(301.3132812363428),np.float64(330.95),np.float64(99719.63042516765),np.float64(49.859815212583825),,
2021-12-13,NFLX,sell,np.float64(153.2048338267591),np.float64(612.0),np.float64(93761.35830197658),np.float64(46.88067915098829),,
2021-12-13,WMT,sell,np.float64(674.9321121500021),np.float64(140.24),np.float64(94652.47940791631),np.float64(47.32623970395816),,
2021-12-13,AMD,buy,np.float64(698.1868546058712),np.float64(138.25),np.float64(96524.33264926169),np.float64(48.26216632463085),np.float64(0.9990008837532448),
2021-12-13,AMZN,buy,np.float64(28.059399025948167),np.float64(3440.0),np.float64(96524.33264926169),np.float64(48.26216632463085),np.float64(0.9990008837532448),
2021-12-13,JPM,buy,np.float64(605.1682297759354),np.float64(159.5),np.float64(96524.33264926169),np.float64(48.26216632463085),np.float64(0.9990008837532448),
2021-12-13,NVDA,buy,np.float64(319.0992517083596),np.float64(302.49),np.float64(96524.33264926169),np.float64(48.26216632463085),np.float64(0.9990008837532448),
2021-12-13,PEP,buy,np.float64(571.3865663248782),np.float64(168.93),np.float64(96524.33264926169),np.float64(48.26216632463085),np.float64(0.9990008837532448),
2021-12-20,AMD,sell,np.float64(698.1868546058712),np.float64(135.97),np.float64(94932.4666207603),np.float64(47.466233310380154),,
2021-12-20,AMZN,sell,np.float64(28.059399025948167),np.float64(3337.0),np.float64(93634.21454958903),np.float64(46.817107274794516),,
2021-12-20,JPM,sell,np.float64(605.1682297759354),np.float64(154.51),np.float64(93504.54318267977),np.float64(46.752271591339884),,
2021-12-20,PEP,sell,np.float64(571.3865663248782),np.float64(167.1583),np.float64(95512.00706970389),np.float64(47.75600353485195),,
2021-12-20,ADBE,buy,np.float64(170.17606021155026),np.float64(545.61),np.float64(92849.76021202395),np.float64(46.424880106011976),np.float64(0.9990004997501251),
2021-12-20,MSFT,buy,np.float64(290.11017094836416),np.float64(320.05),np.float64(92849.76021202395),np.float64(46.424880106011976),np.float64(0.9990004997501251),
2021-12-20,NVDA,buy,np.float64(21.266420217841453),np.float64(273.05),np.float64(5806.796040481609),np.float64(2.9033980202408047),np.float64(0.9990004997501251),
2021-12-20,ORCL,buy,np.float64(962.9719997098522),np.float64(96.42),np.float64(92849.76021202395),np.float64(46.424880106011976),np.float64(0.9990004997501251),
2021-12-20,TSLA,buy,np.float64(101.95427716264845),np.float64(910.7),np.float64(92849.76021202395),np.float64(46.424880106011976),np.float64(0.9990004997501251),
2021-12-27,ADBE,sell,np.float64(170.17606021155026),np.float64(575.04),np.float64(97858.04166404986),np.float64(48.92902083202493),,
2021-12-27,MSFT,sell,np.float64(290.11017094836416),np.float64(335.46),np.float64(97320.35794633823),np.float64(48.66017897316912),,
2021-12-27,NVDA,sell,np.float64(340.36567192620106),np.float64(296.6),np.float64(100952.45829331124),np.float64(50.47622914665562),,
2021-12-27,TSLA,sell,np.float64(101.95427716264845),np.float64(1073.67),np.float64(109465.24876122078),np.float64(54.73262438061039),,
2021-12-27,JNJ,buy,np.float64(581.1552160438339),np.float64(169.14),np.float64(98296.59324165406),np.float64(49.14829662082703),np.float64(0.999000499750125),
2021-12-27,JPM,buy,np.float64(623.7093479800385),np.float64(157.6),np.float64(98296.59324165406),np.float64(49.14829662082703),np.float64(0.999000499750125),
2021-12-27,ORCL,buy,np.float64(133.827650929141),np.float64(89.7),np.float64(12004.340288343947),np.float64(6.0021701441719735),np.float64(0.999000499750125),
2021-12-27,PEP,buy,np.float64(578.266277857776),np.float64(169.985),np.float64(98296.59324165406),np.float64(49.14829662082703),np.float64(0.999000499750125),
2021-12-27,WMT,buy,np.float64(704.1303240806166),np.float64(139.6),np.float64(98296.59324165406),np.float64(49.14829662082703),np.float64(0.999000499750125),
2022-01-03,JNJ,sell,np.float64(581.1552160438339),np.float64(170.21),np.float64(98918.42932282097),np.float64(49.459214661410485),,
2022-01-03,JPM,sell,np.float64(623.7093479800385),np.float64(159.86),np.float64(99706.17636808896),np.float64(49.85308818404448),,
2022-01-03,PEP,sell,np.float64(578.266277857776),np.float64(172.2),np.float64(99577.45304710903),np.float64(49.788726523554516),,
2022-01-03,WMT,sell,np.float64(704.1303240806166),np.float64(144.0),np.float64(101394.76666760878),np.float64(50.697383333804396),,
2022-01-03,AMZN,buy,np.float64(29.53656855406872),np.float64(3351.0),np.float64(98977.04122468428),np.float64(49.488520612342136),np.float64(0.999000499750125),
2022-01-03,GOOGL,buy,np.float64(34.117073256586906),np.float64(2901.1),np.float64(98977.04122468428),np.float64(49.488520612342136),np.float64(0.999000499750125),
2022-01-03,MU,buy,np.float64(1054.0124724421944),np.float64(93.905),np.float64(98977.04122468428),np.float64(49.488520612342136),np.float64(0.999000499750125),
2022-01-03,NFLX,buy,np.float64(163.43363092532203),np.float64(605.61),np.float64(98977.04122468428),np.float64(49.488520612342136),np.float64(0.999000499750125),
2022-01-03,ORCL,buy,np.float64(37.66475873180432),np.float64(87.33),np.float64(3289.263380048471),np.float64(1.6446316900242355),np.float64(0.999000499750125),
2022-01-10,AMZN,sell,np.float64(29.53656855406872),np.float64(3211.71),np.float64(94862.89259078805),np.float64(47.431446295394025),,
2022-01-10,GOOGL,sell,np.float64(34.117073256586906),np.float64(2701.56),np.float64(92169.32042706491),np.float64(46.08466021353246),,
2022-01-10,MU,sell,np.float64(1054.0124724421944),np.float64(94.26),np.float64(99351.21565240125),np.float64(49.675607826200626),,
2022-01-10,ORCL,sell,np.float64(1134.4644093707975),np.float64(87.38),np.float64(99129.50009082028),np.float64(49.56475004541014),,
2022-01-10,ADBE,buy,np.float64(189.36396383207696),np.float64(500.0),np.float64(94681.98191603848),np.float64(47.34099095801924),np.float64(0.9990009699105229),
2022-01-10,AVGO,buy,np.float64(155.50698340511525),np.float64(608.86),np.float64(94681.98191603848),np.float64(47.34099095801924),np.float64(0.9990009699105229),
2022-01-10,CRM,buy,np.float64(419.8757512906363),np.float64(225.5),np.float64(94681.98191603848),np.float64(47.34099095801924),np.float64(0.9990009699105229),
2022-01-10,MSFT,buy,np.float64(305.93399329866867),np.float64(309.485),np.float64(94681.98191603848),np.float64(47.34099095801924),np.float64(0.9990009699105229),
2022-01-10,NFLX,buy,np.float64(12.558316803838114),np.float64(538.49),np.float64(6762.5280156987865),np.float64(3.3812640078493934),np.float64(0.9990009699105229),
2022-01-18,ADBE,sell,np.float64(189.36396383207696),np.float64(510.39),np.float64(96649.47350025376),np.float64(48.32473675012688),,
2022-01-18,CRM,sell,np.float64(419.8757512906363),np.float64(228.45),np.float64(95920.61538234586),np.float64(47.96030769117293),,
2022-01-18,MSFT,sell,np.float64(305.93399329866867),np.float64(304.07),np.float64(93025.34934232618),np.float64(46.51267467116309),,
2022-01-18,AVGO,buy,np.float64(3.7947675482600123),np.float64(588.32),np.float64(2232.5376439923307),np.float64(1.1162688219961654),np.float64(0.9990004997501251),
2022-01-18,COST,buy,np.float64(189.3556093877708),np.float64(494.461),np.float64(93628.96397348655),np.float64(46.814481986743274),np.float64(0.9990004997501251),
2022-01-18,JNJ,buy,np.float64(560.3169597455808),np.float64(167.1),np.float64(93628.96397348655),np.float64(46.814481986743274),np.float64(0.9990004997501251),
2022-01-18,JPM,buy,np.float64(601.0332775291215),np.float64(155.78),np.float64(93628.96397348655),np.float64(46.814481986743274),np.float64(0.9990004997501251),
2022-01-18,NFLX,buy,np.float64(4.211959599686298),np.float64(520.08),np.float64(2190.55594860485),np.float64(1.095277974302425),np.float64(0.9990004997501251),
2022-01-24,AVGO,sell,np.float64(159.30175095337526),np.float64(530.89),np.float64(84571.70656363739),np.float64(42.285853281818696),,
2022-01-24,COST,sell,np.float64(189.3556093877708),np.float64(475.5513),np.float64(90048.30620664662),np.float64(45.024153103323314),,
2022-01-24,JNJ,sell,np.float64(560.3169597455808),np.float64(164.0),np.float64(91891.98139827525),np.float64(45.945990699137624),,
2022-01-24,JPM,sell,np.float64(8.948527798983514),np.float64(142.28),np.float64(1273.1965352393745),np.float64(0.6365982676196873),,
2022-01-24,AMAT,buy,np.float64(639.9332254069774),np.float64(131.51),np.float64(84157.61847327159),np.float64(42.0788092366358),np.float64(0.9990004997501248),
2022-01-24,AMZN,buy,np.float64(30.272524630673235),np.float64(2780.0),np.float64(84157.61847327159),np.float64(42.0788092366358),np.float64(0.9990004997501248),
2022-01-24,MU,buy,np.float64(1048.431773679726),np.float64(80.27),np.float64(84157.61847327159),np.float64(42.0788092366358),np.float64(0.9990004997501248),
2022-01-24,NFLX,buy,np.float64(39.18804907129953),np.float64(383.91),np.float64(15044.683918962604),np.float64(7.522341959481302),np.float64(0.9990004997501248),
2022-01-31,AMAT,sell,np.float64(639.9332254069774),np.float64(132.92),np.float64(85059.92432109543),np.float64(42.52996216054772),,
2022-01-31,AMZN,sell,np.float64(30.272524630673235),np.float64(2895.0),np.float64(87638.95880579902),np.float64(43.81947940289951),,
2022-01-31,JPM,sell,np.float64(592.084749730138),np.float64(145.64),np.float64(86231.2229506973),np.float64(43.11561147534865),,
2022-01-31,NFLX,sell,np.float64(219.391956400146),np.float64(401.97),np.float64(88188.9847141667),np.float64(44.09449235708335),,
2022-01-31,AMD,buy,np.float64(795.83725604017),np.float64(107.93),np.float64(85894.71504441556),np.float64(42.94735752220778),np.float64(0.9990004997501248),
2022-01-31,INTC,buy,np.float64(1801.4831175422726),np.float64(47.68),np.float64(85894.71504441556),np.float64(42.94735752220778),np.float64(0.9990004997501248),
2022-01-31,MU,buy,np.float64(40.441805928488364),np.float64(78.96),np.float64(3193.284996113441),np.float64(1.5966424980567206),np.float64(0.9990004997501248),
2022-01-31,TSLA,buy,np.float64(98.4229756097851),np.float64(872.71),np.float64(85894.71504441556),np.float64(42.94735752220778),np.float64(0.9990004997501248),
2022-01-31,WMT,buy,np.float64(626.5571160873554),np.float64(137.09),np.float64(85894.71504441556),np.float64(42.94735752220778),np.float64(0.9990004997501248),
2022-02-07,AMD,sell,np.float64(795.83725604017),np.float64(123.56),np.float64(98333.6513563234),np.float64(49.1668256781617),,
2022-02-07,INTC,sell,np.float64(1801.4831175422726),np.float64(48.13),np.float64(86705.38244730959),np.float64(43.352691223654794),,
2022-02-07,MU,sell,np.float64(1088.8735796082142),np.float64(81.36),np.float64(88590.75443692431),np.float64(44.29537721846216),,
2022-02-07,TSLA,sell,np.float64(98.4229756097851),np.float64(923.79),np.float64(90922.16063856338),np.float64(45.46108031928169),,
2022-02-07,WMT,sell,np.float64(626.5571160873554),np.float64(140.06),np.float64(87755.589679195),np.float64(43.877794839597506),,
2022-02-07,CSCO,buy,np.float64(1635.686498435003),np.float64(55.33),np.float64(90502.5339584087),np.float64(45.25126697920435),np.float64(0.9990012252064137),
2022-02-07,JNJ,buy,np.float64(527.988646860794),np.float64(171.41),np.float64(90502.5339584087),np.float64(45.25126697920435),np.float64(0.9990012252064137),
2022-02-07,KO,buy,np.float64(1474.4629188401548),np.float64(61.38),np.float64(90502.5339584087),np.float64(45.25126697920435),np.float64(0.9990012252064137),
2022-02-07,META,buy,np.float64(380.7426754665911),np.float64(237.7),np.float64(90502.5339584087),np.float64(45.25126697920435),np.float64(0.9990012252064137),
2022-02-07,PEP,buy,np.float64(523.9234338219793),np.float64(172.74),np.float64(90502.5339584087),np.float64(45.25126697920435),np.float64(0.9990012252064137),
2022-02-14,CSCO,sell,np.float64(1635.686498435003),np.float64(53.41),np.float64(87362.0158814135),np.float64(43.681007940706756),,
2022-02-14,JNJ,sell,np.float64(527.988646860794),np.float64(167.71),np.float64(88548.97596502377),np.float64(44.274487982511886),,
2022-02-14,KO,sell,np.float64(1474.4629188401548),np.float64(60.16),np.float64(88703.68919742371),np.float64(44.35184459871186),,
2022-02-14,PEP,sell,np.float64(523.9234338219793),np.float64(169.415),np.float64(88760.48854095062),np.float64(44.380244270475316),,
2022-02-14,ADBE,buy,np.float64(184.46288597819392),np.float64(473.2),np.float64(87287.83764488137),np.float64(43.64391882244068),np.float64(0.9990004997501247),
2022-02-14,AMD,buy,np.float64(755.6734277974319),np.float64(115.51),np.float64(87287.83764488137),np.float64(43.64391882244068),np.float64(0.9990004997501247),
2022-02-14,GOOGL,buy,np.float64(32.75181234869645),np.float64(2665.13),np.float64(87287.83764488137),np.float64(43.64391882244068),np.float64(0.9990004997501247),
2022-02-14,META,buy,np.float64(17.649083192679413),np.float64(219.31),np.float64(3870.620434986522),np.float64(1.935310217493261),np.float64(0.9990004997501247),
2022-02-14,QCOM,buy,np.float64(527.8974154513539),np.float64(165.35),np.float64(87287.83764488137),np.float64(43.64391882244068),np.float64(0.9990004997501247),
2022-02-22,AMD,sell,np.float64(755.6734277974319),np.float64(115.27),np.float64(87106.47602220997),np.float64(43.55323801110499),,
2022-02-22,GOOGL,sell,np.float64(32.75181234869645),np.float64(2596.7618),np.float64(85048.65518786322),np.float64(42.52432759393161),,
2022-02-22,META,sell,np.float64(398.3917586592705),np.float64(202.34),np.float64(80610.5884471168),np.float64(40.3052942235584),,
2022-02-22,QCOM,sell,np.float64(527.8974154513539),np.float64(164.0589),np.float64(86606.26929179212),np.float64(43.303134645896066),,
2022-02-22,ADBE,buy,np.float64(6.560513115168455),np.float64(440.35),np.float64(2888.921950264429),np.float64(1.4444609751322146),np.float64(0.9990004997501251),
2022-02-22,CRM,buy,np.float64(429.7855375274416),np.float64(195.53),np.float64(84035.96615274066),np.float64(42.01798307637033),np.float64(0.9990004997501251),
2022-02-22,INTC,buy,np.float64(1879.5787553733091),np.float64(44.71),np.float64(84035.96615274066),np.float64(42.01798307637033),np.float64(0.9990004997501251),
2022-02-22,ORCL,buy,np.float64(1138.3902215218188),np.float64(73.82),np.float64(84035.96615274066),np.float64(42.01798307637033),np.float64(0.9990004997501251),
2022-02-22,XOM,buy,np.float64(1054.8006295059704),np.float64(79.67),np.float64(84035.96615274066),np.float64(42.01798307637033),np.float64(0.9990004997501251),
2022-02-28,ADBE,sell,np.float64(191.02339909336237),np.float64(462.4),np.float64(88329.21974077076),np.float64(44.16460987038538),,
2022-02-28,CRM,sell,np.float64(429.7855375274416),np.float64(207.79),np.float64(89305.13684282708),np.float64(44.65256842141354),,
2022-02-28,INTC,sell,np.float64(1879.5787553733091),np.float64(47.0),np.float64(88340.20150254553),np.float64(44.17010075127277),,
2022-02-28,ORCL,sell,np.float64(1138.3902215218188),np.float64(75.57),np.float64(86028.14904040383),np.float64(43.014074520201916),,
2022-02-28,XOM,sell,np.float64(1054.8006295059704),np.float64(76.51),np.float64(80702.7961635018),np.float64(40.3513980817509),,
2022-02-28,AAPL,buy,np.float64(530.2011701599267),np.float64(163.06),np.float64(86454.60280627765),np.float64(43.227301403138824),np.float64(0.9990004997501248),
2022-02-28,JPM,buy,np.float64(602.2612525689839),np.float64(143.55),np.float64(86454.60280627765),np.float64(43.227301403138824),np.float64(0.9990004997501248),
2022-02-28,MU,buy,np.float64(977.4403935135969),np.float64(88.45),np.float64(86454.60280627765),np.float64(43.227301403138824),np.float64(0.9990004997501248),
2022-02-28,TSLA,buy,np.float64(106.07796567683543),np.float64(815.01),np.float64(86454.60280627765),np.float64(43.227301403138824),np.float64(0.9990004997501248),
2022-02-28,WMT,buy,np.float64(640.4044652316862),np.float64(135.0),np.float64(86454.60280627765),np.float64(43.227301403138824),np.float64(0.9990004997501248),
2022-03-07,AAPL,sell,np.float64(530.2011701599267),np.float64(163.36),np.float64(86613.66315732565),np.float64(43.30683157866282),,
2022-03-07,TSLA,sell,np.float64(106.07796567683543),np.float64(856.3),np.float64(90834.56200907417),np.float64(45.41728100453709),,
2022-03-07,WMT,sell,np.float64(640.4044652316862),np.float64(141.3),np.float64(90489.15093723727),np.float64(45.244575468618635),,
2022-03-07,AMAT,buy,np.float64(669.5304676654094),np.float64(127.56),np.float64(85405.30645539964),np.float64(42.70265322769982),np.float64(0.9990004997501251),
2022-03-07,AMD,buy,np.float64(786.9280978107403),np.float64(108.53),np.float64(85405.30645539964),np.float64(42.70265322769982),np.float64(0.9990004997501251),
2022-03-07,JPM,buy,np.float64(44.51840654130645),np.float64(132.17),np.float64(5883.997792564473),np.float64(2.9419988962822363),np.float64(0.9990004997501251),
2022-03-07,MU,buy,np.float64(68.12200917939364),np.float64(81.76),np.float64(5569.655470507225),np.float64(2.7848277352536126),np.float64(0.9990004997501251),
2022-03-07,NFLX,buy,np.float64(236.96708319802346),np.float64(360.41),np.float64(85405.30645539964),np.float64(42.70265322769982),np.float64(0.9990004997501251),
2022-03-14,AMAT,sell,np.float64(669.5304676654094),np.float64(123.74),np.float64(82847.70006891777),np.float64(41.42385003445889),,
2022-03-14,AMD,sell,np.float64(786.9280978107403),np.float64(102.99),np.float64(81045.72479352813),np.float64(40.52286239676407),,
2022-03-14,JPM,sell,np.float64(646.7796591102904),np.float64(129.46),np.float64(83732.0946684182),np.float64(41.8660473342091),,
2022-03-14,NFLX,sell,np.float64(236.96708319802346),np.float64(338.72),np.float64(80265.49042083451),np.float64(40.132745210417255),,
2022-03-14,ADBE,buy,np.float64(194.74908243998195),np.float64(413.36),np.float64(80501.48071739094),np.float64(40.25074035869547),np.float64(0.9990004997501247),
2022-03-14,KO,buy,np.float64(1388.674844184767),np.float64(57.97),np.float64(80501.48071739094),np.float64(40.25074035869547),np.float64(0.9990004997501247),
2022-03-14,MU,buy,np.float64(77.45449387813694),np.float64(71.75),np.float64(5557.359935756325),np.float64(2.778679967878163),np.float64(0.9990004997501247),
2022-03-14,PEP,buy,np.float64(518.8622669506344),np.float64(155.15),np.float64(80501.48071739094),np.float64(40.25074035869547),np.float64(0.9990004997501247),
2022-03-14,QCOM,buy,np.float64(533.8294477280566),np.float64(150.8),np.float64(80501.48071739094),np.float64(40.25074035869547),np.float64(0.9990004997501247),
2022-03-21,ADBE,sell,np.float64(194.74908243998195),np.float64(451.42),np.float64(87913.63079505666),np.float64(43.95681539752833),,
2022-03-21,MU,sell,np.float64(1123.0168965711273),np.float64(78.99),np.float64(88707.10466015335),np.float64(44.353552330076674),,
2022-03-21,PEP,sell,np.float64(518.8622669506344),np.float64(162.27),np.float64(84195.78005807946),np.float64(42.09789002903973),,
2022-03-21,QCOM,sell,np.float64(533.8294477280566),np.float64(153.99),np.float64(82204.39665564345),np.float64(41.102198327821725),,
2022-03-21,CSCO,buy,np.float64(1521.9725933394),np.float64(56.06),np.float64(85321.78358260676),np.float64(42.66089179130338),np.float64(0.9990004997501252),
2022-03-21,JNJ,buy,np.float64(488.502138913356),np.float64(174.66),np.float64(85321.78358260676),np.float64(42.66089179130338),np.float64(0.9990004997501252),
2022-03-21,KO,buy,np.float64(22.990551257532072),np.float64(60.5),np.float64(1390.9283510806904),np.float64(0.6954641755403452),np.float64(0.9990004997501252),
2022-03-21,WMT,buy,np.float64(586.686265437714),np.float64(145.43),np.float64(85321.78358260676),np.float64(42.66089179130338),np.float64(0.9990004997501252),
2022-03-21,XOM,buy,np.float64(1064.9249074214522),np.float64(80.12),np.float64(85321.78358260676),np.float64(42.66089179130338),np.float64(0.9990004997501252),
2022-03-28,JNJ,sell,np.float64(488.502138913356),np.float64(176.65),np.float64(86293.90283904434),np.float64(43.146951419522175),,
2022-03-28,KO,sell,np.float64(1411.665395442299),np.float64(61.53),np.float64(86859.77178156466),np.float64(43.42988589078233),,
2022-03-28,XOM,sell,np.float64(1064.9249074214522),np.float64(83.17),np.float64(88569.80455024217),np.float64(44.28490227512109),,
2022-03-28,ADBE,buy,np.float64(197.91098779278002),np.float64(433.415),np.float64(85777.59077420775),np.float64(42.888795387103876),np.float64(0.9990004997501253),
2022-03-28,COST,buy,np.float64(154.07118363007464),np.float64(556.74),np.float64(85777.59077420775),np.float64(42.888795387103876),np.float64(0.9990004997501253),
2022-03-28,CRM,buy,np.float64(407.7269263913288),np.float64(210.38),np.float64(85777.59077420775),np.float64(42.888795387103876),np.float64(0.9990004997501253),
2022-03-28,CSCO,buy,np.float64(44.83312182691893),np.float64(54.8),np.float64(2456.8550761151573),np.float64(1.2284275380575786),np.float64(0.9990004997501253),
2022-03-28,WMT,buy,np.float64(11.653373444483416),np.float64(143.5),np.float64(1672.2590892833703),np.float64(0.8361295446416851),np.float64(0.9990004997501253),
2022-04-04,ADBE,sell,np.float64(197.91098779278002),np.float64(461.04),np.float64(91244.8818119833),np.float64(45.62244090599165),,
2022-04-04,COST,sell,np.float64(154.07118363007464),np.float64(573.94),np.float64(88427.61513264505),np.float64(44.21380756632252),,
2022-04-04,CRM,sell,np.float64(407.7269263913288),np.float64(214.63),np.float64(87510.4302113709),np.float64(43.75521510568545),,
2022-04-04,CSCO,sell,np.float64(1566.8057151663188),np.float64(55.46),np.float64(86895.04496312405),np.float64(43.447522481562025),,
2022-04-04,WMT,sell,np.float64(598.3396388821975),np.float64(150.91),np.float64(90295.43490371242),np.float64(45.14771745185621),,
2022-04-04,AMAT,buy,np.float64(698.1666363001943),np.float64(127.17),np.float64(88785.85113829572),np.float64(44.39292556914786),np.float64(0.999000499750125),
2022-04-04,AMD,buy,np.float64(807.3642915185571),np.float64(109.97),np.float64(88785.85113829572),np.float64(44.39292556914786),np.float64(0.999000499750125),
2022-04-04,INTC,buy,np.float64(1843.177312399745),np.float64(48.17),np.float64(88785.85113829572),np.float64(44.39292556914786),np.float64(0.999000499750125),
2022-04-04,JPM,buy,np.float64(661.9881534319693),np.float64(134.12),np.float64(88785.85113829572),np.float64(44.39292556914786),np.float64(0.999000499750125),
2022-04-04,QCOM,buy,np.float64(600.960140370216),np.float64(147.74),np.float64(88785.85113829572),np.float64(44.39292556914786),np.float64(0.999000499750125),
2022-04-11,AMAT,sell,np.float64(698.1666363001943),np.float64(118.2),np.float64(82523.29641068297),np.float64(41.26164820534149),,
2022-04-11,AMD,sell,np.float64(807.3642915185571),np.float64(98.6),np.float64(79606.11914372972),np.float64(39.803059571864864),,
2022-04-11,INTC,sell,np.float64(1843.177312399745),np.float64(46.9),np.float64(86445.01595154803),np.float64(43.222507975774015),,
2022-04-11,JPM,sell,np.float64(661.9881534319693),np.float64(133.0),np.float64(88044.42440645192),np.float64(44.02221220322596),,
2022-04-11,AVGO,buy,np.float64(143.35116795296247),np.float64(582.58),np.float64(83513.52342603687),np.float64(41.756761713018435),np.float64(0.9990014806201274),
2022-04-11,CRM,buy,np.float64(430.01659763161973),np.float64(194.21),np.float64(83513.52342603687),np.float64(41.756761713018435),np.float64(0.9990014806201274),
2022-04-11,GOOGL,buy,np.float64(31.67626539503081),np.float64(2636.47),np.float64(83513.52342603687),np.float64(41.756761713018435),np.float64(0.9990014806201274),
2022-04-11,NVDA,buy,np.float64(375.9499569012194),np.float64(222.14),np.float64(83513.52342603687),np.float64(41.756761713018435),np.float64(0.9990014806201274),
2022-04-11,QCOM,buy,np.float64(21.520037697238912),np.float64(134.292),np.float64(2889.968902437608),np.float64(1.444984451218804),np.float64(0.9990014806201274),
2022-04-18,AVGO,sell,np.float64(143.35116795296247),np.float64(572.85),np.float64(82118.71656185456),np.float64(41.05935828092728),,
2022-04-18,CRM,sell,np.float64(430.01659763161973),np.float64(188.3),np.float64(80972.125334034),np.float64(40.486062667017),,
2022-04-18,QCOM,sell,np.float64(622.4801780674549),np.float64(135.62),np.float64(84420.76174950824),np.float64(42.21038087475412),,
2022-04-18,AMD,buy,np.float64(885.0662645587512),np.float64(92.03),np.float64(81452.64832734187),np.float64(40.72632416367094),np.float64(0.9990004997501251),
2022-04-18,CSCO,buy,np.float64(1600.8775221568762),np.float64(50.88),np.float64(81452.64832734187),np.float64(40.72632416367094),np.float64(0.9990004997501251),
2022-04-18,GOOGL,buy,np.float64(0.42336682256468644),np.float64(2540.0),np.float64(1075.3517293143036),np.float64(0.5376758646571518),np.float64(0.9990004997501251),
2022-04-18,MSFT,buy,np.float64(292.0391822714921),np.float64(278.91),np.float64(81452.64832734187),np.float64(40.72632416367094),np.float64(0.9990004997501251),
2022-04-18,NVDA,buy,np.float64(8.636410492294106),np.float64(212.0),np.float64(1830.9190243663504),np.float64(0.9154595121831752),np.float64(0.9990004997501251),
2022-04-25,AMD,sell,np.float64(885.0662645587512),np.float64(89.86),np.float64(79532.05453324938),np.float64(39.76602726662469),,
2022-04-25,CSCO,sell,np.float64(1600.8775221568762),np.float64(51.45),np.float64(82365.14851497128),np.float64(41.18257425748564),,
2022-04-25,MSFT,sell,np.float64(292.0391822714921),np.float64(273.29),np.float64(79811.38812297609),np.float64(39.90569406148804),,
2022-04-25,CRM,buy,np.float64(461.5793605435121),np.float64(169.69),np.float64(78325.40169062857),np.float64(39.16270084531428),np.float64(0.9990004997501246),
2022-04-25,GOOGL,buy,np.float64(0.8143758279652148),np.float64(2382.02),np.float64(1939.859509729701),np.float64(0.9699297548648504),np.float64(0.9990004997501246),
2022-04-25,META,buy,np.float64(428.64007930076383),np.float64(182.73),np.float64(78325.40169062857),np.float64(39.16270084531428),np.float64(0.9990004997501246),
2022-04-25,NFLX,buy,np.float64(366.3317978140806),np.float64(213.81),np.float64(78325.40169062857),np.float64(39.16270084531428),np.float64(0.9990004997501246),
2022-04-25,NVDA,buy,np.float64(23.700337424792906),np.float64(192.02),np.float64(4550.938792308734),np.float64(2.2754693961543673),np.float64(0.9990004997501246),
2022-05-02,CRM,sell,np.float64(461.5793605435121),np.float64(175.09),np.float64(80817.93023756353),np.float64(40.408965118781765),,
2022-05-02,GOOGL,sell,np.float64(32.91400804556071),np.float64(2268.1),np.float64(74652.26164813625),np.float64(37.32613082406812),,
2022-05-02,META,sell,np.float64(428.64007930076383),np.float64(201.165),np.float64(86227.38155253815),np.float64(43.113690776269074),,
2022-05-02,NVDA,sell,np.float64(408.2867048183064),np.float64(185.405),np.float64(75698.39650683811),np.float64(37.849198253419054),,
2022-05-02,AMZN,buy,np.float64(31.636833619085714),np.float64(2448.02),np.float64(77447.6014361942),np.float64(38.7238007180971),np.float64(0.9990004997501252),
2022-05-02,COST,buy,np.float64(145.5152874437634),np.float64(532.23),np.float64(77447.6014361942),np.float64(38.7238007180971),np.float64(0.9990004997501252),
2022-05-02,JPM,buy,np.float64(646.0427213563081),np.float64(119.88),np.float64(77447.6014361942),np.float64(38.7238007180971),np.float64(0.9990004997501252),
2022-05-02,NFLX,buy,np.float64(38.017457874027706),np.float64(191.71),np.float64(7288.3268490298515),np.float64(3.6441634245149257),np.float64(0.9990004997501252),
2022-05-02,TSLA,buy,np.float64(89.97479168209186),np.float64(860.77),np.float64(77447.6014361942),np.float64(38.7238007180971),np.float64(0.9990004997501252),
2022-05-09,JPM,sell,np.float64(646.0427213563081),np.float64(122.11),np.float64(78888.27670481878),np.float64(39.44413835240939),,
2022-05-09,NFLX,sell,np.float64(404.34925568810826),np.float64(177.655),np.float64(71834.66701927087),np.float64(35.917333509635434),,
2022-05-09,TSLA,sell,np.float64(89.97479168209186),np.float64(836.45),np.float64(75259.41450248574),np.float64(37.62970725124287),,
2022-05-09,AMZN,buy,np.float64(1.47602925813845),np.float64(2226.25),np.float64(3286.010135930724),np.float64(1.643005067965362),np.float64(0.9990004997501247),
2022-05-09,COST,buy,np.float64(3.0823112960056958),np.float64(496.1),np.float64(1529.1346339484257),np.float64(0.7645673169742129),np.float64(0.9990004997501247),
2022-05-09,CRM,buy,np.float64(441.74133084049384),np.float64(166.72),np.float64(73647.11467772714),np.float64(36.823557338863566),np.float64(0.9990004997501247),
2022-05-09,JNJ,buy,np.float64(419.76126918054797),np.float64(175.45),np.float64(73647.11467772714),np.float64(36.823557338863566),np.float64(0.9990004997501247),
2022-05-09,WMT,buy,np.float64(496.0403763570225),np.float64(148.47),np.float64(73647.11467772714),np.float64(36.823557338863566),np.float64(0.9990004997501247),
2022-05-16,AMZN,sell,np.float64(33.11286287722417),np.float64(2262.0),np.float64(74901.29582828107),np.float64(37.45064791414054),,
2022-05-16,COST,sell,np.float64(148.5975987397691),np.float64(496.14),np.float64(73725.21263874904),np.float64(36.86260631937452),,
2022-05-16,CRM,sell,np.float64(441.74133084049384),np.float64(164.74),np.float64(72772.46684266297),np.float64(36.38623342133148),,
2022-05-16,JNJ,sell,np.float64(419.76126918054797),np.float64(176.85),np.float64(74234.7804545799),np.float64(37.11739022728995),,
2022-05-16,WMT,sell,np.float64(496.0403763570225),np.float64(149.38),np.float64(74098.51142021202),np.float64(37.04925571010601),,
2022-05-16,AAPL,buy,np.float64(507.5406660131188),np.float64(145.55),np.float64(73872.54393820945),np.float64(36.93627196910472),np.float64(0.999000499750125),
2022-05-16,JPM,buy,np.float64(623.1866369007039),np.float64(118.54),np.float64(73872.54393820945),np.float64(36.93627196910472),np.float64(0.999000499750125),
2022-05-16,MSFT,buy,np.float64(284.1743530157506),np.float64(259.955),np.float64(73872.54393820945),np.float64(36.93627196910472),np.float64(0.999000499750125),
2022-05-16,NVDA,buy,np.float64(421.91183927242815),np.float64(175.09),np.float64(73872.54393820945),np.float64(36.93627196910472),np.float64(0.999000499750125),
2022-05-16,TSLA,buy,np.float64(96.29352930054937),np.float64(767.16),np.float64(73872.54393820945),np.float64(36.93627196910472),np.float64(0.999000499750125),
2022-05-23,AAPL,sell,np.float64(507.5406660131188),np.float64(137.79),np.float64(69934.02836994764),np.float64(34.96701418497382),,
2022-05-23,JPM,sell,np.float64(623.1866369007039),np.float64(120.46),np.float64(75069.06228105878),np.float64(37.53453114052939),,
2022-05-23,MSFT,sell,np.float64(284.1743530157506),np.float64(255.49),np.float64(72603.70545199413),np.float64(36.301852725997065),,
2022-05-23,NVDA,sell,np.float64(421.91183927242815),np.float64(162.74),np.float64(68661.93272319496),np.float64(34.33096636159748),,
2022-05-23,COST,buy,np.float64(166.2713654731321),np.float64(420.0),np.float64(69833.97349871548),np.float64(34.91698674935774),np.float64(0.9990008071391524),
2022-05-23,CSCO,buy,np.float64(1611.305341456287),np.float64(43.34),np.float64(69833.97349871548),np.float64(34.91698674935774),np.float64(0.9990008071391524),
2022-05-23,KO,buy,np.float64(1132.748961860754),np.float64(61.65),np.float64(69833.97349871548),np.float64(34.91698674935774),np.float64(0.9990008071391524),
2022-05-23,TSLA,buy,np.float64(10.416184565640426),np.float64(655.02),np.float64(6822.809214185792),np.float64(3.411404607092896),np.float64(0.9990008071391524),
2022-05-23,WMT,buy,np.float64(582.3380044922906),np.float64(119.92),np.float64(69833.97349871548),np.float64(34.91698674935774),np.float64(0.9990008071391524),
2022-05-31,COST,sell,np.float64(166.2713654731321),np.float64(470.76),np.float64(78273.90801013166),np.float64(39.13695400506583),,
2022-05-31,CSCO,sell,np.float64(1611.305341456287),np.float64(45.27),np.float64(72943.79280772612),np.float64(36.471896403863056),,
2022-05-31,KO,sell,np.float64(1132.748961860754),np.float64(64.08),np.float64(72586.55347603711),np.float64(36.293276738018555),,
2022-05-31,TSLA,sell,np.float64(106.70971386618979),np.float64(773.56),np.float64(82546.36625832977),np.float64(41.273183129164885),,
2022-05-31,WMT,sell,np.float64(582.3380044922906),np.float64(127.46),np.float64(74224.80205258736),np.float64(37.11240102629368),,
2022-05-31,CRM,buy,np.float64(455.43248367851254),np.float64(166.96),np.float64(76039.00747496446),np.float64(38.01950373748223),np.float64(0.9990004997501248),
2022-05-31,GOOGL,buy,np.float64(33.72122747711213),np.float64(2254.93),np.float64(76039.00747496446),np.float64(38.01950373748223),np.float64(0.9990004997501248),
2022-05-31,JNJ,buy,np.float64(427.1854352526093),np.float64(178.0),np.float64(76039.00747496446),np.float64(38.01950373748223),np.float64(0.9990004997501248),
2022-05-31,META,buy,np.float64(390.1737305332091),np.float64(194.885),np.float64(76039.00747496446),np.float64(38.01950373748223),np.float64(0.9990004997501248),
2022-05-31,PEP,buy,np.float64(444.7245729030557),np.float64(170.98),np.float64(76039.00747496446),np.float64(38.01950373748223),np.float64(0.9990004997501248),
2022-06-06,CRM,sell,np.float64(455.43248367851254),np.float64(188.93),np.float64(86044.85914138137),np.float64(43.02242957069068),,
2022-06-06,GOOGL,sell,np.float64(33.72122747711213),np.float64(2334.09),np.float64(78708.37984205266),np.float64(39.35418992102633),,
2022-06-06,META,sell,np.float64(390.1737305332091),np.float64(193.99),np.float64(75689.80198613723),np.float64(37.84490099306861),,
2022-06-06,JNJ,buy,np.float64(13.72952373909671),np.float64(177.21),np.float64(2433.008901805328),np.float64(1.2165044509026641),np.float64(0.999001560485087),
2022-06-06,KO,buy,np.float64(1232.574711559281),np.float64(63.33),np.float64(78058.95648304926),np.float64(39.02947824152463),np.float64(0.999001560485087),
2022-06-06,ORCL,buy,np.float64(1074.7481272621405),np.float64(72.63),np.float64(78058.95648304926),np.float64(39.02947824152463),np.float64(0.999001560485087),
2022-06-06,PEP,buy,np.float64(24.654676253105052),np.float64(166.46),np.float64(4104.017409091867),np.float64(2.0520087045459334),np.float64(0.999001560485087),
2022-06-06,WMT,buy,np.float64(620.4018159517507),np.float64(125.82),np.float64(78058.95648304926),np.float64(39.02947824152463),np.float64(0.999001560485087),
2022-06-13,JNJ,sell,np.float64(440.914958991706),np.float64(170.08),np.float64(74990.81622530936),np.float64(37.49540811265468),,
2022-06-13,KO,sell,np.float64(1232.574711559281),np.float64(60.75),np.float64(74878.91372722632),np.float64(37.43945686361316),,
2022-06-13,ORCL,sell,np.float64(1074.7481272621405),np.float64(65.78),np.float64(70696.93181130361),np.float64(35.34846590565181),,
2022-06-13,PEP,sell,np.float64(469.3792491561607),np.float64(160.53),np.float64(75349.45086703848),np.float64(37.67472543351924),,
2022-06-13,WMT,sell,np.float64(620.4018159517507),np.float64(119.74),np.float64(74286.91344206262),np.float64(37.14345672103131),,
2022-06-13,AMAT,buy,np.float64(752.7641116545409),np.float64(98.26),np.float64(73966.6016111752),np.float64(36.9833008055876),np.float64(0.9990004997501248),
2022-06-13,AMZN,buy,np.float64(709.9203533081409),np.float64(104.19),np.float64(73966.6016111752),np.float64(36.9833008055876),np.float64(0.9990004997501248),
2022-06-13,INTC,buy,np.float64(1918.7185891355434),np.float64(38.55),np.float64(73966.6016111752),np.float64(36.9833008055876),np.float64(0.9990004997501248),
2022-06-13,JPM,buy,np.float64(632.950552893849),np.float64(116.86),np.float64(73966.6016111752),np.float64(36.9833008055876),np.float64(0.9990004997501248),
2022-06-13,MU,buy,np.float64(1232.365904884625),np.float64(60.02),np.float64(73966.6016111752),np.float64(36.9833008055876),np.float64(0.9990004997501248),
2022-06-21,AMZN,sell,np.float64(709.9203533081409),np.float64(108.2),np.float64(76813.38222794085),np.float64(38.406691113970425),,
2022-06-21,INTC,sell,np.float64(1918.7185891355434),np.float64(37.36),np.float64(71683.32649010391),np.float64(35.841663245051954),,
2022-06-21,JPM,sell,np.float64(632.950552893849),np.float64(115.865),np.float64(73336.81581104582),np.float64(36.66840790552291),,
2022-06-21,AMAT,buy,np.float64(34.287434257996026),np.float64(91.7),np.float64(3144.1577214582358),np.float64(1.5720788607291178),np.float64(0.999000499750125),
2022-06-21,AMD,buy,np.float64(856.6428987540329),np.float64(84.17),np.float64(72103.63278812695),np.float64(36.05181639406348),np.float64(0.999000499750125),
2022-06-21,MU,buy,np.float64(37.96085153663702),np.float64(56.815),np.float64(2156.7457800540324),np.float64(1.0783728900270162),np.float64(0.999000499750125),
2022-06-21,QCOM,buy,np.float64(582.5614671416898),np.float64(123.77),np.float64(72103.63278812695),np.float64(36.05181639406348),np.float64(0.999000499750125),
2022-06-21,XOM,buy,np.float64(813.9944997530702),np.float64(88.58),np.float64(72103.63278812695),np.float64(36.05181639406348),np.float64(0.999000499750125),
2022-06-27,AMAT,sell,np.float64(787.0515459125369),np.float64(97.97),np.float64(77107.43995305123),np.float64(38.55371997652561),,
2022-06-27,AMD,sell,np.float64(856.6428987540329),np.float64(87.355),np.float64(74832.04042065855),np.float64(37.41602021032928),,
2022-06-27,MU,sell,np.float64(1270.326756421262),np.float64(59.575),np.float64(75679.71651379668),np.float64(37.83985825689834),,
2022-06-27,QCOM,sell,np.float64(582.5614671416898),np.float64(126.2),np.float64(73519.25715328126),np.float64(36.75962857664063),,
2022-06-27,CSCO,buy,np.float64(1680.9342152521513),np.float64(44.29),np.float64(74448.57639351778),np.float64(37.22428819675889),np.float64(0.9990004997501248),
2022-06-27,JPM,buy,np.float64(630.5994951170403),np.float64(118.06),np.float64(74448.57639351778),np.float64(37.22428819675889),np.float64(0.9990004997501248),
2022-06-27,ORCL,buy,np.float64(1073.2099811664664),np.float64(69.37),np.float64(74448.57639351778),np.float64(37.22428819675889),np.float64(0.9990004997501248),
2022-06-27,WMT,buy,np.float64(601.4588495194521),np.float64(123.78),np.float64(74448.57639351778),np.float64(37.22428819675889),np.float64(0.9990004997501248),
2022-06-27,XOM,buy,np.float64(34.65619526996691),np.float64(87.81),np.float64(3043.1605066557945),np.float64(1.5215802533278973),np.float64(0.9990004997501248),
2022-07-05,CSCO,sell,np.float64(1680.9342152521513),np.float64(41.52),np.float64(69792.38861726933),np.float64(34.89619430863467),,
2022-07-05,JPM,sell,np.float64(630.5994951170403),np.float64(110.77),np.float64(69851.50607411456),np.float64(34.92575303705728),,
2022-07-05,ORCL,sell,np.float64(1073.2099811664664),np.float64(70.38),np.float64(75532.5184744959),np.float64(37.76625923724795),,
2022-07-05,WMT,sell,np.float64(601.4588495194521),np.float64(122.21),np.float64(73504.28599977224),np.float64(36.75214299988612),,
2022-07-05,XOM,sell,np.float64(848.6506950230371),np.float64(86.34),np.float64(73272.50100828902),np.float64(36.63625050414451),,
2022-07-05,AMAT,buy,np.float64(871.8408169071806),np.float64(83.24),np.float64(72572.02959935371),np.float64(36.286014799676856),np.float64(0.9990022462277603),
2022-07-05,AMD,buy,np.float64(1008.2249180238082),np.float64(71.98),np.float64(72572.02959935371),np.float64(36.286014799676856),np.float64(0.9990022462277603),
2022-07-05,CRM,buy,np.float64(436.91769776853533),np.float64(166.1),np.float64(72572.02959935371),np.float64(36.286014799676856),np.float64(0.9990022462277603),
2022-07-05,GOOGL,buy,np.float64(33.88034117457608),np.float64(2142.01),np.float64(72572.02959935371),np.float64(36.286014799676856),np.float64(0.9990022462277603),
2022-07-05,NVDA,buy,np.float64(511.97199011889745),np.float64(141.75),np.float64(72572.02959935371),np.float64(36.286014799676856),np.float64(0.9990022462277603),
2022-07-11,AMD,sell,np.float64(1008.2249180238082),np.float64(77.845),np.float64(78485.26874356334),np.float64(39.24263437178167),,
2022-07-11,CRM,sell,np.float64(436.91769776853533),np.float64(174.0),np.float64(76023.67941172514),np.float64(38.01183970586257),,
2022-07-11,GOOGL,sell,np.float64(33.88034117457608),np.float64(2359.96),np.float64(79956.24995835256),np.float64(39.978124979176286),,
2022-07-11,NVDA,sell,np.float64(511.97199011889745),np.float64(155.26),np.float64(79488.77118586001),np.float64(39.74438559293001),,
2022-07-11,AMAT,buy,np.float64(4.096363814309888),np.float64(89.5),np.float64(366.624561380735),np.float64(0.18331228069036748),np.float64(0.9990004997501246),
2022-07-11,INTC,buy,np.float64(2079.6172840371496),np.float64(37.66),np.float64(78318.38691683905),np.float64(39.15919345841953),np.float64(0.9990004997501246),
2022-07-11,JNJ,buy,np.float64(440.7337474217167),np.float64(177.7),np.float64(78318.38691683905),np.float64(39.15919345841953),np.float64(0.9990004997501246),
2022-07-11,KO,buy,np.float64(1243.3463552443095),np.float64(62.99),np.float64(78318.38691683905),np.float64(39.15919345841953),np.float64(0.9990004997501246),
2022-07-11,XOM,buy,np.float64(919.5536798971357),np.float64(85.17),np.float64(78318.38691683905),np.float64(39.15919345841953),np.float64(0.9990004997501246),
2022-07-18,AMAT,sell,np.float64(875.9371807214906),np.float64(95.76),np.float64(83879.74442588993),np.float64(41.93987221294497),,
2022-07-18,INTC,sell,np.float64(2079.6172840371496),np.float64(39.1),np.float64(81313.03580585255),np.float64(40.656517902926275),,
2022-07-18,JNJ,sell,np.float64(440.7337474217167),np.float64(177.74),np.float64(78336.01626673594),np.float64(39.16800813336797),,
2022-07-18,KO,sell,np.float64(1243.3463552443095),np.float64(62.52),np.float64(77734.01412987424),np.float64(38.86700706493712),,
2022-07-18,XOM,sell,np.float64(919.5536798971357),np.float64(86.58),np.float64(79614.95760549401),np.float64(39.807478802747006),,
2022-07-18,ADBE,buy,np.float64(208.67419993451665),np.float64(383.83),np.float64(80095.41816086552),np.float64(40.04770908043276),np.float64(0.9990004997501248),
2022-07-18,CRM,buy,np.float64(473.71314265948376),np.float64(169.08),np.float64(80095.41816086552),np.float64(40.04770908043276),np.float64(0.9990004997501248),
2022-07-18,GOOGL,buy,np.float64(711.0743799792749),np.float64(112.64),np.float64(80095.41816086552),np.float64(40.04770908043276),np.float64(0.9990004997501248),
2022-07-18,MSFT,buy,np.float64(308.35579657696064),np.float64(259.75),np.float64(80095.41816086552),np.float64(40.04770908043276),np.float64(0.9990004997501248),
2022-07-18,TSLA,buy,np.float64(109.00153530962497),np.float64(734.81),np.float64(80095.41816086552),np.float64(40.04770908043276),np.float64(0.9990004997501248),
2022-07-25,ADBE,sell,np.float64(208.67419993451665),np.float64(400.11),np.float64(83492.63413579945),np.float64(41.746317067899724),,
2022-07-25,CRM,sell,np.float64(473.71314265948376),np.float64(181.83),np.float64(86135.26072977395),np.float64(43.06763036488697),,
2022-07-25,MSFT,sell,np.float64(308.35579657696064),np.float64(260.995),np.float64(80479.32112760385),np.float64(40.23966056380193),,
2022-07-25,TSLA,sell,np.float64(109.00153530962497),np.float64(816.65),np.float64(89016.10381060523),np.float64(44.508051905302615),,
2022-07-25,GOOGL,buy,np.float64(56.714819708004086),np.float64(108.41),np.float64(6148.453604544723),np.float64(3.074226802272362),np.float64(0.999000499750125),
2022-07-25,JNJ,buy,np.float64(483.1453525975416),np.float64(172.12),np.float64(83158.97808908887),np.float64(41.57948904454443),np.float64(0.999000499750125),
2022-07-25,KO,buy,np.float64(1351.0800664352375),np.float64(61.55),np.float64(83158.97808908887),np.float64(41.57948904454443),np.float64(0.999000499750125),
2022-07-25,MU,buy,np.float64(1355.4845654293213),np.float64(61.35),np.float64(83158.97808908887),np.float64(41.57948904454443),np.float64(0.999000499750125),
2022-07-25,PEP,buy,np.float64(488.28006628553146),np.float64(170.31),np.float64(83158.97808908887),np.float64(41.57948904454443),np.float64(0.999000499750125),
2022-08-01,GOOGL,sell,np.float64(767.789199687279),np.float64(115.3),np.float64(88526.09472394327),np.float64(44.26304736197164),,
2022-08-01,KO,sell,np.float64(1351.0800664352375),np.float64(64.09),np.float64(86590.72145783438),np.float64(43.295360728917196),,
2022-08-01,MU,sell,np.float64(1355.4845654293213),np.float64(62.5),np.float64(84717.78533933258),np.float64(42.35889266966629),,
2022-08-01,PEP,sell,np.float64(488.28006628553146),np.float64(174.55),np.float64(85229.28557013952),np.float64(42.61464278506976),,
2022-08-01,INTC,buy,np.float64(2378.831147514104),np.float64(36.05),np.float64(85756.86286788345),np.float64(42.87843143394173),np.float64(0.9990004997501248),
2022-08-01,JNJ,buy,np.float64(9.712029501896902),np.float64(174.17),np.float64(1691.5441783453834),np.float64(0.8457720891726918),np.float64(0.9990004997501248),
2022-08-01,META,buy,np.float64(545.3536589372557),np.float64(157.25),np.float64(85756.86286788345),np.float64(42.87843143394173),np.float64(0.9990004997501248),
2022-08-01,QCOM,buy,np.float64(594.2544720939883),np.float64(144.31),np.float64(85756.86286788345),np.float64(42.87843143394173),np.float64(0.9990004997501248),
2022-08-01,WMT,buy,np.float64(654.3328465426786),np.float64(131.06),np.float64(85756.86286788345),np.float64(42.87843143394173),np.float64(0.9990004997501248),
2022-08-08,META,sell,np.float64(545.3536589372557),np.float64(168.0),np.float64(91619.41470145895),np.float64(45.809707350729475),,
2022-08-08,QCOM,sell,np.float64(594.2544720939883),np.float64(149.81),np.float64(89025.26246440038),np.float64(44.51263123220019),,
2022-08-08,INTC,buy,np.float64(69.77649600097256),np.float64(35.36),np.float64(2467.2968985943894),np.float64(1.2336484492971946),np.float64(0.9990028903218351),
2022-08-08,JNJ,buy,np.float64(12.589648700211374),np.float64(171.3),np.float64(2156.6068223462084),np.float64(1.0783034111731042),np.float64(0.9990028903218351),
2022-08-08,KO,buy,np.float64(1362.187305922753),np.float64(63.5),np.float64(86498.89392609481),np.float64(43.249446963047404),np.float64(0.9990028903218351),
2022-08-08,WMT,buy,np.float64(29.295464997089084),np.float64(126.65),np.float64(3710.2706418813327),np.float64(1.8551353209406665),np.float64(0.9990028903218351),
2022-08-08,XOM,buy,np.float64(976.1753066933169),np.float64(88.61),np.float64(86498.89392609481),np.float64(43.249446963047404),np.float64(0.9990028903218351),
2022-08-15,INTC,sell,np.float64(2448.6076435150767),np.float64(36.1),np.float64(88394.73593089427),np.float64(44.197367965447135),,
2022-08-15,WMT,sell,np.float64(683.6283115397677),np.float64(131.63),np.float64(89985.99464797962),np.float64(44.99299732398981),,
2022-08-15,XOM,sell,np.float64(976.1753066933169),np.float64(90.53),np.float64(88373.15051494598),np.float64(44.186575257472995),,
2022-08-15,AMD,buy,np.float64(871.9012980315138),np.float64(100.505),np.float64(87630.43995865728),np.float64(43.815219979328646),np.float64(0.9990028155434062),
2022-08-15,COST,buy,np.float64(163.3677105866094),np.float64(536.4),np.float64(87630.43995865728),np.float64(43.815219979328646),np.float64(0.9990028155434062),
2022-08-15,JNJ,buy,np.float64(22.951209741512336),np.float64(166.0),np.float64(3809.900817091048),np.float64(1.904950408545524),np.float64(0.9990028155434062),
2022-08-15,KO,buy,np.float64(16.142132802484635),np.float64(63.64),np.float64(1027.2853315501222),np.float64(0.5136426657750611),np.float64(0.9990028155434062),
2022-08-15,NVDA,buy,np.float64(468.58692026446334),np.float64(187.01),np.float64(87630.43995865728),np.float64(43.815219979328646),np.float64(0.9990028155434062),
2022-08-22,COST,sell,np.float64(163.3677105866094),np.float64(553.0),np.float64(90342.34395439501),np.float64(45.1711719771975),,
2022-08-22,JNJ,sell,np.float64(528.3982405411622),np.float64(168.9),np.float64(89246.4628274023),np.float64(44.62323141370115),,
2022-08-22,KO,sell,np.float64(1378.3294387252377),np.float64(64.84),np.float64(89370.88080694442),np.float64(44.685440403472214),,
2022-08-22,NVDA,sell,np.float64(468.58692026446334),np.float64(174.9),np.float64(81955.85235425465),np.float64(40.97792617712732),,
2022-08-22,ADBE,buy,np.float64(206.66501869007175),np.float64(419.41),np.float64(86677.375488803),np.float64(43.3386877444015),np.float64(0.9990013486408407),
2022-08-22,AMAT,buy,np.float64(843.2061431859818),np.float64(102.795),np.float64(86677.375488803),np.float64(43.3386877444015),np.float64(0.9990013486408407),
2022-08-22,AMD,buy,np.float64(47.161964342476985),np.float64(94.4),np.float64(4452.0894339298275),np.float64(2.2260447169649136),np.float64(0.9990013486408407),
2022-08-22,META,buy,np.float64(523.762012742782),np.float64(165.49),np.float64(86677.375488803),np.float64(43.3386877444015),np.float64(0.9990013486408407),
2022-08-22,MU,buy,np.float64(1455.246222235704),np.float64(59.562),np.float64(86677.375488803),np.float64(43.3386877444015),np.float64(0.9990013486408407),
2022-08-29,AMAT,sell,np.float64(843.2061431859818),np.float64(97.55),np.float64(82254.75926779251),np.float64(41.127379633896254),,
2022-08-29,AMD,sell,np.float64(919.0632623739907),np.float64(90.05),np.float64(82761.64677677787),np.float64(41.38082338838893),,
2022-08-29,META,sell,np.float64(523.762012742782),np.float64(160.655),np.float64(84144.98615719164),np.float64(42.07249307859582),,
2022-08-29,MU,sell,np.float64(1455.246222235704),np.float64(57.31),np.float64(83400.1609963282),np.float64(41.7000804981641),,
2022-08-29,ADBE,buy,np.float64(9.764528832383972),np.float64(380.09),np.float64(3711.399763900824),np.float64(1.855699881950412),np.float64(0.9990008289819253),
2022-08-29,CRM,buy,np.float64(500.26917779687096),np.float64(164.28),np.float64(82184.22052846996),np.float64(41.09211026423498),np.float64(0.9990008289819253),
2022-08-29,MSFT,buy,np.float64(309.1375607615947),np.float64(265.85),np.float64(82184.22052846996),np.float64(41.09211026423498),np.float64(0.9990008289819253),
2022-08-29,NFLX,buy,np.float64(370.31595786270424),np.float64(221.93),np.float64(82184.22052846996),np.float64(41.09211026423498),np.float64(0.9990008289819253),
2022-08-29,NVDA,buy,np.float64(513.0101156583643),np.float64(160.2),np.float64(82184.22052846996),np.float64(41.09211026423498),np.float64(0.9990008289819253),
2022-09-06,ADBE,sell,np.float64(216.42954752245572),np.float64(367.23),np.float64(79479.42273667142),np.float64(39.73971136833571),,
2022-09-06,MSFT,sell,np.float64(309.1375607615947),np.float64(256.2),np.float64(79201.04306712057),np.float64(39.60052153356028),,
2022-09-06,NFLX,sell,np.float64(370.31595786270424),np.float64(225.59),np.float64(83539.57693424745),np.float64(41.769788467123725),,
2022-09-06,AMAT,buy,np.float64(853.2784580358302),np.float64(91.12),np.float64(77750.73309622485),np.float64(38.875366548112424),np.float64(0.9990004997501252),
2022-09-06,AMD,buy,np.float64(966.9286543492707),np.float64(80.41),np.float64(77750.73309622485),np.float64(38.875366548112424),np.float64(0.9990004997501252),
2022-09-06,CRM,buy,np.float64(8.804448751148374),np.float64(152.88),np.float64(1346.0241250755635),np.float64(0.6730120625377818),np.float64(0.9990004997501252),
2022-09-06,INTC,buy,np.float64(2476.926826894707),np.float64(31.39),np.float64(77750.73309622485),np.float64(38.875366548112424),np.float64(0.9990004997501252),
2022-09-06,NVDA,buy,np.float64(53.744959078347875),np.float64(137.31),np.float64(7379.720331047947),np.float64(3.6898601655239736),np.float64(0.9990004997501252),
2022-09-12,AMAT,sell,np.float64(853.2784580358302),np.float64(96.895),np.float64(82678.41619138177),np.float64(41.339208095690886),,
2022-09-12,AMD,sell,np.float64(966.9286543492707),np.float64(84.89),np.float64(82082.57346770959),np.float64(41.0412867338548),,
2022-09-12,CRM,sell,np.float64(509.0736265480193),np.float64(163.69),np.float64(83330.26192964528),np.float64(41.66513096482264),,
2022-09-12,NVDA,sell,np.float64(566.7550747367121),np.float64(143.69),np.float64(81437.03668891816),np.float64(40.71851834445908),,
2022-09-12,AAPL,buy,np.float64(510.99479053663015),np.float64(159.59),np.float64(81549.6586217408),np.float64(40.7748293108704),np.float64(0.9990005341285314),
2022-09-12,INTC,buy,np.float64(95.25599677863018),np.float64(31.735),np.float64(3022.9490577698284),np.float64(1.5114745288849143),np.float64(0.9990005341285314),
2022-09-12,JNJ,buy,np.float64(490.9376835936476),np.float64(166.11),np.float64(81549.6586217408),np.float64(40.7748293108704),np.float64(0.9990005341285314),
2022-09-12,KO,buy,np.float64(1306.2575463998207),np.float64(62.43),np.float64(81549.6586217408),np.float64(40.7748293108704),np.float64(0.9990005341285314),
2022-09-12,PEP,buy,np.float64(470.7866217627341),np.float64(173.22),np.float64(81549.6586217408),np.float64(40.7748293108704),np.float64(0.9990005341285314),
2022-09-19,AAPL,sell,np.float64(510.99479053663015),np.float64(149.31),np.float64(76296.63217502425),np.float64(38.14831608751213),,
2022-09-19,INTC,sell,np.float64(2572.182823673337),np.float64(29.02),np.float64(74644.74554300024),np.float64(37.32237277150012),,
2022-09-19,JNJ,sell,np.float64(490.9376835936476),np.float64(166.3),np.float64(81642.9367816236),np.float64(40.8214683908118),,
2022-09-19,KO,sell,np.float64(1306.2575463998207),np.float64(59.39),np.float64(77578.63568068536),np.float64(38.78931784034268),,
2022-09-19,PEP,sell,np.float64(470.7866217627341),np.float64(167.06),np.float64(78649.61303168237),np.float64(39.32480651584118),,
2022-09-19,ADBE,buy,np.float64(263.8350590377802),np.float64(294.88),np.float64(77799.68220906061),np.float64(38.89984110453031),np.float64(0.9990012374039503),
2022-09-19,AMD,buy,np.float64(1031.9628890975011),np.float64(75.39),np.float64(77799.68220906061),np.float64(38.89984110453031),np.float64(0.9990012374039503),
2022-09-19,META,buy,np.float64(535.6813592388929),np.float64(145.235),np.float64(77799.68220906061),np.float64(38.89984110453031),np.float64(0.9990012374039503),
2022-09-19,MU,buy,np.float64(1497.0113952099407),np.float64(51.97),np.float64(77799.68220906061),np.float64(38.89984110453031),np.float64(0.9990012374039503),
2022-09-19,ORCL,buy,np.float64(1140.757803651915),np.float64(68.2),np.float64(77799.68220906061),np.float64(38.89984110453031),np.float64(0.9990012374039503),
2022-09-26,ADBE,sell,np.float64(263.8350590377802),np.float64(286.03),np.float64(75464.74193657626),np.float64(37.73237096828813),,
2022-09-26,META,sell,np.float64(535.6813592388929),np.float64(140.12),np.float64(75059.67205655368),np.float64(37.52983602827684),,
2022-09-26,MU,sell,np.float64(1497.0113952099407),np.float64(49.925),np.float64(74738.29390585629),np.float64(37.36914695292815),,
2022-09-26,ORCL,sell,np.float64(1140.757803651915),np.float64(64.33),np.float64(73384.94950892769),np.float64(36.692474754463845),,
2022-09-26,AMD,buy,np.float64(54.43315498457176),np.float64(67.87),np.float64(3694.3782288028856),np.float64(1.8471891144014427),np.float64(0.9990004997501252),
2022-09-26,COST,buy,np.float64(158.12071005372061),np.float64(465.87),np.float64(73663.69519272682),np.float64(36.83184759636341),np.float64(0.9990004997501252),
2022-09-26,JPM,buy,np.float64(682.0712517845076),np.float64(108.0),np.float64(73663.69519272682),np.float64(36.83184759636341),np.float64(0.9990004997501252),
2022-09-26,TSLA,buy,np.float64(270.9917786584513),np.float64(271.83),np.float64(73663.69519272682),np.float64(36.83184759636341),np.float64(0.9990004997501252),
2022-09-26,XOM,buy,np.float64(867.6524757682782),np.float64(84.9),np.float64(73663.69519272682),np.float64(36.83184759636341),np.float64(0.9990004997501252),
2022-10-03,AMD,sell,np.float64(1086.3960440820729),np.float64(64.46),np.float64(70029.08900153042),np.float64(35.01454450076521),,
2022-10-03,COST,sell,np.float64(158.12071005372061),np.float64(474.5),np.float64(75028.27692049043),np.float64(37.51413846024522),,
2022-10-03,JPM,sell,np.float64(682.0712517845076),np.float64(105.62),np.float64(72040.36561347969),np.float64(36.02018280673985),,
2022-10-03,TSLA,sell,np.float64(270.9917786584513),np.float64(254.5),np.float64(68967.40766857586),np.float64(34.48370383428793),,
2022-10-03,XOM,sell,np.float64(867.6524757682782),np.float64(90.04),np.float64(78123.42891817578),np.float64(39.06171445908789),,
2022-10-03,AAPL,buy,np.float64(526.4808068264415),np.float64(138.21),np.float64(72764.91231148248),np.float64(36.38245615574124),np.float64(0.9990004997501247),
2022-10-03,INTC,buy,np.float64(2763.5743376939795),np.float64(26.33),np.float64(72764.91231148248),np.float64(36.38245615574124),np.float64(0.9990004997501247),
2022-10-03,KO,buy,np.float64(1291.0736747956437),np.float64(56.36),np.float64(72764.91231148248),np.float64(36.38245615574124),np.float64(0.9990004997501247),
2022-10-03,ORCL,buy,np.float64(1193.062999040539),np.float64(60.99),np.float64(72764.91231148248),np.float64(36.38245615574124),np.float64(0.9990004997501247),
2022-10-03,QCOM,buy,np.float64(632.7933934384075),np.float64(114.99),np.float64(72764.91231148248),np.float64(36.38245615574124),np.float64(0.9990004997501247),
2022-10-10,AAPL,sell,np.float64(526.4808068264415),np.float64(140.42),np.float64(73928.43489456891),np.float64(36.964217447284454),,
2022-10-10,INTC,sell,np.float64(2763.5743376939795),np.float64(25.94),np.float64(71687.11831978183),np.float64(35.843559159890916),,
2022-10-10,ORCL,sell,np.float64(1193.062999040539),np.float64(63.61),np.float64(75890.73736896868),np.float64(37.94536868448434),,
2022-10-10,QCOM,sell,np.float64(632.7933934384075),np.float64(120.59),np.float64(76308.55531473756),np.float64(38.15427765736878),,
2022-10-10,AMD,buy,np.float64(1284.0319146224415),np.float64(57.31),np.float64(73587.86902701213),np.float64(36.793934513506066),np.float64(0.9990004997501248),
2022-10-10,JNJ,buy,np.float64(458.1203326091772),np.float64(160.63),np.float64(73587.86902701213),np.float64(36.793934513506066),np.float64(0.9990004997501248),
2022-10-10,KO,buy,np.float64(57.9799226578179),np.float64(54.6),np.float64(3165.7037771168575),np.float64(1.5828518885584288),np.float64(0.9990004997501248),
2022-10-10,PEP,buy,np.float64(454.2741467190081),np.float64(161.99),np.float64(73587.86902701213),np.float64(36.793934513506066),np.float64(0.9990004997501248),
2022-10-10,TSLA,buy,np.float64(328.61996618145014),np.float64(223.93),np.float64(73587.86902701213),np.float64(36.793934513506066),np.float64(0.9990004997501248),
2022-10-17,AMD,sell,np.float64(1284.0319146224415),np.float64(57.35),np.float64(73639.23030359703),np.float64(36.819615151798516),,
2022-10-17,JNJ,sell,np.float64(458.1203326091772),np.float64(165.4),np.float64(75773.1030135579),np.float64(37.88655150677895),,
2022-10-17,KO,sell,np.float64(1349.0535974534616),np.float64(55.63),np.float64(75047.85162633608),np.float64(37.52392581316804),,
2022-10-17,PEP,sell,np.float64(454.2741467190081),np.float64(172.27),np.float64(78257.80725528354),np.float64(39.12890362764177),,
2022-10-17,AMAT,buy,np.float64(961.9732530589481),np.float64(77.21),np.float64(74273.95486868138),np.float64(37.13697743434069),np.float64(0.9990004997501252),
2022-10-17,AMZN,buy,np.float64(674.543228305162),np.float64(110.11),np.float64(74273.95486868138),np.float64(37.13697743434069),np.float64(0.9990004997501252),
2022-10-17,AVGO,buy,np.float64(168.97726053618786),np.float64(439.55),np.float64(74273.95486868138),np.float64(37.13697743434069),np.float64(0.9990004997501252),
2022-10-17,QCOM,buy,np.float64(651.9834521478351),np.float64(113.92),np.float64(74273.95486868138),np.float64(37.13697743434069),np.float64(0.9990004997501252),
2022-10-17,TSLA,buy,np.float64(25.326633094671),np.float64(210.04),np.float64(5319.606015204697),np.float64(2.6598030076023482),np.float64(0.9990004997501252),
2022-10-24,AMAT,sell,np.float64(961.9732530589481),np.float64(82.83),np.float64(79680.24455087267),np.float64(39.840122275436336),,
2022-10-24,AMZN,sell,np.float64(674.543228305162),np.float64(119.98),np.float64(80931.69653205333),np.float64(40.46584826602667),,
2022-10-24,AVGO,sell,np.float64(168.97726053618786),np.float64(452.73),np.float64(76501.07516254832),np.float64(38.250537581274166),,
2022-10-24,QCOM,sell,np.float64(651.9834521478351),np.float64(116.34),np.float64(75851.75482287914),np.float64(37.92587741143957),,
2022-10-24,TSLA,sell,np.float64(353.94659927612116),np.float64(205.82),np.float64(72849.28906301125),np.float64(36.42464453150563),,
2022-10-24,JNJ,buy,np.float64(453.95258098092944),np.float64(169.81),np.float64(77085.68777637163),np.float64(38.542843888185814),np.float64(0.999000499750125),
2022-10-24,KO,buy,np.float64(1360.9761259952618),np.float64(56.64),np.float64(77085.68777637163),np.float64(38.542843888185814),np.float64(0.999000499750125),
2022-10-24,META,buy,np.float64(605.7814363565551),np.float64(127.25),np.float64(77085.68777637163),np.float64(38.542843888185814),np.float64(0.999000499750125),
2022-10-24,PEP,buy,np.float64(440.9684101388458),np.float64(174.81),np.float64(77085.68777637163),np.float64(38.542843888185814),np.float64(0.999000499750125),
2022-10-24,WMT,buy,np.float64(560.8271209630531),np.float64(137.45),np.float64(77085.68777637163),np.float64(38.542843888185814),np.float64(0.999000499750125),
2022-10-31,JNJ,sell,np.float64(453.95258098092944),np.float64(174.52),np.float64(79223.8044327918),np.float64(39.611902216395904),,
2022-10-31,KO,sell,np.float64(1360.9761259952618),np.float64(60.51),np.float64(82352.66538397329),np.float64(41.176332691986644),,
2022-10-31,PEP,sell,np.float64(440.9684101388458),np.float64(181.18),np.float64(79894.65654895609),np.float64(39.947328274478046),,
2022-10-31,WMT,sell,np.float64(560.8271209630531),np.float64(142.34),np.float64(79828.13239788098),np.float64(39.91406619894049),,
2022-10-31,AMZN,buy,np.float64(734.6823148619236),np.float64(103.56),np.float64(76083.70052710081),np.float64(38.04185026355041),np.float64(0.9990004997501251),
2022-10-31,GOOGL,buy,np.float64(797.3559057545673),np.float64(95.42),np.float64(76083.70052710081),np.float64(38.04185026355041),np.float64(0.9990004997501251),
2022-10-31,META,buy,np.float64(169.44937859682435),np.float64(98.22),np.float64(16643.317965780087),np.float64(8.321658982890044),np.float64(0.9990004997501251),
2022-10-31,MSFT,buy,np.float64(325.4778427750719),np.float64(233.76),np.float64(76083.70052710081),np.float64(38.04185026355041),np.float64(0.9990004997501251),
2022-10-31,MU,buy,np.float64(1411.3095998349252),np.float64(53.91),np.float64(76083.70052710081),np.float64(38.04185026355041),np.float64(0.9990004997501251),
2022-11-07,GOOGL,sell,np.float64(797.3559057545673),np.float64(87.28),np.float64(69593.22345425864),np.float64(34.79661172712932),,
2022-11-07,META,sell,np.float64(775.2308149533794),np.float64(94.78),np.float64(73476.3766412813),np.float64(36.73818832064065),,
2022-11-07,MSFT,sell,np.float64(325.4778427750719),np.float64(221.99),np.float64(72252.82631763822),np.float64(36.12641315881911),,
2022-11-07,MU,sell,np.float64(1411.3095998349252),np.float64(56.43),np.float64(79640.20071868482),np.float64(39.82010035934241),,
2022-11-07,AAPL,buy,np.float64(528.2682962368647),np.float64(137.11),np.float64(72430.86609703652),np.float64(36.21543304851826),np.float64(0.9990004997501251),
2022-11-07,ADBE,buy,np.float64(250.6518534693446),np.float64(288.97),np.float64(72430.86609703652),np.float64(36.21543304851826),np.float64(0.9990004997501251),
2022-11-07,AMZN,buy,np.float64(53.772131856387425),np.float64(91.95),np.float64(4944.347524194824),np.float64(2.472173762097412),np.float64(0.9990004997501251),
2022-11-07,CRM,buy,np.float64(515.0822507256188),np.float64(140.62),np.float64(72430.86609703652),np.float64(36.21543304851826),np.float64(0.9990004997501251),
2022-11-07,QCOM,buy,np.float64(673.9008754841507),np.float64(107.48),np.float64(72430.86609703652),np.float64(36.21543304851826),np.float64(0.9990004997501251),
2022-11-14,AAPL,sell,np.float64(528.2682962368647),np.float64(148.97),np.float64(78696.12809040573),np.float64(39.34806404520287),,
2022-11-14,ADBE,sell,np.float64(250.6518534693446),np.float64(338.07),np.float64(84737.87210238133),np.float64(42.368936051190666),,
2022-11-14,AMZN,sell,np.float64(788.454446718311),np.float64(98.77),np.float64(77875.64570236758),np.float64(38.93782285118379),,
2022-11-14,CRM,sell,np.float64(515.0822507256188),np.float64(155.82),np.float64(80260.11630806592),np.float64(40.13005815403296),,
2022-11-14,QCOM,sell,np.float64(673.9008754841507),np.float64(120.74),np.float64(81366.79170595635),np.float64(40.68339585297817),,
2022-11-14,CSCO,buy,np.float64(1795.7433026537337),np.float64(44.832),np.float64(80506.76374457219),np.float64(40.2533818722861),np.float64(0.9990004997501252),
2022-11-14,JNJ,buy,np.float64(472.87379585651803),np.float64(170.25),np.float64(80506.76374457219),np.float64(40.2533818722861),np.float64(0.9990004997501252),
2022-11-14,PEP,buy,np.float64(450.589151757834),np.float64(178.67),np.float64(80506.76374457219),np.float64(40.2533818722861),np.float64(0.9990004997501252),
2022-11-14,TSLA,buy,np.float64(417.63118610039004),np.float64(192.77),np.float64(80506.76374457219),np.float64(40.2533818722861),np.float64(0.9990004997501252),
2022-11-14,WMT,buy,np.float64(568.3900292613117),np.float64(141.64),np.float64(80506.76374457219),np.float64(40.2533818722861),np.float64(0.9990004997501252),
2022-11-21,CSCO,sell,np.float64(1795.7433026537337),np.float64(47.61),np.float64(85495.33863934426),np.float64(42.747669319672134),,
2022-11-21,JNJ,sell,np.float64(472.87379585651803),np.float64(175.89),np.float64(83173.77195320294),np.float64(41.58688597660147),,
2022-11-21,PEP,sell,np.float64(450.589151757834),np.float64(182.27),np.float64(82128.8846909004),np.float64(41.0644423454502),,
2022-11-21,WMT,sell,np.float64(568.3900292613117),np.float64(150.61),np.float64(85605.22230704616),np.float64(42.80261115352308),,
2022-11-21,AMAT,buy,np.float64(791.9794482342055),np.float64(103.53),np.float64(81993.6322756873),np.float64(40.99681613784365),np.float64(0.9990012923010371),
2022-11-21,AMZN,buy,np.float64(872.5511575575961),np.float64(93.97),np.float64(81993.6322756873),np.float64(40.99681613784365),np.float64(0.9990012923010371),
2022-11-21,CRM,buy,np.float64(561.5233000663422),np.float64(146.02),np.float64(81993.6322756873),np.float64(40.99681613784365),np.float64(0.9990012923010371),
2022-11-21,MU,buy,np.float64(1413.1960061304255),np.float64(58.02),np.float64(81993.6322756873),np.float64(40.99681613784365),np.float64(0.9990012923010371),
2022-11-21,TSLA,buy,np.float64(49.05620549813713),np.float64(175.85),np.float64(8626.533736847414),np.float64(4.313266868423707),np.float64(0.9990012923010371),
2022-11-28,AMAT,sell,np.float64(791.9794482342055),np.float64(104.0),np.float64(82365.86261635738),np.float64(41.18293130817869),,
2022-11-28,CRM,sell,np.float64(561.5233000663422),np.float64(152.0),np.float64(85351.54161008402),np.float64(42.67577080504201),,
2022-11-28,MU,sell,np.float64(1413.1960061304255),np.float64(57.32),np.float64(81004.395071396),np.float64(40.502197535697995),,
2022-11-28,TSLA,sell,np.float64(466.68739159852714),np.float64(179.96),np.float64(83985.06299207095),np.float64(41.992531496035475),,
2022-11-28,AAPL,buy,np.float64(571.1133681144952),np.float64(145.14),np.float64(82891.39424813782),np.float64(41.44569712406891),np.float64(0.9990008088577423),
2022-11-28,AMZN,buy,np.float64(10.80119723228677),np.float64(93.93),np.float64(1014.5564560286963),np.float64(0.5072782280143482),np.float64(0.9990008088577423),
2022-11-28,GOOGL,buy,np.float64(854.230780111544),np.float64(97.0363),np.float64(82891.39424813782),np.float64(41.44569712406891),np.float64(0.9990008088577423),
2022-11-28,INTC,buy,np.float64(2848.501520554564),np.float64(29.1),np.float64(82891.39424813782),np.float64(41.44569712406891),np.float64(0.9990008088577423),
2022-11-28,NFLX,buy,np.float64(291.87110650752754),np.float64(284.0),np.float64(82891.39424813782),np.float64(41.44569712406891),np.float64(0.9990008088577423),
2022-12-05,AAPL,sell,np.float64(571.1133681144952),np.float64(147.77),np.float64(84393.42240627896),np.float64(42.19671120313948),,
2022-12-05,AMZN,sell,np.float64(883.3523547898828),np.float64(93.05),np.float64(82195.9366131986),np.float64(41.0979683065993),,
2022-12-05,GOOGL,sell,np.float64(854.230780111544),np.float64(99.4),np.float64(84910.53954308748),np.float64(42.45526977154374),,
2022-12-05,INTC,sell,np.float64(2848.501520554564),np.float64(29.42),np.float64(83802.91473471529),np.float64(41.901457367357644),,
2022-12-05,NFLX,sell,np.float64(291.87110650752754),np.float64(316.46),np.float64(92365.53036537216),np.float64(46.18276518268608),,
2022-12-05,COST,buy,np.float64(173.49883819139006),np.float64(492.5),np.float64(85448.1778092596),np.float64(42.7240889046298),np.float64(0.9990004997501248),
2022-12-05,CRM,buy,np.float64(598.3765953029384),np.float64(142.8),np.float64(85448.1778092596),np.float64(42.7240889046298),np.float64(0.9990004997501248),
2022-12-05,JPM,buy,np.float64(636.5329097829232),np.float64(134.24),np.float64(85448.1778092596),np.float64(42.7240889046298),np.float64(0.9990004997501248),
2022-12-05,MU,buy,np.float64(1571.6052567456247),np.float64(54.37),np.float64(85448.1778092596),np.float64(42.7240889046298),np.float64(0.9990004997501248),
2022-12-05,XOM,buy,np.float64(771.8895917728962),np.float64(110.7),np.float64(85448.1778092596),np.float64(42.7240889046298),np.float64(0.9990004997501248),
2022-12-12,COST,sell,np.float64(173.49883819139006),np.float64(482.73),np.float64(83753.09416012972),np.float64(41.87654708006486),,
2022-12-12,JPM,sell,np.float64(636.5329097829232),np.float64(132.4),np.float64(84276.95725525904),np.float64(42.13847862762952),,
2022-12-12,MU,sell,np.float64(1571.6052567456247),np.float64(53.52),np.float64(84112.31334102585),np.float64(42.05615667051293),,
2022-12-12,AMD,buy,np.float64(1197.327992840616),np.float64(68.54),np.float64(82064.86062929583),np.float64(41.03243031464792),np.float64(0.9990004997501246),
2022-12-12,CRM,buy,np.float64(28.192959212364705),np.float64(131.1),np.float64(3696.096952741013),np.float64(1.8480484763705065),np.float64(0.9990004997501246),
2022-12-12,GOOGL,buy,np.float64(885.1780889795689),np.float64(92.71),np.float64(82064.86062929583),np.float64(41.03243031464792),np.float64(0.9990004997501246),
2022-12-12,TSLA,buy,np.float64(466.012837190777),np.float64(176.1),np.float64(82064.86062929583),np.float64(41.03243031464792),np.float64(0.9990004997501246),
2022-12-12,XOM,buy,np.float64(19.259073092631994),np.float64(103.83),np.float64(1999.66955920798),np.float64(0.99983477960399),np.float64(0.9990004997501246),
2022-12-19,AMD,sell,np.float64(1197.327992840616),np.float64(65.12),np.float64(77969.99889378091),np.float64(38.984999446890455),,
2022-12-19,CRM,sell,np.float64(626.5695545153031),np.float64(127.77),np.float64(80056.79198042028),np.float64(40.02839599021014),,
2022-12-19,GOOGL,sell,np.float64(885.1780889795689),np.float64(90.255),np.float64(79891.74842085098),np.float64(39.945874210425494),,
2022-12-19,XOM,sell,np.float64(791.1486648655282),np.float64(105.26),np.float64(83276.3084637455),np.float64(41.638154231872754),,
2022-12-19,AAPL,buy,np.float64(581.1088154003588),np.float64(135.11),np.float64(78513.61204874249),np.float64(39.256806024371244),np.float64(0.999000499750125),
2022-12-19,COST,buy,np.float64(170.34108315703915),np.float64(460.92),np.float64(78513.61204874249),np.float64(39.256806024371244),np.float64(0.999000499750125),
2022-12-19,MU,buy,np.float64(1504.9571027169347),np.float64(52.17),np.float64(78513.61204874249),np.float64(39.256806024371244),np.float64(0.999000499750125),
2022-12-19,NFLX,buy,np.float64(270.98889327561),np.float64(289.73),np.float64(78513.61204874249),np.float64(39.256806024371244),np.float64(0.999000499750125),
2022-12-19,TSLA,buy,np.float64(44.28159242359917),np.float64(154.0),np.float64(6819.365233234273),np.float64(3.4096826166171366),np.float64(0.999000499750125),
2022-12-27,AAPL,sell,np.float64(581.1088154003588),np.float64(131.38),np.float64(76346.07616729914),np.float64(38.173038083649566),,
2022-12-27,COST,sell,np.float64(170.34108315703915),np.float64(464.4),np.float64(79106.39901812898),np.float64(39.55319950906449),,
2022-12-27,MU,sell,np.float64(15.250694016138867),np.float64(49.61),np.float64(756.5869301406492),np.float64(0.37829346507032463),,
2022-12-27,NFLX,sell,np.float64(270.98889327561),np.float64(293.19),np.float64(79451.2336194761),np.float64(39.72561680973805),,
2022-12-27,AMAT,buy,np.float64(767.6280675235131),np.float64(96.18),np.float64(73830.4675344115),np.float64(36.91523376720575),np.float64(0.9990004997501254),
2022-12-27,INTC,buy,np.float64(2856.663475891333),np.float64(25.845),np.float64(73830.4675344115),np.float64(36.91523376720575),np.float64(0.9990004997501254),
2022-12-27,NVDA,buy,np.float64(489.78683517587564),np.float64(150.74),np.float64(73830.4675344115),np.float64(36.91523376720575),np.float64(0.9990004997501254),
2022-12-27,TSLA,buy,np.float64(118.58675354132205),np.float64(117.495),np.float64(13933.350607337636),np.float64(6.966675303668818),np.float64(0.9990004997501254),
