session,equity,exposure,n_held
2017-02-01,np.float64(99685.10301376003),np.float64(1.0),1
2017-02-02,np.float64(99737.64952094937),np.float64(1.0),1
2017-02-03,np.float64(100429.51186560889),np.float64(1.0),1
2017-02-06,np.float64(100263.11459284267),np.float64(1.0),1
2017-02-07,np.float64(100258.73571724356),np.float64(1.0),1
2017-02-08,np.float64(100381.34423401867),np.float64(1.0),1
2017-02-09,np.float64(100963.73468870041),np.float64(1.0),1
2017-02-10,np.float64(101366.59124381864),np.float64(1.0),1
2017-02-13,np.float64(101887.8088063808),np.float64(1.0),1
2017-02-14,np.float64(102338.57026055327),np.float64(1.0),1
2017-02-15,np.float64(102855.40894751633),np.float64(1.0),1
2017-02-16,np.float64(102789.72581352967),np.float64(1.0),1
2017-02-17,np.float64(102921.092081503),np.float64(1.0),1
2017-02-21,np.float64(103534.13466537853),np.float64(1.0),1
2017-02-22,np.float64(103468.45153139187),np.float64(1.0),1
2017-02-23,np.float64(103534.13466537853),np.float64(1.0),1
2017-02-24,np.float64(103678.63756014919),np.float64(1.0),1
2017-02-27,np.float64(103818.76157932074),np.float64(1.0),1
2017-02-28,np.float64(103560.4079189732),np.float64(1.0),1
2017-03-01,np.float64(104979.51392313307),np.float64(1.0),1
2017-03-02,np.float64(104348.60552681316),np.float64(1.0),1
2017-03-03,np.float64(104405.5309096016),np.float64(1.0),1
2017-03-06,np.float64(104124.93256121057),np.float64(1.0),1
2017-03-07,np.float64(103779.35169892875),np.float64(1.0),1
2017-03-08,np.float64(103599.81779936519),np.float64(1.0),1
2017-03-09,np.float64(103704.91081374386),np.float64(1.0),1
2017-03-10,np.float64(104068.35748847006),np.float64(1.0),1
2017-03-13,np.float64(104129.66174685762),np.float64(1.0),1
2017-03-14,np.float64(103753.07844533407),np.float64(1.0),1
2017-03-15,np.float64(104602.58031156159),np.float64(1.0),1
2017-03-16,np.float64(104431.80416319627),np.float64(1.0),1
2017-03-17,np.float64(104275.880285088),np.float64(0.9956616091958811),1
2017-03-20,np.float64(104117.89045347208),np.float64(0.9956550260656464),1
2017-03-21,np.float64(102812.98552493703),np.float64(0.9955998795501323),1
2017-03-22,np.float64(103027.55042929346),np.float64(0.9956090432293574),1
2017-03-23,np.float64(102891.80528572103),np.float64(0.995603250240736),1
2017-03-24,np.float64(102865.53203212636),np.float64(0.9956021272511483),1
2017-03-27,np.float64(102731.97632635347),np.float64(0.9955964098394925),1
2017-03-28,np.float64(103469.81686480367),np.float64(0.9956278117249272),1
2017-03-29,np.float64(103601.18313277699),np.float64(0.9956333556582995),1
2017-03-30,np.float64(103911.73299026594),np.float64(0.9956464057801576),1
2017-03-31,np.float64(103653.72963996633),np.float64(0.9956355692970087),1
2017-04-03,np.float64(103517.98449639388),np.float64(0.995629846134263),1
2017-04-04,np.float64(103583.66763038056),np.float64(0.995632617279642),1
2017-04-05,np.float64(103250.87308484812),np.float64(0.9956185404868347),1
2017-04-06,np.float64(103517.98449639388),np.float64(0.995629846134263),1
2017-04-07,np.float64(103430.40698441166),np.float64(0.9956261457988036),1
2017-04-10,np.float64(103482.95349160099),np.float64(0.9956283667516608),1
2017-04-11,np.float64(103369.10272602411),np.float64(0.9956235518332855),1
2017-04-12,np.float64(102979.73310775118),np.float64(0.995607004344759),1
2017-04-13,np.float64(102287.52045304372),np.float64(0.9955772755257285),1
2017-04-17,np.float64(103167.67444846501),np.float64(0.9956150070985054),1
2017-04-18,np.float64(102856.77428092815),np.float64(0.9956017527937963),1
2017-04-19,np.float64(102694.75588376104),np.float64(0.9955948138127688),1
2017-04-20,np.float64(103487.33236720011),np.float64(0.9956285517292587),1
2017-04-21,np.float64(103176.43219966324),np.float64(0.9956153793024672),1
2017-04-24,np.float64(104301.80322863474),np.float64(0.9956626874501051),1
2017-04-25,np.float64(104897.33031011383),np.float64(0.9956873114045629),1
2017-04-26,np.float64(104862.29930532094),np.float64(0.9956858706788125),1
2017-04-27,np.float64(104932.4051036627),np.float64(0.9956887529674622),1
2017-04-28,np.float64(104722.17528614939),np.float64(0.9956800981369601),1
2017-05-01,np.float64(104945.49794170404),np.float64(0.9956892908319752),1
2017-05-02,np.float64(105002.42332449248),np.float64(0.9956916278139392),1
2017-05-03,np.float64(104897.33031011383),np.float64(0.9956873114045629),1
2017-05-04,np.float64(104993.66557329427),np.float64(0.9956912684431956),1
2017-05-05,np.float64(105405.2798796107),np.float64(0.9957080943133312),1
2017-05-08,np.float64(105400.90100401157),np.float64(0.9957079160063061),1
2017-05-09,np.float64(105300.18686523203),np.float64(0.9957038108517394),1
2017-05-10,np.float64(105484.09964039469),np.float64(0.9957113013083255),1
2017-05-11,np.float64(105308.59430638232),np.float64(0.9957041538432841),1
2017-05-12,np.float64(105129.41071686671),np.float64(0.9956968319613376),1
2017-05-15,np.float64(105645.98667129382),np.float64(0.9957178731121346),1
2017-05-16,np.float64(105584.81377917423),np.float64(0.9957153921674156),1
2017-05-17,np.float64(103762.85121989617),np.float64(0.9956401591243719),1
2017-05-18,np.float64(104126.6482046703),np.float64(0.9956553915071672),1
2017-05-19,np.float64(104787.85842013605),np.float64(0.9956828059381992),1
2017-05-22,np.float64(105335.21787002492),np.float64(0.9957052396219616),1
2017-05-23,np.float64(105558.54052557958),np.float64(0.9957143257393692),1
2017-05-24,np.float64(105790.62093233246),np.float64(0.9957237275277022),1
2017-05-25,np.float64(106307.32825302755),np.float64(0.9957445123722471),1
2017-05-26,np.float64(106302.94937742842),np.float64(0.995744337078419),1
2017-05-30,np.float64(106215.37186544621),np.float64(0.99574082816663),1
2017-05-31,np.float64(106167.20423385598),np.float64(0.9957388957975785),1
2017-06-01,np.float64(106990.43284648885),np.float64(0.9957716824945524),1
2017-06-02,np.float64(107358.25839681416),np.float64(0.9957861693466736),1
2017-06-05,np.float64(107283.81751162927),np.float64(0.99578324550139),1
2017-06-06,np.float64(106968.5384684933),np.float64(0.9957708170402508),1
2017-06-07,np.float64(107152.10093360802),np.float64(0.9957780620615126),1
2017-06-08,np.float64(107178.7244972506),np.float64(0.9957791108054115),1
2017-06-09,np.float64(107087.11841971721),np.float64(0.9957755001087327),1
2017-06-12,np.float64(107012.3272244844),np.float64(0.9957725475947157),1
2017-06-13,np.float64(107507.14016718393),np.float64(0.9957920048899384),1
2017-06-14,np.float64(107410.80490400348),np.float64(0.9957882307974087),1
2017-06-15,np.float64(107196.10863337909),np.float64(0.9957797953126504),1
2017-06-16,np.float64(107219.49533217882),np.float64(0.9909488680920859),1
2017-06-19,np.float64(108099.64932760011),np.float64(0.9910225629649314),1
2017-06-20,np.float64(107403.05779729356),np.float64(0.9909643373731211),1
2017-06-21,np.float64(107350.86160015214),np.float64(0.9909599440480863),1
2017-06-22,np.float64(107302.69396856193),np.float64(0.9909558860131149),1
2017-06-23,np.float64(107447.19686333259),np.float64(0.990968049202941),1
2017-06-26,np.float64(107490.98561932369),np.float64(0.9909717285616082),1
2017-06-27,np.float64(106663.37813109174),np.float64(0.9909016776671107),1
2017-06-28,np.float64(107582.94200690502),np.float64(0.9909794454655345),1
2017-06-29,np.float64(106672.13588228995),np.float64(0.9909024246367167),1
2017-06-30,np.float64(106847.29090625439),np.float64(0.9909173383141461),1
2017-07-03,np.float64(107079.37131300727),np.float64(0.9909370237847703),1
2017-07-05,np.float64(107263.28408816994),np.float64(0.9909525630918236),1
2017-07-06,np.float64(106317.44695876198),np.float64(0.990872073934131),1
2017-07-07,np.float64(106983.03604982683),np.float64(0.9909288628255087),1
2017-07-10,np.float64(107092.50793980461),np.float64(0.990938135505268),1
2017-07-11,np.float64(107018.06705461972),np.float64(0.9909318321470315),1
2017-07-12,np.float64(107788.74916006323),np.float64(0.9909966689203302),1
2017-07-13,np.float64(107998.93518882056),np.float64(0.9910141910783211),1
2017-07-14,np.float64(108476.23262912365),np.float64(0.991053728804636),1
2017-07-17,np.float64(108480.61150472276),np.float64(0.9910540899254677),1
2017-07-18,np.float64(108546.16327244147),np.float64(0.9910594924215261),1
2017-07-19,np.float64(109111.16959099474),np.float64(0.991105788719988),1
2017-07-20,np.float64(109146.20059578762),np.float64(0.9911086433604269),1
2017-07-21,np.float64(109054.2442082063),np.float64(0.9911011460177678),1
2017-07-24,np.float64(109036.72870580984),np.float64(0.9910997165187347),1
2017-07-25,np.float64(109290.70349055828),np.float64(0.9911203994085794),1
2017-07-26,np.float64(109312.59786855383),np.float64(0.9911221779165976),1
2017-07-27,np.float64(109229.0489221228),np.float64(0.9911153872991841),1
2017-07-28,np.float64(109080.51746180096),np.float64(0.9911032894055405),1
2017-07-31,np.float64(109036.72870580984),np.float64(0.9910997165187347),1
2017-08-01,np.float64(109260.05136136452),np.float64(0.9911179082998794),1
2017-08-02,np.float64(109312.59786855383),np.float64(0.9911221779165976),1
2017-08-03,np.float64(109119.92734219295),np.float64(0.9911065025519287),1
2017-08-04,np.float64(109299.46124175651),np.float64(0.9911211108972898),1
2017-08-07,np.float64(109496.5106437165),np.float64(0.9911370893040671),1
2017-08-08,np.float64(109246.91473456718),np.float64(0.9911168402539384),1
2017-08-09,np.float64(109246.91473456718),np.float64(0.9911168402539384),1
2017-08-10,np.float64(107709.88561052326),np.float64(0.990990076817455),1
2017-08-11,np.float64(107863.19004524813),np.float64(0.9910028824945338),1
2017-08-14,np.float64(108909.74131343563),np.float64(0.9910893388998271),1
2017-08-15,np.float64(108922.87794023297),np.float64(0.9910904135687268),1
2017-08-16,np.float64(109111.16959099474),np.float64(0.991105788719988),1
2017-08-17,np.float64(107438.43911213437),np.float64(0.9909673129713039),1
2017-08-18,np.float64(107250.1474613726),np.float64(0.990951454908712),1
2017-08-21,np.float64(107342.10384895392),np.float64(0.9909592064944329),1
2017-08-22,np.float64(108419.30724633521),np.float64(0.9910490315793423),1
2017-08-23,np.float64(108064.48695653926),np.float64(0.9910196418575344),1
2017-08-24,np.float64(107834.7273538539),np.float64(0.991000507729138),1
2017-08-25,np.float64(108042.72394481167),np.float64(0.9910178329468328),1
2017-08-28,np.float64(108077.75494960455),np.float64(0.9910207443168667),1
2017-08-29,np.float64(108191.47434891347),np.float64(0.9910301823577906),1
2017-08-30,np.float64(108695.1764090792),np.float64(0.9910717492034866),1
2017-08-31,np.float64(109255.67248576539),np.float64(0.9911175523131034),1
2017-09-01,np.float64(109483.37401691917),np.float64(0.9911360258663424),1
2017-09-05,np.float64(108747.72291626853),np.float64(0.991076063302045),1
2017-09-06,np.float64(109080.51746180096),np.float64(0.9911032894055405),1
2017-09-07,np.float64(109074.08051467028),np.float64(0.9911027643710368),1
2017-09-08,np.float64(108927.25681583208),np.float64(0.9910907717340911),1
2017-09-11,np.float64(110065.76447160091),np.float64(0.9911829277704065),1
2017-09-12,np.float64(110481.75765351646),np.float64(0.991216126390793),1
2017-09-13,np.float64(110516.78865830934),np.float64(0.9912189106548152),1
2017-09-14,np.float64(110477.37877791734),np.float64(0.9912157782336387),1
2017-09-15,np.float64(110645.77894838259),np.float64(0.9863432441246031),1
2017-09-18,np.float64(110855.96497713993),np.float64(0.9863691377180037),1
2017-09-19,np.float64(110965.43686711769),np.float64(0.9863825851147622),1
2017-09-20,np.float64(111013.60449870791),np.float64(0.9863884935673917),1
2017-09-21,np.float64(110720.21983356748),np.float64(0.9863524260156582),1
2017-09-22,np.float64(110742.11421156302),np.float64(0.9863551242226201),1
2017-09-25,np.float64(110531.92818280571),np.float64(0.9863291773102691),1
2017-09-26,np.float64(110575.71693879682),np.float64(0.9863345910515093),1
2017-09-27,np.float64(111000.46787191057),np.float64(0.9863868826797658),1
2017-09-28,np.float64(111127.4552642848),np.float64(0.9864024386399601),1
2017-09-29,np.float64(111490.901939011),np.float64(0.9864467650233218),1
2017-10-02,np.float64(111981.33600611142),np.float64(0.986506122844804),1
2017-10-03,np.float64(112230.93191526073),np.float64(0.9865361325442604),1
2017-10-04,np.float64(112366.67705883319),np.float64(0.9865523976387587),1
2017-10-05,np.float64(113023.50839869982),np.float64(0.98663054781125),1
2017-10-06,np.float64(112922.79425992028),np.float64(0.9866186237982819),1
2017-10-09,np.float64(112721.01567231324),np.float64(0.9865946701887964),1
2017-10-10,np.float64(112984.09851830782),np.float64(0.9866258844248215),1
2017-10-11,np.float64(113163.63241787137),np.float64(0.9866471024351586),1
2017-10-12,np.float64(113001.61402070428),np.float64(0.9866279574425871),1
2017-10-13,np.float64(113119.84366188027),np.float64(0.9866419335208965),1
2017-10-16,np.float64(113303.75643704292),np.float64(0.9866636161124912),1
2017-10-17,np.float64(113360.68181983137),np.float64(0.9866703131325304),1
2017-10-18,np.float64(113474.53258540825),np.float64(0.9866836870149355),1
2017-10-19,np.float64(113531.10765814876),np.float64(0.9866903228294828),1
2017-10-20,np.float64(114078.81741808554),np.float64(0.9867542246146949),1
2017-10-23,np.float64(113680.33973856647),np.float64(0.9867077948991336),1
2017-10-24,np.float64(113851.11588693179),np.float64(0.9867277331454364),1
2017-10-25,np.float64(113312.51418824114),np.float64(0.9866646468612378),1
2017-10-26,np.float64(113382.57619782691),np.float64(0.9866728871188749),1
2017-10-27,np.float64(114350.08876145048),np.float64(0.9867856474086918),1
2017-10-30,np.float64(113960.58777690957),np.float64(0.9867404826421282),1
2017-10-31,np.float64(114100.7117960811),np.float64(0.9867567662992169),1
2017-11-01,np.float64(114267.10906884732),np.float64(0.9867760512709675),1
2017-11-02,np.float64(114319.65557603666),np.float64(0.9867821295985609),1
2017-11-03,np.float64(114683.10225076285),np.float64(0.986824018865158),1
2017-11-06,np.float64(114840.74177233085),np.float64(0.9868421052631579),1
2017-11-07,np.float64(114792.57414074063),np.float64(0.9868365841340174),1
2017-11-08,np.float64(114972.10804030419),np.float64(0.9868571393749561),1
2017-11-09,np.float64(114569.60179523392),np.float64(0.9868109658402945),1
2017-11-10,np.float64(114529.84160479398),np.float64(0.9868063871339716),1
2017-11-13,np.float64(114634.93461917262),np.float64(0.9868184825440771),1
2017-11-14,np.float64(114376.5809588251),np.float64(0.9867887081509704),1
2017-11-15,np.float64(113794.19050414335),np.float64(0.9867210937127218),1
2017-11-16,np.float64(114722.51213115487),np.float64(0.9868285451244853),1
2017-11-17,np.float64(114429.12746601443),np.float64(0.986794774851447),1
2017-11-20,np.float64(114608.66136557797),np.float64(0.9868154607711435),1
2017-11-21,np.float64(115331.17583943128),np.float64(0.9868980578690625),1
2017-11-22,np.float64(115269.87158104373),np.float64(0.9868910898310596),1
2017-11-24,np.float64(115523.84636579215),np.float64(0.986919909271748),1
2017-11-27,np.float64(115462.5421074046),np.float64(0.9869129644630932),1
2017-11-28,np.float64(116601.04976317343),np.float64(0.9870407479623013),1
2017-11-29,np.float64(116557.26100718234),np.float64(0.9870358793722162),1
2017-11-30,np.float64(117494.34038539208),np.float64(0.9871392750766992),1
2017-12-01,np.float64(117314.8064858285),np.float64(0.987119593536356),1
2017-12-04,np.float64(117161.54583985964),np.float64(0.9871027444976992),1
2017-12-05,np.float64(116763.06816034054),np.float64(0.9870587299944347),1
2017-12-06,np.float64(116776.20478713789),np.float64(0.987060185810152),1
2017-12-07,np.float64(117130.89371066587),np.float64(0.9870993693988728),1
2017-12-08,np.float64(117761.45179693784),np.float64(0.9871684463066335),1
2017-12-11,np.float64(118138.03509846136),np.float64(0.987209348873275),1
2017-12-12,np.float64(118339.46337602047),np.float64(0.9872311201298941),1
2017-12-13,np.float64(118313.19012242582),np.float64(0.9872282846048052),1
2017-12-14,np.float64(117853.40818451917),np.float64(0.9871784582642245),1
2017-12-15,np.float64(118812.9656448418),np.float64(0.982301642835646),1
2017-12-18,np.float64(119557.37449669067),np.float64(0.982411839415253),1
2017-12-19,np.float64(119128.24468797779),np.float64(0.9823484824506045),1
2017-12-20,np.float64(119062.56155399114),np.float64(0.982338744654129),1
2017-12-21,np.float64(119255.23208035201),np.float64(0.9823672784409014),1
2017-12-22,np.float64(119233.33770235645),np.float64(0.982364040609282),1
2017-12-26,np.float64(119084.45593198667),np.float64(0.9823419917798549),1
2017-12-27,np.float64(119172.0334439689),np.float64(0.9823549683514698),1
2017-12-28,np.float64(119395.35609952356),np.float64(0.9823879724435369),1
2017-12-29,np.float64(118992.49954440535),np.float64(0.9823283458218826),1
2018-01-02,np.float64(119793.83377904264),np.float64(0.9824465564261256),1
2018-01-03,np.float64(120538.24263089152),np.float64(0.9825549613480127),1
2018-01-04,np.float64(121019.91894679371),np.float64(0.982624395057949),1
2018-01-05,np.float64(121821.25318143099),np.float64(0.9827386909359175),1
2018-01-08,np.float64(122044.57583698568),np.float64(0.9827702764558155),1
2018-01-09,np.float64(122316.06612413052),np.float64(0.9828085192046273),1
2018-01-10,np.float64(122119.01672217053),np.float64(0.9827807792907264),1
2018-01-11,np.float64(122999.17071759183),np.float64(0.9829039961044406),1
2018-01-12,np.float64(123809.26270342736),np.float64(0.9830158563598302),1
2018-01-16,np.float64(123423.9216507056),np.float64(0.9829628302713511),1
2018-01-17,np.float64(124540.5349284789),np.float64(0.9831155831878664),1
2018-01-18,np.float64(124352.24327771712),np.float64(0.9830900171455506),1
2018-01-19,np.float64(124882.08722520953),np.float64(0.9831617620392075),1
2018-01-22,np.float64(125880.47086180683),np.float64(0.9832953095317939),1
2018-01-23,np.float64(126130.06677095615),np.float64(0.9833283660623358),1
2018-01-24,np.float64(126077.52026376681),np.float64(0.9833214176695475),1
2018-01-25,np.float64(126156.34002455082),np.float64(0.983331838088127),1
2018-01-26,np.float64(127583.85346986097),np.float64(0.9835183352395351),1
2018-01-29,np.float64(126743.10935483167),np.float64(0.983409004935712),1
2018-01-30,np.float64(125425.06779949929),np.float64(0.9832346568462694),1
2018-01-31,np.float64(125547.6763162744),np.float64(0.98325102970093),1
2018-02-01,np.float64(125446.96217749485),np.float64(0.9832375829176055),1
2018-02-02,np.float64(122745.1959328434),np.float64(0.9828686223867449),1
2018-02-05,np.float64(117753.27774985696),np.float64(0.9821423713893936),1
2018-02-06,np.float64(119920.82117141687),np.float64(0.9824651442410258),1
2018-02-07,np.float64(119312.15746314045),np.float64(0.9823756912417902),1
2018-02-08,np.float64(114977.07062002063),np.float64(0.9817111856268464),1
2018-02-09,np.float64(116715.48423286768),np.float64(0.9819835875628714),1
2018-02-12,np.float64(118283.12169734939),np.float64(0.9822223638371759),1
2018-02-13,np.float64(118602.77961608449),np.float64(0.9822702780782605),1
2018-02-14,np.float64(120187.93258296263),np.float64(0.9825041145433879),1
2018-02-15,np.float64(121615.4460282728),np.float64(0.9827094800010052),1
2018-02-16,np.float64(121716.16016705235),np.float64(0.982723787056275),1
2018-02-20,np.float64(120962.99356400526),np.float64(0.9826162180698192),1
2018-02-21,np.float64(120319.29885093597),np.float64(0.9825232167921483),1
2018-02-22,np.float64(120446.28624331017),np.float64(0.982541642691326),1
2018-02-23,np.float64(122368.61263131986),np.float64(0.9828159014266676),1
2018-02-26,np.float64(123796.12607663004),np.float64(0.9830140540873072),1
2018-02-27,np.float64(122250.38299014387),np.float64(0.9827992825027955),1
2018-02-28,np.float64(120949.85693720794),np.float64(0.9826143299794872),1
2018-03-01,np.float64(119334.05184113601),np.float64(0.9823789247972752),1
2018-03-02,np.float64(119929.57892261508),np.float64(0.9824664247083252),1
2018-03-05,np.float64(121260.75710474481),np.float64(0.9826589050576178),1
2018-03-06,np.float64(121571.65727228168),np.float64(0.9827032521484104),1
2018-03-07,np.float64(121571.65727228168),np.float64(0.9827032521484104),1
2018-03-08,np.float64(122097.12234417498),np.float64(0.9827776915510668),1
2018-03-09,np.float64(124168.33050255445),np.float64(0.9830649708083554),1
2018-03-12,np.float64(124071.99523937402),np.float64(0.9830518216646588),1
2018-03-13,np.float64(123275.03988033584),np.float64(0.9829422541353081),1
2018-03-14,np.float64(122631.34516726653),np.float64(0.9828527176402545),1
2018-03-15,np.float64(122535.00990408607),np.float64(0.9828392366933786),1
2018-03-16,np.float64(122660.5851090796),np.float64(0.9789414144081984),1
2018-03-19,np.float64(121079.81101780056),np.float64(0.978666481153656),1
2018-03-20,np.float64(121219.9350369721),np.float64(0.9786911416057748),1
2018-03-21,np.float64(120987.85463021921),np.float64(0.9786502666887124),1
2018-03-22,np.float64(118058.38685441401),np.float64(0.9781205003804992),1
2018-03-23,np.float64(115564.61720072034),np.float64(0.9776483625107018),1
2018-03-26,np.float64(118684.56606508687),np.float64(0.9782359365172767),1
2018-03-27,np.float64(116766.6185526763),np.float64(0.9778784513735427),1
2018-03-28,np.float64(116368.14087315722),np.float64(0.977802700886357),1
2018-03-29,np.float64(117935.77833763891),np.float64(0.9780977539923045),1
2018-04-02,np.float64(115347.86285856435),np.float64(0.9776063607400575),1
2018-04-03,np.float64(116753.48192587898),np.float64(0.9778759623468886),1
2018-04-04,np.float64(118089.03898360778),np.float64(0.9781261795972565),1
2018-04-05,np.float64(118881.61546704685),np.float64(0.9782720110244799),1
2018-04-06,np.float64(116302.45773917054),np.float64(0.9777901647095627),1
2018-04-09,np.float64(116797.27068187007),np.float64(0.9778842569250125),1
2018-04-10,np.float64(118662.67168709131),np.float64(0.9782319208430479),1
2018-04-11,np.float64(118058.38685441401),np.float64(0.9781205003804992),1
2018-04-12,np.float64(119017.4919768873),np.float64(0.9782968168178032),1
2018-04-13,np.float64(118671.42943828955),np.float64(0.9782335272905495),1
2018-04-16,np.float64(119661.05532368862),np.float64(0.9784135412873242),1
2018-04-17,np.float64(120869.62498904322),np.float64(0.9786293832673497),1
2018-04-18,np.float64(120974.71800342189),np.float64(0.9786479483243189),1
2018-04-19,np.float64(120317.88666355525),np.float64(0.9785313846354116),1
2018-04-20,np.float64(119350.15515615176),np.float64(0.9783573098260285),1
2018-04-23,np.float64(119310.74527575973),np.float64(0.978350160965889),1
2018-04-24,np.float64(117765.0021892736),np.float64(0.9780659925933811),1
2018-04-25,np.float64(118023.35584962113),np.float64(0.9781140062349082),1
2018-04-26,np.float64(119166.24238098909),np.float64(0.9783239080242065),1
2018-04-27,np.float64(119315.12415135885),np.float64(0.9783509555168945),1
2018-04-30,np.float64(118417.4546535411),np.float64(0.9781868438414136),1
2018-05-01,np.float64(118605.74630430287),np.float64(0.9782214731516233),1
2018-05-02,np.float64(117821.92757206204),np.float64(0.9780765899566516),1
2018-05-03,np.float64(117567.95278731358),np.float64(0.9780292301684209),1
2018-05-04,np.float64(119026.11836181754),np.float64(0.9782983897499875),1
2018-05-07,np.float64(119464.00592172863),np.float64(0.9783779355938189),1
2018-05-08,np.float64(119450.86929493128),np.float64(0.9783755577041278),1
2018-05-09,np.float64(120580.61919950192),np.float64(0.9785781624990139),1
2018-05-10,np.float64(121688.47472607697),np.float64(0.9787731875506326),1
2018-05-11,np.float64(121968.72276442006),np.float64(0.9788219604853193),1
2018-05-14,np.float64(122104.4679079925),np.float64(0.9788455043904996),1
2018-05-15,np.float64(121263.7237929632),np.float64(0.9786988363092812),1
2018-05-16,np.float64(121754.15786006363),np.float64(0.9787846388520972),1
2018-05-17,np.float64(121692.85360167608),np.float64(0.9787739513553124),1
2018-05-18,np.float64(121399.46893653563),np.float64(0.9787226546138322),1
2018-05-21,np.float64(122284.00180755607),np.float64(0.9788765628203344),1
2018-05-22,np.float64(121942.44951082539),np.float64(0.9788173975459571),1
2018-05-23,np.float64(122288.38068315516),np.float64(0.9788773192037546),1
2018-05-24,np.float64(122056.30027640227),np.float64(0.9788371560959118),1
2018-05-25,np.float64(121780.43111365828),np.float64(0.9787892159139325),1
2018-05-29,np.float64(120427.35855353302),np.float64(0.9785509002166498),1
2018-05-30,np.float64(121946.8283864245),np.float64(0.9788181581723894),1
2018-05-31,np.float64(121167.38852978277),np.float64(0.978681900620272),1
2018-06-01,np.float64(122393.47369753383),np.float64(0.9788954561691465),1
2018-06-04,np.float64(122953.96977422002),np.float64(0.9789916630182557),1
2018-06-05,np.float64(123085.33604219335),np.float64(0.9790140847535684),1
2018-06-06,np.float64(124066.2041763942),np.float64(0.979179999521969),1
2018-06-07,np.float64(124039.93092279954),np.float64(0.9791755895779427),1
2018-06-08,np.float64(124412.13534872397),np.float64(0.9792378900738278),1
2018-06-11,np.float64(124569.77487029195),np.float64(0.9792641639358374),1
2018-06-12,np.float64(124740.5510186573),np.float64(0.9792925523483244),1
2018-06-13,np.float64(124320.17896114262),np.float64(0.9792225328836811),1
2018-06-14,np.float64(124613.56362628307),np.float64(0.9792714504337053),1
2018-06-15,np.float64(123891.04915242975),np.float64(0.9791505645651452),1
2018-06-18,np.float64(123698.37862606886),np.float64(0.9791180898331059),1
2018-06-19,np.float64(123212.32343456757),np.float64(0.9790357136505768),1
2018-06-20,np.float64(123444.40384132044),np.float64(0.9790751273457453),1
2018-06-21,np.float64(122669.34286027781),np.float64(0.9789429178470275),1
2018-06-22,np.float64(122897.04439143158),np.float64(0.9789819320468531),1
2018-06-25,np.float64(121281.23929535964),np.float64(0.9787019126349012),1
2018-06-26,np.float64(121504.5619509143),np.float64(0.9787410580410674),1
2018-06-27,np.float64(120725.12209427258),np.float64(0.9786038035377347),1
2018-06-28,np.float64(121211.17728577388),np.float64(0.9786896019979241),1
2018-06-29,np.float64(121399.46893653563),np.float64(0.9787226546138322),1
2018-07-02,np.float64(121618.41271649118),np.float64(0.9787609591955334),1
2018-07-03,np.float64(121198.04065897655),np.float64(0.9786872921689539),1
2018-07-05,np.float64(122135.12003718628),np.float64(0.978850813513152),1
2018-07-06,np.float64(123159.77692737825),np.float64(0.9790267691716985),1
2018-07-09,np.float64(124272.0113295524),np.float64(0.9792144795708657),1
2018-07-10,np.float64(124670.4890090715),np.float64(0.9792809152286869),1
2018-07-11,np.float64(123838.50264524044),np.float64(0.9791417178415045),1
2018-07-12,np.float64(124880.67503782884),np.float64(0.9793157874148457),1
2018-07-13,np.float64(124998.90467900482),np.float64(0.9793353514825328),1
2018-07-16,np.float64(124924.46379381993),np.float64(0.9793230376836102),1
2018-07-17,np.float64(125379.86685612747),np.float64(0.9793981402674158),1
2018-07-18,np.float64(125655.73601887147),np.float64(0.9794433703378882),1
2018-07-19,np.float64(125174.05970296924),np.float64(0.9793642673538794),1
2018-07-20,np.float64(125068.9666885906),np.float64(0.9793469275500486),1
2018-07-23,np.float64(125296.66821974437),np.float64(0.9793844603614689),1
2018-07-24,np.float64(125870.3009232279),np.float64(0.9794784122123017),1
2018-07-25,np.float64(127004.42970339762),np.float64(0.9796616666340503),1
2018-07-26,np.float64(126636.60415307232),np.float64(0.9796025924136615),1
2018-07-27,np.float64(125830.8910428359),np.float64(0.9794719849088513),1
2018-07-30,np.float64(125147.78644937459),np.float64(0.9793599351331321),1
2018-07-31,np.float64(125712.6614016599),np.float64(0.979452678819622),1
2018-08-01,np.float64(125581.29513368657),np.float64(0.9794311849745597),1
2018-08-02,np.float64(126238.1264735532),np.float64(0.9795382068601821),1
2018-08-03,np.float64(126776.72817224385),np.float64(0.9796251372984592),1
2018-08-06,np.float64(127232.1312345514),np.float64(0.9796980652198761),1
2018-08-07,np.float64(127634.98778966958),np.float64(0.9797621445734248),1
2018-08-08,np.float64(127573.68353128203),np.float64(0.9797524194742983),1
2018-08-09,np.float64(127420.42288531315),np.float64(0.9797280657859302),1
2018-08-10,np.float64(126575.29989468477),np.float64(0.9795927133302531),1
2018-08-13,np.float64(126102.38132998077),np.float64(0.9795161804002673),1
2018-08-14,np.float64(126864.30568422607),np.float64(0.9796392025611252),1
2018-08-15,np.float64(125957.8784352101),np.float64(0.9794926807092207),1
2018-08-16,np.float64(126978.15644980295),np.float64(0.9796574583969396),1
2018-08-17,np.float64(127389.77075611937),np.float64(0.9797231880163664),1
2018-08-20,np.float64(127678.7765456607),np.float64(0.979769085355104),1
2018-08-21,np.float64(127937.13020600824),np.float64(0.9798099392560964),1
2018-08-22,np.float64(127910.85695241357),np.float64(0.9798057921602309),1
2018-08-23,np.float64(127726.94417725093),np.float64(0.979776714718271),1
2018-08-24,np.float64(128484.48965589711),np.float64(0.9798959513543006),1
2018-08-27,np.float64(129452.22116330064),np.float64(0.9800462409447455),1
2018-08-28,np.float64(129500.16985111088),np.float64(0.9800536290166274),1
2018-08-29,np.float64(130205.3877663477),np.float64(0.9801616624736352),1
2018-08-30,np.float64(129710.57482364816),np.float64(0.9800859842478388),1
2018-08-31,np.float64(129688.6804456526),np.float64(0.9800826223122652),1
2018-09-04,np.float64(129500.38879489084),np.float64(0.9800536627395675),1
2018-09-05,np.float64(129163.2153737593),np.float64(0.9800015939307067),1
2018-09-06,np.float64(128764.73769424022),np.float64(0.9799397065026169),1
2018-09-07,np.float64(128488.8685314962),np.float64(0.9798966364963605),1
2018-09-10,np.float64(128734.08556504642),np.float64(0.9799349300620552),1
2018-09-11,np.float64(129189.48862735397),np.float64(0.980005661004582),1
2018-09-12,np.float64(129211.38300534953),np.float64(0.9800090489693692),1
2018-09-13,np.float64(129920.7608524055),np.float64(0.9801182011765274),1
2018-09-14,np.float64(129973.30735959484),np.float64(0.9801262391275963),1
2018-09-17,np.float64(129307.71826852995),np.float64(0.9800239423845075),1
2018-09-18,np.float64(129973.30735959484),np.float64(0.9801262391275963),1
2018-09-19,np.float64(130117.81025436548),np.float64(0.9801483100183562),1
2018-09-20,np.float64(131116.19389096275),np.float64(0.9802994706175799),1
2018-09-21,np.float64(131042.89633019682),np.float64(0.9758688687268209),1
2018-09-24,np.float64(130622.52427268216),np.float64(0.9757912094306165),1
2018-09-25,np.float64(130456.12699991594),np.float64(0.975760331028656),1
2018-09-26,np.float64(130064.21763379552),np.float64(0.9756872920831692),1
2018-09-27,np.float64(130447.36924871773),np.float64(0.9757587036674359),1
2018-09-28,np.float64(130399.2016171275),np.float64(0.9757497492734171),1
2018-10-01,np.float64(130894.01455982703),np.float64(0.9758414214401205),1
2018-10-02,np.float64(130854.60467943504),np.float64(0.9758341455273332),1
2018-10-03,np.float64(130920.2878134217),np.float64(0.9758462696150795),1
2018-10-04,np.float64(129943.79855481995),np.float64(0.9756647614666465),1
2018-10-05,np.float64(129190.6319517729),np.float64(0.9755228898102918),1
2018-10-08,np.float64(129186.25307617379),np.float64(0.975522060138264),1
2018-10-09,np.float64(129046.12905700224),np.float64(0.9754954809038497),1
2018-10-10,np.float64(125013.18463022106),np.float64(0.9747049613757528),1
2018-10-11,np.float64(122504.08891193054),np.float64(0.9741868752149577),1
2018-10-12,np.float64(124023.558744822),np.float64(0.9745031237148434),1
2018-10-15,np.float64(123357.96965375716),np.float64(0.9743655530109865),1
2018-10-16,np.float64(125875.82312324594),np.float64(0.974878310581807),1
2018-10-17,np.float64(125954.64288402993),np.float64(0.9748940312055577),1
2018-10-18,np.float64(124189.95601758822),np.float64(0.9745372859837897),1
2018-10-19,np.float64(124097.86826373893),np.float64(0.9745183911858898),1
2018-10-22,np.float64(123594.42893610912),np.float64(0.9744145965074505),1
2018-10-23,np.float64(122933.21872064339),np.float64(0.9742769825221328),1
2018-10-24,np.float64(119294.37309778221),np.float64(0.9734923513016862),1
2018-10-25,np.float64(121396.23338535546),np.float64(0.9739513060201499),1
2018-10-26,np.float64(119298.75197338134),np.float64(0.9734933242682442),1
2018-10-29,np.float64(118628.78400671735),np.float64(0.9733436251560792),1
2018-10-30,np.float64(120463.53288274482),np.float64(0.9737496214988185),1
2018-10-31,np.float64(121693.996926095),np.float64(0.9740150425358943),1
2018-11-01,np.float64(122867.53558665673),np.float64(0.9742632313844097),1
2018-11-02,np.float64(122180.05211759632),np.float64(0.9741184155763987),1
2018-11-05,np.float64(122911.32434264784),np.float64(0.9742724004425656),1
2018-11-06,np.float64(123629.45994090203),np.float64(0.9744218462551466),1
2018-11-07,np.float64(126208.61766877836),np.float64(0.97494455297767),1
2018-11-08,np.float64(125980.91613762459),np.float64(0.9748992670421042),1
2018-11-09,np.float64(124816.13522826108),np.float64(0.9746650276586549),1
2018-11-12,np.float64(122477.59671455588),np.float64(0.9741812917742714),1
2018-11-13,np.float64(122285.14513197499),np.float64(0.9741406584557037),1
2018-11-14,np.float64(121457.537643743),np.float64(0.9739644537909461),1
2018-11-15,np.float64(122709.89606508873),np.float64(0.9742301685914211),1
2018-11-16,np.float64(123025.17510822472),np.float64(0.9742962094467267),1
2018-11-19,np.float64(121006.51345703458),np.float64(0.9738674122291411),1
2018-11-20,np.float64(118830.21228427645),np.float64(0.97338881019419),1
2018-11-21,np.float64(119215.55333699821),np.float64(0.9734748256813216),1
2018-11-23,np.float64(118466.76560955025),np.float64(0.9733071691668886),1
2018-11-26,np.float64(120266.48348078484),np.float64(0.9737066118319921),1
2018-11-27,np.float64(120643.0667823084),np.float64(0.9737886857645325),1
2018-11-28,np.float64(123301.04427096872),np.float64(0.9743537181500893),1
2018-11-29,np.float64(123121.51037140515),np.float64(0.9743163211349298),1
2018-11-30,np.float64(123881.2452878509),np.float64(0.9744738331745548),1
2018-12-03,np.float64(125446.69331453305),np.float64(0.9747923739541468),1
2018-12-04,np.float64(121562.63065812166),np.float64(0.9739869619747299),1
2018-12-06,np.float64(121291.14037097679),np.float64(0.9739287360635761),1
2018-12-07,np.float64(118615.64737992003),np.float64(0.9733406729751837),1
2018-12-10,np.float64(118795.18127948357),np.float64(0.9733809629338247),1
2018-12-11,np.float64(118812.69678188002),np.float64(0.9733848871424333),1
2018-12-12,np.float64(119434.49711695376),np.float64(0.9735234508446496),1
2018-12-13,np.float64(119368.8139829671),np.float64(0.9735088820249751),1
2018-12-14,np.float64(117262.57481979475),np.float64(0.9730330556136844),1
2018-12-17,np.float64(114897.98199627486),np.float64(0.9724780776927474),1
2018-12-18,np.float64(114871.7087426802),np.float64(0.9724717829274644),1
2018-12-19,np.float64(113089.50637384204),np.float64(0.9720379597085852),1
2018-12-20,np.float64(111368.60826339146),np.float64(0.9716058826354118),1
2018-12-21,np.float64(109150.89562620499),np.float64(0.9652703735113731),1
2018-12-24,np.float64(106418.47725235976),np.float64(0.9643786498935913),1
2018-12-26,np.float64(111471.48074995383),np.float64(0.9659933661014117),1
2018-12-27,np.float64(112478.84108152927),np.float64(0.9662979294634669),1
2018-12-28,np.float64(112268.65505277197),np.float64(0.9662348334518183),1
2018-12-31,np.float64(113297.69081856302),np.float64(0.9665415084048994),1
2019-01-02,np.float64(113363.37395254968),np.float64(0.9665608943715464),1
2019-01-03,np.float64(110701.01758829024),np.float64(0.965756684820229),1
2019-01-04,np.float64(114309.21108195765),np.float64(0.9668375820275822),1
2019-01-07,np.float64(115141.19744578871),np.float64(0.9670772067679599),1
2019-01-08,np.float64(116161.47546038157),np.float64(0.9673663766668485),1
2019-01-09,np.float64(116730.72928826598),np.float64(0.9675255191232814),1
2019-01-10,np.float64(117194.89010177174),np.float64(0.9676541372008174),1
2019-01-11,np.float64(117120.44921658686),np.float64(0.9676335784113407),1
2019-01-14,np.float64(116481.13337911668),np.float64(0.9674559327675907),1
2019-01-15,np.float64(117742.24955166061),np.float64(0.967804506450049),1
2019-01-16,np.float64(118061.9074703957),np.float64(0.9678916771953074),1
2019-01-17,np.float64(118955.19809261433),np.float64(0.9681327937174646),1
2019-01-18,np.float64(120452.77354751027),np.float64(0.9685289950214222),1
2019-01-22,np.float64(118928.92483901966),np.float64(0.9681257537547882),1
2019-01-23,np.float64(119108.45873858323),np.float64(0.968173798266359),1
2019-01-24,np.float64(119217.93062856101),np.float64(0.9682030226828223),1
2019-01-25,np.float64(120172.52550916714),np.float64(0.9684556031427664),1
2019-01-28,np.float64(119296.75038934496),np.float64(0.9682240310517647),1
2019-01-29,np.float64(119182.89962376808),np.float64(0.9681936767106376),1
2019-01-30,np.float64(120899.41885861958),np.float64(0.9686452600700244),1
2019-01-31,np.float64(121937.21237560885),np.float64(0.9689121166365496),1
2019-02-01,np.float64(122055.44201678486),np.float64(0.9689422300770832),1
2019-02-04,np.float64(122900.56500741327),np.float64(0.9691557981383686),1
2019-02-05,np.float64(123404.13570131102),np.float64(0.9692816629324934),1
2019-02-06,np.float64(123259.63280654035),np.float64(0.96924565042355),1
2019-02-07,np.float64(122094.85189717688),np.float64(0.9689522549305385),1
2019-02-08,np.float64(122256.87029434397),np.float64(0.9689934003146767),1
2019-02-11,np.float64(122322.55342833063),np.float64(0.9690100498252087),1
2019-02-12,np.float64(123798.234505231),np.float64(0.9693794515636891),1
2019-02-13,np.float64(124187.95443355187),np.float64(0.9694755433142632),1
2019-02-14,np.float64(123973.38952919544),np.float64(0.9694227136130331),1
2019-02-15,np.float64(125252.02120413582),np.float64(0.9697348609662834),1
2019-02-19,np.float64(125470.96498409138),np.float64(0.9697876728972488),1
2019-02-20,np.float64(125711.80314204248),np.float64(0.9698455535498604),1
2019-02-21,np.float64(125287.05220892871),np.float64(0.9697433232791228),1
2019-02-22,np.float64(126031.4610607776),np.float64(0.9699220353069687),1
2019-02-25,np.float64(126219.75271153933),np.float64(0.9699669049054424),1
2019-02-26,np.float64(126110.28082156155),np.float64(0.9699408342341184),1
2019-02-27,np.float64(126040.21881197579),np.float64(0.9699241252377371),1
2019-02-28,np.float64(125808.13840522291),np.float64(0.9698686437614449),1
2019-03-01,np.float64(126578.82051066644),np.float64(0.970052100179921),1
2019-03-04,np.float64(126127.796323958),np.float64(0.9699450085827184),1
2019-03-05,np.float64(125987.67230478645),np.float64(0.9699115812948218),1
2019-03-06,np.float64(125234.50570173937),np.float64(0.9697306280345341),1
2019-03-07,np.float64(124266.77419433589),np.float64(0.9694949043251981),1
2019-03-08,np.float64(123986.52615599279),np.float64(0.9694259533392533),1
2019-03-11,np.float64(125733.69752003803),np.float64(0.9698508044321764),1
2019-03-12,np.float64(126154.06957755267),np.float64(0.9699512679322102),1
2019-03-13,np.float64(126981.67706578464),np.float64(0.9701471115865531),1
2019-03-14,np.float64(126924.7516829962),np.float64(0.9701337226527341),1
2019-03-15,np.float64(127526.02341137374),np.float64(0.9660403642320352),1
2019-03-18,np.float64(127998.94197607774),np.float64(0.9661658351301327),1
2019-03-19,np.float64(128038.35185646973),np.float64(0.9661762492003807),1
2019-03-20,np.float64(127596.08542095953),np.float64(0.9660590112016413),1
2019-03-21,np.float64(128944.77910548568),np.float64(0.9664140158598871),1
2019-03-22,np.float64(126650.24829155156),np.float64(0.9658055363932824),1
2019-03-25,np.float64(126501.3665211818),np.float64(0.9657652923040791),1
2019-03-26,np.float64(127394.65714340043),np.float64(0.9660053458826585),1
2019-03-27,np.float64(126742.2046791329),np.float64(0.9658303458035062),1
2019-03-28,np.float64(127250.15424862975),np.float64(0.965966742189361),1
2019-03-29,np.float64(128012.07860287506),np.float64(0.9661693071993447),1
2019-04-01,np.float64(129452.72867498256),np.float64(0.9665458013105278),1
2019-04-02,np.float64(129562.20056496034),np.float64(0.9665740679989775),1
2019-04-03,np.float64(129763.62884251942),np.float64(0.9666259540934774),1
2019-04-04,np.float64(130083.28676125452),np.float64(0.9667079652289573),1
2019-04-05,np.float64(130670.05609153539),np.float64(0.9668574619501694),1
2019-04-08,np.float64(130792.6646083105),np.float64(0.9668885306453797),1
2019-04-09,np.float64(130148.96989524119),np.float64(0.9667247669384316),1
2019-04-10,np.float64(130569.34195275584),np.float64(0.9668318975862328),1
2019-04-11,np.float64(130543.06869916119),np.float64(0.9668252221344094),1
2019-04-12,np.float64(131375.05506299227),np.float64(0.9670353150077791),1
2019-04-15,np.float64(131309.3719290056),np.float64(0.9670188255235225),1
2019-04-16,np.float64(131392.78950916865),np.float64(0.967039764341977),1
2019-04-17,np.float64(131086.04927345095),np.float64(0.9669626376720446),1
2019-04-18,np.float64(131313.7508046047),np.float64(0.9670199253356844),1
2019-04-22,np.float64(131449.49594817715),np.float64(0.9670539831686036),1
2019-04-23,np.float64(132583.62472834685),np.float64(0.9673358054973943),1
2019-04-24,np.float64(132285.8611876073),np.float64(0.9672622813420296),1
2019-04-25,np.float64(132250.83018281445),np.float64(0.9672536096748829),1
2019-04-26,np.float64(132811.32625950064),np.float64(0.9673918074010844),1
2019-04-29,np.float64(132973.34465666773),np.float64(0.9674315381239073),1
2019-04-30,np.float64(133012.75453705975),np.float64(0.9674411877187267),1
2019-05-01,np.float64(132115.085039242),np.float64(0.9672199635287609),1
2019-05-02,np.float64(131812.94262290336),np.float64(0.9671448249328839),1
2019-05-03,np.float64(133060.92216864997),np.float64(0.9674529739054554),1
2019-05-06,np.float64(132557.35147475218),np.float64(0.9673293313587963),1
2019-05-07,np.float64(130464.24893837718),np.float64(0.9668051796470866),1
2019-05-08,np.float64(130324.12491920564),np.float64(0.9667694886984889),1
2019-05-09,np.float64(129859.96410569988),np.float64(0.9666507122821766),1
2019-05-10,np.float64(130455.49118717894),np.float64(0.9668029512090571),1
2019-05-13,np.float64(127372.98170918482),np.float64(0.9659995609125721),1
2019-05-14,np.float64(128419.31403359238),np.float64(0.9662765890117249),1
2019-05-15,np.float64(129194.375014635),np.float64(0.966478901999436),1
2019-05-16,np.float64(130302.23054121007),np.float64(0.9667639050536626),1
2019-05-17,np.float64(129540.30618696478),np.float64(0.9665684184833045),1
2019-05-20,np.float64(128673.2888183408),np.float64(0.9663431521354733),1
2019-05-21,np.float64(129776.76546931677),np.float64(0.9666293323745141),1
2019-05-22,np.float64(129400.18216779323),np.float64(0.9665322163119404),1
2019-05-23,np.float64(127898.22783729818),np.float64(0.9661391922373121),1
2019-05-24,np.float64(128231.0223828306),np.float64(0.9662270702867993),1
2019-05-28,np.float64(127074.99922466533),np.float64(0.9659198321273993),1
2019-05-29,np.float64(126177.32972684759),np.float64(0.9656773739358527),1
2019-05-30,np.float64(126492.60876998358),np.float64(0.9657629220545029),1
2019-05-31,np.float64(124911.83467870453),np.float64(0.9653296477701522),1
2019-06-03,np.float64(124579.04013317211),np.float64(0.96523703103381),1
2019-06-04,np.float64(127153.81898544932),np.float64(0.9659409576484463),1
2019-06-05,np.float64(128195.99137803772),np.float64(0.9662178414517169),1
2019-06-06,np.float64(129032.3566174679),np.float64(0.9664368115136717),1
2019-06-07,np.float64(130258.44178521895),np.float64(0.9667527321328772),1
2019-06-10,np.float64(130849.80893487889),np.float64(0.966902990984553),1
2019-06-11,np.float64(130840.83223990073),np.float64(0.9669007202732656),1
2019-06-12,np.float64(130573.72082835496),np.float64(0.96683300990036),1
2019-06-13,np.float64(131134.21690504116),np.float64(0.9669747728075941),1
2019-06-14,np.float64(130980.95625907228),np.float64(0.9669361300323592),1
2019-06-17,np.float64(131086.04927345095),np.float64(0.9669626376720446),1
2019-06-18,np.float64(132334.02881919756),np.float64(0.9672741973880042),1
2019-06-19,np.float64(132636.1712355362),np.float64(0.9673487460800065),1
2019-06-20,np.float64(133892.90853248103),np.float64(0.9676552152503535),1
2019-06-21,np.float64(133696.5772661193),np.float64(0.9629187616195267),1
2019-06-24,np.float64(133547.69549574953),np.float64(0.9628774226776822),1
2019-06-25,np.float64(132286.57932320557),np.float64(0.9625235252311897),1
2019-06-26,np.float64(132168.34968202957),np.float64(0.9624900010919),1
2019-06-27,np.float64(132610.6161175398),np.float64(0.9626150997755405),1
2019-06-28,np.float64(133302.47846219933),np.float64(0.9628091337126625),1
2019-07-01,np.float64(134388.43961077882),np.float64(0.9631096642939166),1
2019-07-02,np.float64(134765.02291230235),np.float64(0.9632127495315719),1
2019-07-03,np.float64(135798.43755369255),np.float64(0.9634926974008949),1
2019-07-05,np.float64(135566.35714693964),np.float64(0.9634301993754633),1
2019-07-08,np.float64(134948.935687465),np.float64(0.9632628843865805),1
2019-07-09,np.float64(135110.95408463213),np.float64(0.9633069377250276),1
2019-07-10,np.float64(135715.23891730944),np.float64(0.9634703170269701),1
2019-07-11,np.float64(136026.1390848463),np.float64(0.9635538089545715),1
2019-07-12,np.float64(136608.52953952804),np.float64(0.9637091866154388),1
2019-07-15,np.float64(136691.72817591115),np.float64(0.9637312753418534),1
2019-07-16,np.float64(136227.5673624054),np.float64(0.9636076988802893),1
2019-07-17,np.float64(135351.7922425832),np.float64(0.9633722275108627),1
2019-07-18,np.float64(135829.08968288632),np.float64(0.9635009358905909),1
2019-07-19,np.float64(135124.09071142945),np.float64(0.9633105049872577),1
2019-07-22,np.float64(135364.92886938056),np.float64(0.9633757820901885),1
2019-07-23,np.float64(136315.14487438762),np.float64(0.9636310796072827),1
2019-07-24,np.float64(136936.94520946138),np.float64(0.9637962228186481),1
2019-07-25,np.float64(136310.76599878853),np.float64(0.963629911284466),1
2019-07-26,np.float64(137182.16224301158),np.float64(0.9638609381045028),1
2019-07-29,np.float64(136976.35508985337),np.float64(0.9638066391166108),1
2019-07-30,np.float64(136669.83379791563),np.float64(0.9637254651264971),1
2019-07-31,np.float64(135185.394969817),np.float64(0.9633271430440751),1
2019-08-01,np.float64(134134.4648260304),np.float64(0.9630398148701881),1
2019-08-02,np.float64(133092.292433442),np.float64(0.962750400029832),1
2019-08-05,np.float64(129339.59604500394),np.float64(0.9616696293799053),1
2019-08-06,np.float64(130951.02226547676),np.float64(0.9621413062189945),1
2019-08-07,np.float64(131139.31391623852),np.float64(0.962195664258051),1
2019-08-08,np.float64(133517.04336655574),np.float64(0.9628689002747932),1
2019-08-09,np.float64(132645.64712233268),np.float64(0.9626249729274107),1
2019-08-12,np.float64(131038.59977745896),np.float64(0.9621666084598142),1
2019-08-13,np.float64(133004.7149214598),np.float64(0.9627258728746131),1
2019-08-14,np.float64(129326.45941820659),np.float64(0.9616657358860595),1
2019-08-15,np.float64(129602.32858095059),np.float64(0.961747333504415),1
2019-08-16,np.float64(131423.94083018074),np.float64(0.9622775377078037),1
2019-08-19,np.float64(132960.92616546867),np.float64(0.9627135971805085),1
2019-08-20,np.float64(131953.78477767314),np.float64(0.9624290075452451),1
2019-08-21,np.float64(133000.33604586066),np.float64(0.9627246456689489),1
2019-08-22,np.float64(132965.30504106777),np.float64(0.9627148251137609),1
2019-08-23,np.float64(129703.04271973015),np.float64(0.9617770366191711),1
2019-08-26,np.float64(131047.35752865719),np.float64(0.9621691368238828),1
2019-08-27,np.float64(130499.99807876832),np.float64(0.9620104618755171),1
2019-08-28,np.float64(131437.07745697806),np.float64(0.9622813079217996),1
2019-08-29,np.float64(133074.77693104555),np.float64(0.9627454971814291),1
2019-08-30,np.float64(133019.03384466885),np.float64(0.962729885273054),1
2019-09-03,np.float64(132273.44269640825),np.float64(0.9625198032863104),1
2019-09-04,np.float64(133683.44063932198),np.float64(0.9629151177696418),1
2019-09-05,np.float64(135338.6556157859),np.float64(0.9633686722414874),1
2019-09-06,np.float64(135470.0218837592),np.float64(0.9634041939071049),1
2019-09-09,np.float64(135535.70501774587),np.float64(0.9634219289182196),1
2019-09-10,np.float64(135487.53738615566),np.float64(0.9634089249247443),1
2019-09-11,np.float64(136459.6477691583),np.float64(0.9636695921958929),1
2019-09-12,np.float64(136919.42970706493),np.float64(0.9637915914281483),1
2019-09-13,np.float64(136757.41130989784),np.float64(0.9637486948255833),1
2019-09-16,np.float64(136415.85901316718),np.float64(0.9636579303306677),1
2019-09-17,np.float64(136739.8958075014),np.float64(0.9637440512662263),1
2019-09-18,np.float64(136805.57894148806),np.float64(0.9637614584827807),1
2019-09-19,np.float64(136792.4423146907),np.float64(0.9637579783768075),1
2019-09-20,np.float64(136089.02805831315),np.float64(0.9591186425577893),1
2019-09-23,np.float64(136185.3633214936),np.float64(0.9591475613507662),1
2019-09-24,np.float64(135143.1909289052),np.float64(0.9588325230315027),1
2019-09-25,np.float64(135883.22090515497),np.float64(0.9590567241271222),1
2019-09-26,np.float64(135616.1094936092),np.float64(0.9589760816706135),1
2019-09-27,np.float64(134919.86827335056),np.float64(0.9587643816198874),1
2019-09-30,np.float64(135524.37204980783),np.float64(0.9589483122786929),1
2019-10-01,np.float64(134004.68327313638),np.float64(0.9584827629592984),1
2019-10-02,np.float64(131745.18346399514),np.float64(0.9577707203122503),1
2019-10-03,np.float64(132747.94597619155),np.float64(0.9580897153692097),1
2019-10-04,np.float64(134433.81308184925),np.float64(0.9586152912539374),1
2019-10-07,np.float64(133908.34800995595),np.float64(0.958452894963641),1
2019-10-08,np.float64(131964.1272439507),np.float64(0.9578407835810547),1
2019-10-09,np.float64(133041.33064133197),np.float64(0.9581821365345956),1
2019-10-10,np.float64(133991.54664633906),np.float64(0.9584786925797684),1
2019-10-11,np.float64(135287.69382367586),np.float64(0.9588764946554118),1
2019-10-14,np.float64(135191.35856049543),np.float64(0.9588471906839712),1
2019-10-15,np.float64(136439.33810624204),np.float64(0.9592236060564676),1
2019-10-16,np.float64(136255.42533107937),np.float64(0.9591685675157778),1
2019-10-17,np.float64(136583.84100101268),np.float64(0.959266746642645),1
2019-10-18,np.float64(136093.40693391228),np.float64(0.9591199579365617),1
2019-10-21,np.float64(136942.9088001398),np.float64(0.959373550271708),1
2019-10-22,np.float64(136487.50573783228),np.float64(0.9592379964016527),1
2019-10-23,np.float64(136855.33128815758),np.float64(0.9593475522827778),1
2019-10-24,np.float64(137113.68494850514),np.float64(0.9594241508270717),1
2019-10-25,np.float64(137626.0133936011),np.float64(0.9595751990279359),1
2019-10-28,np.float64(138392.3166234455),np.float64(0.9597990384455172),1
2019-10-29,np.float64(138304.7391114633),np.float64(0.9597735823388439),1
2019-10-30,np.float64(138773.27880056817),np.float64(0.9599093986385498),1
2019-10-31,np.float64(138387.93774784642),np.float64(0.9597977664053923),1
2019-11-01,np.float64(139631.53841799393),np.float64(0.9601558196446971),1
2019-11-04,np.float64(140157.00348988723),np.float64(0.9603052001577903),1
2019-11-05,np.float64(140012.50059511658),np.float64(0.9602642322909202),1
2019-11-06,np.float64(140025.6372219139),np.float64(0.9602679601364865),1
2019-11-07,np.float64(140524.82904021253),np.float64(0.960409101807746),1
2019-11-08,np.float64(140840.10808334852),np.float64(0.9604977284118349),1
2019-11-11,np.float64(140590.51217419922),np.float64(0.9604275984632485),1
2019-11-12,np.float64(140853.24471014584),np.float64(0.9605014125768718),1
2019-11-13,np.float64(140936.44334652895),np.float64(0.9605247296731079),1
2019-11-14,np.float64(141107.2194948943),np.float64(0.9605725049368132),1
2019-11-15,np.float64(142101.22425589248),np.float64(0.9608483021230251),1
2019-11-18,np.float64(142175.66514107736),np.float64(0.9608688013205746),1
2019-11-19,np.float64(142145.0130118836),np.float64(0.960860363074786),1
2019-11-20,np.float64(141663.3366959814),np.float64(0.960727282515203),1
2019-11-21,np.float64(141440.01404042673),np.float64(0.9606652739837485),1
2019-11-22,np.float64(141755.2930835627),np.float64(0.9607527586519443),1
2019-11-25,np.float64(142766.81334695732),np.float64(0.9610308301377133),1
2019-11-26,np.float64(143055.81913649864),np.float64(0.9611095568597146),1
2019-11-27,np.float64(143681.99834717152),np.float64(0.9612790449463813),1
2019-11-29,np.float64(143204.7009068684),np.float64(0.9611499890381873),1
2019-12-02,np.float64(142035.54112190582),np.float64(0.9608301967516713),1
2019-12-03,np.float64(141094.08286809694),np.float64(0.9605688340225008),1
2019-12-04,np.float64(141965.47911232003),np.float64(0.960810865889353),1
2019-12-05,np.float64(142223.83277266755),np.float64(0.960882054072416),1
2019-12-06,np.float64(143423.64468682394),np.float64(0.9612092956348776),1
2019-12-09,np.float64(143012.03038050752),np.float64(0.9610976490214682),1
2019-12-10,np.float64(142876.2852369351),np.float64(0.9610606883375441),1
2019-12-11,np.float64(143204.7009068684),np.float64(0.9611499890381873),1
2019-12-12,np.float64(144408.8916966239),np.float64(0.9614739498748952),1
2019-12-13,np.float64(144500.84808420527),np.float64(0.9614984667994964),1
2019-12-16,np.float64(145464.20071600965),np.float64(0.9617534474280953),1
2019-12-17,np.float64(145490.25502582436),np.float64(0.9617602965983705),1
2019-12-18,np.float64(145494.85284520342),np.float64(0.9617615050208399),1
2019-12-19,np.float64(146068.48554868696),np.float64(0.9619116732872502),1
2019-12-20,np.float64(146751.5866390478),np.float64(0.9574043163066448),1
2019-12-23,np.float64(146931.1205386113),np.float64(0.9574563636140498),1
2019-12-24,np.float64(146917.983911814),np.float64(0.9574525595877562),1
2019-12-26,np.float64(147662.39276366285),np.float64(0.9576670535470752),1
2019-12-27,np.float64(147622.98288327086),np.float64(0.9576557522149671),1
2019-12-30,np.float64(146869.81628022378),np.float64(0.9574386056693353),1
2019-12-31,np.float64(147185.09532335977),np.float64(0.9575297746538688),1
2020-01-02,np.float64(148507.51575429126),np.float64(0.9579079608582418),1
2020-01-03,np.float64(147439.0701081082),np.float64(0.957602932781715),1
2020-01-06,np.float64(148008.32393599264),np.float64(0.9577659958592722),1
2020-01-07,np.float64(147574.81525168064),np.float64(0.9576419312786251),1
2020-01-08,np.float64(148310.46635233128),np.float64(0.9578520362067715),1
2020-01-09,np.float64(149260.68235733832),np.float64(0.9581203564981051),1
2020-01-10,np.float64(148844.6891754228),np.float64(0.9580033106951655),1
2020-01-13,np.float64(149843.0728120201),np.float64(0.9582831288182616),1
2020-01-14,np.float64(149624.12903206455),np.float64(0.9582220848574811),1
2020-01-15,np.float64(149948.16582639876),np.float64(0.9583123665999895),1
2020-01-16,np.float64(151130.4622381587),np.float64(0.9586384897299904),1
2020-01-17,np.float64(151634.03293205646),np.float64(0.9587758496882042),1
2020-01-21,np.float64(151318.75388892047),np.float64(0.9586899574221739),1
2020-01-22,np.float64(151345.02714251514),np.float64(0.9586971287792059),1
2020-01-23,np.float64(151542.07654447513),np.float64(0.9587508346954693),1
2020-01-24,np.float64(150210.8983623454),np.float64(0.9583852820659124),1
2020-01-27,np.float64(147911.98867281218),np.float64(0.9577384887995635),1
2020-01-28,np.float64(149387.66974971254),np.float64(0.958155956402239),1
2020-01-29,np.float64(149273.81898413567),np.float64(0.9581240420556318),1
2020-01-30,np.float64(149711.70654404676),np.float64(0.9582465238672849),1
2020-01-31,np.float64(147141.30656736865),np.float64(0.9575171356582125),1
2020-02-03,np.float64(148179.10008435795),np.float64(0.9578146704736618),1
2020-02-04,np.float64(150342.26463031874),np.float64(0.9584216442306118),1
2020-02-05,np.float64(151997.47960678264),np.float64(0.9588744222460387),1
2020-02-06,np.float64(152474.77704708575),np.float64(0.9590031591648465),1
2020-02-07,np.float64(151734.74707083602),np.float64(0.9588032122724225),1
2020-02-10,np.float64(152833.84484621286),np.float64(0.95909947713306),1
2020-02-11,np.float64(153061.5463773666),np.float64(0.9591603226680896),1
2020-02-12,np.float64(154011.76238237368),np.float64(0.9594122937801646),1
2020-02-13,np.float64(153893.5327411977),np.float64(0.9593811120283583),1
2020-02-14,np.float64(154081.82439195947),np.float64(0.9594307492746621),1
2020-02-18,np.float64(153700.86221483682),np.float64(0.959330194535685),1
2020-02-19,np.float64(154397.10343509543),np.float64(0.9595135917261385),1
2020-02-20,np.float64(153814.7129804137),np.float64(0.9593602975628809),1
2020-02-21,np.float64(152264.5910183284),np.float64(0.9589465671291729),1
2020-02-24,np.float64(147434.6912325091),np.float64(0.9576016735700494),1
2020-02-25,np.float64(143130.25651858305),np.float64(0.9563266054430406),1
2020-02-26,np.float64(142701.12670987018),np.float64(0.9561952711229537),1
2020-02-27,np.float64(136610.1107515069),np.float64(0.9542421557849009),1
2020-02-28,np.float64(135970.7949140367),np.float64(0.9540270087416429),1
2020-03-02,np.float64(141514.4514225111),np.float64(0.9558279447565979),1
2020-03-03,np.float64(137757.37615847396),np.float64(0.9546232344118992),1
2020-03-04,np.float64(143331.68479614216),np.float64(0.9563879809627192),1
2020-03-05,np.float64(138716.34991467925),np.float64(0.9549369330304632),1
2020-03-06,np.float64(136491.8811103309),np.float64(0.9542025202149423),1
2020-03-09,np.float64(127248.07472060775),np.float64(0.9508756090832818),1
2020-03-10,np.float64(132542.13531993286),np.float64(0.9528377587181154),1
2020-03-11,np.float64(126341.6474715918),np.float64(0.9505231703791068),1
2020-03-12,np.float64(118017.40495768195),np.float64(0.9470333704743268),1
2020-03-13,np.float64(124568.20285395188),np.float64(0.9498187818178306),1
2020-03-16,np.float64(111810.34879594222),np.float64(0.9440929732060567),1
2020-03-17,np.float64(117557.6230197753),np.float64(0.9468262116449618),1
2020-03-18,np.float64(109456.7031614201),np.float64(0.9428908053556453),1
2020-03-19,np.float64(111584.83670258801),np.float64(0.9439799855366019),1
2020-03-20,np.float64(107317.8672104004),np.float64(0.9360175416705401),1
2020-03-23,np.float64(104375.26280779787),np.float64(0.9342137132680545),1
2020-03-24,np.float64(112835.25046528016),np.float64(0.939146136172146),1
2020-03-25,np.float64(114932.73187725428),np.float64(0.9402566975078153),1
2020-03-26,np.float64(121124.46197439713),np.float64(0.9433106999620987),1
2020-03-27,np.float64(118089.90118421326),np.float64(0.9418539528110479),1
2020-03-30,np.float64(121400.33113714111),np.float64(0.9434395202840165),1
2020-03-31,np.float64(119561.20338551453),np.float64(0.9425694893296142),1
2020-04-01,np.float64(114604.31620732097),np.float64(0.9400854942114534),1
2020-04-02,np.float64(117183.4739351973),np.float64(0.9414041866467184),1
2020-04-03,np.float64(115440.68144675114),np.float64(0.9405195735095931),1
2020-04-06,np.float64(122792.81357765838),np.float64(0.9440809216212529),1
2020-04-07,np.float64(122985.48410401927),np.float64(0.9441685251164404),1
2020-04-08,np.float64(126847.65238243509),np.float64(0.9458684426725207),1
2020-04-09,np.float64(128695.53788525991),np.float64(0.946645695106245),1
2020-04-13,np.float64(127561.40910509018),np.float64(0.946171330224652),1
2020-04-14,np.float64(131138.9504695638),np.float64(0.9476398053956547),1
2020-04-15,np.float64(128489.73073210169),np.float64(0.9465602353770016),1
2020-04-16,np.float64(129019.5746795941),np.float64(0.9467796961519361),1
2020-04-17,np.float64(132338.7623837202),np.float64(0.9481145142729501),1
2020-04-20,np.float64(130245.65984734516),np.float64(0.9472806926937618),1
2020-04-21,np.float64(126484.2057077089),np.float64(0.9457128980778549),1
2020-04-22,np.float64(129054.605684387),np.float64(0.9467941424454976),1
2020-04-23,np.float64(129041.46905758965),np.float64(0.9467887260045719),1
2020-04-24,np.float64(130740.47279004469),np.float64(0.9474802192445582),1
2020-04-27,np.float64(132583.9794172704),np.float64(0.9482104776385861),1
2020-04-28,np.float64(131966.55795779577),np.float64(0.9479681741112628),1
2020-04-29,np.float64(135233.1991547325),np.float64(0.9492250349047838),1
2020-04-30,np.float64(134129.72250375655),np.float64(0.9488073125134241),1
2020-05-01,np.float64(130714.19953645003),np.float64(0.9474696628893694),1
2020-05-04,np.float64(131046.99408198246),np.float64(0.9476030639626856),1
2020-05-05,np.float64(132167.98623535485),np.float64(0.9480474722935652),1
2020-05-06,np.float64(131375.40975191578),np.float64(0.9477340471876561),1
2020-05-07,np.float64(132846.71195321705),np.float64(0.9483129023982616),1
2020-05-08,np.float64(134952.9511163894),np.float64(0.9491195938288595),1
2020-05-11,np.float64(135001.11874797964),np.float64(0.9491377476684894),1
2020-05-12,np.float64(132343.1412593193),np.float64(0.9481162310229474),1
2020-05-13,np.float64(130127.43020616917),np.float64(0.94723279360918),1
2020-05-14,np.float64(131681.93104385358),np.float64(0.9478557087341827),1
2020-05-15,np.float64(132229.29049374242),np.float64(0.9480715585695372),1
2020-05-18,np.float64(136017.01788697336),np.float64(0.9495176333559833),1
2020-05-19,np.float64(134821.58484841607),np.float64(0.949070017426986),1
2020-05-20,np.float64(136932.20288718754),np.float64(0.9498550317455058),1
2020-05-21,np.float64(135968.85025538312),np.float64(0.9494997497301841),1
2020-05-22,np.float64(136253.47716932537),np.float64(0.9496052423068597),1
2020-05-26,np.float64(137882.4188921946),np.float64(0.9502006055451885),1
2020-05-27,np.float64(139787.22977780786),np.float64(0.9508791970646372),1
2020-05-28,np.float64(139577.04374905053),np.float64(0.9508052271178534),1
2020-05-29,np.float64(140198.84408412428),np.float64(0.9510234124136155),1
2020-06-01,np.float64(140619.21614163893),np.float64(0.9511698247565274),1
2020-06-02,np.float64(141770.8604242051),np.float64(0.9515664859037306),1
2020-06-03,np.float64(143526.78953944857),np.float64(0.952159029064684),1
2020-06-04,np.float64(143198.37386951526),np.float64(0.9520493090720932),1
2020-06-05,np.float64(146727.74760239865),np.float64(0.9532027099236701),1
2020-06-08,np.float64(148369.82595206526),np.float64(0.9537206374494611),1
2020-06-09,np.float64(147402.09444466175),np.float64(0.953416801893722),1
2020-06-10,np.float64(146565.72920523156),np.float64(0.953150978717671),1
2020-06-11,np.float64(138534.87135646216),np.float64(0.9504351438770389),1
2020-06-12,np.float64(140150.67645253407),np.float64(0.951006579913858),1
2020-06-15,np.float64(141346.10949109137),np.float64(0.9514209411810606),1
2020-06-16,np.float64(143815.79532898992),np.float64(0.9522551681399918),1
2020-06-17,np.float64(143338.49788868683),np.float64(0.9520961844310082),1
2020-06-18,np.float64(143382.28664467792),np.float64(0.9521108141913509),1
2020-06-19,np.float64(142570.5490336035),np.float64(0.9476419123778793),1
2020-06-22,np.float64(143503.24953621413),np.float64(0.947982214181488),1
2020-06-23,np.float64(144085.6399908959),np.float64(0.9481924687352125),1
2020-06-24,np.float64(140674.49589918848),np.float64(0.94693621433707),1
2020-06-25,np.float64(142010.0529569173),np.float64(0.9474352614958893),1
2020-06-26,np.float64(138870.39915235477),np.float64(0.9462468507025337),1
2020-06-29,np.float64(140827.75654515738),np.float64(0.9469939628254913),1
2020-06-30,np.float64(142745.70405756796),np.float64(0.9477061579686852),1
2020-07-01,np.float64(143459.46078022302),np.float64(0.9479663365661811),1
2020-07-02,np.float64(144168.83862727898),np.float64(0.9482223664301418),1
2020-07-06,np.float64(146279.45666605045),np.float64(0.9489694488291893),1
2020-07-07,np.float64(144860.70097193852),np.float64(0.948469659137703),1
2020-07-08,np.float64(145907.25224012605),np.float64(0.9488392716329807),1
2020-07-09,np.float64(145224.14764666473),np.float64(0.9485986220638927),1
2020-07-10,np.float64(146555.32582879445),np.float64(0.9490655064466539),1
2020-07-13,np.float64(145316.10403424606),np.float64(0.9486311489821109),1
2020-07-14,np.float64(147120.20078107977),np.float64(0.9492610718378298),1
2020-07-15,np.float64(148455.75783880858),np.float64(0.9497175360032828),1
2020-07-16,np.float64(147965.32377170818),np.float64(0.9495508737563918),1
2020-07-17,np.float64(148333.14932203348),np.float64(0.949675973760732),1
2020-07-20,np.float64(149458.52035100496),np.float64(0.9500548962942742),1
2020-07-21,np.float64(149734.38951374896),np.float64(0.9501469146608446),1
2020-07-22,np.float64(150575.13362877828),np.float64(0.950425271963972),1
2020-07-23,np.float64(148880.50877192232),np.float64(0.9498609901308783),1
2020-07-24,np.float64(147987.21814970372),np.float64(0.949558337591805),1
2020-07-27,np.float64(149020.63279109387),np.float64(0.949908135814322),1
2020-07-28,np.float64(148157.99429806904),np.float64(0.9496164797991427),1
2020-07-29,np.float64(149782.55714533917),np.float64(0.9501629466013723),1
2020-07-30,np.float64(149331.53295863076),np.float64(0.9500124243638266),1
2020-07-31,np.float64(150391.2208536156),np.float64(0.9503646472429325),1
2020-08-03,np.float64(151385.2256146138),np.float64(0.9506905560411922),1
2020-08-04,np.float64(151967.61606929553),np.float64(0.95087952623254),1
2020-08-05,np.float64(152856.52781591503),np.float64(0.9511651781883661),1
2020-08-06,np.float64(153859.29032811144),np.float64(0.9514834542476023),1
2020-08-07,np.float64(153968.76221808922),np.float64(0.9515179495431557),1
2020-08-10,np.float64(154402.27090240121),np.float64(0.9516540705327206),1
2020-08-11,np.float64(153202.45898824482),np.float64(0.951275447222371),1
2020-08-12,np.float64(155168.57413224562),np.float64(0.9518928279106741),1
2020-08-13,np.float64(154949.63035229009),np.float64(0.9518248524913313),1
2020-08-14,np.float64(154967.14585468653),np.float64(0.9518302975933043),1
2020-08-17,np.float64(155435.6855437914),np.float64(0.951975498595963),1
2020-08-18,np.float64(155731.25964673137),np.float64(0.952066647919187),1
2020-08-19,np.float64(155089.75437146163),np.float64(0.9518683788694627),1
2020-08-20,np.float64(155606.4616921567),np.float64(0.9520282048864843),1
2020-08-21,np.float64(156105.65351045536),np.float64(0.952181608220004),1
2020-08-24,np.float64(157616.36559214862),np.float64(0.952639935132427),1
2020-08-25,np.float64(158163.72504203746),np.float64(0.95280383478164),1
2020-08-26,np.float64(159678.81599932988),np.float64(0.9532516492440263),1
2020-08-27,np.float64(159998.47391806496),np.float64(0.9533450468880226),1
2020-08-28,np.float64(160974.9631766667),np.float64(0.9536280602192597),1
2020-08-31,np.float64(160646.81023926934),np.float64(0.9535333363450091),1
2020-09-01,np.float64(161898.9059280791),np.float64(0.9538927007823552),1
2020-09-02,np.float64(164132.13248362567),np.float64(0.9545200492695727),1
2020-09-03,np.float64(158768.00987471477),np.float64(0.9529834674848809),1
2020-09-04,np.float64(157375.52743419752),np.float64(0.9525674581026808),1
2020-09-08,np.float64(153399.5083902048),np.float64(0.9513380363667976),1
2020-09-09,np.float64(156245.7775296269),np.float64(0.9522244926124814),1
2020-09-10,np.float64(153776.09169172833),np.float64(0.9514572049756627),1
2020-09-11,np.float64(153758.57618933188),np.float64(0.951451675193431),1
2020-09-14,np.float64(155663.38707494515),np.float64(0.9520457479507283),1
2020-09-15,np.float64(156399.03817559578),np.float64(0.9522713094293181),1
2020-09-16,np.float64(155856.05760130603),np.float64(0.9521050293872394),1
2020-09-17,np.float64(154538.01604597364),np.float64(0.9516965372687677),1
2020-09-18,np.float64(152891.21901996143),np.float64(0.9473406590661138),1
2020-09-21,np.float64(151292.92942628596),np.float64(0.9467843549682051),1
2020-09-22,np.float64(152685.41186680325),np.float64(0.9472696786829043),1
2020-09-23,np.float64(149287.40440189317),np.float64(0.946069456693779),1
2020-09-24,np.float64(149672.74545461492),np.float64(0.946208303965327),1
2020-09-25,np.float64(151993.5495221437),np.float64(0.9470296545249332),1
2020-09-28,np.float64(154415.06772845204),np.float64(0.9478603290041095),1
2020-09-29,np.float64(153618.11236941387),np.float64(0.9475898336206047),1
2020-09-30,np.float64(154445.7198576458),np.float64(0.9478706769239674),1
2020-10-01,np.float64(155606.12189141024),np.float64(0.948259421092776),1
2020-10-02,np.float64(154253.04933128494),np.float64(0.9478055645377979),1
2020-10-05,np.float64(156810.31268116573),np.float64(0.9486567516478357),1
2020-10-06,np.float64(154721.5890203898),np.float64(0.9479636236988969),1
2020-10-07,np.float64(157261.33686787414),np.float64(0.948804003650726),1
2020-10-08,np.float64(158531.2107916163),np.float64(0.9492140961520026),1
2020-10-09,np.float64(159879.90447614246),np.float64(0.9496425091411596),1
2020-10-12,np.float64(162345.2114384419),np.float64(0.9504072170849187),1
2020-10-13,np.float64(161386.23768223662),np.float64(0.9501125316272504),1
2020-10-14,np.float64(160405.3695480358),np.float64(0.9498074730861263),1
2020-10-15,np.float64(160234.59339967047),np.float64(0.9497539784802412),1
2020-10-16,np.float64(160138.25813649),np.float64(0.9497237517014365),1
2020-10-19,np.float64(157865.62170055145),np.float64(0.9489999738927231),1
2020-10-20,np.float64(158377.95014564742),np.float64(0.949164951176817),1
2020-10-21,np.float64(158093.3232317052),np.float64(0.949073429139258),1
2020-10-22,np.float64(158964.7194759283),np.float64(0.9493525931117766),1
2020-10-23,np.float64(159393.84928464115),np.float64(0.9494889491388585),1
2020-10-26,np.float64(156674.56753759328),np.float64(0.9486122671043097),1
2020-10-27,np.float64(156201.6489728893),np.float64(0.9484566847974377),1
2020-10-28,np.float64(151109.0166511233),np.float64(0.946719586914142),1
2020-10-29,np.float64(152589.0766036228),np.float64(0.9472363880339618),1
2020-10-30,np.float64(151104.6377755242),np.float64(0.9467180428960087),1
2020-11-02,np.float64(152637.244235213),np.float64(0.9472530386111868),1
2020-11-03,np.float64(155146.33995350357),np.float64(0.9481060859664333),1
2020-11-04,np.float64(158535.58966721542),np.float64(0.9492154988979451),1
2020-11-05,np.float64(161394.99543343484),np.float64(0.9501152386630835),1
2020-11-06,np.float64(161390.61655783575),np.float64(0.9501138851818908),1
2020-11-09,np.float64(163334.83732384097),np.float64(0.9507076937162722),1
2020-11-10,np.float64(163098.378041489),np.float64(0.9506362299561215),1
2020-11-11,np.float64(164254.40119965427),np.float64(0.9509836523748103),1
2020-11-12,np.float64(162774.34124715478),np.float64(0.9505379609188843),1
2020-11-13,np.float64(164858.68603233158),np.float64(0.9511633204052672),1
2020-11-16,np.float64(166820.42230073325),np.float64(0.9517376187092038),1
2020-11-17,np.float64(166049.74019528975),np.float64(0.9515136198424596),1
2020-11-18,np.float64(164048.59404649606),np.float64(0.9509221589190353),1
2020-11-19,np.float64(164797.381773944),np.float64(0.9511451532694035),1
2020-11-20,np.float64(163654.4952425761),np.float64(0.9508039738460233),1
2020-11-23,np.float64(164609.09012318225),np.float64(0.9510892696014255),1
2020-11-24,np.float64(167065.63933428348),np.float64(0.9518084576801578),1
2020-11-25,np.float64(166781.01242034129),np.float64(0.9517262144453341),1
2020-11-27,np.float64(167315.2352434328),np.float64(0.9518803483947189),1
2020-11-30,np.float64(166658.40390356616),np.float64(0.9516907000211745),1
2020-12-01,np.float64(168247.93574604343),np.float64(0.952147104851722),1
2020-12-02,np.float64(168677.0655547563),np.float64(0.9522688469728207),1
2020-12-03,np.float64(168611.38242076963),np.float64(0.9522502531408111),1
2020-12-04,np.float64(169973.21273209312),np.float64(0.9526328254978647),1
2020-12-07,np.float64(169701.72244494827),np.float64(0.9525570470813491),1
2020-12-08,np.float64(170152.7466316567),np.float64(0.9526828042006362),1
2020-12-09,np.float64(168655.17117676075),np.float64(0.9522626506380196),1
2020-12-10,np.float64(168698.95993275187),np.float64(0.952275041699255),1
2020-12-11,np.float64(168379.30201401675),np.float64(0.9521844387530517),1
2020-12-14,np.float64(167836.32143972698),np.float64(0.9520297468443925),1
2020-12-15,np.float64(169876.8774689127),np.float64(0.9526059641068987),1
2020-12-16,np.float64(170095.82124886825),np.float64(0.9526669687176503),1
2020-12-17,np.float64(171028.52175147887),np.float64(0.9529250984238247),1
2020-12-18,np.float64(170389.20591400863),np.float64(0.948687986859675),1
2020-12-21,np.float64(169732.374574142),np.float64(0.9484894193298989),1
2020-12-22,np.float64(169579.11392817314),np.float64(0.9484428655728657),1
2020-12-23,np.float64(169662.31256455625),np.float64(0.9484681480484805),1
2020-12-24,np.float64(170336.65940681932),np.float64(0.9486721578122066),1
2020-12-28,np.float64(171733.52072293573),np.float64(0.949089652759553),1
2020-12-29,np.float64(171470.78818698906),np.float64(0.9490116464426881),1
2020-12-30,np.float64(171650.3220865526),np.float64(0.9490649765957294),1
2020-12-31,np.float64(172622.43246955524),np.float64(0.9493518133897741),1
2021-01-04,np.float64(170310.38615322468),np.float64(0.9486642396256254),1
2021-01-05,np.float64(171374.4529238086),np.float64(0.9489829841982562),1
2021-01-06,np.float64(172254.60691922993),np.float64(0.9492436612918647),1
2021-01-07,np.float64(174759.32376192135),np.float64(0.9499711203692917),1
2021-01-08,np.float64(175705.16089132932),np.float64(0.950240430454763),1
2021-01-11,np.float64(174571.03211115958),np.float64(0.949917159410148),1
2021-01-12,np.float64(174553.51660876314),np.float64(0.9499121338676587),1
2021-01-13,np.float64(175008.91967107067),np.float64(0.9500424710394096),1
2021-01-14,np.float64(174518.48560397024),np.float64(0.9499020797563565),1
2021-01-15,np.float64(173244.232804629),np.float64(0.949533597561722),1
2021-01-19,np.float64(174544.7588575649),np.float64(0.9499096207181805),1
2021-01-20,np.float64(176804.25866670616),np.float64(0.9505497591587395),1
2021-01-21,np.float64(176957.51931267502),np.float64(0.9505925873803606),1
2021-01-22,np.float64(176375.1288579933),np.float64(0.9504294441657446),1
2021-01-25,np.float64(177128.29546104037),np.float64(0.9506402229521134),1
2021-01-26,np.float64(176782.36428871058),np.float64(0.9505436347793688),1
2021-01-27,np.float64(172797.58749351965),np.float64(0.9494031525575725),1
2021-01-28,np.float64(174054.32479046448),np.float64(0.9497684807122464),1
2021-01-29,np.float64(170822.71459832063),np.float64(0.9488182049243988),1
2021-02-01,np.float64(173397.49345059786),np.float64(0.9495782032436352),1
2021-02-02,np.float64(175687.64538893287),np.float64(0.9502354695831111),1
2021-02-03,np.float64(175945.9990492804),np.float64(0.9503085422796097),1
2021-02-04,np.float64(177815.7789301008),np.float64(0.9508310610822338),1
2021-02-05,np.float64(178481.36802116563),np.float64(0.9510144208901832),1
2021-02-08,np.float64(179746.8630693087),np.float64(0.9513593003875794),1
2021-02-09,np.float64(179654.90668172736),np.float64(0.9513344036390942),1
2021-02-10,np.float64(179593.60242333982),np.float64(0.9513177916425997),1
2021-02-11,np.float64(179830.0617056918),np.float64(0.9513818040771299),1
2021-02-12,np.float64(180714.5945767122),np.float64(0.9516197726403454),1
2021-02-16,np.float64(180561.3339307433),np.float64(0.9515787074535977),1
2021-02-17,np.float64(180591.9860599371),np.float64(0.9515869260669884),1
2021-02-18,np.float64(179878.229337282),np.float64(0.9513948230142099),1
2021-02-19,np.float64(179541.05591615048),np.float64(0.9513035437593041),1
2021-02-22,np.float64(178240.52986321453),np.float64(0.9509482316982635),1
2021-02-23,np.float64(178433.20038957542),np.float64(0.9510011973458952),1
2021-02-24,np.float64(180324.87464839133),np.float64(0.9515152128075685),1
2021-02-25,np.float64(176178.0794560333),np.float64(0.9503740011253157),1
2021-02-26,np.float64(175144.6648146431),np.float64(0.9500811904143244),1
2021-03-01,np.float64(179269.5656290056),np.float64(0.9512297966352938),1
2021-03-02,np.float64(178012.82833206077),np.float64(0.950885488114822),1
2021-03-03,np.float64(175753.32852291953),np.float64(0.9502540677533229),1
2021-03-04,np.float64(173686.45545138317),np.float64(0.9496620899418584),1
2021-03-05,np.float64(176699.1656523275),np.float64(0.9505203482962005),1
2021-03-08,np.float64(175893.45254209108),np.float64(0.9502936974260769),1
2021-03-09,np.float64(178262.42424121007),np.float64(0.9509542562879162),1
2021-03-10,np.float64(179252.05012660916),np.float64(0.9512250310852579),1
2021-03-11,np.float64(181034.2524954473),np.float64(0.9517051991415325),1
2021-03-12,np.float64(181270.7117777993),np.float64(0.9517681974816412),1
2021-03-15,np.float64(182356.67292637881),np.float64(0.9520554250495737),1
2021-03-16,np.float64(182085.1826392339),np.float64(0.9519839393513325),1
2021-03-17,np.float64(182676.33084511387),np.float64(0.9521393213210413),1
2021-03-18,np.float64(180189.12950481888),np.float64(0.9514786868838537),1
2021-03-19,np.float64(179890.39735679684),np.float64(0.9482877308688019),1
2021-03-22,np.float64(181195.3022853319),np.float64(0.9486601444689557),1
2021-03-23,np.float64(179916.6706103915),np.float64(0.9482952824178398),1
2021-03-24,np.float64(179040.89549056932),np.float64(0.9480423697795746),1
2021-03-25,np.float64(179956.08049078353),np.float64(0.948306605606976),1
2021-03-26,np.float64(182666.60448663318),np.float64(0.9490736652801056),1
2021-03-29,np.float64(182600.9213526465),np.float64(0.9490553466361357),1
2021-03-30,np.float64(182132.38166354163),np.float64(0.9489242903581105),1
2021-03-31,np.float64(182850.51726179582),np.float64(0.9491248874679751),1
2021-04-01,np.float64(184724.6760182153),np.float64(0.9496410504392194),1
2021-04-05,np.float64(187242.52948770407),np.float64(0.9503182280880065),1
2021-04-06,np.float64(187137.43647332542),np.float64(0.9502903276995631),1
2021-04-07,np.float64(187343.2436264836),np.float64(0.9503449365871992),1
2021-04-08,np.float64(188188.366617112),np.float64(0.9505679293069174),1
2021-04-09,np.float64(189488.89267004796),np.float64(0.9509071982470703),1
2021-04-12,np.float64(189554.57580403463),np.float64(0.9509242095434827),1
2021-04-13,np.float64(190088.79862712618),np.float64(0.9510621314384732),1
2021-04-14,np.float64(189471.37716765152),np.float64(0.9509026599094089),1
2021-04-15,np.float64(191406.84018245855),np.float64(0.9513991211945968),1
2021-04-16,np.float64(192015.50389073498),np.float64(0.9515531795415522),1
2021-04-19,np.float64(191117.83439291723),np.float64(0.9513256276067473),1
2021-04-20,np.float64(189786.65621078754),np.float64(0.9509842218206273),1
2021-04-21,np.float64(191494.41769444078),np.float64(0.9514213481821883),1
2021-04-22,np.float64(189830.44496677862),np.float64(0.9509955284366487),1
2021-04-23,np.float64(191787.8023595812),np.float64(0.9514956606844497),1
2021-04-26,np.float64(192168.76453670385),np.float64(0.9515918174076824),1
2021-04-27,np.float64(192129.35465631186),np.float64(0.951581887843877),1
2021-04-28,np.float64(192076.80814912252),np.float64(0.9515686420871247),1
2021-04-29,np.float64(193241.58905848602),np.float64(0.9518605664155589),1
2021-04-30,np.float64(192033.01939313143),np.float64(0.9515575984191104),1
2021-05-03,np.float64(192427.1181970514),np.float64(0.9516568104880793),1
2021-05-04,np.float64(191297.3682924808),np.float64(0.9513713088409566),1
2021-05-05,np.float64(191354.29367526923),np.float64(0.9513857752362779),1
2021-05-06,np.float64(192808.08037417405),np.float64(0.9517523299636622),1
2021-05-07,np.float64(194143.63743190287),np.float64(0.9520842363659959),1
2021-05-10,np.float64(192313.26743147452),np.float64(0.9516281909902679),1
2021-05-11,np.float64(190679.94683300614),np.float64(0.9512138491921239),1
2021-05-12,np.float64(186826.53630578856),np.float64(0.9502076052675574),1
2021-05-13,np.float64(188959.04872255554),np.float64(0.9507695413100246),1
2021-05-14,np.float64(191717.7403499954),np.float64(0.9514779350870173),1
2021-05-17,np.float64(191236.06403409323),np.float64(0.9513557200143253),1
2021-05-18,np.float64(189720.97307680084),np.float64(0.9509672521104607),1
2021-05-19,np.float64(189177.99250251107),np.float64(0.950826517824956),1
2021-05-20,np.float64(191091.56113932256),np.float64(0.9513189353482205),1
2021-05-21,np.float64(191017.1202541377),np.float64(0.9512999639516273),1
2021-05-24,np.float64(192851.86913016517),np.float64(0.9517632850322332),1
2021-05-25,np.float64(192484.04357983984),np.float64(0.9516711075410557),1
2021-05-26,np.float64(192794.94374737673),np.float64(0.9517490424727002),1
2021-05-27,np.float64(192856.24800576427),np.float64(0.9517643802654774),1
2021-05-28,np.float64(193298.51444127446),np.float64(0.9518747432223075),1
2021-06-01,np.float64(193070.8129101207),np.float64(0.9518179858362983),1
2021-06-02,np.float64(193386.0919532567),np.float64(0.9518965373969016),1
2021-06-03,np.float64(192702.98735979537),np.float64(0.9517260174858416),1
2021-06-04,np.float64(194283.76145107442),np.float64(0.9521187948351749),1
2021-06-07,np.float64(194204.94169029043),np.float64(0.9520993618325732),1
2021-06-08,np.float64(194222.45719268688),np.float64(0.952103681640667),1
2021-06-09,np.float64(193946.58802994288),np.float64(0.9520355540320377),1
2021-06-10,np.float64(194796.08989617042),np.float64(0.9522447260250899),1
2021-06-11,np.float64(195102.61118810816),np.float64(0.952319753254026),1
2021-06-14,np.float64(195518.6043700237),np.float64(0.9524211996489728),1
2021-06-15,np.float64(195177.05207329307),np.float64(0.9523379385874753),1
2021-06-16,np.float64(194139.25855630377),np.float64(0.9520831556099977),1
2021-06-17,np.float64(194077.95429791624),np.float64(0.9520680199052741),1
2021-06-18,np.float64(191593.3255470357),np.float64(0.9483018567559972),1
2021-06-21,np.float64(194194.37765290757),np.float64(0.9489943050440461),1
2021-06-22,np.float64(195179.62466270753),np.float64(0.9492517766347666),1
2021-06-23,np.float64(194956.30200715287),np.float64(0.9491936444898196),1
2021-06-24,np.float64(196051.02090693061),np.float64(0.9494773394042787),1
2021-06-25,np.float64(196712.23112239636),np.float64(0.9496471615811093),1
2021-06-28,np.float64(197088.8144239199),np.float64(0.9497433722067011),1
2021-06-29,np.float64(197189.52856269944),np.float64(0.9497690406741043),1
2021-06-30,np.float64(197347.16808426744),np.float64(0.9498091648090129),1
2021-07-01,np.float64(198384.9616012567),np.float64(0.9500717236388407),1
2021-07-02,np.float64(199825.6116733642),np.float64(0.9504316833774227),1
2021-07-06,np.float64(199479.68050103445),np.float64(0.9503457236153227),1
2021-07-07,np.float64(200149.6484676984),np.float64(0.9505119331232598),1
2021-07-08,np.float64(198599.52650561315),np.float64(0.950125665639764),1
2021-07-09,np.float64(200613.80928120416),np.float64(0.9506264338222029),1
2021-07-12,np.float64(201296.91387466548),np.float64(0.9507939838814781),1
2021-07-13,np.float64(200644.46141039795),np.float64(0.9506339765418902),1
2021-07-14,np.float64(200929.08832434018),np.float64(0.9507039061823801),1
2021-07-15,np.float64(200276.63586007262),np.float64(0.9505433115241367),1
2021-07-16,np.float64(198783.4392807758),np.float64(0.9501718089567062),1
2021-07-19,np.float64(195994.09552414218),np.float64(0.9494626653816445),1
2021-07-20,np.float64(198660.8307640007),np.float64(0.9501410562382466),1
2021-07-21,np.float64(200189.05834809042),np.float64(0.9505216755078463),1
2021-07-22,np.float64(200587.5360276095),np.float64(0.9506199667991229),1
2021-07-23,np.float64(202549.2722960112),np.float64(0.9510982237731763),1
2021-07-26,np.float64(203022.19086071517),np.float64(0.9512121352511612),1
2021-07-27,np.float64(202142.0368652939),np.float64(0.9509997062346505),1
2021-07-28,np.float64(202063.21710450988),np.float64(0.9509805924568523),1
2021-07-29,np.float64(202860.17246354808),np.float64(0.9511731698320165),1
2021-07-30,np.float64(201923.09308533833),np.float64(0.9509465755631062),1
2021-08-02,np.float64(201520.23653022014),np.float64(0.9508485134829616),1
2021-08-03,np.float64(203079.1162435036),np.float64(0.9512258110437667),1
2021-08-04,np.float64(202128.90023849657),np.float64(0.9509965216402091),1
2021-08-05,np.float64(203346.22765504938),np.float64(0.9512898798126312),1
2021-08-06,np.float64(203665.8855737845),np.float64(0.9513663313773917),1
2021-08-09,np.float64(203508.24605221648),np.float64(0.9513286592515565),1
2021-08-10,np.float64(203749.08421016758),np.float64(0.9513861903864634),1
2021-08-11,np.float64(204230.7605260698),np.float64(0.9515008455963657),1
2021-08-12,np.float64(204813.15098075155),np.float64(0.9516387539506368),1
2021-08-13,np.float64(205167.83990427954),np.float64(0.9517223596381057),1
2021-08-16,np.float64(205627.6218421862),np.float64(0.9518303081075005),1
2021-08-17,np.float64(204344.6112916467),np.float64(0.9515278669394968),1
2021-08-18,np.float64(202216.47775047878),np.float64(0.951017744454299),1
2021-08-19,np.float64(202514.24129121832),np.float64(0.9510897647218699),1
2021-08-20,np.float64(204046.84775090715),np.float64(0.9514571320365743),1
2021-08-23,np.float64(205754.6092345604),np.float64(0.9518600374223755),1
2021-08-24,np.float64(206065.5094020973),np.float64(0.9519326683176379),1
2021-08-25,np.float64(206477.1237084137),np.float64(0.9520284910462364),1
2021-08-26,np.float64(205316.7216746493),np.float64(0.9517573673106797),1
2021-08-27,np.float64(207063.89303869454),np.float64(0.9521644307785011),1
2021-08-30,np.float64(207930.91040731853),np.float64(0.9523638925577614),1
2021-08-31,np.float64(207637.52574217808),np.float64(0.952296584380299),1
2021-09-01,np.float64(207742.61875655677),np.float64(0.9523207166251586),1
2021-09-02,np.float64(208351.28246483317),np.float64(0.9524600037420103),1
2021-09-03,np.float64(208303.11483324293),np.float64(0.9524490106801573),1
2021-09-07,np.float64(207593.73698618697),np.float64(0.9522865220669707),1
2021-09-08,np.float64(207352.8988282359),np.float64(0.9522311033764207),1
2021-09-09,np.float64(206507.77583760748),np.float64(0.9520356114991304),1
2021-09-10,np.float64(204957.6538755222),np.float64(0.9516728504574844),1
2021-09-13,np.float64(205456.84569382085),np.float64(0.951790269361546),1
2021-09-14,np.float64(204401.53667443513),np.float64(0.9515413663229845),1
2021-09-15,np.float64(206026.09952170527),np.float64(0.9519234737165813),1
2021-09-16,np.float64(205715.1993541684),np.float64(0.951850815011133),1
2021-09-17,np.float64(203813.94280187893),np.float64(0.9483333980376442),1
2021-09-20,np.float64(200591.0903609333),np.float64(0.9475032822336464),1
2021-09-21,np.float64(200411.55646136976),np.float64(0.9474562543046123),1
2021-09-22,np.float64(202263.82083979368),np.float64(0.9479374323425651),1
2021-09-23,np.float64(204593.38265852068),np.float64(0.9485302324039536),1
2021-09-24,np.float64(204913.0405772558),np.float64(0.9486105236276902),1
2021-09-27,np.float64(204356.92337616868),np.float64(0.9484706772682258),1
2021-09-28,np.float64(200450.96634176176),np.float64(0.9474665847249191),1
2021-09-29,np.float64(200770.62426049684),np.float64(0.9475502260556801),1
2021-09-30,np.float64(198445.44131736894),np.float64(0.9469356726603657),1
2021-10-01,np.float64(200678.66787291554),np.float64(0.947526192152164),1
2021-10-04,np.float64(198226.4975374134),np.float64(0.946877062411217),1
2021-10-05,np.float64(200179.47605461688),np.float64(0.9473953371011424),1
2021-10-06,np.float64(200967.67366245683),np.float64(0.9476016532150849),1
2021-10-07,np.float64(202614.13088772257),np.float64(0.9480274460079076),1
2021-10-08,np.float64(202263.82083979368),np.float64(0.9479374323425651),1
2021-10-11,np.float64(200875.71727487553),np.float64(0.947577666429868),1
2021-10-12,np.float64(200407.17758577064),np.float64(0.9474551062293354),1
2021-10-13,np.float64(201090.28217923196),np.float64(0.9476336014699243),1
2021-10-14,np.float64(204295.61911778114),np.float64(0.9484552145435284),1
2021-10-15,np.float64(205771.30019468153),np.float64(0.948824866017952),1
2021-10-18,np.float64(206349.31177376414),np.float64(0.9489682143031896),1
2021-10-19,np.float64(207860.02385545743),np.float64(0.9493391097441338),1
2021-10-20,np.float64(208635.08483650006),np.float64(0.9495273104934612),1
2021-10-21,np.float64(209151.79215719513),np.float64(0.9496520027463662),1
2021-10-22,np.float64(208945.98500403695),np.float64(0.949602411087633),1
2021-10-25,np.float64(210010.0517746209),np.float64(0.9498577626730741),1
2021-10-26,np.float64(210189.58567418443),np.float64(0.9499005917760064),1
2021-10-27,np.float64(209305.05280316403),np.float64(0.9496888693507743),1
2021-10-28,np.float64(211223.0003155746),np.float64(0.9501457045805131),1
2021-10-29,np.float64(211630.23574629193),np.float64(0.9502416381100329),1
2021-11-01,np.float64(211976.1669186217),np.float64(0.9503228404862812),1
2021-11-02,np.float64(212790.6377800563),np.float64(0.950512983245027),1
2021-11-03,np.float64(214025.4806990056),np.float64(0.9507985038850004),1
2021-11-04,np.float64(214984.4544552109),np.float64(0.9510179753052009),1
2021-11-05,np.float64(215693.83230226685),np.float64(0.95117906828988),1
2021-11-08,np.float64(215868.9873262313),np.float64(0.9512186813513465),1
2021-11-09,np.float64(215190.2616083691),np.float64(0.9510648215285523),1
2021-11-10,np.float64(213543.8043831034),np.float64(0.9506875233980974),1
2021-11-11,np.float64(213609.48751709005),np.float64(0.9507026865729428),1
2021-11-12,np.float64(215142.09397677888),np.float64(0.9510538655524119),1
2021-11-15,np.float64(215212.15598636467),np.float64(0.9510697998964788),1
2021-11-16,np.float64(216022.24797220016),np.float64(0.9512532900848333),1
2021-11-17,np.float64(215523.05615390153),np.float64(0.9511403835624738),1
2021-11-18,np.float64(216219.29737416017),np.float64(0.9512977149356813),1
2021-11-19,np.float64(215851.47182383484),np.float64(0.9512147229382002),1
2021-11-22,np.float64(215273.4602447522),np.float64(0.951083733939378),1
2021-11-23,np.float64(215544.95053189708),np.float64(0.9511453465686048),1
2021-11-24,np.float64(216092.30998178595),np.float64(0.9512690948696386),1
2021-11-26,np.float64(211507.62722951683),np.float64(0.9502127937651343),1
2021-11-29,np.float64(213972.93419181628),np.float64(0.9507864212037066),1
2021-11-30,np.float64(210014.43065022),np.float64(0.9498588081565622),1
2021-12-01,np.float64(207798.71959706987),np.float64(0.9493241638950333),1
2021-12-02,np.float64(210820.14376045638),np.float64(0.9500504379264244),1
2021-12-03,np.float64(209077.35127201027),np.float64(0.9496340766082166),1
2021-12-06,np.float64(211428.80746873282),np.float64(0.9501942333062615),1
2021-12-07,np.float64(215584.36041228907),np.float64(0.9511542774393074),1
2021-12-08,np.float64(216127.34098657884),np.float64(0.9512769934194629),1
2021-12-09,np.float64(214739.23742166068),np.float64(0.9509620412945508),1
2021-12-10,np.float64(216661.56380967036),np.float64(0.9513971298279116),1
2021-12-13,np.float64(214844.33043603934),np.float64(0.95098602864804),1
2021-12-14,np.float64(213429.9536175265),np.float64(0.9506612184529927),1
2021-12-15,np.float64(216600.25955128283),np.float64(0.9513833737829392),1
2021-12-16,np.float64(214783.02617765177),np.float64(0.9509720388779086),1
2021-12-17,np.float64(212618.29881098968),np.float64(0.947102640282744),1
2021-12-20,np.float64(210477.02864302445),np.float64(0.9465644934880229),1
2021-12-21,np.float64(214015.16012710606),np.float64(0.9474478974854107),1
2021-12-22,np.float64(216042.57952949443),np.float64(0.9479410648624454),1
2021-12-23,np.float64(217316.8323288357),np.float64(0.9482463161543904),1
2021-12-27,np.float64(220233.16347784357),np.float64(0.9489316392814409),1
2021-12-28,np.float64(220062.38732947825),np.float64(0.94889200843833),1
2021-12-29,np.float64(220329.49874102403),np.float64(0.9489539680390431),1
2021-12-30,np.float64(219751.4871619414),np.float64(0.9488197018371588),1
2021-12-31,np.float64(219226.02209004803),np.float64(0.9486970272623193),1
2022-01-03,np.float64(220430.21287980356),np.float64(0.9489772908725145),1
2022-01-04,np.float64(220360.1508702178),np.float64(0.9489610685495498),1
2022-01-05,np.float64(216344.72194583307),np.float64(0.9480137692589891),1
2022-01-06,np.float64(216152.0514194722),np.float64(0.9479674305156155),1
2022-01-07,np.float64(215341.95943363666),np.float64(0.9477716899007693),1
2022-01-10,np.float64(215087.98464888823),np.float64(0.9477100189811367),1
2022-01-11,np.float64(216935.87015171305),np.float64(0.9481554312488274),1
2022-01-12,np.float64(217500.74510399834),np.float64(0.948290077676294),1
2022-01-13,np.float64(214658.85484017537),np.float64(0.9476054847909728),1
2022-01-14,np.float64(214742.05347655847),np.float64(0.9476257842719025),1
2022-01-18,np.float64(211138.2388584902),np.float64(0.9467318345768059),1
2022-01-19,np.float64(209062.65182451162),np.float64(0.9462029849113525),1
2022-01-20,np.float64(206873.21402495616),np.float64(0.9456336254662764),1
2022-01-21,np.float64(203032.9401245359),np.float64(0.9446053107058524),1
2022-01-24,np.float64(203847.4109859705),np.float64(0.9448266397876891),1
2022-01-25,np.float64(201495.95478924797),np.float64(0.9441827671109352),1
2022-01-26,np.float64(201018.65734894486),np.float64(0.9440502350229484),1
2022-01-27,np.float64(200081.57797073512),np.float64(0.9437881950515157),1
2022-01-28,np.float64(204771.35373738292),np.float64(0.9450755858697891),1
2022-01-31,np.float64(208256.93871427522),np.float64(0.9459948527808404),1
2022-02-01,np.float64(209588.1168964049),np.float64(0.9463378611286676),1
2022-02-02,np.float64(211514.82216001375),np.float64(0.9468266738008201),1
2022-02-03,np.float64(206807.5308909695),np.float64(0.9456163584264956),1
2022-02-04,np.float64(207727.09476678277),np.float64(0.9458571032955378),1
2022-02-07,np.float64(207096.53668051082),np.float64(0.9456922514738783),1
2022-02-08,np.float64(208707.96290098364),np.float64(0.9461115595287001),1
2022-02-09,np.float64(211598.02079639686),np.float64(0.9468475811241263),1
2022-02-10,np.float64(207998.58505392767),np.float64(0.945927773346343),1
2022-02-11,np.float64(204118.9012731154),np.float64(0.9449000236404992),1
2022-02-14,np.float64(203488.3431868434),np.float64(0.9447292829724946),1
2022-02-15,np.float64(206588.58711101397),np.float64(0.9455587223284886),1
2022-02-16,np.float64(206807.5308909695),np.float64(0.9456163584264956),1
2022-02-17,np.float64(202630.08356941768),np.float64(0.9444951784228874),1
2022-02-18,np.float64(201390.8617748693),np.float64(0.9441536396658918),1
2022-02-22,np.float64(199350.3057456836),np.float64(0.943581994556738),1
2022-02-23,np.float64(196066.14904635042),np.float64(0.9426369789513378),1
2022-02-24,np.float64(198658.4434010241),np.float64(0.9433855091073469),1
2022-02-25,np.float64(202932.22598575632),np.float64(0.9445778186286423),1
2022-02-28,np.float64(202441.79191865592),np.float64(0.9444435532402563),1
2022-03-01,np.float64(199529.83964524715),np.float64(0.9436327586155917),1
2022-03-02,np.float64(202993.53024414388),np.float64(0.9445945561853669),1
2022-03-03,np.float64(202038.9353635377),np.float64(0.9443327761827749),1
2022-03-04,np.float64(200488.81340145244),np.float64(0.9439023731855034),1
2022-03-07,np.float64(194910.12588818514),np.float64(0.9422967555768343),1
2022-03-08,np.float64(193517.64344766786),np.float64(0.9418815440581914),1
2022-03-09,np.float64(198404.46861627567),np.float64(0.9433130376895488),1
2022-03-10,np.float64(197559.34562564726),np.float64(0.9430705411629191),1
2022-03-11,np.float64(195190.37392652823),np.float64(0.9423796040325769),1
2022-03-14,np.float64(193846.05911760117),np.float64(0.941980008848915),1
2022-03-15,np.float64(197861.4880419859),np.float64(0.943157474726515),1
2022-03-16,np.float64(201999.5254831457),np.float64(0.9443219155699732),1
2022-03-17,np.float64(204386.01268466117),np.float64(0.9449720336194024),1
2022-03-18,np.float64(206494.883114181),np.float64(0.9426372953950982),1
2022-03-21,np.float64(206437.95773139255),np.float64(0.9426214775970861),1
2022-03-22,np.float64(208714.9730429302),np.float64(0.9432474593949419),1
2022-03-23,np.float64(206179.604071045),np.float64(0.9425495793540232),1
2022-03-24,np.float64(209109.07184685022),np.float64(0.943354418448293),1
2022-03-25,np.float64(210072.4244786546),np.float64(0.94361418443235),1
2022-03-28,np.float64(211451.77029237454),np.float64(0.9439820013513045),1
2022-03-29,np.float64(213943.35050826866),np.float64(0.9446343859046711),1
2022-03-30,np.float64(212743.53859411227),np.float64(0.9443221398836397),1
2022-03-31,np.float64(209612.64254074797),np.float64(0.9434905030587559),1
2022-04-01,np.float64(210173.13861743416),np.float64(0.9436412042926977),1
2022-04-04,np.float64(211872.1423498892),np.float64(0.9440931457475835),1
2022-04-05,np.float64(209345.5311292022),np.float64(0.9434184005810373),1
2022-04-06,np.float64(207370.65823400317),np.float64(0.9428795516039876),1
2022-04-07,np.float64(208355.90524380314),np.float64(0.9431496555442371),1
2022-04-08,np.float64(207830.4401719098),np.float64(0.9430059188023436),1
2022-04-11,np.float64(204480.60033858998),np.float64(0.9420722309945847),1
2022-04-12,np.float64(203766.8436159349),np.float64(0.9418693209733942),1
2022-04-13,np.float64(205965.03916668857),np.float64(0.9424897301482501),1
2022-04-14,np.float64(203547.89983597936),np.float64(0.9418067934277515),1
2022-04-18,np.float64(203626.71959676335),np.float64(0.9418293188341931),1
2022-04-19,np.float64(206722.58464533478),np.float64(0.942700479471923),1
2022-04-20,np.float64(206578.0817505641),np.float64(0.9426603980338774),1
2022-04-21,np.float64(203666.12947715534),np.float64(0.9418405749993343),1
2022-04-22,np.float64(198402.72100702403),np.float64(0.9402976686893163),1
2022-04-25,np.float64(199484.30328000442),np.float64(0.9406213682593552),1
2022-04-26,np.float64(194050.11866150776),np.float64(0.9389585274968857),1
2022-04-27,np.float64(194562.44710660374),np.float64(0.9391192639758875),1
2022-04-28,np.float64(199177.78198806665),np.float64(0.9405299885144209),1
2022-04-29,np.float64(192254.77966587228),np.float64(0.9383885019499197),1
2022-05-02,np.float64(193340.7408144518),np.float64(0.9387345629658563),1
2022-05-03,np.float64(194172.72717828286),np.float64(0.9389970715525527),1
2022-05-04,np.float64(199725.14143795552),np.float64(0.9406929698623737),1
2022-05-05,np.float64(193047.35614931135),np.float64(0.9386414545178181),1
2022-05-06,np.float64(191965.77387633096),np.float64(0.9382957454169231),1
2022-05-09,np.float64(186198.7947123019),np.float64(0.9363846312710857),1
2022-05-10,np.float64(186601.6512674201),np.float64(0.9365219712577613),1
2022-05-11,np.float64(183825.44413758378),np.float64(0.9355633000748413),1
2022-05-12,np.float64(183645.9102380202),np.float64(0.9355003061753444),1
2022-05-13,np.float64(187753.29554998627),np.float64(0.9369113338447423),1
2022-05-16,np.float64(187039.53882733118),np.float64(0.9366705828256051),1
2022-05-17,np.float64(190643.35344539947),np.float64(0.9378677264723265),1
2022-05-18,np.float64(183435.7242092629),np.float64(0.9354264005358649),1
2022-05-19,np.float64(182384.79406547628),np.float64(0.9350543172022877),1
2022-05-20,np.float64(182459.23495066116),np.float64(0.9350808141571704),1
2022-05-23,np.float64(185651.43526241303),np.float64(0.9361970729406979),1
2022-05-24,np.float64(184324.6359558824),np.float64(0.9357378088876975),1
2022-05-25,np.float64(185848.484664373),np.float64(0.9362647212115085),1
2022-05-26,np.float64(189325.3118900671),np.float64(0.9374351751266073),1
2022-05-27,np.float64(193682.29311118243),np.float64(0.9388426025310281),1
2022-05-31,np.float64(192662.0150965896),np.float64(0.9385187320055588),1
2022-06-01,np.float64(191199.47064648656),np.float64(0.938048442590078),1
2022-06-02,np.float64(194593.0992357975),np.float64(0.9391288538544256),1
2022-06-03,np.float64(191615.4638284021),np.float64(0.9381829381311825),1
2022-06-06,np.float64(192162.82327829098),np.float64(0.938359018771553),1
2022-06-07,np.float64(193892.47913993977),np.float64(0.9389088992257744),1
2022-06-08,np.float64(191913.22736914165),np.float64(0.9382788505780342),1
2022-06-09,np.float64(187630.68703321117),np.float64(0.9368701081374504),1
2022-06-10,np.float64(182533.67583584605),np.float64(0.9351072895000762),1
2022-06-13,np.float64(176052.9399491619),np.float64(0.9327185050932807),1
2022-06-14,np.float64(175558.12700646237),np.float64(0.9325288712947679),1
2022-06-15,np.float64(177892.06770078847),np.float64(0.9334140912768197),1
2022-06-16,np.float64(172396.57882390427),np.float64(0.931291531054095),1
2022-06-17,np.float64(172741.1398460591),np.float64(0.927431316082791),1
2022-06-21,np.float64(176774.08427284023),np.float64(0.9290869064402046),1
2022-06-22,np.float64(176476.3207321007),np.float64(0.9289672567685912),1
2022-06-23,np.float64(178083.3680769744),np.float64(0.9296082654301063),1
2022-06-24,np.float64(183346.77654710572),np.float64(0.9316290288105152),1
2022-06-27,np.float64(182694.3240828382),np.float64(0.9313848569739741),1
2022-06-28,np.float64(179217.4968571441),np.float64(0.9300537202180694),1
2022-06-29,np.float64(179081.7517135717),np.float64(0.9300007004787576),1
2022-06-30,np.float64(177728.67915344643),np.float64(0.9294677863094669),1
2022-07-01,np.float64(179475.8505174917),np.float64(0.9301544071759931),1
2022-07-05,np.float64(179791.12956062765),np.float64(0.9302768873657923),1
2022-07-06,np.float64(180356.00451291297),np.float64(0.9304952601337454),1
2022-07-07,np.float64(182869.47910680264),np.float64(0.9314505775473566),1
2022-07-08,np.float64(182729.3550876311),np.float64(0.9313980111680721),1
2022-07-11,np.float64(180785.13432162584),np.float64(0.9306602435868117),1
2022-07-12,np.float64(179296.31661792813),np.float64(0.9300844690317882),1
2022-07-13,np.float64(178420.54149810594),np.float64(0.929741289474115),1
2022-07-14,np.float64(178017.68494298775),np.float64(0.9295822930120581),1
2022-07-15,np.float64(181179.2331255458),np.float64(0.9308110705585078),1
2022-07-18,np.float64(179786.75068502856),np.float64(0.9302751891937332),1
2022-07-19,np.float64(184305.750303311),np.float64(0.9319847744502963),1
2022-07-20,np.float64(185400.46920308875),np.float64(0.9323863783577835),1
2022-07-21,np.float64(187160.77719393134),np.float64(0.9330223064632929),1
2022-07-22,np.float64(185540.5932222603),np.float64(0.9324374415362001),1
2022-07-25,np.float64(185750.7792510176),np.float64(0.9325138918526589),1
2022-07-26,np.float64(183701.4654706337),np.float64(0.9317610387871893),1
2022-07-27,np.float64(188146.0242037313),np.float64(0.9333730424012943),1
2022-07-28,np.float64(190335.46200328675),np.float64(0.9341394554380487),1
2022-07-29,np.float64(192940.89298475775),np.float64(0.9350288216092305),1
2022-08-01,np.float64(192406.6701616662),np.float64(0.9348484272065295),1
2022-08-02,np.float64(191219.99487430716),np.float64(0.9344441088118062),1
2022-08-03,np.float64(194018.09638213902),np.float64(0.9353895465900414),1
2022-08-04,np.float64(193895.48786536395),np.float64(0.9353486906013436),1
2022-08-05,np.float64(193588.96657342618),np.float64(0.9352463242153191),1
2022-08-08,np.float64(193378.78054466884),np.float64(0.9351759425637114),1
2022-08-09,np.float64(192660.64494641466),np.float64(0.9349343132300132),1
2022-08-10,np.float64(196443.99346404648),np.float64(0.9361874244361594),1
2022-08-11,np.float64(196443.99346404648),np.float64(0.9361874244361594),1
2022-08-12,np.float64(199557.37401501436),np.float64(0.9371829919146766),1
2022-08-15,np.float64(200328.05612045788),np.float64(0.9374246552392573),1
2022-08-16,np.float64(200695.8816707832),np.float64(0.9375393402563678),1
2022-08-17,np.float64(199360.32461305434),np.float64(0.9371209030617408),1
2022-08-18,np.float64(199903.3051873441),np.float64(0.9372916962766622),1
2022-08-19,np.float64(197385.45171785532),np.float64(0.9364917876779209),1
2022-08-22,np.float64(193536.42006623684),np.float64(0.9352287431342544),1
2022-08-23,np.float64(193098.53250632575),np.float64(0.9350818620199695),1
2022-08-24,np.float64(193676.5440854084),np.float64(0.9352756048173854),1
2022-08-25,np.float64(196233.80743528914),np.float64(0.9361190747872491),1
2022-08-26,np.float64(190015.80408455167),np.float64(0.9340286602086578),1
2022-08-29,np.float64(188842.2654239899),np.float64(0.9336186888626756),1
2022-08-30,np.float64(186906.80240918288),np.float64(0.9329312950871435),1
2022-08-31,np.float64(185580.0031026523),np.float64(0.9324517891615021),1
2022-09-01,np.float64(186122.98367694207),np.float64(0.9326488490064967),1
2022-09-02,np.float64(184292.6136765137),np.float64(0.9319799262330143),1
2022-09-06,np.float64(183644.54008784526),np.float64(0.9317398863533284),1
2022-09-07,np.float64(186718.51075842112),np.float64(0.932863661315263),1
2022-09-08,np.float64(187857.01841418998),np.float64(0.9332705411657903),1
2022-09-09,np.float64(190580.67903683698),np.float64(0.9342241971204013),1
2022-09-12,np.float64(192494.24767364844),np.float64(0.9348780686774614),1
2022-09-13,np.float64(184669.19697803725),np.float64(0.9321186349314232),1
2022-09-14,np.float64(185326.02831790387),np.float64(0.9323592196370615),1
2022-09-15,np.float64(183364.29204950217),np.float64(0.9316355598089792),1
2022-09-16,np.float64(182066.56760117455),np.float64(0.9273087850436929),1
2022-09-19,np.float64(183375.8514053087),np.float64(0.9278277924795998),1
2022-09-20,np.float64(181422.87288810522),np.float64(0.9270508740647236),1
2022-09-21,np.float64(178489.0262367009),np.float64(0.9258518000747953),1
2022-09-22,np.float64(177100.92267178278),np.float64(0.9252706321221066),1
2022-09-23,np.float64(174355.3676711402),np.float64(0.9240938768984934),1
2022-09-26,np.float64(172761.45695306384),np.float64(0.9233935610681402),1
2022-09-27,np.float64(172354.22152234652),np.float64(0.9232125567627127),1
2022-09-28,np.float64(175485.1175757108),np.float64(0.9245825504482219),1
2022-09-29,np.float64(172095.867861999),np.float64(0.9230972819610831),1
2022-09-30,np.float64(169639.31865089777),np.float64(0.9219836526867353),1
2022-10-03,np.float64(173768.59834085935),np.float64(0.9238375625503215),1
2022-10-04,np.float64(178743.00102144937),np.float64(0.9259571567769199),1
2022-10-05,np.float64(178357.6599687276),np.float64(0.9257971874929593),1
2022-10-06,np.float64(176654.27736067344),np.float64(0.9250816895034306),1
2022-10-07,np.float64(172095.867861999),np.float64(0.9230972819610831),1
2022-10-10,np.float64(170882.91932104525),np.float64(0.9225514167569345),1
2022-10-11,np.float64(169884.53568444797),np.float64(0.9220962640976533),1
2022-10-12,np.float64(169367.8283637529),np.float64(0.9218585954031964),1
2022-10-13,np.float64(173488.35030251628),np.float64(0.9237145319626567),1
2022-10-14,np.float64(169836.36805285775),np.float64(0.9220741696635021),1
2022-10-17,np.float64(173860.55472844068),np.float64(0.9238778455381919),1
2022-10-18,np.float64(175747.8501116575),np.float64(0.9246952950295229),1
2022-10-19,np.float64(174596.2058290913),np.float64(0.9241985818706213),1
2022-10-20,np.float64(173243.13326896605),np.float64(0.9236065536790612),1
2022-10-21,np.float64(177131.57480097655),np.float64(0.9252835638325672),1
2022-10-24,np.float64(179137.09982536934),np.float64(0.9261200498681975),1
2022-10-25,np.float64(181786.31956283146),np.float64(0.9271967217682754),1
2022-10-26,np.float64(180516.44563908927),np.float64(0.9266845746103691),1
2022-10-27,np.float64(179623.15501687065),np.float64(0.9263199669295922),1
2022-10-28,np.float64(183581.6585584669),np.float64(0.9279087022866227),1
2022-10-31,np.float64(182351.19451511675),np.float64(0.9274222467418118),1
2022-11-01,np.float64(181611.164538867),np.float64(0.9271265065919356),1
2022-11-02,np.float64(177385.54958572498),np.float64(0.925390540363841),1
2022-11-03,np.float64(175695.30360446815),np.float64(0.9246727730887541),1
2022-11-04,np.float64(178033.6231743934),np.float64(0.9256621318721915),1
2022-11-07,np.float64(179610.01839007332),np.float64(0.9263145779924631),1
2022-11-08,np.float64(180507.68788789105),np.float64(0.9266810175416256),1
2022-11-09,np.float64(177061.51279139076),np.float64(0.9252539990582441),1
2022-11-10,np.float64(186064.4810231628),np.float64(0.9288706800509311),1
2022-11-11,np.float64(187737.2115020232),np.float64(0.9295044392320092),1
2022-11-14,np.float64(186252.77267392457),np.float64(0.9289425880117013),1
2022-11-15,np.float64(187728.45375082496),np.float64(0.9295011505319243),1
2022-11-16,np.float64(186397.27556869524),np.float64(0.9289976746630264),1
2022-11-17,np.float64(185867.43162120282),np.float64(0.9287952715200468),1
2022-11-18,np.float64(186651.25035344367),np.float64(0.9290942869292713),1
2022-11-21,np.float64(186020.6922671717),np.float64(0.9288539364059252),1
2022-11-22,np.float64(188345.8752102996),np.float64(0.9297322546242293),1
2022-11-23,np.float64(189449.35186127556),np.float64(0.9301415398267232),1
2022-11-25,np.float64(189409.94198088354),np.float64(0.9301270046152607),1
2022-11-28,np.float64(186598.70384625436),np.float64(0.9290743197618428),1
2022-11-29,np.float64(186300.9403055148),np.float64(0.9289609597238182),1
2022-11-30,np.float64(191752.6404264079),np.float64(0.9309806635651867),1
2022-12-01,np.float64(191621.27415843456),np.float64(0.9309333472497867),1
2022-12-02,np.float64(191415.46700527635),np.float64(0.9308590877795199),1
2022-12-05,np.float64(188210.13006672714),np.float64(0.929681574540319),1
2022-12-06,np.float64(185687.89772163925),np.float64(0.9287264266317787),1
2022-12-07,np.float64(185394.51305649884),np.float64(0.9286136370291564),1
2022-12-08,np.float64(186743.206741025),np.float64(0.929129202433544),1
2022-12-09,np.float64(185447.05956368815),np.float64(0.9286338643870014),1
2022-12-12,np.float64(187929.88202838405),np.float64(0.9295767130857076),1
2022-12-13,np.float64(189252.30245931557),np.float64(0.9300688032331912),1
2022-12-14,np.float64(188126.93143034403),np.float64(0.9296504764031923),1
2022-12-15,np.float64(183848.76997001268),np.float64(0.9280134427659609),1
2022-12-16,np.float64(181843.85798820376),np.float64(0.9229300727771143),1
2022-12-19,np.float64(180420.7234184927),np.float64(0.9223221554844783),1
2022-12-20,np.float64(180648.4249496465),np.float64(0.9224200659098686),1
2022-12-21,np.float64(183140.00516554058),np.float64(0.9234755241575333),1
2022-12-22,np.float64(180727.24471043047),np.float64(0.922453900497766),1
2022-12-23,np.float64(181686.21846663576),np.float64(0.9228632032778357),1
2022-12-27,np.float64(181025.00825117002),np.float64(0.9225814541511612),1
2022-12-28,np.float64(178949.42121719144),np.float64(0.9216834969023456),1
2022-12-29,np.float64(181918.29887338865),np.float64(0.9229616097562919),1
2022-12-30,np.float64(181392.30176811005),np.float64(0.9227738632324517),1
