session,equity,exposure,n_held
2017-02-01,np.float64(100223.61096256523),np.float64(1.0),25
2017-02-02,np.float64(100704.06411307197),np.float64(1.0),25
2017-02-03,np.float64(101001.55929507138),np.float64(0.9997213180375948),25
2017-02-06,np.float64(101539.17797750077),np.float64(0.9997227935727766),25
2017-02-07,np.float64(101894.87712042106),np.float64(0.9997237612572311),25
2017-02-08,np.float64(102204.41215953186),np.float64(0.9992679648663988),25
2017-02-09,np.float64(102388.3357219674),np.float64(0.9990941517233684),25
2017-02-10,np.float64(102416.56286256106),np.float64(0.9990944013851998),25
2017-02-13,np.float64(102860.3066645574),np.float64(0.9990983081767062),25
2017-02-14,np.float64(102873.36221897807),np.float64(0.9988629238977231),25
2017-02-15,np.float64(103341.2581215256),np.float64(0.9988680722117539),25
2017-02-16,np.float64(103312.02871566088),np.float64(0.9988677519627264),25
2017-02-17,np.float64(103760.84903894557),np.float64(0.9987612562960816),25
2017-02-21,np.float64(105049.2360849064),np.float64(0.9987764489942951),25
2017-02-22,np.float64(105175.20901850263),np.float64(0.998729796586103),25
2017-02-23,np.float64(104436.37081760721),np.float64(0.9987208104944019),25
2017-02-24,np.float64(104589.06101984513),np.float64(0.9984508017142121),25
2017-02-27,np.float64(104986.47253699477),np.float64(0.9980803985323208),25
2017-02-28,np.float64(104319.11178411247),np.float64(0.9980681182640286),25
2017-03-01,np.float64(105770.31092022265),np.float64(0.9978200979435904),25
2017-03-02,np.float64(104903.74280738628),np.float64(0.9978020906393642),25
2017-03-03,np.float64(104563.84679997884),np.float64(0.9977949460990744),25
2017-03-06,np.float64(104371.39710288444),np.float64(0.9977908802154407),25
2017-03-07,np.float64(104422.46627291501),np.float64(0.9977919606143043),25
2017-03-08,np.float64(104462.2576131256),np.float64(0.9974989320011276),25
2017-03-09,np.float64(104651.38681093688),np.float64(0.9975034520079685),25
2017-03-10,np.float64(105320.57371532511),np.float64(0.9975193145993265),25
2017-03-13,np.float64(105719.56849707411),np.float64(0.9971916753723138),25
2017-03-14,np.float64(105755.96806675872),np.float64(0.9971926419542462),25
2017-03-15,np.float64(106362.97411152603),np.float64(0.997208663350017),25
2017-03-16,np.float64(106596.54765081013),np.float64(0.9970256275039646),25
2017-03-17,np.float64(106591.4985171042),np.float64(0.9970254866108856),25
2017-03-20,np.float64(107165.14812329378),np.float64(0.9970414090302929),25
2017-03-21,np.float64(105486.03014821591),np.float64(0.9969943144219249),25
2017-03-22,np.float64(106180.79088074913),np.float64(0.9970139811836495),25
2017-03-23,np.float64(105876.5587975596),np.float64(0.9970054009772727),25
2017-03-24,np.float64(106297.65516736005),np.float64(0.9970172640308415),25
2017-03-27,np.float64(106630.27817482971),np.float64(0.997026568391906),25
2017-03-28,np.float64(107259.06282153283),np.float64(0.9970439995356621),25
2017-03-29,np.float64(107444.63207733227),np.float64(0.9970491048889563),25
2017-03-30,np.float64(107970.73545475162),np.float64(0.9970634835618234),25
2017-03-31,np.float64(108056.50825783498),np.float64(0.9970658145019052),25
2017-04-03,np.float64(108211.6673847448),np.float64(0.9970700216791079),25
2017-04-04,np.float64(108066.98784432578),np.float64(0.9965011771465841),25
2017-04-05,np.float64(107600.42990994625),np.float64(0.9964860061703659),25
2017-04-06,np.float64(107413.91709892963),np.float64(0.996479904494859),25
2017-04-07,np.float64(107532.14790578932),np.float64(0.9964837748140137),25
2017-04-10,np.float64(107363.79570712187),np.float64(0.996302348734535),25
2017-04-11,np.float64(106908.45240453024),np.float64(0.996286599739005),25
2017-04-12,np.float64(106095.79046381105),np.float64(0.9962581562065183),25
2017-04-13,np.float64(105488.97430111925),np.float64(0.9962366315750845),25
2017-04-17,np.float64(106684.33244219978),np.float64(0.9962787987141726),25
2017-04-18,np.float64(106498.33257458358),np.float64(0.9962722996176158),25
2017-04-19,np.float64(106477.79428204824),np.float64(0.996271580588813),25
2017-04-20,np.float64(107352.04309213329),np.float64(0.9963019439255493),25
2017-04-21,np.float64(107251.47900032085),np.float64(0.9962984764521489),25
2017-04-24,np.float64(108261.28505168603),np.float64(0.9963330023759461),25
2017-04-25,np.float64(109235.19011259165),np.float64(0.996365696121805),25
2017-04-26,np.float64(109061.87349104107),np.float64(0.9963599206362967),25
2017-04-27,np.float64(109730.02911193551),np.float64(0.9963820853938116),25
2017-04-28,np.float64(109772.99725186545),np.float64(0.9963835015440939),25
2017-05-01,np.float64(110885.86175728567),np.float64(0.9964197971790982),25
2017-05-02,np.float64(109723.07251248404),np.float64(0.9963818560128601),25
2017-05-03,np.float64(109729.66018454521),np.float64(0.9961132256922648),25
2017-05-04,np.float64(109514.57080554069),np.float64(0.9961055919695004),25
2017-05-05,np.float64(109949.54358184616),np.float64(0.9961209986862353),25
2017-05-08,np.float64(109963.68953543063),np.float64(0.9945691814011246),25
2017-05-09,np.float64(110478.2401384584),np.float64(0.9945944753502451),25
2017-05-10,np.float64(111745.8430878712),np.float64(0.9939440053411647),25
2017-05-11,np.float64(111858.68615071128),np.float64(0.9937729396652834),25
2017-05-12,np.float64(112319.25924750128),np.float64(0.9937984741682837),25
2017-05-15,np.float64(113045.23728943239),np.float64(0.9938383004510024),25
2017-05-16,np.float64(113934.22115607132),np.float64(0.9936737415274519),25
2017-05-17,np.float64(110475.77411393069),np.float64(0.9934756978379854),25
2017-05-18,np.float64(111417.9770267661),np.float64(0.9935308704112569),25
2017-05-19,np.float64(111956.00356698174),np.float64(0.9935167555122676),25
2017-05-22,np.float64(112799.29730812066),np.float64(0.9935652246040905),25
2017-05-23,np.float64(112794.25159438519),np.float64(0.9934624647152582),25
2017-05-24,np.float64(113380.88582985556),np.float64(0.9934962900111673),25
2017-05-25,np.float64(114368.40194375376),np.float64(0.9932913861224738),25
2017-05-26,np.float64(114749.98040915406),np.float64(0.9929434602410476),25
2017-05-30,np.float64(115261.17083256898),np.float64(0.9929747564314401),25
2017-05-31,np.float64(115121.43454427368),np.float64(0.9926964048666008),25
2017-06-01,np.float64(115349.71552328055),np.float64(0.9927108589277986),25
2017-06-02,np.float64(116388.64958469212),np.float64(0.9927759248682092),25
2017-06-05,np.float64(116956.031234536),np.float64(0.9928109705825996),25
2017-06-06,np.float64(117127.76592514379),np.float64(0.9928215112578443),25
2017-06-07,np.float64(117742.22461291456),np.float64(0.9928589734748798),25
2017-06-08,np.float64(118484.20180863715),np.float64(0.9929036923382794),25
2017-06-09,np.float64(115482.09400770046),np.float64(0.9927192145560556),25
2017-06-12,np.float64(114969.6540025502),np.float64(0.9926867628124824),25
2017-06-13,np.float64(115956.64407372172),np.float64(0.9924417611916845),25
2017-06-14,np.float64(115568.50455198958),np.float64(0.9924163766701181),25
2017-06-15,np.float64(114796.76373889235),np.float64(0.9921897538764634),25
2017-06-16,np.float64(114190.65222992787),np.float64(0.9921482979431546),25
2017-06-19,np.float64(115781.57834289373),np.float64(0.9922561862446638),25
2017-06-20,np.float64(115502.70551651785),np.float64(0.9922374893732856),25
2017-06-21,np.float64(116834.26157790147),np.float64(0.9923259584399529),25
2017-06-22,np.float64(117163.50771821573),np.float64(0.9923475235894902),25
2017-06-23,np.float64(117449.1655227046),np.float64(0.9923661358086626),25
2017-06-26,np.float64(117074.0507584125),np.float64(0.9923416762879728),25
2017-06-27,np.float64(114922.01976993794),np.float64(0.9921982664350912),25
2017-06-28,np.float64(116254.3670308239),np.float64(0.9922876791480142),25
2017-06-29,np.float64(114128.43345816995),np.float64(0.9921440174738326),25
2017-06-30,np.float64(113701.63124309524),np.float64(0.9921145284444572),25
2017-07-03,np.float64(112541.19331674973),np.float64(0.9918255694495192),25
2017-07-05,np.float64(113673.488676622),np.float64(0.9915755168826114),25
2017-07-06,np.float64(112690.82425115455),np.float64(0.9915020553570841),25
2017-07-07,np.float64(113904.23734106115),np.float64(0.9915925833085258),25
2017-07-10,np.float64(114644.20935306096),np.float64(0.9916468490501626),25
2017-07-11,np.float64(115316.87525788628),np.float64(0.9916955746146496),25
2017-07-12,np.float64(116803.8216991856),np.float64(0.9918012923522557),25
2017-07-13,np.float64(116427.11170113565),np.float64(0.9917747647239665),25
2017-07-14,np.float64(117623.85567867404),np.float64(0.991858450985768),25
2017-07-17,np.float64(117355.34601956954),np.float64(0.9916788876888484),25
2017-07-18,np.float64(118464.90413054849),np.float64(0.991756824337892),25
2017-07-19,np.float64(118926.6683927185),np.float64(0.9917888306488313),25
2017-07-20,np.float64(119170.25494018682),np.float64(0.9918056144544373),25
2017-07-21,np.float64(119101.21868232494),np.float64(0.9918008646313893),25
2017-07-24,np.float64(119328.65534798153),np.float64(0.9918164919256386),25
2017-07-25,np.float64(119148.74413679633),np.float64(0.9918041350614512),25
2017-07-26,np.float64(119832.4701559415),np.float64(0.9918508980640046),25
2017-07-27,np.float64(118604.11365583839),np.float64(0.9917664996226307),25
2017-07-28,np.float64(118355.01766240214),np.float64(0.9917491709787214),25
2017-07-31,np.float64(117383.20492442694),np.float64(0.9916808625631615),25
2017-08-01,np.float64(117873.17137115504),np.float64(0.9917154429359668),25
2017-08-02,np.float64(117897.02670765003),np.float64(0.991717119236905),25
2017-08-03,np.float64(117941.2209961571),np.float64(0.9914700937044231),25
2017-08-04,np.float64(118157.63968413332),np.float64(0.991485717164184),25
2017-08-07,np.float64(119039.60740604135),np.float64(0.9915487997196462),25
2017-08-08,np.float64(118793.1538241587),np.float64(0.9915312664821383),25
2017-08-09,np.float64(118613.69707209936),np.float64(0.991259644708848),25
2017-08-10,np.float64(116026.00244302057),np.float64(0.9905780365347421),25
2017-08-11,np.float64(116433.38876849109),np.float64(0.9906110028437658),25
2017-08-14,np.float64(118515.03345193304),np.float64(0.9907759148844062),25
2017-08-15,np.float64(118801.99141779228),np.float64(0.9905942712998171),25
2017-08-16,np.float64(119067.6926414234),np.float64(0.9905128585261428),25
2017-08-17,np.float64(116741.74205770492),np.float64(0.990323837685268),25
2017-08-18,np.float64(116756.98700205506),np.float64(0.9903251011005015),25
2017-08-21,np.float64(116316.91971878603),np.float64(0.9902884975996102),25
2017-08-22,np.float64(117795.36704150449),np.float64(0.9902693022513895),25
2017-08-23,np.float64(117909.30541513184),np.float64(0.9902787052401684),25
2017-08-24,np.float64(117411.9183591425),np.float64(0.9902375233376105),25
2017-08-25,np.float64(116973.62963334151),np.float64(0.989945698314483),25
2017-08-28,np.float64(117071.94858412152),np.float64(0.9895912511324284),25
2017-08-29,np.float64(117465.91066795134),np.float64(0.9896261604296928),25
2017-08-30,np.float64(118664.00533015103),np.float64(0.9894691312773077),25
2017-08-31,np.float64(119650.62720623137),np.float64(0.9895559673073273),25
2017-09-01,np.float64(119919.99009915616),np.float64(0.9895794265726056),25
2017-09-05,np.float64(118866.73146540257),np.float64(0.9894870915786526),25
2017-09-06,np.float64(119276.99645830858),np.float64(0.989523251763994),25
2017-09-07,np.float64(119759.68115422632),np.float64(0.9895654777117234),25
2017-09-08,np.float64(118426.36612903036),np.float64(0.9894479996044196),25
2017-09-11,np.float64(120515.51560666166),np.float64(0.989630919670798),25
2017-09-12,np.float64(120844.55678869358),np.float64(0.9896591530851839),25
2017-09-13,np.float64(121079.34999743315),np.float64(0.9896792057252771),25
2017-09-14,np.float64(121096.35352996513),np.float64(0.9893864457268304),25
2017-09-15,np.float64(121553.56176311412),np.float64(0.9894263672587567),25
2017-09-18,np.float64(122340.25772984602),np.float64(0.9893295492721449),25
2017-09-19,np.float64(122478.80519626578),np.float64(0.9893416196373933),25
2017-09-20,np.float64(122029.48530893495),np.float64(0.9893023748413382),25
2017-09-21,np.float64(121218.94210409917),np.float64(0.9892308440456579),25
2017-09-22,np.float64(120789.62578195173),np.float64(0.9891925677914098),25
2017-09-25,np.float64(118763.1377068894),np.float64(0.9890081576039087),25
2017-09-26,np.float64(118801.15626800137),np.float64(0.9890116751962033),25
2017-09-27,np.float64(120316.97015891007),np.float64(0.9891501116557768),25
2017-09-28,np.float64(120759.67566044108),np.float64(0.9891898873941158),25
2017-09-29,np.float64(121698.8271784642),np.float64(0.9892733091813195),25
2017-10-02,np.float64(121746.77466039073),np.float64(0.9892775336695295),25
2017-10-03,np.float64(122495.2279654),np.float64(0.9893430485919978),25
2017-10-04,np.float64(122617.28875070788),np.float64(0.9890463577914781),25
2017-10-05,np.float64(123635.06993385665),np.float64(0.9889248301236973),25
2017-10-06,np.float64(123812.75031997851),np.float64(0.9889407238055264),25
2017-10-09,np.float64(124167.66388661989),np.float64(0.9889723349918514),25
2017-10-10,np.float64(125022.48153496582),np.float64(0.9888966687156198),25
2017-10-11,np.float64(125778.60541186813),np.float64(0.9889634169027998),25
2017-10-12,np.float64(125693.62958049584),np.float64(0.9889559555634517),25
2017-10-13,np.float64(126281.73879539469),np.float64(0.9890073890039859),25
2017-10-16,np.float64(126857.08160944324),np.float64(0.9890572444764905),25
2017-10-17,np.float64(126765.02909823581),np.float64(0.989049298214555),25
2017-10-18,np.float64(126982.6107039252),np.float64(0.989068061974921),25
2017-10-19,np.float64(127335.12606249723),np.float64(0.9890983260204517),25
2017-10-20,np.float64(127760.61323340138),np.float64(0.9891346323773349),25
2017-10-23,np.float64(127596.70249082976),np.float64(0.989120674724507),25
2017-10-24,np.float64(128109.22397864427),np.float64(0.9891641992093446),25
2017-10-25,np.float64(126604.04575302124),np.float64(0.9890353738522222),25
2017-10-26,np.float64(126876.19530494888),np.float64(0.9890588929850744),25
2017-10-27,np.float64(129524.50362306039),np.float64(0.9892825991094484),25
2017-10-30,np.float64(129248.26755121311),np.float64(0.9892596933268138),25
2017-10-31,np.float64(130019.46110318699),np.float64(0.9893233980613383),25
2017-11-01,np.float64(130215.7282436482),np.float64(0.9893394903273081),25
2017-11-02,np.float64(130257.13742826451),np.float64(0.9893428793393949),25
2017-11-03,np.float64(131653.77163465743),np.float64(0.9894559342034632),25
2017-11-06,np.float64(131908.43393427727),np.float64(0.9892526464219518),25
2017-11-07,np.float64(132233.30466884893),np.float64(0.9892790505162936),25
2017-11-08,np.float64(132776.80995522093),np.float64(0.9893229353838491),25
2017-11-09,np.float64(131345.68336883036),np.float64(0.9892065993867696),25
2017-11-10,np.float64(132060.5095934292),np.float64(0.9888374391013066),25
2017-11-13,np.float64(132652.728487132),np.float64(0.9888872735792076),25
2017-11-14,np.float64(132545.44800921605),np.float64(0.9888782790900021),25
2017-11-15,np.float64(131598.80949102557),np.float64(0.9886000214511077),25
2017-11-16,np.float64(133665.72852560788),np.float64(0.988685085050014),25
2017-11-17,np.float64(132965.2232160722),np.float64(0.9886254742900896),25
2017-11-20,np.float64(133507.68558460506),np.float64(0.9886716907466967),25
2017-11-21,np.float64(134906.93448949658),np.float64(0.9887891874815898),25
2017-11-22,np.float64(134475.69257621176),np.float64(0.9886269639143328),25
2017-11-24,np.float64(135311.3961093392),np.float64(0.988697205495696),25
2017-11-27,np.float64(135043.22731428343),np.float64(0.9884536678807182),25
2017-11-28,np.float64(135287.88086410708),np.float64(0.9881605189358749),25
2017-11-29,np.float64(131642.05639564485),np.float64(0.9878326247131671),25
2017-11-30,np.float64(132586.24565858793),np.float64(0.9874162775811882),25
2017-12-01,np.float64(131876.36532555785),np.float64(0.9873485403711174),25
2017-12-04,np.float64(129255.07340201616),np.float64(0.9870919688643028),25
2017-12-05,np.float64(129345.71373940796),np.float64(0.9871010142996974),25
2017-12-06,np.float64(130502.17618897308),np.float64(0.9872153203828258),25
2017-12-07,np.float64(131079.76020156054),np.float64(0.9870374587149732),25
2017-12-08,np.float64(131193.0199753801),np.float64(0.9870486493598288),25
2017-12-11,np.float64(132163.55880877297),np.float64(0.9871437571857262),25
2017-12-12,np.float64(131541.522823965),np.float64(0.9870829623470455),25
2017-12-13,np.float64(131930.21561564822),np.float64(0.9871210185224423),25
2017-12-14,np.float64(131812.72501310922),np.float64(0.9871095389077561),25
2017-12-15,np.float64(133254.13928646286),np.float64(0.9872489754363919),25
2017-12-18,np.float64(134318.95511827455),np.float64(0.9870925132237772),25
2017-12-19,np.float64(133684.2564225574),np.float64(0.9870312317741804),25
2017-12-20,np.float64(133980.51415256917),np.float64(0.9870599083161382),25
2017-12-21,np.float64(133289.24522617031),np.float64(0.9869927980007439),25
2017-12-22,np.float64(132979.58723277051),np.float64(0.9869625092612866),25
2017-12-26,np.float64(132119.71435045928),np.float64(0.9868776575433222),25
2017-12-27,np.float64(132316.9550148728),np.float64(0.9868972186006676),25
2017-12-28,np.float64(132579.54752291914),np.float64(0.9869231705087433),25
2017-12-29,np.float64(131561.48275390314),np.float64(0.9868219778259246),25
2018-01-02,np.float64(134136.7337363779),np.float64(0.9870749787273596),25
2018-01-03,np.float64(135954.6060406836),np.float64(0.9872478013987523),25
2018-01-04,np.float64(136891.54035361725),np.float64(0.9868686272183927),25
2018-01-05,np.float64(137616.40172179547),np.float64(0.9869377935729947),25
2018-01-08,np.float64(138853.96136022883),np.float64(0.9870542127180058),25
2018-01-09,np.float64(137807.0906388501),np.float64(0.9868188170368954),25
2018-01-10,np.float64(137549.16618694927),np.float64(0.986794100424753),25
2018-01-11,np.float64(138315.7740394433),np.float64(0.9868672934237724),25
2018-01-12,np.float64(139172.86955013935),np.float64(0.986948171139998),25
2018-01-16,np.float64(139131.57330856903),np.float64(0.9869442971704544),25
2018-01-17,np.float64(140944.1634060802),np.float64(0.9871121979695582),25
2018-01-18,np.float64(141325.14067945592),np.float64(0.987146940264197),25
2018-01-19,np.float64(141608.4347419562),np.float64(0.9871726533900764),25
2018-01-22,np.float64(143005.63847875228),np.float64(0.987297980033188),25
2018-01-23,np.float64(144546.48751960453),np.float64(0.9874333821146817),25
2018-01-24,np.float64(143944.53093712789),np.float64(0.9873808302163477),25
2018-01-25,np.float64(143814.42077614335),np.float64(0.987369413543366),25
2018-01-26,np.float64(146503.05860356713),np.float64(0.9876012112467966),25
2018-01-29,np.float64(146119.32444975854),np.float64(0.9875686499224928),25
2018-01-30,np.float64(144261.91216966187),np.float64(0.9874085928294952),25
2018-01-31,np.float64(145300.56539618762),np.float64(0.9874986000889198),25
2018-02-01,np.float64(144012.63801284236),np.float64(0.9873867981283572),25
2018-02-02,np.float64(140858.72007248257),np.float64(0.9871043803721268),25
2018-02-05,np.float64(134641.69372740245),np.float64(0.9865089302946423),25
2018-02-06,np.float64(138546.56693939248),np.float64(0.9866547530932996),25
2018-02-07,np.float64(137623.21163868497),np.float64(0.9865652158391996),25
2018-02-08,np.float64(131707.82009749243),np.float64(0.9859618195600437),25
2018-02-09,np.float64(134129.66685670282),np.float64(0.985794305691161),25
2018-02-12,np.float64(136497.145261087),np.float64(0.9860406967378831),25
2018-02-13,np.float64(137359.6602132269),np.float64(0.9861283506223375),25
2018-02-14,np.float64(139801.99864595506),np.float64(0.9861840661190225),25
2018-02-15,np.float64(142541.50389940623),np.float64(0.986066007367747),25
2018-02-16,np.float64(142354.1493116961),np.float64(0.9860476686157162),25
2018-02-20,np.float64(142079.08711977402),np.float64(0.9859393063233816),25
2018-02-21,np.float64(141041.48079069663),np.float64(0.9858358653734689),25
2018-02-22,np.float64(141284.9911325548),np.float64(0.9858218993865783),25
2018-02-23,np.float64(144204.0667972018),np.float64(0.9861089020307531),25
2018-02-26,np.float64(146659.80013856484),np.float64(0.9861379200964476),25
2018-02-27,np.float64(145567.1633063372),np.float64(0.9857420164569817),25
2018-02-28,np.float64(144299.2824802007),np.float64(0.9856167391607757),25
2018-03-01,np.float64(142198.6090885381),np.float64(0.9851858131220869),25
2018-03-02,np.float64(143936.62915388297),np.float64(0.9853646929124289),25
2018-03-05,np.float64(145566.10042834884),np.float64(0.9855285209769439),25
2018-03-06,np.float64(146623.66589533017),np.float64(0.9856329006920294),25
2018-03-07,np.float64(146891.31449067517),np.float64(0.985659078781335),25
2018-03-08,np.float64(147185.32262230743),np.float64(0.9854750667435243),25
2018-03-09,np.float64(149595.62224551334),np.float64(0.985709093920454),25
2018-03-12,np.float64(150575.3903149411),np.float64(0.9858020823791301),25
2018-03-13,np.float64(149332.66329905932),np.float64(0.9856839291539286),25
2018-03-14,np.float64(149026.7355770406),np.float64(0.9854025490352788),25
2018-03-15,np.float64(148953.85673654653),np.float64(0.9853954069221185),25
2018-03-16,np.float64(149049.26397117492),np.float64(0.9854047554006101),25
2018-03-19,np.float64(146259.26714869752),np.float64(0.9851263410009661),25
2018-03-20,np.float64(146757.9795631242),np.float64(0.9851768846130603),25
2018-03-21,np.float64(146538.41142246584),np.float64(0.9849186040894903),25
2018-03-22,np.float64(142921.5711966885),np.float64(0.9845369472203888),25
2018-03-23,np.float64(138813.93387630006),np.float64(0.9840793806713327),25
2018-03-26,np.float64(143786.53787053184),np.float64(0.98462996723136),25
2018-03-27,np.float64(138322.8504819628),np.float64(0.9840228581824407),25
2018-03-28,np.float64(136246.0584237543),np.float64(0.9837793193848897),25
2018-03-29,np.float64(139224.03520577523),np.float64(0.9841262767919853),25
2018-04-02,np.float64(134622.4965561704),np.float64(0.9835836962224419),25
2018-04-03,np.float64(136804.82868114556),np.float64(0.9838455716800005),25
2018-04-04,np.float64(139232.8791335841),np.float64(0.9838193298769587),25
2018-04-05,np.float64(139541.55028996908),np.float64(0.9836675543919524),25
2018-04-06,np.float64(136228.96839554003),np.float64(0.983270410052902),25
2018-04-09,np.float64(136727.397885772),np.float64(0.9833313965202675),25
2018-04-10,np.float64(140296.29156687076),np.float64(0.9837554168059583),25
2018-04-11,np.float64(139948.0179263841),np.float64(0.9837149906519406),25
2018-04-12,np.float64(141917.54985495197),np.float64(0.9839409940313733),25
2018-04-13,np.float64(141580.93113258443),np.float64(0.9839028126037728),25
2018-04-16,np.float64(142103.06859762446),np.float64(0.9838290514684637),25
2018-04-17,np.float64(145039.21595409958),np.float64(0.9841564131924653),25
2018-04-18,np.float64(144787.48936092836),np.float64(0.9841288676348464),25
2018-04-19,np.float64(143101.53769232854),np.float64(0.9839418817888164),25
2018-04-20,np.float64(141192.93223813723),np.float64(0.983724812764779),25
2018-04-23,np.float64(139957.17321344302),np.float64(0.9835811101660287),25
2018-04-24,np.float64(137249.86499890836),np.float64(0.9832572410290981),25
2018-04-25,np.float64(136986.28153077382),np.float64(0.9832250252887598),25
2018-04-26,np.float64(140608.97945540058),np.float64(0.983657221484959),25
2018-04-27,np.float64(140287.62550483184),np.float64(0.9836197854215843),25
2018-04-30,np.float64(139500.78766478744),np.float64(0.9835273947414018),25
2018-05-01,np.float64(140742.41839083136),np.float64(0.9836727161950256),25
2018-05-02,np.float64(139699.46048164743),np.float64(0.9835508211660743),25
2018-05-03,np.float64(139874.51287493593),np.float64(0.9835714072475792),25
2018-05-04,np.float64(142506.72006199334),np.float64(0.9836469530980023),25
2018-05-07,np.float64(144027.90123616526),np.float64(0.9838196692653155),25
2018-05-08,np.float64(144506.30866938486),np.float64(0.9838732364110456),25
2018-05-09,np.float64(146428.79888158725),np.float64(0.9840849676100384),25
2018-05-10,np.float64(148107.91784303315),np.float64(0.983960215907246),25
2018-05-11,np.float64(147506.65832431443),np.float64(0.9834745663753389),25
2018-05-14,np.float64(147692.19192809451),np.float64(0.9834953259240624),25
2018-05-15,np.float64(146418.76800164714),np.float64(0.9833517825303202),25
2018-05-16,np.float64(147637.70548876163),np.float64(0.9833125175727561),25
2018-05-17,np.float64(146594.33931043476),np.float64(0.9831937465830446),25
2018-05-18,np.float64(145255.15770352323),np.float64(0.9830388011352346),25
2018-05-21,np.float64(146759.11695496296),np.float64(0.9832126162444929),25
2018-05-22,np.float64(146810.76122675877),np.float64(0.9832185216168386),25
2018-05-23,np.float64(148620.4040563419),np.float64(0.9832308326517748),25
2018-05-24,np.float64(148939.8071088649),np.float64(0.9832667943153707),25
2018-05-25,np.float64(149183.538133208),np.float64(0.9830797006585228),25
2018-05-29,np.float64(148775.07145327693),np.float64(0.9827226352841347),25
2018-05-30,np.float64(150461.97537503915),np.float64(0.9829163403994919),25
2018-05-31,np.float64(149264.49812822446),np.float64(0.9825395143347422),25
2018-06-01,np.float64(151737.51070515122),np.float64(0.9828240847118939),25
2018-06-04,np.float64(153030.35930854647),np.float64(0.9829691922460629),25
2018-06-05,np.float64(153284.21541069503),np.float64(0.9829973972015521),25
2018-06-06,np.float64(154745.88866490123),np.float64(0.9831579975895611),25
2018-06-07,np.float64(153479.79495100747),np.float64(0.9830190636446203),25
2018-06-08,np.float64(153959.2642374986),np.float64(0.9830719467074136),25
2018-06-11,np.float64(154261.15809070258),np.float64(0.9831050754308005),25
2018-06-12,np.float64(155014.2566360966),np.float64(0.9831871552561903),25
2018-06-13,np.float64(155621.4944162406),np.float64(0.9832527592690449),25
2018-06-14,np.float64(156467.75326298425),np.float64(0.9831033292652149),25
2018-06-15,np.float64(155926.55631119083),np.float64(0.9830446835353697),25
2018-06-18,np.float64(156174.95467204283),np.float64(0.9830716511937013),25
2018-06-19,np.float64(155805.01797378148),np.float64(0.9828094276033652),25
2018-06-20,np.float64(156194.12775850738),np.float64(0.982852252644361),25
2018-06-21,np.float64(154993.39000063267),np.float64(0.982719408606868),25
2018-06-22,np.float64(153818.69356135066),np.float64(0.9825874386316445),25
2018-06-25,np.float64(150073.98324486174),np.float64(0.9821529529414355),25
2018-06-26,np.float64(151395.48492725572),np.float64(0.9823087363369905),25
2018-06-27,np.float64(149096.7653301501),np.float64(0.982035978880518),25
2018-06-28,np.float64(150568.80532023002),np.float64(0.9822116046179625),25
2018-06-29,np.float64(150285.742838876),np.float64(0.9821781002599241),25
2018-07-02,np.float64(151441.67706101513),np.float64(0.9823141324553731),25
2018-07-03,np.float64(149056.67930551525),np.float64(0.9820311477907843),25
2018-07-05,np.float64(151305.90824752164),np.float64(0.9818418959677574),25
2018-07-06,np.float64(153136.41148337003),np.float64(0.9820589473395763),25
2018-07-09,np.float64(154758.80503489426),np.float64(0.9822470300023836),25
2018-07-10,np.float64(155666.22705731782),np.float64(0.9823505170351445),25
2018-07-11,np.float64(154549.57538713282),np.float64(0.9822229959819081),25
2018-07-12,np.float64(155812.36030938546),np.float64(0.982367070127196),25
2018-07-13,np.float64(155431.21710809667),np.float64(0.9823238312498015),25
2018-07-16,np.float64(155438.6627180437),np.float64(0.9822031726047374),25
2018-07-17,np.float64(156516.8922577321),np.float64(0.9823257732054362),25
2018-07-18,np.float64(156437.27459441885),np.float64(0.9823167780305848),25
2018-07-19,np.float64(155317.9999795827),np.float64(0.9821893466867516),25
2018-07-20,np.float64(154958.83836960583),np.float64(0.9821480653827226),25
2018-07-23,np.float64(155172.7017971538),np.float64(0.9821726694263552),25
2018-07-24,np.float64(155130.9425093077),np.float64(0.9821678705344198),25
2018-07-25,np.float64(157072.6385947725),np.float64(0.982388307246304),25
2018-07-26,np.float64(156915.20677852118),np.float64(0.9823706375708506),25
2018-07-27,np.float64(155166.97645993464),np.float64(0.9821720116351063),25
2018-07-30,np.float64(152816.6536074651),np.float64(0.9818978168567334),25
2018-07-31,np.float64(152945.679897207),np.float64(0.9819130880139755),25
2018-08-01,np.float64(153292.85416653068),np.float64(0.9819540508526362),25
2018-08-02,np.float64(155984.8020975803),np.float64(0.9822654834718262),25
2018-08-03,np.float64(156357.69609711162),np.float64(0.9823077781267298),25
2018-08-06,np.float64(157609.04017888766),np.float64(0.9822421815631583),25
2018-08-07,np.float64(158664.22526381898),np.float64(0.9823602786649109),25
2018-08-08,np.float64(158822.0188712669),np.float64(0.9823778041647353),25
2018-08-09,np.float64(157887.93241961094),np.float64(0.9820753055997649),25
2018-08-10,np.float64(156937.84852343154),np.float64(0.9815717786880509),25
2018-08-13,np.float64(156767.45732798768),np.float64(0.9815517489783602),25
2018-08-14,np.float64(157342.16082670857),np.float64(0.9816191325350097),25
2018-08-15,np.float64(155156.44426844665),np.float64(0.9811920443061309),25
2018-08-16,np.float64(155604.14813395293),np.float64(0.9812461585091736),25
2018-08-17,np.float64(154452.93441155102),np.float64(0.9811063769002697),25
2018-08-20,np.float64(155141.4236439859),np.float64(0.9811902233402489),25
2018-08-21,np.float64(156415.21426434975),np.float64(0.9813434035611949),25
2018-08-22,np.float64(157400.17286653435),np.float64(0.981313285816061),25
2018-08-23,np.float64(157784.46128499592),np.float64(0.9813587978251747),25
2018-08-24,np.float64(160269.01626932796),np.float64(0.9816477812659887),25
2018-08-27,np.float64(162035.14850038115),np.float64(0.9816503902676065),25
2018-08-28,np.float64(162201.92032111651),np.float64(0.9816692568619033),25
2018-08-29,np.float64(163174.7094956508),np.float64(0.981745308174789),25
2018-08-30,np.float64(162906.76441794433),np.float64(0.9816299600866493),25
2018-08-31,np.float64(163018.5470726587),np.float64(0.9816425565173352),25
2018-09-04,np.float64(163820.12530066993),np.float64(0.9814502961279771),25
2018-09-05,np.float64(161688.94797279467),np.float64(0.9812057976088976),25
2018-09-06,np.float64(159823.39868228705),np.float64(0.9807624897372526),25
2018-09-07,np.float64(159735.3409514718),np.float64(0.9807518846232547),25
2018-09-10,np.float64(161749.97388749378),np.float64(0.9809916243045811),25
2018-09-11,np.float64(162232.99198461347),np.float64(0.9810482181536214),25
2018-09-12,np.float64(162772.07663453938),np.float64(0.9811109845377173),25
2018-09-13,np.float64(163353.20329655876),np.float64(0.9809482906538161),25
2018-09-14,np.float64(164464.35808395856),np.float64(0.9810770078925831),25
2018-09-17,np.float64(162459.8900555624),np.float64(0.9808435316008784),25
2018-09-18,np.float64(163656.19098486236),np.float64(0.9807721842676502),25
2018-09-19,np.float64(163344.94663755692),np.float64(0.9807355467769845),25
2018-09-20,np.float64(164524.88192929103),np.float64(0.9808737070842113),25
2018-09-21,np.float64(163653.21204331706),np.float64(0.9807718342681703),25
2018-09-24,np.float64(164909.1883267376),np.float64(0.9809182792320797),25
2018-09-25,np.float64(164987.89542395284),np.float64(0.9809273821232201),25
2018-09-26,np.float64(164776.49403205464),np.float64(0.9809029127473544),25
2018-09-27,np.float64(165719.72748813697),np.float64(0.9810116083859693),25
2018-09-28,np.float64(164718.29177183728),np.float64(0.9808961649015037),25
2018-10-01,np.float64(166582.53203337482),np.float64(0.9811099576569966),25
2018-10-02,np.float64(165197.92343500076),np.float64(0.9809516305151783),25
2018-10-03,np.float64(164693.13402168662),np.float64(0.9808932466893197),25
2018-10-04,np.float64(161873.07430473686),np.float64(0.9800645086274066),25
2018-10-05,np.float64(159446.55383741367),np.float64(0.9797611224664797),25
2018-10-08,np.float64(157922.4427118317),np.float64(0.9795657968503835),25
2018-10-09,np.float64(158522.15213171812),np.float64(0.9796431020342451),25
2018-10-10,np.float64(151322.3955505023),np.float64(0.9786745427567576),25
2018-10-11,np.float64(149338.5132404822),np.float64(0.9783912454581576),25
2018-10-12,np.float64(153188.34893880168),np.float64(0.9789343034335696),25
2018-10-15,np.float64(151075.3896032968),np.float64(0.9785146613682573),25
2018-10-16,np.float64(156340.39250681867),np.float64(0.9792382131546221),25
2018-10-17,np.float64(156418.84256071624),np.float64(0.9792486259876949),25
2018-10-18,np.float64(153144.49878441487),np.float64(0.9788049461109365),25
2018-10-19,np.float64(151061.62145933163),np.float64(0.9785127031393401),25
2018-10-22,np.float64(152030.26941617005),np.float64(0.9786496076273871),25
2018-10-23,np.float64(151845.31760304025),np.float64(0.9786236022566408),25
2018-10-24,np.float64(144785.94882676433),np.float64(0.9775813472864483),25
2018-10-25,np.float64(148098.74581719024),np.float64(0.9780828265179506),25
2018-10-26,np.float64(144302.00600747255),np.float64(0.977506162288685),25
2018-10-29,np.float64(141529.03160412834),np.float64(0.9770654411482979),25
2018-10-30,np.float64(144286.22197160244),np.float64(0.9775037015995323),25
2018-10-31,np.float64(147511.627887601),np.float64(0.9779955929506617),25
2018-11-01,np.float64(150559.3268260864),np.float64(0.9784410174183451),25
2018-11-02,np.float64(149140.4963672611),np.float64(0.978235918589434),25
2018-11-05,np.float64(149017.93504843643),np.float64(0.9782180184989528),25
2018-11-06,np.float64(149797.39823139226),np.float64(0.9781145493058349),25
2018-11-07,np.float64(154157.61325177943),np.float64(0.9787335603869728),25
2018-11-08,np.float64(152837.81991488388),np.float64(0.9783087218486632),25
2018-11-09,np.float64(150656.88783266098),np.float64(0.9777356626897902),25
2018-11-12,np.float64(145307.92373112543),np.float64(0.9769160849409735),25
2018-11-13,np.float64(146146.85968262397),np.float64(0.9770485949811236),25
2018-11-14,np.float64(145349.41772157716),np.float64(0.9767260803639868),25
2018-11-15,np.float64(148097.30539366565),np.float64(0.9771579188547613),25
2018-11-16,np.float64(146438.01038861828),np.float64(0.9768990943115393),25
2018-11-19,np.float64(141091.50809749865),np.float64(0.9760237117541075),25
2018-11-20,np.float64(139359.70663430355),np.float64(0.9757257621381888),25
2018-11-21,np.float64(139264.15878797453),np.float64(0.9755431174088438),25
2018-11-23,np.float64(138639.4861112538),np.float64(0.9754329211960548),25
2018-11-26,np.float64(141615.45526259032),np.float64(0.9757232932711216),25
2018-11-27,np.float64(142513.79142439587),np.float64(0.975876321573338),25
2018-11-28,np.float64(147257.78935357937),np.float64(0.9766534803301192),25
2018-11-29,np.float64(146871.02358743304),np.float64(0.9762969301067328),25
2018-11-30,np.float64(148539.51355729694),np.float64(0.9765631780122549),25
2018-12-03,np.float64(151683.2427925321),np.float64(0.9770489206764242),25
2018-12-04,np.float64(145545.6059824037),np.float64(0.9760810770349914),25
2018-12-06,np.float64(146398.66022051434),np.float64(0.9754465316933613),25
2018-12-07,np.float64(141353.66874818836),np.float64(0.9745702046809815),25
2018-12-10,np.float64(143036.4015010089),np.float64(0.9748693701313969),25
2018-12-11,np.float64(143310.97536540573),np.float64(0.9749175186708939),25
2018-12-12,np.float64(144723.31945067007),np.float64(0.9751622967362629),25
2018-12-13,np.float64(144933.7804982203),np.float64(0.9751983640287165),25
2018-12-14,np.float64(140699.61511454443),np.float64(0.9744519922038707),25
2018-12-17,np.float64(137284.63561263963),np.float64(0.9738164810081061),25
2018-12-18,np.float64(138538.1043217814),np.float64(0.9736752637636679),25
2018-12-19,np.float64(135111.17144019218),np.float64(0.9730075683892155),25
2018-12-20,np.float64(132873.78739373153),np.float64(0.9725530586093281),25
2018-12-21,np.float64(129271.82322485695),np.float64(0.9717882910291382),25
2018-12-24,np.float64(125503.49848247881),np.float64(0.9709412159895965),25
2018-12-26,np.float64(133131.0707717078),np.float64(0.9726061013870596),25
2018-12-27,np.float64(133873.13368856622),np.float64(0.972757946613572),25
2018-12-28,np.float64(134406.6434950896),np.float64(0.9728660804249188),25
2018-12-31,np.float64(135776.25133396618),np.float64(0.9731397868248552),25
2019-01-02,np.float64(136162.1615685077),np.float64(0.9732159139298222),25
2019-01-03,np.float64(131409.74424474244),np.float64(0.9716364469856006),25
2019-01-04,np.float64(137555.6103990031),np.float64(0.9729037060961534),25
2019-01-07,np.float64(140221.83806740143),np.float64(0.9734189246206942),25
2019-01-08,np.float64(141182.65000649905),np.float64(0.9735998208893031),25
2019-01-09,np.float64(141905.88719824032),np.float64(0.9737343719764953),25
2019-01-10,np.float64(142517.95361034982),np.float64(0.9738471739659913),25
2019-01-11,np.float64(143198.22237200712),np.float64(0.9739714139899615),25
2019-01-14,np.float64(141945.66605632988),np.float64(0.97374173265695),25
2019-01-15,np.float64(144370.36774577698),np.float64(0.9740519198345255),25
2019-01-16,np.float64(143667.7411271989),np.float64(0.9739250172210215),25
2019-01-17,np.float64(144865.53712217853),np.float64(0.9741406137704995),25
2019-01-18,np.float64(145829.98053713035),np.float64(0.9743116342607436),25
2019-01-22,np.float64(142669.26306165638),np.float64(0.9737425301330147),25
2019-01-23,np.float64(142605.63468421577),np.float64(0.9737308144654884),25
2019-01-24,np.float64(144129.9102961512),np.float64(0.9740086296585555),25
2019-01-25,np.float64(146162.13444677799),np.float64(0.9743700111525772),25
2019-01-28,np.float64(143593.09780325892),np.float64(0.9739114627854946),25
2019-01-29,np.float64(141868.1911067963),np.float64(0.9735942648837581),25
2019-01-30,np.float64(146439.54677225216),np.float64(0.974418564121804),25
2019-01-31,np.float64(148342.75522556884),np.float64(0.9747467689265303),25
2019-02-01,np.float64(148541.446982514),np.float64(0.9747805481104043),25
2019-02-04,np.float64(150038.15851961958),np.float64(0.9750321257422219),25
2019-02-05,np.float64(150717.01930596656),np.float64(0.9751445862382567),25
2019-02-06,np.float64(150941.45167473625),np.float64(0.9749556176528734),25
2019-02-07,np.float64(148551.14168336306),np.float64(0.9744590643075592),25
2019-02-08,np.float64(148799.5325410483),np.float64(0.9740850824083462),25
2019-02-11,np.float64(149074.17804252257),np.float64(0.9741328265289652),25
2019-02-12,np.float64(151382.8651886884),np.float64(0.9745273177471475),25
2019-02-13,np.float64(151421.6784890322),np.float64(0.9745338470557426),25
2019-02-14,np.float64(151408.31723090168),np.float64(0.9745315997561933),25
2019-02-15,np.float64(152176.23673350984),np.float64(0.9746601196990389),25
2019-02-19,np.float64(152676.09425666172),np.float64(0.9747430818016907),25
2019-02-20,np.float64(152485.55211256733),np.float64(0.9743725291927076),25
2019-02-21,np.float64(151847.6489540593),np.float64(0.9742648696755195),25
2019-02-22,np.float64(153322.02150201722),np.float64(0.9745123433867112),25
2019-02-25,np.float64(153940.6314297118),np.float64(0.9744069600484231),25
2019-02-26,np.float64(153919.69548463167),np.float64(0.9744034789183625),25
2019-02-27,np.float64(153459.8688508518),np.float64(0.974326781588868),25
2019-02-28,np.float64(153380.6821130009),np.float64(0.9740424809736041),25
2019-03-01,np.float64(153832.62417119497),np.float64(0.9741187410948731),25
2019-03-04,np.float64(153178.7128703582),np.float64(0.9740082554577971),25
2019-03-05,np.float64(153134.08377704833),np.float64(0.9740006804753775),25
2019-03-06,np.float64(152021.10331528497),np.float64(0.9735063557987117),25
2019-03-07,np.float64(150506.03098177115),np.float64(0.9732396569356728),25
2019-03-08,np.float64(150727.15156629216),np.float64(0.9732789150430468),25
2019-03-11,np.float64(153864.3008675156),np.float64(0.9738237329932016),25
2019-03-12,np.float64(154496.90442924757),np.float64(0.9739309144270466),25
2019-03-13,np.float64(155590.1757888805),np.float64(0.9741140917034025),25
2019-03-14,np.float64(154980.0885042632),np.float64(0.9735578189750875),25
2019-03-15,np.float64(155991.783055806),np.float64(0.9737293114085335),25
2019-03-18,np.float64(156488.17160391182),np.float64(0.9738126433871361),25
2019-03-19,np.float64(158332.2674271255),np.float64(0.9741176475138092),25
2019-03-20,np.float64(158532.31833088887),np.float64(0.9738198760336203),25
2019-03-21,np.float64(162063.6902003273),np.float64(0.9743903415907047),25
2019-03-22,np.float64(158037.46148236198),np.float64(0.9737378991813062),25
2019-03-25,np.float64(157529.0720797725),np.float64(0.973653144198815),25
2019-03-26,np.float64(158233.7634168891),np.float64(0.9737704794668541),25
2019-03-27,np.float64(156743.214649863),np.float64(0.9735210499806866),25
2019-03-28,np.float64(157167.70851466805),np.float64(0.9735925669095513),25
2019-03-29,np.float64(158838.47732075423),np.float64(0.9738703378640489),25
2019-04-01,np.float64(161454.47629699015),np.float64(0.9742937090270218),25
2019-04-02,np.float64(161580.4550327971),np.float64(0.9743137513399266),25
2019-04-03,np.float64(163547.61835841078),np.float64(0.9746227075133266),25
2019-04-04,np.float64(162880.62978475407),np.float64(0.9740100306561907),25
2019-04-05,np.float64(163357.76040458528),np.float64(0.9740859414066302),25
2019-04-08,np.float64(163275.28306267795),np.float64(0.9740728511052034),25
2019-04-09,np.float64(162077.7443789711),np.float64(0.9738812840033862),25
2019-04-10,np.float64(163186.26389856415),np.float64(0.9739125140392679),25
2019-04-11,np.float64(163140.90601762393),np.float64(0.9739052609651547),25
2019-04-12,np.float64(163540.2590219509),np.float64(0.9739689823539615),25
2019-04-15,np.float64(163275.7583202484),np.float64(0.9739268130662225),25
2019-04-16,np.float64(165487.9702290892),np.float64(0.974275354501328),25
2019-04-17,np.float64(166394.37623422063),np.float64(0.9744154852779057),25
2019-04-18,np.float64(166811.14502527378),np.float64(0.9744794068298427),25
2019-04-22,np.float64(167975.16309389196),np.float64(0.9746562569725946),25
2019-04-23,np.float64(169638.57335312082),np.float64(0.9749047679175157),25
2019-04-24,np.float64(169200.13853890006),np.float64(0.9748397406456061),25
2019-04-25,np.float64(168729.57688225227),np.float64(0.9747695724300374),25
2019-04-26,np.float64(168315.79615974074),np.float64(0.974707546970827),25
2019-04-29,np.float64(168533.3875799123),np.float64(0.9747402017513026),25
2019-04-30,np.float64(168233.39528672813),np.float64(0.9746951587038798),25
2019-05-01,np.float64(167082.06152102878),np.float64(0.9745207873922341),25
2019-05-02,np.float64(167404.46326573347),np.float64(0.9745698574256023),25
2019-05-03,np.float64(169444.59815244662),np.float64(0.9748760396326824),25
2019-05-06,np.float64(167911.6309753457),np.float64(0.9744435754956475),25
2019-05-07,np.float64(164333.05251244252),np.float64(0.9738870491674265),25
2019-05-08,np.float64(163768.57464955104),np.float64(0.9737970429943174),25
2019-05-09,np.float64(162769.64510912696),np.float64(0.973342857437823),25
2019-05-10,np.float64(163698.12238219625),np.float64(0.9730931294704839),25
2019-05-13,np.float64(158154.7207590983),np.float64(0.9721500302759111),25
2019-05-14,np.float64(160333.76639756226),np.float64(0.9725285304285748),25
2019-05-15,np.float64(161855.6832146129),np.float64(0.9726102970547844),25
2019-05-16,np.float64(163161.8852597325),np.float64(0.9728295669286604),25
2019-05-17,np.float64(161281.0463598921),np.float64(0.9725127088191708),25
2019-05-20,np.float64(158445.52443290118),np.float64(0.9720207995832629),25
2019-05-21,np.float64(159909.88027702528),np.float64(0.9722770158068833),25
2019-05-22,np.float64(158999.7893852075),np.float64(0.9719656771899463),25
2019-05-23,np.float64(156313.18852905434),np.float64(0.9714838430186142),25
2019-05-24,np.float64(156084.22311409828),np.float64(0.9712256739785545),25
2019-05-28,np.float64(156298.16966896737),np.float64(0.9712650613106903),25
2019-05-29,np.float64(154747.0141672079),np.float64(0.9709770275901012),25
2019-05-30,np.float64(155347.9576732848),np.float64(0.9710520680532381),25
2019-05-31,np.float64(152710.7833944771),np.float64(0.970552163987148),25
2019-06-03,np.float64(150449.5207041293),np.float64(0.9701095617603301),25
2019-06-04,np.float64(155452.26371200805),np.float64(0.9710714916630234),25
2019-06-05,np.float64(156580.6443507146),np.float64(0.9709848354901942),25
2019-06-06,np.float64(158970.50803426444),np.float64(0.9711892236220011),25
2019-06-07,np.float64(161181.0966473189),np.float64(0.9715843616097629),25
2019-06-10,np.float64(162651.9932480959),np.float64(0.9718413302769305),25
2019-06-11,np.float64(162648.98091233196),np.float64(0.9718408087650994),25
2019-06-12,np.float64(161032.6699611335),np.float64(0.9715581704086662),25
2019-06-13,np.float64(161361.38758792222),np.float64(0.9713774142997256),25
2019-06-14,np.float64(159838.99994759625),np.float64(0.9711047982878727),25
2019-06-17,np.float64(160306.90475375674),np.float64(0.9711891377851442),25
2019-06-18,np.float64(162995.1305755367),np.float64(0.9716643059909688),25
2019-06-19,np.float64(163885.03318082294),np.float64(0.9718181699981439),25
2019-06-20,np.float64(165691.79511925837),np.float64(0.9721254746402727),25
2019-06-21,np.float64(165041.43052332723),np.float64(0.9716982316426065),25
2019-06-24,np.float64(165253.64149672934),np.float64(0.9717345754457307),25
2019-06-25,np.float64(162707.07528029365),np.float64(0.9712921867226889),25
2019-06-26,np.float64(164829.71776102058),np.float64(0.9716618799116292),25
2019-06-27,np.float64(166045.75190982208),np.float64(0.9718694138072209),25
2019-06-28,np.float64(166203.9275072899),np.float64(0.9718961855709505),25
2019-07-01,np.float64(168624.59653219243),np.float64(0.9722996263172536),25
2019-07-02,np.float64(168776.1628940073),np.float64(0.9723245021337672),25
2019-07-03,np.float64(169877.70529774454),np.float64(0.9720161562346402),25
2019-07-05,np.float64(169482.51019805283),np.float64(0.9719509042041288),25
2019-07-08,np.float64(169020.10628186958),np.float64(0.9718741677020242),25
2019-07-09,np.float64(170183.23471970213),np.float64(0.9720663955406674),25
2019-07-10,np.float64(171938.45747929264),np.float64(0.9723515539573662),25
2019-07-11,np.float64(172287.11828259882),np.float64(0.9724075066571587),25
2019-07-12,np.float64(173305.18568289338),np.float64(0.9725695965441664),25
2019-07-15,np.float64(173899.48095201014),np.float64(0.9726633389688967),25
2019-07-16,np.float64(172605.23842904702),np.float64(0.9723201450814257),25
2019-07-17,np.float64(172356.29057654095),np.float64(0.9722801648728902),25
2019-07-18,np.float64(171682.0986372341),np.float64(0.9721713096716202),25
2019-07-19,np.float64(170469.50230539995),np.float64(0.9719733565635534),25
2019-07-22,np.float64(172000.98812758233),np.float64(0.9722229040082138),25
2019-07-23,np.float64(172831.20090922745),np.float64(0.9723563341991055),25
2019-07-24,np.float64(174520.25237219362),np.float64(0.9726238766391838),25
2019-07-25,np.float64(172860.55105816835),np.float64(0.9723610278420655),25
2019-07-26,np.float64(174043.75377780639),np.float64(0.9725489260361426),25
2019-07-29,np.float64(173299.0901122749),np.float64(0.9724309691712366),25
2019-07-30,np.float64(172828.57589367844),np.float64(0.9723559143318921),25
2019-07-31,np.float64(168773.29693437726),np.float64(0.9716916831946489),25
2019-08-01,np.float64(166718.84027610967),np.float64(0.971342843136448),25
2019-08-02,np.float64(164906.56316129692),np.float64(0.9710279089788025),25
2019-08-05,np.float64(159166.35162117158),np.float64(0.9699830528925283),25
2019-08-06,np.float64(161173.55150876546),np.float64(0.9701452908070576),25
2019-08-07,np.float64(161542.3271423362),np.float64(0.970213444395609),25
2019-08-08,np.float64(166236.68149849126),np.float64(0.9708626783685063),25
2019-08-09,np.float64(164739.10571353047),np.float64(0.9704507662732033),25
2019-08-12,np.float64(162524.66834959295),np.float64(0.9697933719476517),25
2019-08-13,np.float64(165612.52190643488),np.float64(0.9703565760025017),25
2019-08-14,np.float64(160182.1423310369),np.float64(0.9691732359632003),25
2019-08-15,np.float64(160100.55991449778),np.float64(0.9691575275740132),25
2019-08-16,np.float64(163091.14373140002),np.float64(0.969723082495023),25
2019-08-19,np.float64(165556.37535616002),np.float64(0.970173923571804),25
2019-08-20,np.float64(163891.36742119034),np.float64(0.9698709139947691),25
2019-08-21,np.float64(165447.10692275575),np.float64(0.9700075175930578),25
2019-08-22,np.float64(165451.83776902658),np.float64(0.9700083751829489),25
2019-08-23,np.float64(160372.41669942893),np.float64(0.969058460639398),25
2019-08-26,np.float64(162673.1663378501),np.float64(0.9692885037129111),25
2019-08-27,np.float64(162555.18242389322),np.float64(0.9692662130514792),25
2019-08-28,np.float64(162850.81876579823),np.float64(0.9692864907526646),25
2019-08-29,np.float64(165710.2957925049),np.float64(0.969720827108164),25
2019-08-30,np.float64(165815.56237482955),np.float64(0.9697400495804114),25
2019-09-03,np.float64(164189.0872904819),np.float64(0.9694402911968109),25
2019-09-04,np.float64(166547.6662988965),np.float64(0.9698730651244689),25
2019-09-05,np.float64(169359.23545993207),np.float64(0.9701556204755126),25
2019-09-06,np.float64(168652.59262652168),np.float64(0.9700305745655736),25
2019-09-09,np.float64(168781.33793702128),np.float64(0.9700534350490264),25
2019-09-10,np.float64(168766.21128267873),np.float64(0.9700507509137761),25
2019-09-11,np.float64(170279.6541419204),np.float64(0.9700455561009964),25
2019-09-12,np.float64(170526.18148935598),np.float64(0.9700888608271905),25
2019-09-13,np.float64(170402.324983696),np.float64(0.9698410879375853),25
2019-09-16,np.float64(169674.08992698055),np.float64(0.9697116469778859),25
2019-09-17,np.float64(170380.09927708976),np.float64(0.9698371537743002),25
2019-09-18,np.float64(169958.8386656432),np.float64(0.9697623920311408),25
2019-09-19,np.float64(169772.413154775),np.float64(0.9697291883945294),25
2019-09-20,np.float64(168027.4787693132),np.float64(0.9691030719288753),25
2019-09-23,np.float64(168470.65590701395),np.float64(0.9691843490632973),25
2019-09-24,np.float64(165723.7418761482),np.float64(0.9686735716516242),25
2019-09-25,np.float64(167598.15906204868),np.float64(0.9690239263094419),25
2019-09-26,np.float64(167352.1975335807),np.float64(0.9689784000328638),25
2019-09-27,np.float64(164731.87536231382),np.float64(0.968484952204365),25
2019-09-30,np.float64(165667.35801876185),np.float64(0.9686629098961067),25
2019-10-01,np.float64(164420.81383907894),np.float64(0.9684253300765867),25
2019-10-02,np.float64(161988.366571347),np.float64(0.9679511989941493),25
2019-10-03,np.float64(164089.76921471138),np.float64(0.9678281368974563),25
2019-10-04,np.float64(166530.43629865412),np.float64(0.9682996471453648),25
2019-10-07,np.float64(166096.11389756217),np.float64(0.9682167543368323),25
2019-10-08,np.float64(163258.36029729564),np.float64(0.9676642985872795),25
2019-10-09,np.float64(164899.32443766465),np.float64(0.967841406243357),25
2019-10-10,np.float64(165867.9121038447),np.float64(0.9680291967380904),25
2019-10-11,np.float64(168448.46654728075),np.float64(0.9685189750074259),25
2019-10-14,np.float64(168680.11711038096),np.float64(0.9685622083018499),25
2019-10-15,np.float64(170924.82535558054),np.float64(0.9689750720862),25
2019-10-16,np.float64(170039.0050815966),np.float64(0.9688134473452664),25
2019-10-17,np.float64(170649.48873662652),np.float64(0.9689250145160409),25
2019-10-18,np.float64(168233.98321304435),np.float64(0.9684788395064015),25
2019-10-21,np.float64(170279.8695590665),np.float64(0.9688575613836945),25
2019-10-22,np.float64(168713.0986744875),np.float64(0.9685683540460179),25
2019-10-23,np.float64(168844.08349805768),np.float64(0.9685927378948003),25
2019-10-24,np.float64(171437.46905117753),np.float64(0.9690678448842902),25
2019-10-25,np.float64(173877.0586832842),np.float64(0.9695018398315848),25
2019-10-28,np.float64(175904.24228573786),np.float64(0.96985331157209),25
2019-10-29,np.float64(174165.71762315932),np.float64(0.9695523869007928),25
2019-10-30,np.float64(175372.28730554724),np.float64(0.9697618679278753),25
2019-10-31,np.float64(175190.31417900865),np.float64(0.9696399827900299),25
2019-11-01,np.float64(176862.97922854612),np.float64(0.9699271098072948),25
2019-11-04,np.float64(178781.67589828887),np.float64(0.9702498540369389),25
2019-11-05,np.float64(179189.9795019883),np.float64(0.9703176429380876),25
2019-11-06,np.float64(179011.11676897548),np.float64(0.9700974855523137),25
2019-11-07,np.float64(180354.75196547149),np.float64(0.9701859522425611),25
2019-11-08,np.float64(180858.61969758128),np.float64(0.9700400618729984),25
2019-11-11,np.float64(180387.2731822317),np.float64(0.9699617774564366),25
2019-11-12,np.float64(180904.83748214867),np.float64(0.9700477160738771),25
2019-11-13,np.float64(180908.81985474488),np.float64(0.9700483754179311),25
2019-11-14,np.float64(181121.84104768213),np.float64(0.9700836021512835),25
2019-11-15,np.float64(182651.69044790373),np.float64(0.9703341751582643),25
2019-11-18,np.float64(183871.28650507552),np.float64(0.9705309449949115),25
2019-11-19,np.float64(184120.05076513125),np.float64(0.9705707605806254),25
2019-11-20,np.float64(183032.4281545078),np.float64(0.9700901839319901),25
2019-11-21,np.float64(182269.89914757322),np.float64(0.9699650557432404),25
2019-11-22,np.float64(181809.74833031825),np.float64(0.9698890388944582),25
2019-11-25,np.float64(184114.34241271473),np.float64(0.9700825417035204),25
2019-11-26,np.float64(183570.98374061502),np.float64(0.9699939878913583),25
2019-11-27,np.float64(184566.0163382855),np.float64(0.9701244191405459),25
2019-11-29,np.float64(183786.27099520992),np.float64(0.9697880951486036),25
2019-12-02,np.float64(181815.64243933206),np.float64(0.969460640141824),25
2019-12-03,np.float64(180504.34792829372),np.float64(0.9692387834640637),25
2019-12-04,np.float64(181404.6816087953),np.float64(0.9691367150464908),25
2019-12-05,np.float64(181507.90184159746),np.float64(0.968775479901644),25
2019-12-06,np.float64(183365.17709303106),np.float64(0.9690917478503132),25
2019-12-09,np.float64(182656.4344149118),np.float64(0.968971817788858),25
2019-12-10,np.float64(182704.59799017812),np.float64(0.9689799972665819),25
2019-12-11,np.float64(184297.84077678548),np.float64(0.9692481631625427),25
2019-12-12,np.float64(187377.3618159856),np.float64(0.9697535653499638),25
2019-12-13,np.float64(186755.44045903406),np.float64(0.9696528405537584),25
2019-12-16,np.float64(189060.8728524083),np.float64(0.9700228976860392),25
2019-12-17,np.float64(189772.0536471131),np.float64(0.9701352384603359),25
2019-12-18,np.float64(189931.16998423013),np.float64(0.9701602579000911),25
2019-12-19,np.float64(191925.00971810205),np.float64(0.9704702522230544),25
2019-12-20,np.float64(193310.06966098372),np.float64(0.9703494913546029),25
2019-12-23,np.float64(194005.77560718387),np.float64(0.9704558182673347),25
2019-12-24,np.float64(194477.1277416142),np.float64(0.9705274241846034),25
2019-12-26,np.float64(195577.59040305918),np.float64(0.970693258466305),25
2019-12-27,np.float64(195055.76855357576),np.float64(0.9706148557705896),25
2019-12-30,np.float64(193217.14722824516),np.float64(0.9703352317641122),25
2019-12-31,np.float64(193930.19779607147),np.float64(0.9704443044102262),25
2020-01-02,np.float64(197827.2884273747),np.float64(0.9707966577203913),25
2020-01-03,np.float64(196056.09300089368),np.float64(0.9703182774437182),25
2020-01-06,np.float64(197089.3170574412),np.float64(0.9704738813609817),25
2020-01-07,np.float64(197967.24973766893),np.float64(0.9706048219307366),25
2020-01-08,np.float64(198906.68088443944),np.float64(0.9706237149724102),25
2020-01-09,np.float64(200324.69431192204),np.float64(0.9708316572171831),25
2020-01-10,np.float64(199232.07934349804),np.float64(0.9706716941829487),25
2020-01-13,np.float64(202394.52070439834),np.float64(0.9711299528701809),25
2020-01-14,np.float64(201923.12528516413),np.float64(0.9710625549039952),25
2020-01-15,np.float64(201240.34646305087),np.float64(0.9709643744196893),25
2020-01-16,np.float64(203427.15121962616),np.float64(0.9712765020965922),25
2020-01-17,np.float64(204617.1700018608),np.float64(0.9714435530923431),25
2020-01-21,np.float64(205737.22200766602),np.float64(0.9715990169667236),25
2020-01-22,np.float64(206153.9175184105),np.float64(0.9716564234049478),25
2020-01-23,np.float64(207413.21941325013),np.float64(0.9718285104098825),25
2020-01-24,np.float64(205845.96334963405),np.float64(0.9716140202291534),25
2020-01-27,np.float64(201631.27932997528),np.float64(0.9710206701511293),25
2020-01-28,np.float64(204946.0823387235),np.float64(0.9714893825494262),25
2020-01-29,np.float64(203606.79839930453),np.float64(0.9713018455302567),25
2020-01-30,np.float64(205826.99988168076),np.float64(0.9716114049424417),25
2020-01-31,np.float64(202100.18359872425),np.float64(0.9710879067623468),25
2020-02-03,np.float64(206500.16642698605),np.float64(0.9717039484633097),25
2020-02-04,np.float64(212222.23111464444),np.float64(0.9724668837903385),25
2020-02-05,np.float64(211453.42938254564),np.float64(0.972366778970597),25
2020-02-06,np.float64(212521.75309486987),np.float64(0.9722630024019486),25
2020-02-07,np.float64(211578.32200772292),np.float64(0.9720248370350112),25
2020-02-10,np.float64(214947.70617976369),np.float64(0.97227071639213),25
2020-02-11,np.float64(215896.15755603963),np.float64(0.9723925336467711),25
2020-02-12,np.float64(217750.7680860012),np.float64(0.9726276698910853),25
2020-02-13,np.float64(218246.49627578183),np.float64(0.9726898437902612),25
2020-02-14,np.float64(219107.39214727425),np.float64(0.9727971482517875),25
2020-02-18,np.float64(220456.07336989648),np.float64(0.9728534662114269),25
2020-02-19,np.float64(224254.653174567),np.float64(0.9731720210704187),25
2020-02-20,np.float64(221909.14617859627),np.float64(0.9728884581197667),25
2020-02-21,np.float64(217091.03181211773),np.float64(0.9722867450580147),25
2020-02-24,np.float64(207723.63238324327),np.float64(0.9708744453332141),25
2020-02-25,np.float64(201860.29816407265),np.float64(0.9700284500439805),25
2020-02-26,np.float64(202708.15309578757),np.float64(0.9701538102036646),25
2020-02-27,np.float64(192389.51489355156),np.float64(0.9685229738324472),25
2020-02-28,np.float64(193247.52611674982),np.float64(0.9686627305593114),25
2020-03-02,np.float64(202515.37009111553),np.float64(0.9700968386155457),25
2020-03-03,np.float64(196596.94233172524),np.float64(0.969196622679671),25
2020-03-04,np.float64(205083.77703116924),np.float64(0.9702460090647134),25
2020-03-05,np.float64(198670.0920993844),np.float64(0.9690999718142101),25
2020-03-06,np.float64(195103.71857687514),np.float64(0.968535138692779),25
2020-03-09,np.float64(180689.3759046603),np.float64(0.9660250559015511),25
2020-03-10,np.float64(190460.4456410386),np.float64(0.9677680506055599),25
2020-03-11,np.float64(182515.2427280137),np.float64(0.9663649383263143),25
2020-03-12,np.float64(164363.9104850303),np.float64(0.9626504904426476),25
2020-03-13,np.float64(180716.07004470026),np.float64(0.9658116140917815),25
2020-03-16,np.float64(157775.39864321216),np.float64(0.9608405949493023),25
2020-03-17,np.float64(168992.1260274039),np.float64(0.963439771498567),25
2020-03-18,np.float64(162087.84903789868),np.float64(0.961882455846149),25
2020-03-19,np.float64(165199.47037480108),np.float64(0.9624036638762802),25
2020-03-20,np.float64(160353.79795562744),np.float64(0.9608669101802635),25
2020-03-23,np.float64(162811.34507482455),np.float64(0.9614576025064498),25
2020-03-24,np.float64(174654.94266640735),np.float64(0.9640712167515406),25
2020-03-25,np.float64(172195.06096132804),np.float64(0.9635579583798706),25
2020-03-26,np.float64(181492.82530558636),np.float64(0.9654248614634339),25
2020-03-27,np.float64(175486.98063938945),np.float64(0.9642415662092431),25
2020-03-30,np.float64(181672.3551992291),np.float64(0.9654590288574623),25
2020-03-31,np.float64(178815.8598143036),np.float64(0.9649072538372713),25
2020-04-01,np.float64(171876.83534377042),np.float64(0.9634904868606491),25
2020-04-02,np.float64(175334.99019743205),np.float64(0.9639437911764053),25
2020-04-03,np.float64(172874.39844485818),np.float64(0.9631872641662376),25
2020-04-06,np.float64(185714.37333036875),np.float64(0.9657324339077933),25
2020-04-07,np.float64(184949.01321190622),np.float64(0.9655906271039165),25
2020-04-08,np.float64(189109.09584354804),np.float64(0.9662214219389643),25
2020-04-09,np.float64(188791.90694636558),np.float64(0.9661646706189694),25
2020-04-13,np.float64(192757.22555412856),np.float64(0.9668607164393462),25
2020-04-14,np.float64(201636.90137792545),np.float64(0.9683201025588539),25
2020-04-15,np.float64(199871.21177495472),np.float64(0.9680402380148896),25
2020-04-16,np.float64(203689.52484096508),np.float64(0.9686393477475556),25
2020-04-17,np.float64(204614.90705101215),np.float64(0.9687811780281941),25
2020-04-20,np.float64(202488.67114154802),np.float64(0.9684533642302497),25
2020-04-21,np.float64(194084.436927425),np.float64(0.9670873334455364),25
2020-04-22,np.float64(200515.11834278703),np.float64(0.9681428691821484),25
2020-04-23,np.float64(199469.37930996917),np.float64(0.9679758548499985),25
2020-04-24,np.float64(202240.64713684382),np.float64(0.9684146760483766),25
2020-04-27,np.float64(204222.2527025302),np.float64(0.9687211541765349),25
2020-04-28,np.float64(200543.17954480447),np.float64(0.9681473268225709),25
2020-04-29,np.float64(205724.98992359958),np.float64(0.9689496333995427),25
2020-04-30,np.float64(204414.5427008786),np.float64(0.9686670717552208),25
2020-05-01,np.float64(197364.53581058202),np.float64(0.9675478364320578),25
2020-05-04,np.float64(201333.87040667812),np.float64(0.9681876368556438),25
2020-05-05,np.float64(202945.30156549293),np.float64(0.9684402341457062),25
2020-05-06,np.float64(204290.5244706379),np.float64(0.968473174902561),25
2020-05-07,np.float64(205647.35837152242),np.float64(0.9685231273648447),25
2020-05-08,np.float64(209497.06479101125),np.float64(0.9689784136208042),25
2020-05-11,np.float64(211905.18062349965),np.float64(0.9693309466409448),25
2020-05-12,np.float64(207465.1923084046),np.float64(0.9684750049570979),25
2020-05-13,np.float64(204313.35571285657),np.float64(0.9679886851435742),25
2020-05-14,np.float64(207415.32505948876),np.float64(0.9684674256484117),25
2020-05-15,np.float64(208489.0825825963),np.float64(0.9686298242666682),25
2020-05-18,np.float64(211993.57215537547),np.float64(0.9691484081682269),25
2020-05-19,np.float64(211840.25129722257),np.float64(0.9691260791136396),25
2020-05-20,np.float64(215559.3005987321),np.float64(0.9693938133443911),25
2020-05-21,np.float64(212593.7608047319),np.float64(0.9689668776519877),25
2020-05-22,np.float64(213144.3401219297),np.float64(0.9688786118723437),25
2020-05-26,np.float64(211685.291355568),np.float64(0.9686641065438708),25
2020-05-27,np.float64(212869.40382085464),np.float64(0.9688384163384504),25
2020-05-28,np.float64(211370.03950789175),np.float64(0.9686173700322364),25
2020-05-29,np.float64(214684.97820455692),np.float64(0.9691019474598388),25
2020-06-01,np.float64(215674.21297333523),np.float64(0.9692436678233394),25
2020-06-02,np.float64(216400.0168274924),np.float64(0.9693468243053065),25
2020-06-03,np.float64(217174.23379630386),np.float64(0.9692330223254585),25
2020-06-04,np.float64(216322.5243702407),np.float64(0.9689027583561737),25
2020-06-05,np.float64(220498.30514918186),np.float64(0.9694916756444337),25
2020-06-08,np.float64(222348.03924414108),np.float64(0.9697454772427406),25
2020-06-09,np.float64(224374.08236773635),np.float64(0.9700186681886073),25
2020-06-10,np.float64(227979.7359712856),np.float64(0.9704928432139637),25
2020-06-11,np.float64(215942.15600690152),np.float64(0.9688479825443214),25
2020-06-12,np.float64(217400.1260823726),np.float64(0.9688753027321593),25
2020-06-15,np.float64(220464.48672838073),np.float64(0.9693079225107089),25
2020-06-16,np.float64(223482.3161449032),np.float64(0.9697223779177367),25
2020-06-17,np.float64(224129.0021963435),np.float64(0.9698097388379189),25
2020-06-18,np.float64(225027.6328508333),np.float64(0.9699303013386376),25
2020-06-19,np.float64(225083.48616793402),np.float64(0.9696523366095823),25
2020-06-22,np.float64(228001.4653388385),np.float64(0.97004072819087),25
2020-06-23,np.float64(228108.9180932556),np.float64(0.9700548407749071),25
2020-06-24,np.float64(223465.8973563942),np.float64(0.9694326608499364),25
2020-06-25,np.float64(225595.83134671603),np.float64(0.9697212584461807),25
2020-06-26,np.float64(219701.64390364668),np.float64(0.9689089359933878),25
2020-06-29,np.float64(222119.47290949372),np.float64(0.9692473704196591),25
2020-06-30,np.float64(227810.20109712498),np.float64(0.9700155750705213),25
2020-07-01,np.float64(230037.43244767084),np.float64(0.9703058854366231),25
2020-07-02,np.float64(232060.6887700481),np.float64(0.9701819472583717),25
2020-07-06,np.float64(239357.9443577029),np.float64(0.971091003995827),25
2020-07-07,np.float64(238371.167777363),np.float64(0.9709713304611288),25
2020-07-08,np.float64(240943.42515277016),np.float64(0.9712812339551639),25
2020-07-09,np.float64(244592.42510421504),np.float64(0.9717096804855849),25
2020-07-10,np.float64(248554.61340717578),np.float64(0.9721606541027328),25
2020-07-13,np.float64(242305.9092423102),np.float64(0.9714427193350693),25
2020-07-14,np.float64(244473.18659526482),np.float64(0.971598297762891),25
2020-07-15,np.float64(244588.40151344324),np.float64(0.9716116765649074),25
2020-07-16,np.float64(242572.7659472687),np.float64(0.9713757864634098),25
2020-07-17,np.float64(241880.20189852084),np.float64(0.9712938281176522),25
2020-07-20,np.float64(249792.17040675346),np.float64(0.9722030733015794),25
2020-07-21,np.float64(246839.3765648687),np.float64(0.9718705550659532),25
2020-07-22,np.float64(249456.00812037275),np.float64(0.9721656146791003),25
2020-07-23,np.float64(243533.35887914433),np.float64(0.9714886918055375),25
2020-07-24,np.float64(243377.87022422225),np.float64(0.9714704765711074),25
2020-07-27,np.float64(248076.510362247),np.float64(0.972010833913711),25
2020-07-28,np.float64(244330.69417600916),np.float64(0.971581734034472),25
2020-07-29,np.float64(249397.37745528552),np.float64(0.972159071111801),25
2020-07-30,np.float64(251481.97573868875),np.float64(0.9723219746750307),25
2020-07-31,np.float64(252770.73558263082),np.float64(0.9724630919903569),25
2020-08-03,np.float64(256475.29200826254),np.float64(0.9728608380216036),25
2020-08-04,np.float64(260638.53083678382),np.float64(0.9732943380592198),25
2020-08-05,np.float64(261022.30514956015),np.float64(0.9733336027000431),25
2020-08-06,np.float64(263552.888403144),np.float64(0.9734540950354497),25
2020-08-07,np.float64(259845.90019572567),np.float64(0.9729761158141069),25
2020-08-10,np.float64(257665.68256643816),np.float64(0.9727474553726889),25
2020-08-11,np.float64(251586.29538757153),np.float64(0.9720889188250462),25
2020-08-12,np.float64(261166.9632440522),np.float64(0.9729542615466158),25
2020-08-13,np.float64(260980.23428753787),np.float64(0.9728103644588201),25
2020-08-14,np.float64(261460.23855018851),np.float64(0.9728602808095128),25
2020-08-17,np.float64(266332.7693215205),np.float64(0.9733567991959579),25
2020-08-18,np.float64(268659.47546602867),np.float64(0.9735875407281989),25
2020-08-19,np.float64(267167.44770456385),np.float64(0.9732262798272492),25
2020-08-20,np.float64(271521.46288505674),np.float64(0.9736556130476576),25
2020-08-21,np.float64(273683.9402863631),np.float64(0.9738637697315174),25
2020-08-24,np.float64(274462.9320313835),np.float64(0.9738071513789757),25
2020-08-25,np.float64(277404.30372621416),np.float64(0.9740848792386592),25
2020-08-26,np.float64(287407.4798355118),np.float64(0.9749868512994342),25
2020-08-27,np.float64(286509.04374480573),np.float64(0.9749084149777005),25
2020-08-28,np.float64(288890.23106516816),np.float64(0.9751152332002572),25
2020-08-31,np.float64(295787.7359502577),np.float64(0.9756955236575817),25
2020-09-01,np.float64(298979.3739664372),np.float64(0.9759356315472993),25
2020-09-02,np.float64(299478.67012990254),np.float64(0.9758139807476337),25
2020-09-03,np.float64(282499.153286426),np.float64(0.9742206232363723),25
2020-09-04,np.float64(280165.6719833484),np.float64(0.9740059085168383),25
2020-09-08,np.float64(263116.81393814343),np.float64(0.9723216011969167),25
2020-09-09,np.float64(272272.30530805385),np.float64(0.9732523214223463),25
2020-09-10,np.float64(267638.0053398125),np.float64(0.9727891705861055),25
2020-09-11,np.float64(266119.70635301375),np.float64(0.9726339240044252),25
2020-09-14,np.float64(273612.9661505312),np.float64(0.9732390920359064),25
2020-09-15,np.float64(279103.7065856104),np.float64(0.9737655529748722),25
2020-09-16,np.float64(274253.72001336905),np.float64(0.973301614998768),25
2020-09-17,np.float64(270649.2256674466),np.float64(0.9729460470951655),25
2020-09-18,np.float64(268846.9358668766),np.float64(0.9727646834384504),25
2020-09-21,np.float64(271817.16658593237),np.float64(0.9728259393607365),25
2020-09-22,np.float64(272925.36626415234),np.float64(0.9729362782627907),25
2020-09-23,np.float64(262464.8122592849),np.float64(0.9718576516828394),25
2020-09-24,np.float64(264632.52262688597),np.float64(0.9720881768639856),25
2020-09-25,np.float64(270683.9598123907),np.float64(0.972712176322829),25
2020-09-28,np.float64(275801.02814080205),np.float64(0.973218460361112),25
2020-09-29,np.float64(276598.7937677305),np.float64(0.9732957036182829),25
2020-09-30,np.float64(278715.15922359325),np.float64(0.9734984771256256),25
2020-10-01,np.float64(284268.7279083388),np.float64(0.9738516731523708),25
2020-10-02,np.float64(274684.54327326105),np.float64(0.9729393160556821),25
2020-10-05,np.float64(281790.6375991879),np.float64(0.9734724467238363),25
2020-10-06,np.float64(277563.0109955829),np.float64(0.9730683994065925),25
2020-10-07,np.float64(283717.73611065006),np.float64(0.9735685436939198),25
2020-10-08,np.float64(284728.48055031215),np.float64(0.9736623714959082),25
2020-10-09,np.float64(286681.0288869428),np.float64(0.9738417537624158),25
2020-10-12,np.float64(292726.1235885582),np.float64(0.9743819483777643),25
2020-10-13,np.float64(293754.6829156335),np.float64(0.9744716480062978),25
2020-10-14,np.float64(292494.07430874975),np.float64(0.9743616243748144),25
2020-10-15,np.float64(289992.2850449163),np.float64(0.9741404398254694),25
2020-10-16,np.float64(288424.2247107302),np.float64(0.9739998505576648),25
2020-10-19,np.float64(284241.4677779415),np.float64(0.9736172452109375),25
2020-10-20,np.float64(284319.7617448541),np.float64(0.973624510307524),25
2020-10-21,np.float64(282291.415398927),np.float64(0.9734349947033595),25
2020-10-22,np.float64(281920.24869745196),np.float64(0.9734000201123673),25
2020-10-23,np.float64(282615.4549945615),np.float64(0.9734654534536585),25
2020-10-26,np.float64(278558.02397385926),np.float64(0.9730789555501285),25
2020-10-27,np.float64(279170.97683424194),np.float64(0.9731380638836206),25
2020-10-28,np.float64(268778.55564694083),np.float64(0.9720994372961836),25
2020-10-29,np.float64(273360.4937718),np.float64(0.9725046487727815),25
2020-10-30,np.float64(265675.47308675526),np.float64(0.9717093087270154),25
2020-11-02,np.float64(267266.36663148785),np.float64(0.9718777080609439),25
2020-11-03,np.float64(273302.08107456734),np.float64(0.9724987722071139),25
2020-11-04,np.float64(282296.2715132),np.float64(0.9733749838507872),25
2020-11-05,np.float64(290953.8691122307),np.float64(0.9740444481925676),25
2020-11-06,np.float64(292129.2758569175),np.float64(0.9740605805923654),25
2020-11-09,np.float64(285792.38107972045),np.float64(0.9734854240023026),25
2020-11-10,np.float64(279301.4286163088),np.float64(0.9727209713428902),25
2020-11-11,np.float64(286253.55241869134),np.float64(0.9733834860360024),25
2020-11-12,np.float64(284282.9956327801),np.float64(0.9731989890628637),25
2020-11-13,np.float64(285728.86521358794),np.float64(0.9733346098249451),25
2020-11-16,np.float64(288817.27420118527),np.float64(0.9736197507705557),25
2020-11-17,np.float64(290925.2371790778),np.float64(0.9738108946852688),25
2020-11-18,np.float64(292565.8764368928),np.float64(0.9737519400200869),25
2020-11-19,np.float64(296518.83152839995),np.float64(0.9741018584445086),25
2020-11-20,np.float64(293284.93838866253),np.float64(0.9738162937552054),25
2020-11-23,np.float64(296405.34039462294),np.float64(0.9739708258657211),25
2020-11-24,np.float64(301512.44027917297),np.float64(0.9744117151109312),25
2020-11-25,np.float64(303470.3874220787),np.float64(0.974576807032143),25
2020-11-27,np.float64(305887.5484121913),np.float64(0.9747777042265694),25
2020-11-30,np.float64(306825.47366587725),np.float64(0.9747261352723704),25
2020-12-01,np.float64(311487.06618448975),np.float64(0.9743215006993602),25
2020-12-02,np.float64(310369.5868400031),np.float64(0.9740729510270162),25
2020-12-03,np.float64(311279.40024113684),np.float64(0.9740033986119733),25
2020-12-04,np.float64(314856.42840666627),np.float64(0.9742987413999341),25
2020-12-07,np.float64(319085.5623961121),np.float64(0.9746393837828137),25
2020-12-08,np.float64(319768.9335252126),np.float64(0.9746935813959087),25
2020-12-09,np.float64(310933.22187847114),np.float64(0.9739744552239075),25
2020-12-10,np.float64(313205.7942714971),np.float64(0.9740595138719024),25
2020-12-11,np.float64(311095.2244785049),np.float64(0.9738835252930701),25
2020-12-14,np.float64(316101.28742139245),np.float64(0.9742971291644612),25
2020-12-15,np.float64(318063.23687124974),np.float64(0.9744556754139165),25
2020-12-16,np.float64(318440.84607270587),np.float64(0.9744859660381491),25
2020-12-17,np.float64(321699.48541221704),np.float64(0.9747444092080881),25
2020-12-18,np.float64(321018.851794928),np.float64(0.9744691816535891),25
2020-12-21,np.float64(319036.34775730246),np.float64(0.9743105321742698),25
2020-12-22,np.float64(318325.23488018115),np.float64(0.9742531439769936),25
2020-12-23,np.float64(316439.34988295386),np.float64(0.9740997003249399),25
2020-12-24,np.float64(318623.4786590712),np.float64(0.9742772440203022),25
2020-12-28,np.float64(320772.9029746936),np.float64(0.9744496062013184),25
2020-12-29,np.float64(320839.23469991656),np.float64(0.9744548886029623),25
2020-12-30,np.float64(323828.36981672014),np.float64(0.9746906856999947),25
2020-12-31,np.float64(325910.7506456311),np.float64(0.974852397551435),25
2021-01-04,np.float64(324649.19952650095),np.float64(0.9746105967755977),25
2021-01-05,np.float64(327391.30655360455),np.float64(0.974694764921527),25
2021-01-06,np.float64(324012.0472211863),np.float64(0.9743572165298299),25
2021-01-07,np.float64(335553.69968987926),np.float64(0.975239221691496),25
2021-01-08,np.float64(341389.10918584897),np.float64(0.9756624609717813),25
2021-01-11,np.float64(335461.88786971796),np.float64(0.975232444968991),25
2021-01-12,np.float64(337481.1594018542),np.float64(0.9753806381863053),25
2021-01-13,np.float64(338258.7061054982),np.float64(0.9754372300885343),25
2021-01-14,np.float64(336670.5646306802),np.float64(0.9753213626568936),25
2021-01-15,np.float64(331766.0035959549),np.float64(0.9749565335852249),25
2021-01-19,np.float64(337181.89253906655),np.float64(0.9753587871933046),25
2021-01-20,np.float64(343398.1003166571),np.float64(0.9758048435301248),25
2021-01-21,np.float64(346113.45216922305),np.float64(0.9759946609513542),25
2021-01-22,np.float64(344995.34721576056),np.float64(0.9759168613847328),25
2021-01-25,np.float64(348927.1327705781),np.float64(0.9761882353411525),25
2021-01-26,np.float64(349521.18203011237),np.float64(0.9762287060247364),25
2021-01-27,np.float64(338547.2686856635),np.float64(0.9754581662972038),25
2021-01-28,np.float64(337935.48405617813),np.float64(0.9754137367615464),25
2021-01-29,np.float64(330234.02438421437),np.float64(0.9748403551568849),25
2021-02-01,np.float64(339450.64397575456),np.float64(0.9755234791388027),25
2021-02-02,np.float64(346269.92123811075),np.float64(0.976005508249427),25
2021-02-03,np.float64(343346.18596594746),np.float64(0.9758011851937582),25
2021-02-04,np.float64(345052.10798303166),np.float64(0.9757623257941572),25
2021-02-05,np.float64(345385.09707762074),np.float64(0.9757110071259604),25
2021-02-08,np.float64(350513.2564122294),np.float64(0.9760663655132871),25
2021-02-09,np.float64(348835.5924278304),np.float64(0.9758325577658571),25
2021-02-10,np.float64(345817.5554512525),np.float64(0.9756216424055979),25
2021-02-11,np.float64(348896.65665646695),np.float64(0.9758367875748564),25
2021-02-12,np.float64(350735.7047079642),np.float64(0.9759634849944002),25
2021-02-16,np.float64(349445.23716311285),np.float64(0.9758747204636318),25
2021-02-17,np.float64(347092.7224459544),np.float64(0.9756109814047116),25
2021-02-18,np.float64(344730.8579700311),np.float64(0.9754438842177581),25
2021-02-19,np.float64(344430.0264557217),np.float64(0.9754224364549938),25
2021-02-22,np.float64(332626.0511800633),np.float64(0.9744423192996023),25
2021-02-23,np.float64(331067.5800355948),np.float64(0.9743220087941556),25
2021-02-24,np.float64(338820.3496953224),np.float64(0.9748345145704919),25
2021-02-25,np.float64(324017.8836534092),np.float64(0.9736848519676182),25
2021-02-26,np.float64(324915.88075300754),np.float64(0.973757581335459),25
2021-03-01,np.float64(334422.9281472305),np.float64(0.9745036064939763),25
2021-03-02,np.float64(327205.8721276648),np.float64(0.973941242197048),25
2021-03-03,np.float64(317430.40496547724),np.float64(0.9729861238687585),25
2021-03-04,np.float64(309396.0109540144),np.float64(0.972157104288428),25
2021-03-05,np.float64(312588.9336176604),np.float64(0.972441504032559),25
2021-03-08,np.float64(301222.89760015),np.float64(0.9714016399974877),25
2021-03-09,np.float64(319230.76613958663),np.float64(0.9729967610737579),25
2021-03-10,np.float64(317598.0048830844),np.float64(0.9728579382800344),25
2021-03-11,np.float64(326291.0233750077),np.float64(0.973581054846344),25
2021-03-12,np.float64(323727.1177801619),np.float64(0.973246891033706),25
2021-03-15,np.float64(327442.4010871864),np.float64(0.9735504417614782),25
2021-03-16,np.float64(327309.2764746009),np.float64(0.9735396840853393),25
2021-03-17,np.float64(330347.8076037533),np.float64(0.9737830654299201),25
2021-03-18,np.float64(318114.72193928465),np.float64(0.9726708251514881),25
2021-03-19,np.float64(320444.1846564015),np.float64(0.972647416595895),25
2021-03-22,np.float64(325885.08218156546),np.float64(0.9731040886299568),25
2021-03-23,np.float64(323497.52425606456),np.float64(0.9729055846491218),25
2021-03-24,np.float64(317111.9314822421),np.float64(0.9723599921131777),25
2021-03-25,np.float64(317319.0897886099),np.float64(0.9723780365908221),25
2021-03-26,np.float64(321860.10942213575),np.float64(0.9727677458914956),25
2021-03-29,np.float64(321414.6943813493),np.float64(0.9727300075559855),25
2021-03-30,np.float64(321152.63819993444),np.float64(0.9727077556133356),25
2021-03-31,np.float64(328171.7229430092),np.float64(0.9732914944390356),25
2021-04-01,np.float64(334324.5032224785),np.float64(0.9737830275594789),25
2021-04-05,np.float64(341143.8103078322),np.float64(0.9740428660245548),25
2021-04-06,np.float64(340140.1649174458),np.float64(0.9739662747820346),25
2021-04-07,np.float64(340518.24406745477),np.float64(0.9739017664925178),25
2021-04-08,np.float64(344054.81041077856),np.float64(0.9741700322788109),25
2021-04-09,np.float64(345054.74845037656),np.float64(0.9742448852330218),25
2021-04-12,np.float64(345264.72707425),np.float64(0.9742605486446952),25
2021-04-13,np.float64(351776.2691936056),np.float64(0.974736997843538),25
2021-04-14,np.float64(345440.4673117556),np.float64(0.9742736433968232),25
2021-04-15,np.float64(351722.7664563188),np.float64(0.9747331549311752),25
2021-04-16,np.float64(351618.4715375594),np.float64(0.9747256604342501),25
2021-04-19,np.float64(346600.71582259826),np.float64(0.9743597625696224),25
2021-04-20,np.float64(344445.04077127954),np.float64(0.9741992956921932),25
2021-04-21,np.float64(348235.7793388301),np.float64(0.9744801505919259),25
2021-04-22,np.float64(341256.45526745176),np.float64(0.9739582225916713),25
2021-04-23,np.float64(346262.8882044316),np.float64(0.9743347469510407),25
2021-04-26,np.float64(349358.91135074175),np.float64(0.974562192752232),25
2021-04-27,np.float64(346365.12195876037),np.float64(0.9743423223534373),25
2021-04-28,np.float64(344078.83673822234),np.float64(0.9741718359330787),25
2021-04-29,np.float64(345202.4132206593),np.float64(0.9742000958196579),25
2021-04-30,np.float64(343981.70151502744),np.float64(0.9741085379114948),25
2021-05-03,np.float64(339982.9273777405),np.float64(0.9738040105348568),25
2021-05-04,np.float64(334960.3325498919),np.float64(0.9734112122587253),25
2021-05-05,np.float64(334380.91390758206),np.float64(0.9733651389373934),25
2021-05-06,np.float64(336107.0498281242),np.float64(0.9732914999699241),25
2021-05-07,np.float64(338886.9720096318),np.float64(0.9734289041469633),25
2021-05-10,np.float64(327859.31230891804),np.float64(0.9725351762827804),25
2021-05-11,np.float64(326676.9122159625),np.float64(0.9724357679410768),25
2021-05-12,np.float64(317094.80748221464),np.float64(0.9714722352096054),25
2021-05-13,np.float64(317888.483228429),np.float64(0.9715434608003466),25
2021-05-14,np.float64(325227.06362175324),np.float64(0.9721855678818019),25
2021-05-17,np.float64(323618.0575113306),np.float64(0.9720472764910796),25
2021-05-18,np.float64(321609.1748619217),np.float64(0.9718726740678594),25
2021-05-19,np.float64(322328.6155152864),np.float64(0.9718275310356722),25
2021-05-20,np.float64(329096.28141525947),np.float64(0.9724068808135183),25
2021-05-21,np.float64(327428.20170607703),np.float64(0.972266307942922),25
2021-05-24,np.float64(334263.3667322298),np.float64(0.9727207029654106),25
2021-05-25,np.float64(334781.97017905896),np.float64(0.9727629607293566),25
2021-05-26,np.float64(336562.9928162585),np.float64(0.9728246727054987),25
2021-05-27,np.float64(337027.9083710412),np.float64(0.9728621599047831),25
2021-05-28,np.float64(338823.8597413327),np.float64(0.9730060052678073),25
2021-06-01,np.float64(338357.549374817),np.float64(0.9729688032618212),25
2021-06-02,np.float64(338656.52576827625),np.float64(0.9728430079735227),25
2021-06-03,np.float64(333604.6143603673),np.float64(0.9723074165723513),25
2021-06-04,np.float64(340641.46306538634),np.float64(0.9728794799908145),25
2021-06-07,np.float64(341034.56835214223),np.float64(0.9729107413959169),25
2021-06-08,np.float64(339598.47560665634),np.float64(0.9727961864418865),25
2021-06-09,np.float64(338250.6409648515),np.float64(0.9726706877102733),25
2021-06-10,np.float64(342137.9412100947),np.float64(0.9729811976817498),25
2021-06-11,np.float64(343040.80384343164),np.float64(0.9730523095341514),25
2021-06-14,np.float64(346758.9686267835),np.float64(0.9732246302307931),25
2021-06-15,np.float64(343320.1026149475),np.float64(0.9729564347235905),25
2021-06-16,np.float64(341838.9552917074),np.float64(0.9728392581885585),25
2021-06-17,np.float64(347378.91954310477),np.float64(0.973272414981362),25
2021-06-18,np.float64(344848.3611134906),np.float64(0.9730762832225978),25
2021-06-21,np.float64(345491.729950277),np.float64(0.9729204428814328),25
2021-06-22,np.float64(348736.93249514175),np.float64(0.9731724341088781),25
2021-06-23,np.float64(351822.01270317414),np.float64(0.9734076814486466),25
2021-06-24,np.float64(356096.6867090288),np.float64(0.9737269023150843),25
2021-06-25,np.float64(355023.8364014019),np.float64(0.9736475073617221),25
2021-06-28,np.float64(361246.29011902516),np.float64(0.9741014280531476),25
2021-06-29,np.float64(362107.99589814397),np.float64(0.9741630586975141),25
2021-06-30,np.float64(363722.0433682157),np.float64(0.9742777123197073),25
2021-07-01,np.float64(362677.2951771796),np.float64(0.9742036152811537),25
2021-07-02,np.float64(366336.9090479123),np.float64(0.9742152589494462),25
2021-07-06,np.float64(366238.5420437618),np.float64(0.9742083334966639),25
2021-07-07,np.float64(363405.8584448284),np.float64(0.974007292074256),25
2021-07-08,np.float64(361583.5202557982),np.float64(0.9738762918996465),25
2021-07-09,np.float64(364805.09935116937),np.float64(0.9741069893105636),25
2021-07-12,np.float64(368051.75780300546),np.float64(0.9743353967565711),25
2021-07-13,np.float64(366332.61737991305),np.float64(0.9742149568754762),25
2021-07-14,np.float64(365422.1622588492),np.float64(0.9740636656062389),25
2021-07-15,np.float64(360924.9778287509),np.float64(0.9737404946250807),25
2021-07-16,np.float64(356454.53845397226),np.float64(0.9734111636329732),25
2021-07-19,np.float64(355758.85837335343),np.float64(0.9733591696393115),25
2021-07-20,np.float64(359438.7631219423),np.float64(0.9736319162882793),25
2021-07-21,np.float64(363003.77353654325),np.float64(0.9738908736322472),25
2021-07-22,np.float64(364787.08081368863),np.float64(0.9740185113625848),25
2021-07-23,np.float64(366721.3464341127),np.float64(0.9741555502907177),25
2021-07-26,np.float64(367825.9061971679),np.float64(0.9742331596672358),25
2021-07-27,np.float64(363866.93078475655),np.float64(0.9739528091360322),25
2021-07-28,np.float64(367792.0650928173),np.float64(0.9742307888212736),25
2021-07-29,np.float64(373062.1766690622),np.float64(0.9745431820059662),25
2021-07-30,np.float64(373530.543163498),np.float64(0.974575102074677),25
2021-08-02,np.float64(376303.7294457176),np.float64(0.9747624719374663),25
2021-08-03,np.float64(379743.81475801714),np.float64(0.9749910977800281),25
2021-08-04,np.float64(383123.7246775984),np.float64(0.9752117258206493),25
2021-08-05,np.float64(383153.2385340676),np.float64(0.9751154500625357),25
2021-08-06,np.float64(380450.66260338924),np.float64(0.9748659158621557),25
2021-08-09,np.float64(380113.9814426502),np.float64(0.9748436536644076),25
2021-08-10,np.float64(377008.2894889286),np.float64(0.9746364225117309),25
2021-08-11,np.float64(376618.1578435365),np.float64(0.9746101488602554),25
2021-08-12,np.float64(377691.9864963706),np.float64(0.9744850481962576),25
2021-08-13,np.float64(380338.6554420535),np.float64(0.9746625995169643),25
2021-08-16,np.float64(377364.22558093205),np.float64(0.9744628871025618),25
2021-08-17,np.float64(373002.33607478085),np.float64(0.9741642560914616),25
2021-08-18,np.float64(370234.23298244737),np.float64(0.9738771328976912),25
2021-08-19,np.float64(372372.43017194484),np.float64(0.9740271328345662),25
2021-08-20,np.float64(376539.68636549136),np.float64(0.9743145808658854),25
2021-08-23,np.float64(384601.3984988744),np.float64(0.9747550153099476),25
2021-08-24,np.float64(384181.7817641474),np.float64(0.9747274418576218),25
2021-08-25,np.float64(385673.7658059565),np.float64(0.9747532834838857),25
2021-08-26,np.float64(383534.1241713708),np.float64(0.9746124383220343),25
2021-08-27,np.float64(389226.725383464),np.float64(0.9749837418707248),25
2021-08-30,np.float64(392766.899001651),np.float64(0.975209223949994),25
2021-08-31,np.float64(392394.9561577344),np.float64(0.9751709855995333),25
2021-09-01,np.float64(392810.31915455044),np.float64(0.9750682132709897),25
2021-09-02,np.float64(392278.8854732254),np.float64(0.9749286935612893),25
2021-09-03,np.float64(394002.0799730932),np.float64(0.9750383446000925),25
2021-09-07,np.float64(395052.0244580966),np.float64(0.9751046861217177),25
2021-09-08,np.float64(392754.2270457102),np.float64(0.9749590367973544),25
2021-09-09,np.float64(391588.9156080646),np.float64(0.97488451854705),25
2021-09-10,np.float64(389160.95465629123),np.float64(0.9747278239775586),25
2021-09-13,np.float64(388931.127110773),np.float64(0.9747128901196587),25
2021-09-14,np.float64(388382.1555727886),np.float64(0.9745730172921739),25
2021-09-15,np.float64(391392.5188560223),np.float64(0.9747685868328765),25
2021-09-16,np.float64(392277.8178374866),np.float64(0.9748255294979012),25
2021-09-17,np.float64(388163.7178403042),np.float64(0.9745587083493457),25
2021-09-20,np.float64(378953.1344667089),np.float64(0.9739403491999746),25
2021-09-21,np.float64(380425.7679213511),np.float64(0.9738541638818642),25
2021-09-22,np.float64(384632.02369784354),np.float64(0.9741400893051969),25
2021-09-23,np.float64(389103.8565751262),np.float64(0.9744372881041666),25
2021-09-24,np.float64(391123.54172358394),np.float64(0.9745692889275964),25
2021-09-27,np.float64(391296.7086163028),np.float64(0.9745805431935258),25
2021-09-28,np.float64(379605.80447764945),np.float64(0.9737976878491771),25
2021-09-29,np.float64(378796.63084833056),np.float64(0.973741715281596),25
2021-09-30,np.float64(378189.25024781766),np.float64(0.9736563246208256),25
2021-10-01,np.float64(379980.6038630947),np.float64(0.9737805173760621),25
2021-10-04,np.float64(373646.01256978145),np.float64(0.9732073426082603),25
2021-10-05,np.float64(378834.82432894537),np.float64(0.9734509413222839),25
2021-10-06,np.float64(381259.11598704185),np.float64(0.9736197573814517),25
2021-10-07,np.float64(385209.7529312499),np.float64(0.973890308062718),25
2021-10-08,np.float64(383414.3425455889),np.float64(0.973685081858283),25
2021-10-11,np.float64(382520.0721924204),np.float64(0.9736235618156737),25
2021-10-12,np.float64(382455.15283507004),np.float64(0.9736190845811445),25
2021-10-13,np.float64(386186.897942812),np.float64(0.9738740048090873),25
2021-10-14,np.float64(393135.2134524482),np.float64(0.9743357585553251),25
2021-10-15,np.float64(396416.1544538022),np.float64(0.9745481688243781),25
2021-10-18,np.float64(402834.7606468134),np.float64(0.9749537080110784),25
2021-10-19,np.float64(404875.3042642386),np.float64(0.975079939595766),25
2021-10-20,np.float64(404253.87841778307),np.float64(0.9750416320606818),25
2021-10-21,np.float64(409893.4788867678),np.float64(0.9753850267004744),25
2021-10-22,np.float64(410213.13674226153),np.float64(0.9754042078745354),25
2021-10-25,np.float64(421816.2380581374),np.float64(0.9760807761102435),25
2021-10-26,np.float64(423604.8197873295),np.float64(0.9761817699725115),25
2021-10-27,np.float64(424989.80105396383),np.float64(0.9762593901937748),25
2021-10-28,np.float64(431062.25307441026),np.float64(0.9765491376175123),25
2021-10-29,np.float64(435747.8015837268),np.float64(0.9768013021789377),25
2021-11-01,np.float64(444839.4943183779),np.float64(0.9772754404583105),25
2021-11-02,np.float64(445099.116073212),np.float64(0.977288695461102),25
2021-11-03,np.float64(452246.18283726706),np.float64(0.9776476132717952),25
2021-11-04,np.float64(464570.75768346206),np.float64(0.9781596207393531),25
2021-11-05,np.float64(463965.4344648611),np.float64(0.9780714599588269),25
2021-11-08,np.float64(466150.5777188123),np.float64(0.9781742529266583),25
2021-11-09,np.float64(455671.4475304754),np.float64(0.9776723236390569),25
2021-11-10,np.float64(449046.92644927435),np.float64(0.9772496640648274),25
2021-11-11,np.float64(453658.3087598766),np.float64(0.9774809185016269),25
2021-11-12,np.float64(455829.72349552735),np.float64(0.9775881915969923),25
2021-11-15,np.float64(453664.57726027345),np.float64(0.9774812296585441),25
2021-11-16,np.float64(461422.88609071524),np.float64(0.977859857550782),25
2021-11-17,np.float64(462278.2809073517),np.float64(0.977817511995762),25
2021-11-18,np.float64(469007.8915079248),np.float64(0.9781357998308354),25
2021-11-19,np.float64(474607.51948374545),np.float64(0.9783937632678019),25
2021-11-22,np.float64(471303.91317358887),np.float64(0.9781623727596601),25
2021-11-23,np.float64(466175.0891031207),np.float64(0.977922116789639),25
2021-11-24,np.float64(471682.9001461389),np.float64(0.9781211085122457),25
2021-11-26,np.float64(460894.63437397016),np.float64(0.9776089843116874),25
2021-11-29,np.float64(476566.5300340288),np.float64(0.9783453131125474),25
2021-11-30,np.float64(469415.7731144348),np.float64(0.9779292861702724),25
2021-12-01,np.float64(456439.8130726165),np.float64(0.9771781344082221),25
2021-12-02,np.float64(457616.9013431961),np.float64(0.9771461913250981),25
2021-12-03,np.float64(443956.72873059474),np.float64(0.9764429989841527),25
2021-12-06,np.float64(443863.34232420253),np.float64(0.9764380427206804),25
2021-12-07,np.float64(460443.15832906106),np.float64(0.9772864708259499),25
2021-12-08,np.float64(461235.8764592612),np.float64(0.9773255081760263),25
2021-12-09,np.float64(448856.58641945006),np.float64(0.9766263982136548),25
2021-12-10,np.float64(455569.1801314826),np.float64(0.976970797043122),25
2021-12-13,np.float64(444655.135616303),np.float64(0.9764055460742512),25
2021-12-14,np.float64(440915.1107525293),np.float64(0.9762054081289246),25
2021-12-15,np.float64(455721.06993958907),np.float64(0.9769784725741621),25
2021-12-16,np.float64(437955.9299699925),np.float64(0.9760446328221534),25
2021-12-17,np.float64(434848.94858025486),np.float64(0.9758734725140765),25
2021-12-20,np.float64(429306.2838282621),np.float64(0.9755619810253153),25
2021-12-21,np.float64(442680.506671661),np.float64(0.9761172172936033),25
2021-12-22,np.float64(450562.69366506324),np.float64(0.9765350249857656),25
2021-12-23,np.float64(458390.4067754693),np.float64(0.9769357251091524),25
2021-12-27,np.float64(469346.9995146852),np.float64(0.9774741452270304),25
2021-12-28,np.float64(466171.0727640401),np.float64(0.9773206812543938),25
2021-12-29,np.float64(464485.5685228208),np.float64(0.9772383835673951),25
2021-12-30,np.float64(459965.70118810434),np.float64(0.9770147158323154),25
2021-12-31,np.float64(456839.4158688002),np.float64(0.9768216422694311),25
2022-01-03,np.float64(473606.8631781417),np.float64(0.977642242480662),25
2022-01-04,np.float64(464651.7279327338),np.float64(0.9771078820390806),25
2022-01-05,np.float64(446545.97782835684),np.float64(0.976075026813057),25
2022-01-06,np.float64(445378.0251737534),np.float64(0.9759408659637475),25
2022-01-07,np.float64(437274.85315442714),np.float64(0.9754950244059141),25
2022-01-10,np.float64(440225.7416830548),np.float64(0.9756592843401434),25
2022-01-11,np.float64(445806.87413721153),np.float64(0.9759640099197782),25
2022-01-12,np.float64(450952.57254436193),np.float64(0.9762382781320033),25
2022-01-13,np.float64(436407.98926909035),np.float64(0.9754463486738563),25
2022-01-14,np.float64(442211.87934946327),np.float64(0.97576860752764),25
2022-01-18,np.float64(429543.21206257294),np.float64(0.9750539426452494),25
2022-01-19,np.float64(421134.5476074819),np.float64(0.9745558523627845),25
2022-01-20,np.float64(413012.4959948594),np.float64(0.9740554832883552),25
2022-01-21,np.float64(398795.72596748045),np.float64(0.9731305806288142),25
2022-01-24,np.float64(399096.65131811035),np.float64(0.9731508406069893),25
2022-01-25,np.float64(389181.92504539667),np.float64(0.9724668364205074),25
2022-01-26,np.float64(392075.44272736594),np.float64(0.972670031231954),25
2022-01-27,np.float64(377747.1202640108),np.float64(0.9716333784438446),25
2022-01-28,np.float64(387628.3979809632),np.float64(0.9723564897198709),25
2022-01-31,np.float64(407731.63536146615),np.float64(0.9737194549670957),25
2022-02-01,np.float64(410200.8257876438),np.float64(0.9738776498465559),25
2022-02-02,np.float64(414120.4743512892),np.float64(0.974124897781878),25
2022-02-03,np.float64(400332.0117921997),np.float64(0.9731855714133738),25
2022-02-04,np.float64(407212.5114198507),np.float64(0.973473625192913),25
2022-02-07,np.float64(404290.78126570175),np.float64(0.9732819242866705),25
2022-02-08,np.float64(410381.41981995734),np.float64(0.973678458179717),25
2022-02-09,np.float64(419679.94951417355),np.float64(0.9741618451474612),25
2022-02-10,np.float64(408379.98673122196),np.float64(0.9734468978001368),25
2022-02-11,np.float64(390759.9156189669),np.float64(0.9722495704123687),25
2022-02-14,np.float64(392720.94463272317),np.float64(0.9723881405556455),25
2022-02-15,np.float64(407956.95737049537),np.float64(0.9734193636653563),25
2022-02-16,np.float64(406158.4458142561),np.float64(0.9732068368153571),25
2022-02-17,np.float64(392244.64157043945),np.float64(0.9722564227418055),25
2022-02-18,np.float64(387564.73430541815),np.float64(0.9718242004421691),25
2022-02-22,np.float64(382407.64994211803),np.float64(0.9713716865045484),25
2022-02-23,np.float64(369321.7883210463),np.float64(0.9703573240686109),25
2022-02-24,np.float64(383586.9150470552),np.float64(0.9714596988162151),25
2022-02-25,np.float64(390420.4386779286),np.float64(0.971959239319863),25
2022-02-28,np.float64(395888.60199418163),np.float64(0.9723465489270066),25
2022-03-01,np.float64(386886.16699450236),np.float64(0.9717030821477848),25
2022-03-02,np.float64(395426.1800900917),np.float64(0.9721714102181974),25
2022-03-03,np.float64(386057.9007664668),np.float64(0.9713886596342101),25
2022-03-04,np.float64(380161.02245816786),np.float64(0.9709448540297232),25
2022-03-07,np.float64(365344.87188311573),np.float64(0.9697665552473785),25
2022-03-08,np.float64(366846.91130813933),np.float64(0.9698903448298253),25
2022-03-09,np.float64(380600.929915046),np.float64(0.9709784366470223),25
2022-03-10,np.float64(374492.1578200791),np.float64(0.9705050325645578),25
2022-03-11,np.float64(365362.5988259839),np.float64(0.9697680221368455),25
2022-03-14,np.float64(357027.6092279702),np.float64(0.9689435726001289),25
2022-03-15,np.float64(371061.85434992716),np.float64(0.9701181840823726),25
2022-03-16,np.float64(385321.3302791834),np.float64(0.9712240118715872),25
2022-03-17,np.float64(389491.10000696144),np.float64(0.9714455350757241),25
2022-03-18,np.float64(398624.43495561206),np.float64(0.9720997786934339),25
2022-03-21,np.float64(400395.41377011815),np.float64(0.9720207654552487),25
2022-03-22,np.float64(409018.1680114878),np.float64(0.9726106122694231),25
2022-03-23,np.float64(402775.17993814265),np.float64(0.9721860786103123),25
2022-03-24,np.float64(414892.3291685872),np.float64(0.9729983988497296),25
2022-03-25,np.float64(413792.56244515965),np.float64(0.9729266347217115),25
2022-03-28,np.float64(424116.7007883362),np.float64(0.97358567306665),25
2022-03-29,np.float64(430426.45839019865),np.float64(0.9739728890402898),25
2022-03-30,np.float64(423964.12498896953),np.float64(0.9735761671042135),25
2022-03-31,np.float64(415028.3392798661),np.float64(0.9730072476208366),25
2022-04-01,np.float64(413440.8065205236),np.float64(0.9729036006706785),25
2022-04-04,np.float64(424539.10362550814),np.float64(0.9736119544775811),25
2022-04-05,np.float64(411571.9421723052),np.float64(0.9725470361498112),25
2022-04-06,np.float64(400444.227598067),np.float64(0.9717841615098791),25
2022-04-07,np.float64(402187.42072108615),np.float64(0.971827366733476),25
2022-04-08,np.float64(394399.52241362527),np.float64(0.9712296209280943),25
2022-04-11,np.float64(382662.4620028522),np.float64(0.9703471730510792),25
2022-04-12,np.float64(381242.86434553005),np.float64(0.9702367576502771),25
2022-04-13,np.float64(389122.5151985865),np.float64(0.9708394571827136),25
2022-04-14,np.float64(378375.27108175284),np.float64(0.9700111909185342),25
2022-04-18,np.float64(381577.6967563541),np.float64(0.9702628747380277),25
2022-04-19,np.float64(389682.6998726304),np.float64(0.9708813766448257),25
2022-04-20,np.float64(379439.58869974327),np.float64(0.9700953087038114),25
2022-04-21,np.float64(374185.6307765978),np.float64(0.9696754155362178),25
2022-04-22,np.float64(366859.5308271974),np.float64(0.969069840600752),25
2022-04-25,np.float64(370007.675428803),np.float64(0.9693330043695216),25
2022-04-26,np.float64(349775.2738463436),np.float64(0.9675591026179761),25
2022-04-27,np.float64(349294.1360270431),np.float64(0.9675144166613205),25
2022-04-28,np.float64(361132.5225580995),np.float64(0.9685185631423782),25
2022-04-29,np.float64(347510.50937448174),np.float64(0.9672845269439171),25
2022-05-02,np.float64(356373.08306136995),np.float64(0.9680981217535201),25
2022-05-03,np.float64(357956.0496556192),np.float64(0.9682391994294152),25
2022-05-04,np.float64(372527.4276900133),np.float64(0.9694815203899381),25
2022-05-05,np.float64(352324.8904800608),np.float64(0.9675237445897451),25
2022-05-06,np.float64(349995.4624179447),np.float64(0.9672249050352486),25
2022-05-09,np.float64(331991.8598065424),np.float64(0.9654475428263071),25
2022-05-10,np.float64(337396.8825525664),np.float64(0.9660010654775596),25
2022-05-11,np.float64(325048.63563136745),np.float64(0.9647094826418855),25
2022-05-12,np.float64(323869.737755112),np.float64(0.9644517008048454),25
2022-05-13,np.float64(338500.8928959218),np.float64(0.9659882187031192),25
2022-05-16,np.float64(332479.9572583564),np.float64(0.9653722936176009),25
2022-05-17,np.float64(343588.9471082618),np.float64(0.9664918838778963),25
2022-05-18,np.float64(324286.38741399563),np.float64(0.9643786086009917),25
2022-05-19,np.float64(321461.5374474018),np.float64(0.9640655848809456),25
2022-05-20,np.float64(316277.74514398765),np.float64(0.96347661981027),25
2022-05-23,np.float64(321727.6058410748),np.float64(0.9639704614700841),25
2022-05-24,np.float64(312531.2154071368),np.float64(0.962910273920357),25
2022-05-25,np.float64(318802.1074264488),np.float64(0.9635455714766809),25
2022-05-26,np.float64(331332.99711921305),np.float64(0.9649242642920968),25
2022-05-27,np.float64(344025.56431862485),np.float64(0.9662183574605017),25
2022-05-31,np.float64(342756.34176832205),np.float64(0.9660932644504753),25
2022-06-01,np.float64(340045.7644154507),np.float64(0.9656585956312744),25
2022-06-02,np.float64(353107.67360837664),np.float64(0.9668032584755433),25
2022-06-03,np.float64(339985.5223682962),np.float64(0.96552199020292),25
2022-06-06,np.float64(341122.67754140124),np.float64(0.9656369249456983),25
2022-06-07,np.float64(342951.33642303915),np.float64(0.965820153105862),25
2022-06-08,np.float64(339861.72521443607),np.float64(0.9654924132813559),25
2022-06-09,np.float64(332393.02955661295),np.float64(0.9647170460498852),25
2022-06-10,np.float64(320330.1398439273),np.float64(0.9633883718812747),25
2022-06-13,np.float64(303609.3180741574),np.float64(0.9613720421047137),25
2022-06-14,np.float64(305479.3633248302),np.float64(0.961469816313989),25
2022-06-15,np.float64(313452.93912661186),np.float64(0.9624499422018911),25
2022-06-16,np.float64(297924.35565434315),np.float64(0.9604927366366537),25
2022-06-17,np.float64(299439.87580999703),np.float64(0.9606926901457176),25
2022-06-21,np.float64(310371.3776830601),np.float64(0.961815991833036),25
2022-06-22,np.float64(309115.80795518326),np.float64(0.9616608956408982),25
2022-06-23,np.float64(310615.7286617083),np.float64(0.9618460299119334),25
2022-06-24,np.float64(322509.5809010878),np.float64(0.9632531127071337),25
2022-06-27,np.float64(320493.37663997855),np.float64(0.9630219402831693),25
2022-06-28,np.float64(309468.7611843509),np.float64(0.9617046218982276),25
2022-06-29,np.float64(306555.84957973316),np.float64(0.9613407369766748),25
2022-06-30,np.float64(302426.68853625),np.float64(0.9608129055090939),25
2022-07-01,np.float64(301638.6786572825),np.float64(0.9607105319748896),25
2022-07-05,np.float64(307032.52283087565),np.float64(0.9610877194123363),25
2022-07-06,np.float64(308462.04134199885),np.float64(0.9612680522181755),25
2022-07-07,np.float64(317941.2023128248),np.float64(0.9624228140579961),25
2022-07-08,np.float64(319689.47089389444),np.float64(0.9625695132833315),25
2022-07-11,np.float64(310543.0784169706),np.float64(0.961364646692209),25
2022-07-12,np.float64(307857.1563213836),np.float64(0.9610275697492522),25
2022-07-13,np.float64(309029.28568840947),np.float64(0.9611753898171771),25
2022-07-14,np.float64(311350.39538699616),np.float64(0.9614648263509807),25
2022-07-15,np.float64(317367.0250224102),np.float64(0.9621953744215188),25
2022-07-18,np.float64(316092.6801987183),np.float64(0.9620429630183592),25
2022-07-19,np.float64(325890.7189257861),np.float64(0.9631841569729976),25
2022-07-20,np.float64(332348.1474475274),np.float64(0.9638994781704839),25
2022-07-21,np.float64(341490.7048486239),np.float64(0.9648659791274636),25
2022-07-22,np.float64(336270.07124686416),np.float64(0.9643205191962483),25
2022-07-25,np.float64(333492.06308909995),np.float64(0.9640233070592652),25
2022-07-26,np.float64(325387.18506966264),np.float64(0.9631271847741636),25
2022-07-27,np.float64(339950.2289843797),np.float64(0.9647067702005284),25
2022-07-28,np.float64(344132.80885309214),np.float64(0.9650719484360823),25
2022-07-29,np.float64(352096.5610403001),np.float64(0.9658619542975858),25
2022-08-01,np.float64(353479.21510421415),np.float64(0.9659954872059086),25
2022-08-02,np.float64(353784.0717395848),np.float64(0.9660247889811605),25
2022-08-03,np.float64(360243.38164059556),np.float64(0.9666339782906864),25
2022-08-04,np.float64(363621.8714148192),np.float64(0.9668353200474981),25
2022-08-05,np.float64(356781.896997957),np.float64(0.966118391997251),25
2022-08-08,np.float64(353885.7250248696),np.float64(0.9658411076747658),25
2022-08-09,np.float64(346670.4942322898),np.float64(0.9651301608366415),25
2022-08-10,np.float64(357615.7850336633),np.float64(0.9661973970879836),25
2022-08-11,np.float64(354460.65830235323),np.float64(0.9656832547156494),25
2022-08-12,np.float64(364200.97598982474),np.float64(0.9666010336978752),25
2022-08-15,np.float64(367744.7492714425),np.float64(0.9669228829279448),25
2022-08-16,np.float64(366489.90772882773),np.float64(0.966809628675272),25
2022-08-17,np.float64(362318.37054497976),np.float64(0.966321193983622),25
2022-08-18,np.float64(365237.33252891863),np.float64(0.9665903536386485),25
2022-08-19,np.float64(356601.08390927716),np.float64(0.9657812309935128),25
2022-08-22,np.float64(346707.5701619899),np.float64(0.9646889309299514),25
2022-08-23,np.float64(347970.1307968509),np.float64(0.9648170521732334),25
2022-08-24,np.float64(348700.2698407803),np.float64(0.9648045399271561),25
2022-08-25,np.float64(354450.0299588021),np.float64(0.9653754679439651),25
2022-08-26,np.float64(339083.5304224643),np.float64(0.9638063623754284),25
2022-08-29,np.float64(334861.212161968),np.float64(0.9633499910445438),25
2022-08-30,np.float64(329969.08317625115),np.float64(0.9628066171944488),25
2022-08-31,np.float64(327043.3621031146),np.float64(0.9623029594403253),25
2022-09-01,np.float64(325307.26107462955),np.float64(0.9619653680138694),25
2022-09-02,np.float64(320450.72735346545),np.float64(0.9613889409470993),25
2022-09-06,np.float64(318932.8453846073),np.float64(0.9612051811644897),25
2022-09-07,np.float64(325139.2505441402),np.float64(0.9619279255864104),25
2022-09-08,np.float64(328814.18420997064),np.float64(0.9623534314030973),25
2022-09-09,np.float64(336903.7402599706),np.float64(0.9632573810788112),25
2022-09-12,np.float64(340188.78174608597),np.float64(0.9636121870981195),25
2022-09-13,np.float64(321524.7192053268),np.float64(0.9614999251936516),25
2022-09-14,np.float64(325011.7930889286),np.float64(0.9619129951444308),25
2022-09-15,np.float64(319868.35674613394),np.float64(0.9611681071117653),25
2022-09-16,np.float64(319098.7892800078),np.float64(0.9610744566109837),25
2022-09-19,np.float64(321886.8214251447),np.float64(0.9614116113467849),25
2022-09-20,np.float64(318927.52359704126),np.float64(0.9610535533985605),25
2022-09-21,np.float64(314037.63758668286),np.float64(0.9601890362485578),25
2022-09-22,np.float64(307605.6058762928),np.float64(0.9593565891917462),25
2022-09-23,np.float64(300527.4515450928),np.float64(0.9583993377567503),25
2022-09-26,np.float64(298603.88964800286),np.float64(0.9581313524706941),25
2022-09-27,np.float64(300954.131929159),np.float64(0.9584583174638226),25
2022-09-28,np.float64(305893.3825045344),np.float64(0.9591290896710829),25
2022-09-29,np.float64(294782.594638872),np.float64(0.9575886051825145),25
2022-09-30,np.float64(290718.06602057785),np.float64(0.9569956515682551),25
2022-10-03,np.float64(291825.4615661215),np.float64(0.9571588409748158),25
2022-10-04,np.float64(300595.9977279926),np.float64(0.9582445701891825),25
2022-10-05,np.float64(298890.82985647477),np.float64(0.9578499833190164),25
2022-10-06,np.float64(297060.66226318676),np.float64(0.9575903003505671),25
2022-10-07,np.float64(282078.9221473142),np.float64(0.9552712050088108),25
2022-10-10,np.float64(278728.50237278524),np.float64(0.9547335483359066),25
2022-10-11,np.float64(275401.1405398208),np.float64(0.9540711439558838),25
2022-10-12,np.float64(275787.80360441614),np.float64(0.9541355376382703),25
2022-10-13,np.float64(282544.37322394387),np.float64(0.9552323084904848),25
2022-10-14,np.float64(271850.6975694282),np.float64(0.9534713007863133),25
2022-10-17,np.float64(281755.2366179929),np.float64(0.9551069236899816),25
2022-10-18,np.float64(283337.7138444749),np.float64(0.9553576572401448),25
2022-10-19,np.float64(284656.89556358644),np.float64(0.9555645426639126),25
2022-10-20,np.float64(281734.37403418316),np.float64(0.9551035993332353),25
2022-10-21,np.float64(289618.8221928112),np.float64(0.9563258380706418),25
2022-10-24,np.float64(291665.3237859443),np.float64(0.9566322825968783),25
2022-10-25,np.float64(298991.7029250565),np.float64(0.95769494867418),25
2022-10-26,np.float64(295385.9997253023),np.float64(0.9571785414677683),25
2022-10-27,np.float64(291658.34815527743),np.float64(0.9565559965661573),25
2022-10-28,np.float64(299744.18185161625),np.float64(0.9577279325306829),25
2022-10-31,np.float64(296202.88296311186),np.float64(0.9572225423601137),25
2022-11-01,np.float64(294479.0684881243),np.float64(0.9569721327093992),25
2022-11-02,np.float64(284679.6664718108),np.float64(0.9554910034994668),25
2022-11-03,np.float64(281942.5496914694),np.float64(0.9550589072396756),25
2022-11-04,np.float64(284621.84081061103),np.float64(0.9552414455384369),25
2022-11-07,np.float64(285524.38149572455),np.float64(0.9553829270336311),25
2022-11-08,np.float64(286204.7926773948),np.float64(0.9554889977777852),25
2022-11-09,np.float64(276466.5360516979),np.float64(0.9539211423385798),25
2022-11-10,np.float64(298069.09829364263),np.float64(0.9572607082189983),25
2022-11-11,np.float64(305053.69219381566),np.float64(0.9582392788913429),25
2022-11-14,np.float64(302748.4573366619),np.float64(0.9577782362532331),25
2022-11-15,np.float64(308721.0140831815),np.float64(0.9585950639663209),25
2022-11-16,np.float64(301233.43051576987),np.float64(0.9574256583257184),25
2022-11-17,np.float64(300210.78364234144),np.float64(0.9572806318317555),25
2022-11-18,np.float64(299050.5706688292),np.float64(0.9571148954311922),25
2022-11-21,np.float64(293942.2031044325),np.float64(0.956232961112876),25
2022-11-22,np.float64(299741.1308800486),np.float64(0.9570796980845884),25
2022-11-23,np.float64(305566.94866185874),np.float64(0.9577996528820246),25
2022-11-25,np.float64(303377.6026186945),np.float64(0.9574951110760859),25
2022-11-28,np.float64(299023.811846801),np.float64(0.9568762393146218),25
2022-11-29,np.float64(297164.30840283725),np.float64(0.9566063927036943),25
2022-11-30,np.float64(312230.03835534025),np.float64(0.9583669667361364),25
2022-12-01,np.float64(310743.01303433714),np.float64(0.9580249334751734),25
2022-12-02,np.float64(308351.36053022835),np.float64(0.9576993640572482),25
2022-12-05,np.float64(300907.83676959533),np.float64(0.9566529779208485),25
2022-12-06,np.float64(294875.80393458856),np.float64(0.9557662633888578),25
2022-12-07,np.float64(292808.6112015812),np.float64(0.955453978656175),25
2022-12-08,np.float64(296518.0602192343),np.float64(0.9558975714251569),25
2022-12-09,np.float64(296166.8710833628),np.float64(0.9558452755902974),25
2022-12-12,np.float64(297845.6430716197),np.float64(0.956094148508913),25
2022-12-13,np.float64(299531.0582098581),np.float64(0.9563411999739685),25
2022-12-14,np.float64(295774.41795123497),np.float64(0.955786688170828),25
2022-12-15,np.float64(287241.6403783514),np.float64(0.9544732910077219),25
2022-12-16,np.float64(283549.8387387681),np.float64(0.9538805360280325),25
2022-12-19,np.float64(280925.5154941445),np.float64(0.9531260177720132),25
2022-12-20,np.float64(278309.1385760672),np.float64(0.9526853566935192),25
2022-12-21,np.float64(282694.0438251348),np.float64(0.9534192604750954),25
2022-12-22,np.float64(272730.8672591427),np.float64(0.9517176117503835),25
2022-12-23,np.float64(273092.7439727308),np.float64(0.9517815910115305),25
2022-12-27,np.float64(266343.8178983183),np.float64(0.9505597774914839),25
2022-12-28,np.float64(264043.6528239778),np.float64(0.9501290885812774),25
2022-12-29,np.float64(271819.4358053796),np.float64(0.9515557171927588),25
2022-12-30,np.float64(272013.27456468943),np.float64(0.9515442012853739),25
